{
  "type": "FeatureCollection",
  "features": [
    {
      "type": "Feature",
      "properties": {
        "code": "1",
        "link": "sbr1",
        "name": "R1",
        "title": "Purabaya-Perak",
        "color": "#d23c41",
        "textColor": "white",
        "feeder": false,
        "hours": "05:30 - 21:00",
        "routeId": "sbr1"
      },
      "geometry": {
        "type": "LineString",
        "coordinates": [
          [
            112.7231123,
            -7.3518682
          ],
          [
            112.72321,
            -7.35183
          ],
          [
            112.7234395,
            -7.3518629
          ],
          [
            112.7235313,
            -7.3519143
          ],
          [
            112.7236929,
            -7.3519296
          ],
          [
            112.7239758,
            -7.3519862
          ],
          [
            112.7240855,
            -7.3520291
          ],
          [
            112.7242823,
            -7.3520442
          ],
          [
            112.7245127,
            -7.3520519
          ],
          [
            112.724775,
            -7.3521042
          ],
          [
            112.7248392,
            -7.352087
          ],
          [
            112.7248802,
            -7.3520989
          ],
          [
            112.7249012,
            -7.3520602
          ],
          [
            112.7249605,
            -7.3519457
          ],
          [
            112.7250925,
            -7.3516607
          ],
          [
            112.725254,
            -7.3512759
          ],
          [
            112.7253022,
            -7.3512164
          ],
          [
            112.7254029,
            -7.3511798
          ],
          [
            112.7255144,
            -7.3511691
          ],
          [
            112.7256075,
            -7.3511983
          ],
          [
            112.7256389,
            -7.3512761
          ],
          [
            112.7256093,
            -7.3513579
          ],
          [
            112.7253719,
            -7.3517343
          ],
          [
            112.725078,
            -7.3521606
          ],
          [
            112.7249075,
            -7.3524275
          ],
          [
            112.7248041,
            -7.3527875
          ],
          [
            112.7247323,
            -7.3530503
          ],
          [
            112.7246778,
            -7.3531722
          ],
          [
            112.7246316,
            -7.353347
          ],
          [
            112.7245756,
            -7.3535667
          ],
          [
            112.7245123,
            -7.3537793
          ],
          [
            112.7244293,
            -7.3540437
          ],
          [
            112.724345,
            -7.3543207
          ],
          [
            112.7249377,
            -7.354585
          ],
          [
            112.72548,
            -7.35483
          ],
          [
            112.72555,
            -7.35486
          ],
          [
            112.72562,
            -7.35489
          ],
          [
            112.72576,
            -7.35495
          ],
          [
            112.72603,
            -7.35507
          ],
          [
            112.72632,
            -7.35519
          ],
          [
            112.7265228,
            -7.355266
          ],
          [
            112.7268136,
            -7.355322
          ],
          [
            112.727005,
            -7.3553453
          ],
          [
            112.7273853,
            -7.3553806
          ],
          [
            112.7277866,
            -7.3554306
          ],
          [
            112.7282846,
            -7.3555096
          ],
          [
            112.728805,
            -7.3555889
          ],
          [
            112.7290252,
            -7.3555122
          ],
          [
            112.7291107,
            -7.3554075
          ],
          [
            112.7291119,
            -7.3549967
          ],
          [
            112.729075,
            -7.3545103
          ],
          [
            112.7290646,
            -7.35406
          ],
          [
            112.7290432,
            -7.3536127
          ],
          [
            112.7290093,
            -7.35317
          ],
          [
            112.7289695,
            -7.3527629
          ],
          [
            112.72904,
            -7.35265
          ],
          [
            112.72903,
            -7.35253
          ],
          [
            112.7290312,
            -7.3521707
          ],
          [
            112.7290623,
            -7.35172
          ],
          [
            112.729105,
            -7.35127
          ],
          [
            112.72912,
            -7.35084
          ],
          [
            112.72912,
            -7.35061
          ],
          [
            112.72913,
            -7.35039
          ],
          [
            112.72915,
            -7.34994
          ],
          [
            112.72916,
            -7.34949
          ],
          [
            112.72917,
            -7.34927
          ],
          [
            112.7291579,
            -7.3490517
          ],
          [
            112.7291339,
            -7.3488267
          ],
          [
            112.7291185,
            -7.3487246
          ],
          [
            112.7291002,
            -7.34861
          ],
          [
            112.729074,
            -7.3485033
          ],
          [
            112.72902,
            -7.34841
          ],
          [
            112.72895,
            -7.34831
          ],
          [
            112.72889,
            -7.34822
          ],
          [
            112.72884,
            -7.34814
          ],
          [
            112.7287697,
            -7.3480657
          ],
          [
            112.7286551,
            -7.3480707
          ],
          [
            112.7284584,
            -7.3480543
          ],
          [
            112.7282564,
            -7.3479997
          ],
          [
            112.7280691,
            -7.347877
          ],
          [
            112.72773,
            -7.34755
          ],
          [
            112.72757,
            -7.34721
          ],
          [
            112.72753,
            -7.34709
          ],
          [
            112.7275,
            -7.34694
          ],
          [
            112.72751,
            -7.34679
          ],
          [
            112.7275449,
            -7.3465343
          ],
          [
            112.7277056,
            -7.346158
          ],
          [
            112.72785,
            -7.34595
          ],
          [
            112.72794,
            -7.34586
          ],
          [
            112.72807,
            -7.34576
          ],
          [
            112.72817,
            -7.34571
          ],
          [
            112.72837,
            -7.34566
          ],
          [
            112.72853,
            -7.34554
          ],
          [
            112.72857,
            -7.34548
          ],
          [
            112.72866,
            -7.34546
          ],
          [
            112.7288,
            -7.34537
          ],
          [
            112.72889,
            -7.34523
          ],
          [
            112.72891,
            -7.34506
          ],
          [
            112.72896,
            -7.34461
          ],
          [
            112.72897,
            -7.34394
          ],
          [
            112.7289957,
            -7.3432697
          ],
          [
            112.7289929,
            -7.342371
          ],
          [
            112.7289932,
            -7.3414823
          ],
          [
            112.7289784,
            -7.3411025
          ],
          [
            112.7289871,
            -7.3405823
          ],
          [
            112.7290092,
            -7.33968
          ],
          [
            112.7290263,
            -7.33878
          ],
          [
            112.7290366,
            -7.3378797
          ],
          [
            112.7291,
            -7.33717
          ],
          [
            112.72923,
            -7.33646
          ],
          [
            112.729467,
            -7.3356
          ],
          [
            112.7296699,
            -7.334716
          ],
          [
            112.7298566,
            -7.33384
          ],
          [
            112.73004,
            -7.33296
          ],
          [
            112.730247,
            -7.3320897
          ],
          [
            112.73046,
            -7.33121
          ],
          [
            112.73062,
            -7.33054
          ],
          [
            112.73078,
            -7.32988
          ],
          [
            112.7309687,
            -7.3290652
          ],
          [
            112.7309812,
            -7.3287946
          ],
          [
            112.7309511,
            -7.3285122
          ],
          [
            112.7308803,
            -7.328271
          ],
          [
            112.7307716,
            -7.327827
          ],
          [
            112.7307086,
            -7.3273817
          ],
          [
            112.7307007,
            -7.3271396
          ],
          [
            112.7307236,
            -7.3269222
          ],
          [
            112.7308947,
            -7.326677
          ],
          [
            112.7311358,
            -7.3264307
          ],
          [
            112.7314881,
            -7.3259347
          ],
          [
            112.731632,
            -7.3257309
          ],
          [
            112.7317248,
            -7.3254892
          ],
          [
            112.7318071,
            -7.3251882
          ],
          [
            112.7318712,
            -7.32489
          ],
          [
            112.7320527,
            -7.3240067
          ],
          [
            112.7322411,
            -7.3231296
          ],
          [
            112.7324315,
            -7.322254
          ],
          [
            112.7326063,
            -7.3213683
          ],
          [
            112.7327806,
            -7.3204913
          ],
          [
            112.7329044,
            -7.3198929
          ],
          [
            112.7329706,
            -7.3196103
          ],
          [
            112.7331277,
            -7.318821
          ],
          [
            112.7333,
            -7.31803
          ],
          [
            112.7334724,
            -7.317233
          ],
          [
            112.7336371,
            -7.3164473
          ],
          [
            112.73382,
            -7.31557
          ],
          [
            112.7340046,
            -7.31469
          ],
          [
            112.7341973,
            -7.3138193
          ],
          [
            112.7344,
            -7.31294
          ],
          [
            112.73459,
            -7.31206
          ],
          [
            112.7347682,
            -7.3111913
          ],
          [
            112.7349589,
            -7.310312
          ],
          [
            112.7351494,
            -7.309433
          ],
          [
            112.735257,
            -7.3089069
          ],
          [
            112.7353237,
            -7.3084303
          ],
          [
            112.7354001,
            -7.30817
          ],
          [
            112.7351386,
            -7.3076062
          ],
          [
            112.7350933,
            -7.3074143
          ],
          [
            112.7350828,
            -7.3072123
          ],
          [
            112.7351031,
            -7.30703
          ],
          [
            112.7351495,
            -7.3068723
          ],
          [
            112.7352886,
            -7.3065303
          ],
          [
            112.7355257,
            -7.306223
          ],
          [
            112.7360796,
            -7.3054957
          ],
          [
            112.7361895,
            -7.3048849
          ],
          [
            112.7363489,
            -7.304278
          ],
          [
            112.7364929,
            -7.3036947
          ],
          [
            112.73662,
            -7.30311
          ],
          [
            112.7367346,
            -7.3025873
          ],
          [
            112.7368433,
            -7.3022265
          ],
          [
            112.7369203,
            -7.3020898
          ],
          [
            112.7371238,
            -7.3010916
          ],
          [
            112.7370665,
            -7.3009806
          ],
          [
            112.737046,
            -7.3005943
          ],
          [
            112.736936,
            -7.3002836
          ],
          [
            112.7368082,
            -7.299977
          ],
          [
            112.7366556,
            -7.2995952
          ],
          [
            112.7365968,
            -7.2994944
          ],
          [
            112.7365745,
            -7.2993873
          ],
          [
            112.7365031,
            -7.2993906
          ],
          [
            112.736066,
            -7.299416
          ],
          [
            112.735408,
            -7.2994359
          ],
          [
            112.734756,
            -7.2994313
          ],
          [
            112.7334262,
            -7.2993767
          ],
          [
            112.733371,
            -7.2990165
          ],
          [
            112.7333744,
            -7.2989112
          ],
          [
            112.7333966,
            -7.2988271
          ],
          [
            112.7334617,
            -7.2986457
          ],
          [
            112.7343085,
            -7.2986049
          ],
          [
            112.735154,
            -7.2985808
          ],
          [
            112.7351921,
            -7.2986652
          ],
          [
            112.7352101,
            -7.2988295
          ],
          [
            112.7351777,
            -7.2989761
          ],
          [
            112.7351889,
            -7.2991649
          ],
          [
            112.7351757,
            -7.299267
          ],
          [
            112.7352188,
            -7.2993571
          ],
          [
            112.735461,
            -7.29938
          ],
          [
            112.735746,
            -7.2993744
          ],
          [
            112.7362772,
            -7.2993484
          ],
          [
            112.7364532,
            -7.29935
          ],
          [
            112.7365077,
            -7.2993856
          ],
          [
            112.7369431,
            -7.2993532
          ],
          [
            112.7374799,
            -7.2992865
          ],
          [
            112.7374964,
            -7.2991062
          ],
          [
            112.7375079,
            -7.2989402
          ],
          [
            112.7375416,
            -7.2987634
          ],
          [
            112.7376108,
            -7.2986146
          ],
          [
            112.737728,
            -7.2984002
          ],
          [
            112.7379784,
            -7.2981372
          ],
          [
            112.7384133,
            -7.297858
          ],
          [
            112.7387463,
            -7.2976667
          ],
          [
            112.739,
            -7.29737
          ],
          [
            112.7390949,
            -7.2971146
          ],
          [
            112.7391535,
            -7.296842
          ],
          [
            112.7391549,
            -7.2965107
          ],
          [
            112.7391154,
            -7.2958923
          ],
          [
            112.7391195,
            -7.2956803
          ],
          [
            112.7391439,
            -7.2952322
          ],
          [
            112.73912,
            -7.29478
          ],
          [
            112.73908,
            -7.29435
          ],
          [
            112.7390336,
            -7.2934497
          ],
          [
            112.7389726,
            -7.2925487
          ],
          [
            112.738925,
            -7.2918818
          ],
          [
            112.7389156,
            -7.2909413
          ],
          [
            112.7388717,
            -7.290527
          ],
          [
            112.73886,
            -7.29011
          ],
          [
            112.7388863,
            -7.2897922
          ],
          [
            112.73911,
            -7.28877
          ],
          [
            112.73926,
            -7.28793
          ],
          [
            112.7393953,
            -7.2871197
          ],
          [
            112.7394775,
            -7.286677
          ],
          [
            112.73964,
            -7.2858
          ],
          [
            112.7398,
            -7.28491
          ],
          [
            112.73995,
            -7.28403
          ],
          [
            112.74011,
            -7.28314
          ],
          [
            112.74028,
            -7.28226
          ],
          [
            112.74044,
            -7.28137
          ],
          [
            112.74061,
            -7.28049
          ],
          [
            112.74078,
            -7.27961
          ],
          [
            112.7409396,
            -7.27873
          ],
          [
            112.74112,
            -7.27785
          ],
          [
            112.7413189,
            -7.2769797
          ],
          [
            112.7413962,
            -7.2766695
          ],
          [
            112.741454,
            -7.2762665
          ],
          [
            112.7416,
            -7.27552
          ],
          [
            112.7417846,
            -7.2746397
          ],
          [
            112.74205,
            -7.27378
          ],
          [
            112.7420991,
            -7.2735893
          ],
          [
            112.7421367,
            -7.273496
          ],
          [
            112.7421145,
            -7.273115
          ],
          [
            112.7418659,
            -7.2724647
          ],
          [
            112.74175,
            -7.2721869
          ],
          [
            112.7416689,
            -7.271866
          ],
          [
            112.7416314,
            -7.2715431
          ],
          [
            112.7415956,
            -7.2708907
          ],
          [
            112.7415602,
            -7.2699907
          ],
          [
            112.741535,
            -7.2693707
          ],
          [
            112.7414674,
            -7.2689287
          ],
          [
            112.74144,
            -7.26866
          ],
          [
            112.7413685,
            -7.268122
          ],
          [
            112.741314,
            -7.2677129
          ],
          [
            112.7412035,
            -7.2672513
          ],
          [
            112.7410534,
            -7.2666443
          ],
          [
            112.7409665,
            -7.2660123
          ],
          [
            112.74094,
            -7.26569
          ],
          [
            112.74097,
            -7.26525
          ],
          [
            112.74101,
            -7.26481
          ],
          [
            112.7410942,
            -7.2640537
          ],
          [
            112.7409965,
            -7.2635036
          ],
          [
            112.7408714,
            -7.263171
          ],
          [
            112.7407745,
            -7.2628336
          ],
          [
            112.7407928,
            -7.2627543
          ],
          [
            112.7406449,
            -7.2624989
          ],
          [
            112.7405691,
            -7.262309
          ],
          [
            112.7401283,
            -7.2615577
          ],
          [
            112.7399853,
            -7.261361
          ],
          [
            112.7396712,
            -7.261238
          ],
          [
            112.7392824,
            -7.2611334
          ],
          [
            112.7390905,
            -7.2610268
          ],
          [
            112.7387929,
            -7.2609206
          ],
          [
            112.7382486,
            -7.2607013
          ],
          [
            112.7374271,
            -7.2603467
          ],
          [
            112.7371655,
            -7.2602301
          ],
          [
            112.7370608,
            -7.2601601
          ],
          [
            112.7363804,
            -7.259868
          ],
          [
            112.7362331,
            -7.2597615
          ],
          [
            112.7354464,
            -7.2594774
          ],
          [
            112.73439,
            -7.259
          ],
          [
            112.7333244,
            -7.2585076
          ],
          [
            112.7332332,
            -7.2583927
          ],
          [
            112.7332123,
            -7.2582698
          ],
          [
            112.73372,
            -7.25726
          ],
          [
            112.7341173,
            -7.2564487
          ],
          [
            112.734176,
            -7.25623
          ],
          [
            112.7341911,
            -7.2557913
          ],
          [
            112.7342,
            -7.25557
          ],
          [
            112.73415,
            -7.25535
          ],
          [
            112.73414,
            -7.25481
          ],
          [
            112.7343299,
            -7.2544486
          ],
          [
            112.7345004,
            -7.254076
          ],
          [
            112.73476,
            -7.25335
          ],
          [
            112.73495,
            -7.25261
          ],
          [
            112.7350953,
            -7.2521873
          ],
          [
            112.73525,
            -7.25177
          ],
          [
            112.7355783,
            -7.250936
          ],
          [
            112.7357425,
            -7.2505283
          ],
          [
            112.7358695,
            -7.250095
          ],
          [
            112.7361137,
            -7.2492213
          ],
          [
            112.7362129,
            -7.2488305
          ],
          [
            112.7363498,
            -7.2485503
          ],
          [
            112.7364249,
            -7.2484764
          ],
          [
            112.7365989,
            -7.2479845
          ],
          [
            112.7367389,
            -7.2474803
          ],
          [
            112.7368546,
            -7.2471085
          ],
          [
            112.73693,
            -7.24678
          ],
          [
            112.7370811,
            -7.2460847
          ],
          [
            112.7372096,
            -7.2454738
          ],
          [
            112.7372123,
            -7.2450449
          ],
          [
            112.73716,
            -7.24461
          ],
          [
            112.7370289,
            -7.2440879
          ],
          [
            112.736989,
            -7.2438281
          ],
          [
            112.7369506,
            -7.2436799
          ],
          [
            112.7367748,
            -7.2435975
          ],
          [
            112.7365983,
            -7.2435503
          ],
          [
            112.7363726,
            -7.243563
          ],
          [
            112.7361481,
            -7.243607
          ],
          [
            112.7359934,
            -7.243534
          ],
          [
            112.73573,
            -7.24352
          ],
          [
            112.735375,
            -7.243444
          ],
          [
            112.7351359,
            -7.243366
          ],
          [
            112.7347612,
            -7.2431912
          ],
          [
            112.7344321,
            -7.2429007
          ],
          [
            112.7337517,
            -7.2423127
          ],
          [
            112.7332167,
            -7.241829
          ],
          [
            112.7326404,
            -7.2413167
          ],
          [
            112.7324998,
            -7.241192
          ],
          [
            112.73239,
            -7.24105
          ],
          [
            112.7321834,
            -7.240767
          ],
          [
            112.73192,
            -7.2403958
          ],
          [
            112.73168,
            -7.24002
          ],
          [
            112.7315606,
            -7.2398223
          ],
          [
            112.7314746,
            -7.23962
          ],
          [
            112.7312581,
            -7.2387423
          ],
          [
            112.7311602,
            -7.238311
          ],
          [
            112.7310709,
            -7.2378723
          ],
          [
            112.7309789,
            -7.2374313
          ],
          [
            112.7309011,
            -7.237
          ],
          [
            112.7308,
            -7.23611
          ],
          [
            112.7307707,
            -7.235212
          ],
          [
            112.7307483,
            -7.2349473
          ],
          [
            112.730704,
            -7.2347466
          ],
          [
            112.7306215,
            -7.234583
          ],
          [
            112.7304732,
            -7.2344368
          ],
          [
            112.7301446,
            -7.2341209
          ],
          [
            112.7298352,
            -7.2338248
          ],
          [
            112.7295083,
            -7.2335385
          ],
          [
            112.7291645,
            -7.2332666
          ],
          [
            112.7288334,
            -7.2329794
          ],
          [
            112.7286556,
            -7.2328574
          ],
          [
            112.7285408,
            -7.2327507
          ],
          [
            112.7282744,
            -7.2324722
          ],
          [
            112.7282196,
            -7.232199
          ],
          [
            112.7282067,
            -7.232064
          ],
          [
            112.7282648,
            -7.2319238
          ],
          [
            112.7287344,
            -7.2310592
          ],
          [
            112.7291907,
            -7.2301859
          ],
          [
            112.7296312,
            -7.2293013
          ],
          [
            112.730055,
            -7.228408
          ],
          [
            112.7308954,
            -7.2266238
          ],
          [
            112.7313086,
            -7.2257291
          ],
          [
            112.7315266,
            -7.2252731
          ],
          [
            112.7316245,
            -7.2250633
          ],
          [
            112.7317064,
            -7.2247984
          ],
          [
            112.7317882,
            -7.2245224
          ],
          [
            112.7318539,
            -7.2242365
          ],
          [
            112.7319173,
            -7.2239502
          ],
          [
            112.7319653,
            -7.2236652
          ],
          [
            112.7320666,
            -7.223102
          ],
          [
            112.7321612,
            -7.2225114
          ],
          [
            112.7324135,
            -7.2202497
          ],
          [
            112.7324739,
            -7.2196795
          ],
          [
            112.7325557,
            -7.2191092
          ],
          [
            112.732708,
            -7.2179674
          ],
          [
            112.7328687,
            -7.2168312
          ],
          [
            112.7329701,
            -7.2162615
          ],
          [
            112.7330696,
            -7.2156761
          ],
          [
            112.7331567,
            -7.2151352
          ],
          [
            112.7332801,
            -7.2145463
          ],
          [
            112.7334873,
            -7.2134175
          ],
          [
            112.7336801,
            -7.2122892
          ],
          [
            112.7338923,
            -7.2111602
          ],
          [
            112.7339685,
            -7.2106363
          ],
          [
            112.7340601,
            -7.2101124
          ],
          [
            112.7341326,
            -7.2095891
          ],
          [
            112.7341404,
            -7.2093112
          ],
          [
            112.7341243,
            -7.2090622
          ],
          [
            112.7340804,
            -7.2078978
          ],
          [
            112.7340537,
            -7.2073063
          ],
          [
            112.7340367,
            -7.2069989
          ],
          [
            112.7340029,
            -7.2067334
          ],
          [
            112.7339394,
            -7.2062036
          ],
          [
            112.7338558,
            -7.2056698
          ],
          [
            112.7337698,
            -7.2051336
          ],
          [
            112.7337285,
            -7.2048609
          ],
          [
            112.7336839,
            -7.2046138
          ],
          [
            112.7334875,
            -7.2035509
          ],
          [
            112.7332891,
            -7.2024924
          ],
          [
            112.7330874,
            -7.2014206
          ],
          [
            112.7329829,
            -7.2008933
          ],
          [
            112.7329313,
            -7.200624
          ],
          [
            112.7328771,
            -7.2003537
          ],
          [
            112.7326637,
            -7.1992985
          ],
          [
            112.7325311,
            -7.1986488
          ],
          [
            112.732456,
            -7.198285
          ],
          [
            112.7323649,
            -7.1980018
          ],
          [
            112.7324894,
            -7.1979155
          ],
          [
            112.7325799,
            -7.198041
          ],
          [
            112.7326517,
            -7.1981799
          ],
          [
            112.7327282,
            -7.1984655
          ],
          [
            112.7328037,
            -7.1987392
          ],
          [
            112.7328597,
            -7.1990163
          ],
          [
            112.7330342,
            -7.2001171
          ],
          [
            112.7330858,
            -7.2004052
          ],
          [
            112.7331354,
            -7.2006903
          ],
          [
            112.7332372,
            -7.2012551
          ],
          [
            112.7334463,
            -7.2023875
          ],
          [
            112.7336592,
            -7.203484
          ],
          [
            112.7338727,
            -7.2045721
          ],
          [
            112.7339208,
            -7.2048244
          ],
          [
            112.7339691,
            -7.2051003
          ],
          [
            112.7340605,
            -7.2056435
          ],
          [
            112.7342345,
            -7.2067285
          ],
          [
            112.7342988,
            -7.2072635
          ],
          [
            112.7343222,
            -7.2078358
          ],
          [
            112.7343629,
            -7.2089444
          ],
          [
            112.7343466,
            -7.2095077
          ],
          [
            112.7343004,
            -7.2100716
          ],
          [
            112.7341323,
            -7.2111703
          ],
          [
            112.7333299,
            -7.2155189
          ],
          [
            112.7331155,
            -7.2166971
          ],
          [
            112.7330329,
            -7.2171903
          ],
          [
            112.7329415,
            -7.2178898
          ],
          [
            112.7326547,
            -7.220284
          ],
          [
            112.7325364,
            -7.2211671
          ],
          [
            112.7324235,
            -7.2220495
          ],
          [
            112.7323467,
            -7.2229366
          ],
          [
            112.732241,
            -7.2238191
          ],
          [
            112.732159,
            -7.2242225
          ],
          [
            112.731967,
            -7.2248854
          ],
          [
            112.7317957,
            -7.2253621
          ],
          [
            112.7315782,
            -7.2258247
          ],
          [
            112.7311491,
            -7.2267481
          ],
          [
            112.7307267,
            -7.2276787
          ],
          [
            112.7305198,
            -7.2281421
          ],
          [
            112.7302982,
            -7.2285988
          ],
          [
            112.7298497,
            -7.2295111
          ],
          [
            112.7296224,
            -7.2299643
          ],
          [
            112.729379,
            -7.2304075
          ],
          [
            112.7286042,
            -7.2318168
          ],
          [
            112.728489,
            -7.2320448
          ],
          [
            112.7284597,
            -7.2322163
          ],
          [
            112.7284907,
            -7.2323412
          ],
          [
            112.7287142,
            -7.2326031
          ],
          [
            112.7290045,
            -7.2328233
          ],
          [
            112.7296171,
            -7.2333658
          ],
          [
            112.730838,
            -7.234372
          ],
          [
            112.7314527,
            -7.2345247
          ],
          [
            112.73216,
            -7.23467
          ],
          [
            112.73304,
            -7.23488
          ],
          [
            112.7333497,
            -7.2349703
          ],
          [
            112.734094,
            -7.2352416
          ],
          [
            112.7349443,
            -7.235541
          ],
          [
            112.73569,
            -7.23583
          ],
          [
            112.7365446,
            -7.236146
          ],
          [
            112.7370244,
            -7.2363163
          ],
          [
            112.7375507,
            -7.2364657
          ],
          [
            112.737855,
            -7.2365625
          ],
          [
            112.7379529,
            -7.2366912
          ],
          [
            112.7379455,
            -7.2368392
          ],
          [
            112.7377415,
            -7.2374893
          ],
          [
            112.7376271,
            -7.237824
          ],
          [
            112.7375095,
            -7.238142
          ],
          [
            112.73744,
            -7.2384
          ],
          [
            112.7374109,
            -7.2386
          ],
          [
            112.7374,
            -7.2388
          ],
          [
            112.7374239,
            -7.239131
          ],
          [
            112.737453,
            -7.2394107
          ],
          [
            112.7375994,
            -7.240288
          ],
          [
            112.7376363,
            -7.2406653
          ],
          [
            112.73769,
            -7.24104
          ],
          [
            112.73787,
            -7.24192
          ],
          [
            112.73806,
            -7.2428
          ],
          [
            112.7381568,
            -7.2432332
          ],
          [
            112.7382242,
            -7.2436703
          ],
          [
            112.7382647,
            -7.2440119
          ],
          [
            112.7383744,
            -7.2445029
          ],
          [
            112.7384578,
            -7.2449953
          ],
          [
            112.7385206,
            -7.245443
          ],
          [
            112.7386062,
            -7.2458557
          ],
          [
            112.7386067,
            -7.2460744
          ],
          [
            112.7386535,
            -7.2464601
          ],
          [
            112.7386261,
            -7.2468447
          ],
          [
            112.7385811,
            -7.24738
          ],
          [
            112.73835,
            -7.24823
          ],
          [
            112.7381777,
            -7.2486558
          ],
          [
            112.7379517,
            -7.2490396
          ],
          [
            112.7374844,
            -7.2498173
          ],
          [
            112.7372621,
            -7.2502003
          ],
          [
            112.7369752,
            -7.2505913
          ],
          [
            112.7367607,
            -7.2510596
          ],
          [
            112.7367212,
            -7.2513908
          ],
          [
            112.73673,
            -7.25172
          ],
          [
            112.7368,
            -7.25262
          ],
          [
            112.7367704,
            -7.2535103
          ],
          [
            112.7367671,
            -7.2540543
          ],
          [
            112.7367999,
            -7.2547703
          ],
          [
            112.7368614,
            -7.2552133
          ],
          [
            112.7369899,
            -7.2558148
          ],
          [
            112.7373592,
            -7.2565447
          ],
          [
            112.7377069,
            -7.2572243
          ],
          [
            112.7381276,
            -7.2580133
          ],
          [
            112.7385619,
            -7.2588116
          ],
          [
            112.7388591,
            -7.259328
          ],
          [
            112.7391726,
            -7.259856
          ],
          [
            112.7394101,
            -7.2602403
          ],
          [
            112.73965,
            -7.26061
          ],
          [
            112.7401244,
            -7.261376
          ],
          [
            112.74057,
            -7.26216
          ],
          [
            112.74073,
            -7.26237
          ],
          [
            112.740836,
            -7.2624909
          ],
          [
            112.7412156,
            -7.2627701
          ],
          [
            112.7417693,
            -7.263016
          ],
          [
            112.74263,
            -7.26332
          ],
          [
            112.7434766,
            -7.263645
          ],
          [
            112.7443126,
            -7.2639763
          ],
          [
            112.7450975,
            -7.2642653
          ],
          [
            112.7454395,
            -7.2644369
          ],
          [
            112.7455113,
            -7.2645431
          ],
          [
            112.7455549,
            -7.2646525
          ],
          [
            112.74531,
            -7.2654
          ],
          [
            112.745322,
            -7.2654637
          ],
          [
            112.7451479,
            -7.2658857
          ],
          [
            112.7449792,
            -7.2663243
          ],
          [
            112.74468,
            -7.26716
          ],
          [
            112.7445823,
            -7.2674803
          ],
          [
            112.7445724,
            -7.2678567
          ],
          [
            112.7443,
            -7.26817
          ],
          [
            112.7441454,
            -7.2685455
          ],
          [
            112.7440157,
            -7.2689237
          ],
          [
            112.7437991,
            -7.269616
          ],
          [
            112.7436022,
            -7.2700641
          ],
          [
            112.7435193,
            -7.2701572
          ],
          [
            112.7433198,
            -7.27066
          ],
          [
            112.7431515,
            -7.2710716
          ],
          [
            112.7428163,
            -7.2719892
          ],
          [
            112.7427952,
            -7.2720906
          ],
          [
            112.7425521,
            -7.272764
          ],
          [
            112.7423266,
            -7.27335
          ],
          [
            112.7420258,
            -7.2741907
          ],
          [
            112.7418959,
            -7.2746257
          ],
          [
            112.7417885,
            -7.2750547
          ],
          [
            112.7416214,
            -7.2759402
          ],
          [
            112.7414609,
            -7.2768203
          ],
          [
            112.7413009,
            -7.2776993
          ],
          [
            112.7411299,
            -7.2785787
          ],
          [
            112.7409508,
            -7.279469
          ],
          [
            112.74081,
            -7.28035
          ],
          [
            112.74064,
            -7.28123
          ],
          [
            112.74052,
            -7.28202
          ],
          [
            112.7404,
            -7.28281
          ],
          [
            112.7402363,
            -7.28359
          ],
          [
            112.74006,
            -7.28447
          ],
          [
            112.73989,
            -7.28535
          ],
          [
            112.73972,
            -7.28623
          ],
          [
            112.7395406,
            -7.2871183
          ],
          [
            112.7394209,
            -7.2878063
          ],
          [
            112.7392865,
            -7.2885047
          ],
          [
            112.7391679,
            -7.289195
          ],
          [
            112.73905,
            -7.28986
          ],
          [
            112.7390039,
            -7.2904917
          ],
          [
            112.7390444,
            -7.2911692
          ],
          [
            112.7390662,
            -7.2913273
          ],
          [
            112.7390794,
            -7.2916497
          ],
          [
            112.7391306,
            -7.2925507
          ],
          [
            112.7391893,
            -7.2934417
          ],
          [
            112.73926,
            -7.29433
          ],
          [
            112.7393184,
            -7.2952303
          ],
          [
            112.7393994,
            -7.2963143
          ],
          [
            112.7394573,
            -7.2968146
          ],
          [
            112.7393796,
            -7.2971475
          ],
          [
            112.7392093,
            -7.2975319
          ],
          [
            112.7389436,
            -7.297881
          ],
          [
            112.7385063,
            -7.2981673
          ],
          [
            112.73806,
            -7.29835
          ],
          [
            112.7379071,
            -7.2985188
          ],
          [
            112.7378,
            -7.29878
          ],
          [
            112.7377189,
            -7.2989967
          ],
          [
            112.73762,
            -7.29926
          ],
          [
            112.7375327,
            -7.2995213
          ],
          [
            112.73737,
            -7.30041
          ],
          [
            112.73719,
            -7.30128
          ],
          [
            112.737,
            -7.30217
          ],
          [
            112.7369388,
            -7.3024767
          ],
          [
            112.7369051,
            -7.302788
          ],
          [
            112.7368657,
            -7.3030521
          ],
          [
            112.73689,
            -7.30317
          ],
          [
            112.7366909,
            -7.304048
          ],
          [
            112.73647,
            -7.305
          ],
          [
            112.73624,
            -7.3059
          ],
          [
            112.73605,
            -7.30678
          ],
          [
            112.73598,
            -7.30716
          ],
          [
            112.73622,
            -7.30722
          ],
          [
            112.7361868,
            -7.307431
          ],
          [
            112.7360509,
            -7.308061
          ],
          [
            112.73585,
            -7.30894
          ],
          [
            112.73567,
            -7.30982
          ],
          [
            112.73549,
            -7.3107
          ],
          [
            112.73527,
            -7.31156
          ],
          [
            112.73514,
            -7.31223
          ],
          [
            112.7349899,
            -7.3128973
          ],
          [
            112.7348571,
            -7.3135314
          ],
          [
            112.7347,
            -7.31441
          ],
          [
            112.73451,
            -7.31528
          ],
          [
            112.7343223,
            -7.31616
          ],
          [
            112.73418,
            -7.3169
          ],
          [
            112.7340313,
            -7.3176503
          ],
          [
            112.73384,
            -7.31853
          ],
          [
            112.73364,
            -7.3194
          ],
          [
            112.73346,
            -7.32028
          ],
          [
            112.73328,
            -7.32116
          ],
          [
            112.7331759,
            -7.321631
          ],
          [
            112.7329823,
            -7.3225103
          ],
          [
            112.7328057,
            -7.3233807
          ],
          [
            112.73261,
            -7.32426
          ],
          [
            112.7324164,
            -7.3251357
          ],
          [
            112.7322197,
            -7.3260127
          ],
          [
            112.73202,
            -7.32689
          ],
          [
            112.7318769,
            -7.3276007
          ],
          [
            112.7317011,
            -7.3284763
          ],
          [
            112.7314912,
            -7.3293513
          ],
          [
            112.7313151,
            -7.3302343
          ],
          [
            112.7310918,
            -7.3311542
          ],
          [
            112.7310276,
            -7.3315156
          ],
          [
            112.7308134,
            -7.3313884
          ],
          [
            112.7305991,
            -7.3322747
          ],
          [
            112.73041,
            -7.33315
          ],
          [
            112.73019,
            -7.33402
          ],
          [
            112.72997,
            -7.33489
          ],
          [
            112.72976,
            -7.33577
          ],
          [
            112.72953,
            -7.33663
          ],
          [
            112.7294376,
            -7.3370683
          ],
          [
            112.72938,
            -7.33797
          ],
          [
            112.72937,
            -7.33886
          ],
          [
            112.72939,
            -7.33976
          ],
          [
            112.72938,
            -7.34058
          ],
          [
            112.72939,
            -7.34139
          ],
          [
            112.72938,
            -7.34211
          ],
          [
            112.72938,
            -7.34282
          ],
          [
            112.7293669,
            -7.3435483
          ],
          [
            112.72934,
            -7.34445
          ],
          [
            112.7293193,
            -7.345349
          ],
          [
            112.7293221,
            -7.3457803
          ],
          [
            112.72927,
            -7.34621
          ],
          [
            112.72926,
            -7.34691
          ],
          [
            112.72926,
            -7.34761
          ],
          [
            112.7291592,
            -7.3478188
          ],
          [
            112.7290263,
            -7.3480057
          ],
          [
            112.7288113,
            -7.348071
          ],
          [
            112.7286517,
            -7.3480816
          ],
          [
            112.7284571,
            -7.3480653
          ],
          [
            112.7282513,
            -7.3480103
          ],
          [
            112.728061,
            -7.3478861
          ],
          [
            112.7277209,
            -7.3475557
          ],
          [
            112.7276,
            -7.34745
          ],
          [
            112.7273496,
            -7.3472817
          ],
          [
            112.727079,
            -7.3471333
          ],
          [
            112.7268109,
            -7.3470407
          ],
          [
            112.7265706,
            -7.3470014
          ],
          [
            112.7257387,
            -7.346999
          ],
          [
            112.72484,
            -7.34694
          ],
          [
            112.7243917,
            -7.346903
          ],
          [
            112.7239447,
            -7.3468314
          ],
          [
            112.7231885,
            -7.3467185
          ],
          [
            112.722766,
            -7.3465619
          ],
          [
            112.7220885,
            -7.3464121
          ],
          [
            112.7218064,
            -7.3463953
          ],
          [
            112.7213809,
            -7.346388
          ],
          [
            112.721224,
            -7.3464213
          ],
          [
            112.7202468,
            -7.3467621
          ],
          [
            112.7200307,
            -7.3468003
          ],
          [
            112.71918,
            -7.34679
          ],
          [
            112.7182703,
            -7.346772
          ],
          [
            112.7177003,
            -7.3467833
          ],
          [
            112.7174402,
            -7.3468644
          ],
          [
            112.7166934,
            -7.3474233
          ],
          [
            112.7161146,
            -7.3478257
          ],
          [
            112.715918,
            -7.347958
          ],
          [
            112.71519,
            -7.34849
          ],
          [
            112.71446,
            -7.34902
          ],
          [
            112.7140425,
            -7.3493881
          ],
          [
            112.7130342,
            -7.3501053
          ],
          [
            112.7124702,
            -7.3505197
          ],
          [
            112.7119943,
            -7.3507994
          ],
          [
            112.7118927,
            -7.3509669
          ],
          [
            112.7119178,
            -7.3510878
          ],
          [
            112.7120382,
            -7.3511727
          ],
          [
            112.712513,
            -7.3512821
          ],
          [
            112.712844,
            -7.3513204
          ],
          [
            112.7137407,
            -7.3514286
          ],
          [
            112.71464,
            -7.35156
          ],
          [
            112.71518,
            -7.3517
          ],
          [
            112.716016,
            -7.352029
          ],
          [
            112.7169732,
            -7.3523615
          ],
          [
            112.7173413,
            -7.3524213
          ],
          [
            112.7183868,
            -7.3524599
          ],
          [
            112.7188809,
            -7.3525663
          ],
          [
            112.71975,
            -7.35282
          ],
          [
            112.72062,
            -7.35307
          ],
          [
            112.72149,
            -7.35334
          ],
          [
            112.7222403,
            -7.3535674
          ],
          [
            112.7225017,
            -7.3534307
          ],
          [
            112.7226895,
            -7.3527058
          ],
          [
            112.7227441,
            -7.352598
          ],
          [
            112.7229205,
            -7.3519991
          ],
          [
            112.7229997,
            -7.3519212
          ],
          [
            112.7231123,
            -7.3518682
          ]
        ]
      }
    },
    {
      "type": "Feature",
      "properties": {
        "code": "10",
        "link": "tmk2",
        "name": "R2",
        "title": "Kejawan-UNESA",
        "color": "#2f87a0",
        "textColor": "white",
        "feeder": false,
        "hours": "05:30 - 22:00",
        "routeId": "tmk2"
      },
      "geometry": {
        "type": "LineString",
        "coordinates": [
          [
            112.80216,
            -7.27644
          ],
          [
            112.80216,
            -7.27643
          ],
          [
            112.80216,
            -7.27641
          ],
          [
            112.80216,
            -7.27639
          ],
          [
            112.80217,
            -7.27636
          ],
          [
            112.8019,
            -7.27616
          ],
          [
            112.80189,
            -7.27616
          ],
          [
            112.80188,
            -7.27616
          ],
          [
            112.80187,
            -7.27616
          ],
          [
            112.80186,
            -7.27616
          ],
          [
            112.80185,
            -7.27616
          ],
          [
            112.80184,
            -7.27616
          ],
          [
            112.80183,
            -7.27616
          ],
          [
            112.80183,
            -7.27615
          ],
          [
            112.80182,
            -7.27615
          ],
          [
            112.80181,
            -7.27614
          ],
          [
            112.8018,
            -7.27614
          ],
          [
            112.8018,
            -7.27613
          ],
          [
            112.80179,
            -7.27613
          ],
          [
            112.80179,
            -7.27612
          ],
          [
            112.80178,
            -7.27612
          ],
          [
            112.80178,
            -7.27611
          ],
          [
            112.80178,
            -7.2761
          ],
          [
            112.80177,
            -7.2761
          ],
          [
            112.80177,
            -7.27609
          ],
          [
            112.80177,
            -7.27608
          ],
          [
            112.80176,
            -7.27607
          ],
          [
            112.80176,
            -7.27604
          ],
          [
            112.80176,
            -7.27603
          ],
          [
            112.80177,
            -7.27602
          ],
          [
            112.80177,
            -7.27601
          ],
          [
            112.80177,
            -7.276
          ],
          [
            112.80178,
            -7.276
          ],
          [
            112.80178,
            -7.27599
          ],
          [
            112.80179,
            -7.27599
          ],
          [
            112.80179,
            -7.27598
          ],
          [
            112.8018,
            -7.27597
          ],
          [
            112.80121,
            -7.27551
          ],
          [
            112.80109,
            -7.27542
          ],
          [
            112.80103,
            -7.27535
          ],
          [
            112.80099,
            -7.2753
          ],
          [
            112.80095,
            -7.27524
          ],
          [
            112.80093,
            -7.27518
          ],
          [
            112.8009,
            -7.27511
          ],
          [
            112.80088,
            -7.27506
          ],
          [
            112.80087,
            -7.27495
          ],
          [
            112.80086,
            -7.27489
          ],
          [
            112.80085,
            -7.27472
          ],
          [
            112.80084,
            -7.27462
          ],
          [
            112.80083,
            -7.27458
          ],
          [
            112.8008,
            -7.27451
          ],
          [
            112.80075,
            -7.27443
          ],
          [
            112.80072,
            -7.2744
          ],
          [
            112.8007,
            -7.27439
          ],
          [
            112.80067,
            -7.27437
          ],
          [
            112.80064,
            -7.27436
          ],
          [
            112.8006,
            -7.27435
          ],
          [
            112.80057,
            -7.27434
          ],
          [
            112.80045,
            -7.27434
          ],
          [
            112.80034,
            -7.27434
          ],
          [
            112.79999,
            -7.27436
          ],
          [
            112.79983,
            -7.27436
          ],
          [
            112.79978,
            -7.27436
          ],
          [
            112.79938,
            -7.27438
          ],
          [
            112.79899,
            -7.2744
          ],
          [
            112.79873,
            -7.27441
          ],
          [
            112.79853,
            -7.27443
          ],
          [
            112.79838,
            -7.27446
          ],
          [
            112.79827,
            -7.2745
          ],
          [
            112.79804,
            -7.2746
          ],
          [
            112.79804,
            -7.27461
          ],
          [
            112.79804,
            -7.27462
          ],
          [
            112.79804,
            -7.27464
          ],
          [
            112.79804,
            -7.27465
          ],
          [
            112.79804,
            -7.27466
          ],
          [
            112.79803,
            -7.27468
          ],
          [
            112.79803,
            -7.27469
          ],
          [
            112.79802,
            -7.2747
          ],
          [
            112.79801,
            -7.27473
          ],
          [
            112.798,
            -7.27474
          ],
          [
            112.79798,
            -7.27475
          ],
          [
            112.79797,
            -7.27477
          ],
          [
            112.79795,
            -7.27478
          ],
          [
            112.79794,
            -7.27479
          ],
          [
            112.79792,
            -7.2748
          ],
          [
            112.7979,
            -7.27481
          ],
          [
            112.79788,
            -7.27481
          ],
          [
            112.79786,
            -7.27481
          ],
          [
            112.79785,
            -7.27482
          ],
          [
            112.79783,
            -7.27482
          ],
          [
            112.79781,
            -7.27481
          ],
          [
            112.79779,
            -7.27481
          ],
          [
            112.79777,
            -7.27481
          ],
          [
            112.79775,
            -7.2748
          ],
          [
            112.79773,
            -7.27479
          ],
          [
            112.79772,
            -7.27478
          ],
          [
            112.7977,
            -7.27477
          ],
          [
            112.79769,
            -7.27476
          ],
          [
            112.79767,
            -7.27474
          ],
          [
            112.79766,
            -7.27473
          ],
          [
            112.79759,
            -7.27476
          ],
          [
            112.79755,
            -7.27479
          ],
          [
            112.79751,
            -7.2748
          ],
          [
            112.79745,
            -7.27482
          ],
          [
            112.79681,
            -7.27495
          ],
          [
            112.79626,
            -7.27505
          ],
          [
            112.79618,
            -7.27508
          ],
          [
            112.79617,
            -7.27508
          ],
          [
            112.79612,
            -7.27509
          ],
          [
            112.79527,
            -7.27528
          ],
          [
            112.79516,
            -7.27531
          ],
          [
            112.79511,
            -7.27533
          ],
          [
            112.79463,
            -7.27544
          ],
          [
            112.79457,
            -7.27545
          ],
          [
            112.79381,
            -7.27562
          ],
          [
            112.79373,
            -7.27564
          ],
          [
            112.79369,
            -7.27564
          ],
          [
            112.79308,
            -7.27577
          ],
          [
            112.79306,
            -7.27577
          ],
          [
            112.79304,
            -7.27578
          ],
          [
            112.793,
            -7.27578
          ],
          [
            112.7928,
            -7.27583
          ],
          [
            112.79269,
            -7.27585
          ],
          [
            112.79229,
            -7.27593
          ],
          [
            112.79223,
            -7.27594
          ],
          [
            112.79201,
            -7.27599
          ],
          [
            112.79195,
            -7.276
          ],
          [
            112.79193,
            -7.27601
          ],
          [
            112.79085,
            -7.27628
          ],
          [
            112.79061,
            -7.27635
          ],
          [
            112.79057,
            -7.27636
          ],
          [
            112.7905,
            -7.27639
          ],
          [
            112.79045,
            -7.27643
          ],
          [
            112.7904,
            -7.27646
          ],
          [
            112.79031,
            -7.27654
          ],
          [
            112.79027,
            -7.27659
          ],
          [
            112.79023,
            -7.27664
          ],
          [
            112.79019,
            -7.27672
          ],
          [
            112.79017,
            -7.27679
          ],
          [
            112.79016,
            -7.27685
          ],
          [
            112.79015,
            -7.27693
          ],
          [
            112.79014,
            -7.27705
          ],
          [
            112.79015,
            -7.27753
          ],
          [
            112.79015,
            -7.27755
          ],
          [
            112.79016,
            -7.27763
          ],
          [
            112.79021,
            -7.27804
          ],
          [
            112.79022,
            -7.27813
          ],
          [
            112.79022,
            -7.27819
          ],
          [
            112.7903,
            -7.27875
          ],
          [
            112.79034,
            -7.27894
          ],
          [
            112.79039,
            -7.27892
          ],
          [
            112.79043,
            -7.27892
          ],
          [
            112.79048,
            -7.27891
          ],
          [
            112.79052,
            -7.27892
          ],
          [
            112.79057,
            -7.27893
          ],
          [
            112.79061,
            -7.27895
          ],
          [
            112.79066,
            -7.27897
          ],
          [
            112.79069,
            -7.279
          ],
          [
            112.79073,
            -7.27903
          ],
          [
            112.79076,
            -7.27907
          ],
          [
            112.79078,
            -7.27911
          ],
          [
            112.79079,
            -7.27916
          ],
          [
            112.7908,
            -7.27921
          ],
          [
            112.79081,
            -7.27925
          ],
          [
            112.7908,
            -7.2793
          ],
          [
            112.79079,
            -7.27935
          ],
          [
            112.79078,
            -7.27939
          ],
          [
            112.79074,
            -7.27946
          ],
          [
            112.79073,
            -7.27947
          ],
          [
            112.79072,
            -7.27948
          ],
          [
            112.79071,
            -7.27949
          ],
          [
            112.7907,
            -7.2795
          ],
          [
            112.79069,
            -7.27951
          ],
          [
            112.79068,
            -7.27951
          ],
          [
            112.79067,
            -7.27952
          ],
          [
            112.79066,
            -7.27952
          ],
          [
            112.79062,
            -7.27954
          ],
          [
            112.79059,
            -7.27956
          ],
          [
            112.79058,
            -7.27956
          ],
          [
            112.79056,
            -7.27957
          ],
          [
            112.79052,
            -7.27958
          ],
          [
            112.79049,
            -7.27959
          ],
          [
            112.79046,
            -7.2796
          ],
          [
            112.79042,
            -7.2796
          ],
          [
            112.79039,
            -7.2796
          ],
          [
            112.79018,
            -7.2795
          ],
          [
            112.79014,
            -7.27948
          ],
          [
            112.79009,
            -7.27946
          ],
          [
            112.79006,
            -7.27945
          ],
          [
            112.79002,
            -7.27945
          ],
          [
            112.7898,
            -7.27944
          ],
          [
            112.78974,
            -7.27944
          ],
          [
            112.78965,
            -7.27945
          ],
          [
            112.78911,
            -7.27954
          ],
          [
            112.78887,
            -7.27957
          ],
          [
            112.78821,
            -7.27968
          ],
          [
            112.78812,
            -7.27969
          ],
          [
            112.78674,
            -7.27989
          ],
          [
            112.78657,
            -7.27991
          ],
          [
            112.7862,
            -7.27995
          ],
          [
            112.78606,
            -7.27997
          ],
          [
            112.78568,
            -7.28003
          ],
          [
            112.78423,
            -7.28023
          ],
          [
            112.78399,
            -7.28027
          ],
          [
            112.78375,
            -7.2803
          ],
          [
            112.78185,
            -7.28057
          ],
          [
            112.78159,
            -7.28061
          ],
          [
            112.78094,
            -7.28069
          ],
          [
            112.78079,
            -7.28069
          ],
          [
            112.78027,
            -7.28066
          ],
          [
            112.77962,
            -7.28066
          ],
          [
            112.77929,
            -7.28065
          ],
          [
            112.77879,
            -7.28063
          ],
          [
            112.77868,
            -7.28063
          ],
          [
            112.77687,
            -7.2806
          ],
          [
            112.77653,
            -7.2806
          ],
          [
            112.77644,
            -7.2806
          ],
          [
            112.77516,
            -7.2806
          ],
          [
            112.77505,
            -7.2806
          ],
          [
            112.7746,
            -7.28061
          ],
          [
            112.77453,
            -7.2806
          ],
          [
            112.77442,
            -7.28061
          ],
          [
            112.77433,
            -7.28061
          ],
          [
            112.77429,
            -7.2806
          ],
          [
            112.77365,
            -7.2806
          ],
          [
            112.77251,
            -7.28057
          ],
          [
            112.7724,
            -7.28057
          ],
          [
            112.77234,
            -7.28058
          ],
          [
            112.77225,
            -7.2806
          ],
          [
            112.77201,
            -7.28061
          ],
          [
            112.77183,
            -7.28054
          ],
          [
            112.77175,
            -7.28052
          ],
          [
            112.7717,
            -7.28051
          ],
          [
            112.77139,
            -7.28049
          ],
          [
            112.77109,
            -7.28047
          ],
          [
            112.77101,
            -7.28046
          ],
          [
            112.77066,
            -7.28043
          ],
          [
            112.77045,
            -7.28041
          ],
          [
            112.77024,
            -7.28039
          ],
          [
            112.77006,
            -7.28038
          ],
          [
            112.76986,
            -7.28036
          ],
          [
            112.76876,
            -7.28025
          ],
          [
            112.76716,
            -7.28009
          ],
          [
            112.76672,
            -7.28004
          ],
          [
            112.76662,
            -7.28002
          ],
          [
            112.7664,
            -7.28
          ],
          [
            112.7663,
            -7.27999
          ],
          [
            112.76449,
            -7.27976
          ],
          [
            112.76412,
            -7.2797
          ],
          [
            112.76372,
            -7.27965
          ],
          [
            112.76346,
            -7.27962
          ],
          [
            112.76341,
            -7.27961
          ],
          [
            112.76309,
            -7.27958
          ],
          [
            112.76289,
            -7.27956
          ],
          [
            112.76229,
            -7.27943
          ],
          [
            112.76222,
            -7.27942
          ],
          [
            112.76196,
            -7.27937
          ],
          [
            112.7614,
            -7.27926
          ],
          [
            112.76099,
            -7.2792
          ],
          [
            112.76012,
            -7.27909
          ],
          [
            112.75916,
            -7.27896
          ],
          [
            112.75732,
            -7.27864
          ],
          [
            112.75688,
            -7.2786
          ],
          [
            112.75646,
            -7.2785
          ],
          [
            112.7559,
            -7.2784
          ],
          [
            112.75577,
            -7.27838
          ],
          [
            112.75578,
            -7.27819
          ],
          [
            112.75579,
            -7.27758
          ],
          [
            112.7558,
            -7.27749
          ],
          [
            112.75581,
            -7.27732
          ],
          [
            112.75582,
            -7.27714
          ],
          [
            112.75586,
            -7.27687
          ],
          [
            112.75592,
            -7.27639
          ],
          [
            112.75597,
            -7.27613
          ],
          [
            112.75601,
            -7.27595
          ],
          [
            112.75606,
            -7.27556
          ],
          [
            112.75609,
            -7.27541
          ],
          [
            112.7561,
            -7.27532
          ],
          [
            112.75611,
            -7.27526
          ],
          [
            112.75619,
            -7.2746
          ],
          [
            112.75625,
            -7.27408
          ],
          [
            112.75625,
            -7.27394
          ],
          [
            112.75628,
            -7.27339
          ],
          [
            112.75629,
            -7.27277
          ],
          [
            112.75633,
            -7.27223
          ],
          [
            112.75633,
            -7.27185
          ],
          [
            112.75634,
            -7.2716
          ],
          [
            112.75635,
            -7.27123
          ],
          [
            112.75636,
            -7.27091
          ],
          [
            112.75636,
            -7.27054
          ],
          [
            112.75637,
            -7.27048
          ],
          [
            112.75638,
            -7.2703
          ],
          [
            112.75639,
            -7.27025
          ],
          [
            112.7564,
            -7.26998
          ],
          [
            112.7564,
            -7.26976
          ],
          [
            112.75641,
            -7.26961
          ],
          [
            112.75641,
            -7.26947
          ],
          [
            112.75642,
            -7.26939
          ],
          [
            112.75642,
            -7.26936
          ],
          [
            112.75643,
            -7.26914
          ],
          [
            112.75644,
            -7.26882
          ],
          [
            112.75645,
            -7.26851
          ],
          [
            112.75645,
            -7.26832
          ],
          [
            112.75651,
            -7.26736
          ],
          [
            112.75652,
            -7.26725
          ],
          [
            112.75652,
            -7.26724
          ],
          [
            112.75652,
            -7.2671
          ],
          [
            112.75652,
            -7.26702
          ],
          [
            112.75653,
            -7.26646
          ],
          [
            112.75653,
            -7.26622
          ],
          [
            112.75654,
            -7.26611
          ],
          [
            112.75652,
            -7.26606
          ],
          [
            112.75649,
            -7.26601
          ],
          [
            112.75647,
            -7.26596
          ],
          [
            112.75644,
            -7.26589
          ],
          [
            112.75641,
            -7.26582
          ],
          [
            112.75618,
            -7.26577
          ],
          [
            112.75614,
            -7.26575
          ],
          [
            112.7561,
            -7.26572
          ],
          [
            112.75594,
            -7.26564
          ],
          [
            112.7557,
            -7.26552
          ],
          [
            112.75516,
            -7.26521
          ],
          [
            112.75491,
            -7.26505
          ],
          [
            112.75484,
            -7.26501
          ],
          [
            112.75437,
            -7.26473
          ],
          [
            112.75427,
            -7.26466
          ],
          [
            112.7542,
            -7.26461
          ],
          [
            112.7541,
            -7.26454
          ],
          [
            112.75396,
            -7.26449
          ],
          [
            112.75381,
            -7.26444
          ],
          [
            112.75369,
            -7.26442
          ],
          [
            112.75358,
            -7.2644
          ],
          [
            112.75342,
            -7.26438
          ],
          [
            112.75279,
            -7.26433
          ],
          [
            112.75272,
            -7.26432
          ],
          [
            112.75265,
            -7.26432
          ],
          [
            112.75262,
            -7.26431
          ],
          [
            112.75261,
            -7.26431
          ],
          [
            112.7526,
            -7.26431
          ],
          [
            112.75245,
            -7.2643
          ],
          [
            112.75209,
            -7.26427
          ],
          [
            112.75207,
            -7.26427
          ],
          [
            112.75196,
            -7.26426
          ],
          [
            112.75194,
            -7.26426
          ],
          [
            112.75185,
            -7.26425
          ],
          [
            112.75182,
            -7.26425
          ],
          [
            112.75173,
            -7.26424
          ],
          [
            112.75169,
            -7.26424
          ],
          [
            112.75161,
            -7.26424
          ],
          [
            112.75156,
            -7.26423
          ],
          [
            112.7515,
            -7.26421
          ],
          [
            112.75143,
            -7.26419
          ],
          [
            112.75137,
            -7.26417
          ],
          [
            112.75133,
            -7.26415
          ],
          [
            112.75126,
            -7.26414
          ],
          [
            112.75121,
            -7.26414
          ],
          [
            112.75118,
            -7.26414
          ],
          [
            112.75114,
            -7.26415
          ],
          [
            112.7511,
            -7.26416
          ],
          [
            112.75106,
            -7.26417
          ],
          [
            112.75103,
            -7.26419
          ],
          [
            112.75102,
            -7.26419
          ],
          [
            112.751,
            -7.2642
          ],
          [
            112.75097,
            -7.26424
          ],
          [
            112.75098,
            -7.26442
          ],
          [
            112.75099,
            -7.26454
          ],
          [
            112.751,
            -7.26461
          ],
          [
            112.75101,
            -7.26488
          ],
          [
            112.75104,
            -7.26526
          ],
          [
            112.75105,
            -7.26529
          ],
          [
            112.75106,
            -7.26534
          ],
          [
            112.75108,
            -7.26538
          ],
          [
            112.7511,
            -7.26543
          ],
          [
            112.75108,
            -7.26555
          ],
          [
            112.75107,
            -7.2656
          ],
          [
            112.75107,
            -7.26565
          ],
          [
            112.75108,
            -7.26577
          ],
          [
            112.75109,
            -7.26591
          ],
          [
            112.75108,
            -7.26599
          ],
          [
            112.75108,
            -7.26607
          ],
          [
            112.75108,
            -7.26612
          ],
          [
            112.75107,
            -7.26616
          ],
          [
            112.75106,
            -7.2662
          ],
          [
            112.75104,
            -7.26623
          ],
          [
            112.75102,
            -7.26626
          ],
          [
            112.75097,
            -7.2663
          ],
          [
            112.75093,
            -7.2663
          ],
          [
            112.75005,
            -7.26603
          ],
          [
            112.74994,
            -7.26601
          ],
          [
            112.74988,
            -7.26599
          ],
          [
            112.74963,
            -7.26593
          ],
          [
            112.74946,
            -7.26585
          ],
          [
            112.74941,
            -7.26584
          ],
          [
            112.74925,
            -7.26578
          ],
          [
            112.74904,
            -7.2657
          ],
          [
            112.7489,
            -7.26565
          ],
          [
            112.74884,
            -7.26563
          ],
          [
            112.74877,
            -7.2656
          ],
          [
            112.74862,
            -7.26555
          ],
          [
            112.74856,
            -7.26553
          ],
          [
            112.74838,
            -7.26547
          ],
          [
            112.74826,
            -7.26543
          ],
          [
            112.74812,
            -7.26538
          ],
          [
            112.748,
            -7.26533
          ],
          [
            112.74777,
            -7.26525
          ],
          [
            112.74769,
            -7.26522
          ],
          [
            112.74751,
            -7.26516
          ],
          [
            112.74736,
            -7.2651
          ],
          [
            112.74725,
            -7.26506
          ],
          [
            112.74707,
            -7.26499
          ],
          [
            112.74689,
            -7.26493
          ],
          [
            112.74686,
            -7.26492
          ],
          [
            112.74676,
            -7.26488
          ],
          [
            112.74674,
            -7.26488
          ],
          [
            112.74659,
            -7.26482
          ],
          [
            112.7464,
            -7.26475
          ],
          [
            112.74635,
            -7.26473
          ],
          [
            112.74626,
            -7.2647
          ],
          [
            112.7461,
            -7.26465
          ],
          [
            112.74577,
            -7.26455
          ],
          [
            112.74571,
            -7.26456
          ],
          [
            112.74568,
            -7.26457
          ],
          [
            112.74563,
            -7.2646
          ],
          [
            112.74559,
            -7.26463
          ],
          [
            112.74556,
            -7.26465
          ],
          [
            112.74535,
            -7.26526
          ],
          [
            112.74531,
            -7.26539
          ],
          [
            112.74526,
            -7.26543
          ],
          [
            112.74524,
            -7.26544
          ],
          [
            112.74522,
            -7.26547
          ],
          [
            112.7452,
            -7.26551
          ],
          [
            112.7451,
            -7.26579
          ],
          [
            112.745,
            -7.26603
          ],
          [
            112.74497,
            -7.26612
          ],
          [
            112.74488,
            -7.26636
          ],
          [
            112.74483,
            -7.26649
          ],
          [
            112.74478,
            -7.2666
          ],
          [
            112.74474,
            -7.2667
          ],
          [
            112.7447,
            -7.2668
          ],
          [
            112.74453,
            -7.26727
          ],
          [
            112.74437,
            -7.26752
          ],
          [
            112.74422,
            -7.26773
          ],
          [
            112.74422,
            -7.26795
          ],
          [
            112.74419,
            -7.26806
          ],
          [
            112.74418,
            -7.26811
          ],
          [
            112.74413,
            -7.26825
          ],
          [
            112.74412,
            -7.26828
          ],
          [
            112.7441,
            -7.26839
          ],
          [
            112.74406,
            -7.26858
          ],
          [
            112.74399,
            -7.26874
          ],
          [
            112.74397,
            -7.26881
          ],
          [
            112.743942,
            -7.26888
          ],
          [
            112.74386,
            -7.26917
          ],
          [
            112.74381,
            -7.26934
          ],
          [
            112.74378,
            -7.26944
          ],
          [
            112.74376,
            -7.26949
          ],
          [
            112.74359,
            -7.26991
          ],
          [
            112.74358,
            -7.26992
          ],
          [
            112.74356,
            -7.26997
          ],
          [
            112.74354,
            -7.27
          ],
          [
            112.74352,
            -7.27007
          ],
          [
            112.74351,
            -7.2701
          ],
          [
            112.74352,
            -7.27016
          ],
          [
            112.7435,
            -7.27021
          ],
          [
            112.74348,
            -7.27026
          ],
          [
            112.74342,
            -7.27042
          ],
          [
            112.74338,
            -7.2705
          ],
          [
            112.74327,
            -7.27077
          ],
          [
            112.74326,
            -7.27081
          ],
          [
            112.74321,
            -7.27093
          ],
          [
            112.74312,
            -7.27114
          ],
          [
            112.74306,
            -7.27131
          ],
          [
            112.74303,
            -7.27138
          ],
          [
            112.74289,
            -7.27179
          ],
          [
            112.74288,
            -7.27182
          ],
          [
            112.74285,
            -7.27191
          ],
          [
            112.74282,
            -7.272
          ],
          [
            112.7428,
            -7.27208
          ],
          [
            112.74276,
            -7.27219
          ],
          [
            112.74264,
            -7.27251
          ],
          [
            112.74255,
            -7.27276
          ],
          [
            112.74246,
            -7.27303
          ],
          [
            112.74243,
            -7.2731
          ],
          [
            112.74233,
            -7.27333
          ],
          [
            112.74215,
            -7.27382
          ],
          [
            112.74211,
            -7.27393
          ],
          [
            112.74196,
            -7.27442
          ],
          [
            112.74189,
            -7.27464
          ],
          [
            112.74186,
            -7.27474
          ],
          [
            112.7418,
            -7.27498
          ],
          [
            112.74177,
            -7.27514
          ],
          [
            112.74176,
            -7.2752
          ],
          [
            112.74172,
            -7.27544
          ],
          [
            112.74167,
            -7.2757
          ],
          [
            112.74161,
            -7.276
          ],
          [
            112.74161,
            -7.27601
          ],
          [
            112.74158,
            -7.27617
          ],
          [
            112.74153,
            -7.27643
          ],
          [
            112.74153,
            -7.27645
          ],
          [
            112.74148,
            -7.27672
          ],
          [
            112.74144,
            -7.27693
          ],
          [
            112.74144,
            -7.27697
          ],
          [
            112.74143,
            -7.27699
          ],
          [
            112.74138,
            -7.27733
          ],
          [
            112.74136,
            -7.27741
          ],
          [
            112.74131,
            -7.27766
          ],
          [
            112.74121,
            -7.27814
          ],
          [
            112.74118,
            -7.27833
          ],
          [
            112.7411,
            -7.2787
          ],
          [
            112.74108,
            -7.27883
          ],
          [
            112.74103,
            -7.27906
          ],
          [
            112.74093,
            -7.27957
          ],
          [
            112.74091,
            -7.27969
          ],
          [
            112.74084,
            -7.28008
          ],
          [
            112.74079,
            -7.28044
          ],
          [
            112.74065,
            -7.28119
          ],
          [
            112.74062,
            -7.28135
          ],
          [
            112.74061,
            -7.28145
          ],
          [
            112.74047,
            -7.28238
          ],
          [
            112.74043,
            -7.28267
          ],
          [
            112.74015,
            -7.28402
          ],
          [
            112.74014,
            -7.28405
          ],
          [
            112.7401,
            -7.28423
          ],
          [
            112.74009,
            -7.2843
          ],
          [
            112.74003,
            -7.28464
          ],
          [
            112.74002,
            -7.2847
          ],
          [
            112.73983,
            -7.28565
          ],
          [
            112.73974,
            -7.28611
          ],
          [
            112.73971,
            -7.28625
          ],
          [
            112.73966,
            -7.28651
          ],
          [
            112.73955,
            -7.28708
          ],
          [
            112.73953,
            -7.28718
          ],
          [
            112.73951,
            -7.28729
          ],
          [
            112.73949,
            -7.28737
          ],
          [
            112.73948,
            -7.28745
          ],
          [
            112.7394,
            -7.28796
          ],
          [
            112.73924,
            -7.28876
          ],
          [
            112.73911,
            -7.28951
          ],
          [
            112.73906,
            -7.28983
          ],
          [
            112.73888,
            -7.2898
          ],
          [
            112.73872,
            -7.28978
          ],
          [
            112.73841,
            -7.28977
          ],
          [
            112.73802,
            -7.28977
          ],
          [
            112.73763,
            -7.28981
          ],
          [
            112.73747,
            -7.28983
          ],
          [
            112.73713,
            -7.28988
          ],
          [
            112.73681,
            -7.28999
          ],
          [
            112.7363,
            -7.29018
          ],
          [
            112.73626,
            -7.29019
          ],
          [
            112.73612,
            -7.29025
          ],
          [
            112.73581,
            -7.29041
          ],
          [
            112.73565,
            -7.29051
          ],
          [
            112.73537,
            -7.29066
          ],
          [
            112.73525,
            -7.29075
          ],
          [
            112.73515,
            -7.29082
          ],
          [
            112.73471,
            -7.29113
          ],
          [
            112.73466,
            -7.29117
          ],
          [
            112.73436,
            -7.29144
          ],
          [
            112.73435,
            -7.29145
          ],
          [
            112.7338,
            -7.29207
          ],
          [
            112.73375,
            -7.29212
          ],
          [
            112.73329,
            -7.29255
          ],
          [
            112.7332,
            -7.29265
          ],
          [
            112.7331,
            -7.29276
          ],
          [
            112.73288,
            -7.29299
          ],
          [
            112.73275,
            -7.29314
          ],
          [
            112.73268,
            -7.29321
          ],
          [
            112.7326,
            -7.29329
          ],
          [
            112.73247,
            -7.29343
          ],
          [
            112.73238,
            -7.29354
          ],
          [
            112.73228,
            -7.29366
          ],
          [
            112.73221,
            -7.29375
          ],
          [
            112.73206,
            -7.29394
          ],
          [
            112.73178,
            -7.29432
          ],
          [
            112.73169,
            -7.29445
          ],
          [
            112.7312,
            -7.29406
          ],
          [
            112.7309,
            -7.29382
          ],
          [
            112.73077,
            -7.29371
          ],
          [
            112.7306,
            -7.29358
          ],
          [
            112.73052,
            -7.29351
          ],
          [
            112.73033,
            -7.29337
          ],
          [
            112.73023,
            -7.29329
          ],
          [
            112.73009,
            -7.29317
          ],
          [
            112.72969,
            -7.29287
          ],
          [
            112.72954,
            -7.29278
          ],
          [
            112.72945,
            -7.29274
          ],
          [
            112.72935,
            -7.2927
          ],
          [
            112.72923,
            -7.29266
          ],
          [
            112.72918,
            -7.29265
          ],
          [
            112.72903,
            -7.29261
          ],
          [
            112.7289,
            -7.29259
          ],
          [
            112.72876,
            -7.29256
          ],
          [
            112.72845,
            -7.29254
          ],
          [
            112.72801,
            -7.29249
          ],
          [
            112.72762,
            -7.29247
          ],
          [
            112.72746,
            -7.29245
          ],
          [
            112.72723,
            -7.29244
          ],
          [
            112.72717,
            -7.29244
          ],
          [
            112.72668,
            -7.29241
          ],
          [
            112.72653,
            -7.2924
          ],
          [
            112.72645,
            -7.29239
          ],
          [
            112.7259,
            -7.29236
          ],
          [
            112.72577,
            -7.29235
          ],
          [
            112.72561,
            -7.29233
          ],
          [
            112.72531,
            -7.2923
          ],
          [
            112.72521,
            -7.29229
          ],
          [
            112.72472,
            -7.29226
          ],
          [
            112.72446,
            -7.29223
          ],
          [
            112.7243,
            -7.29222
          ],
          [
            112.72426,
            -7.29222
          ],
          [
            112.72421,
            -7.29221
          ],
          [
            112.72382,
            -7.29218
          ],
          [
            112.72352,
            -7.29216
          ],
          [
            112.72324,
            -7.29215
          ],
          [
            112.7231,
            -7.29214
          ],
          [
            112.72251,
            -7.29208
          ],
          [
            112.72234,
            -7.29206
          ],
          [
            112.72198,
            -7.29203
          ],
          [
            112.72189,
            -7.29202
          ],
          [
            112.72156,
            -7.292
          ],
          [
            112.72141,
            -7.29199
          ],
          [
            112.72111,
            -7.29196
          ],
          [
            112.72099,
            -7.29195
          ],
          [
            112.72072,
            -7.29192
          ],
          [
            112.72054,
            -7.2919
          ],
          [
            112.7204,
            -7.2919
          ],
          [
            112.72029,
            -7.29189
          ],
          [
            112.71892,
            -7.2918
          ],
          [
            112.71873,
            -7.29179
          ],
          [
            112.71855,
            -7.29179
          ],
          [
            112.71847,
            -7.29178
          ],
          [
            112.7184,
            -7.29177
          ],
          [
            112.71822,
            -7.29175
          ],
          [
            112.71813,
            -7.29175
          ],
          [
            112.718,
            -7.29173
          ],
          [
            112.7176,
            -7.29167
          ],
          [
            112.71722,
            -7.2916
          ],
          [
            112.71712,
            -7.29158
          ],
          [
            112.71688,
            -7.29153
          ],
          [
            112.71676,
            -7.2915
          ],
          [
            112.71624,
            -7.29137
          ],
          [
            112.71585,
            -7.29124
          ],
          [
            112.71574,
            -7.29121
          ],
          [
            112.71574,
            -7.2912
          ],
          [
            112.71555,
            -7.29115
          ],
          [
            112.71546,
            -7.29112
          ],
          [
            112.71522,
            -7.29105
          ],
          [
            112.71517,
            -7.29104
          ],
          [
            112.71511,
            -7.29102
          ],
          [
            112.7146,
            -7.29084
          ],
          [
            112.71458,
            -7.29083
          ],
          [
            112.7139,
            -7.29059
          ],
          [
            112.71346,
            -7.29043
          ],
          [
            112.71337,
            -7.2904
          ],
          [
            112.71314,
            -7.29032
          ],
          [
            112.71271,
            -7.2902
          ],
          [
            112.71255,
            -7.29015
          ],
          [
            112.71238,
            -7.2901
          ],
          [
            112.71224,
            -7.29006
          ],
          [
            112.7113,
            -7.28976
          ],
          [
            112.71093,
            -7.28963
          ],
          [
            112.71084,
            -7.2896
          ],
          [
            112.71072,
            -7.28956
          ],
          [
            112.71058,
            -7.28951
          ],
          [
            112.71044,
            -7.28947
          ],
          [
            112.71035,
            -7.28944
          ],
          [
            112.71025,
            -7.28941
          ],
          [
            112.71021,
            -7.2894
          ],
          [
            112.71014,
            -7.28937
          ],
          [
            112.71009,
            -7.28936
          ],
          [
            112.70991,
            -7.2893
          ],
          [
            112.70988,
            -7.28929
          ],
          [
            112.70975,
            -7.28924
          ],
          [
            112.7095,
            -7.28916
          ],
          [
            112.70873,
            -7.28889
          ],
          [
            112.70826,
            -7.28872
          ],
          [
            112.708,
            -7.28865
          ],
          [
            112.70786,
            -7.28861
          ],
          [
            112.70752,
            -7.28849
          ],
          [
            112.7075,
            -7.28846
          ],
          [
            112.70748,
            -7.28844
          ],
          [
            112.70746,
            -7.28843
          ],
          [
            112.70743,
            -7.28842
          ],
          [
            112.70736,
            -7.28839
          ],
          [
            112.70727,
            -7.28836
          ],
          [
            112.70695,
            -7.28827
          ],
          [
            112.70662,
            -7.28816
          ],
          [
            112.70651,
            -7.28813
          ],
          [
            112.70647,
            -7.28812
          ],
          [
            112.70599,
            -7.28798
          ],
          [
            112.70585,
            -7.28793
          ],
          [
            112.70572,
            -7.28789
          ],
          [
            112.70559,
            -7.28785
          ],
          [
            112.7055,
            -7.28782
          ],
          [
            112.7048,
            -7.28761
          ],
          [
            112.70471,
            -7.28759
          ],
          [
            112.70464,
            -7.28756
          ],
          [
            112.70455,
            -7.28753
          ],
          [
            112.70448,
            -7.28751
          ],
          [
            112.70431,
            -7.28745
          ],
          [
            112.70407,
            -7.28739
          ],
          [
            112.70388,
            -7.28734
          ],
          [
            112.70376,
            -7.2873
          ],
          [
            112.70342,
            -7.2872
          ],
          [
            112.70339,
            -7.28719
          ],
          [
            112.70336,
            -7.28718
          ],
          [
            112.70322,
            -7.28713
          ],
          [
            112.7032,
            -7.28712
          ],
          [
            112.70318,
            -7.28712
          ],
          [
            112.70268,
            -7.28696
          ],
          [
            112.70267,
            -7.28696
          ],
          [
            112.70261,
            -7.28694
          ],
          [
            112.70234,
            -7.28687
          ],
          [
            112.70205,
            -7.2868
          ],
          [
            112.70171,
            -7.28671
          ],
          [
            112.70143,
            -7.28662
          ],
          [
            112.70107,
            -7.28652
          ],
          [
            112.70103,
            -7.28651
          ],
          [
            112.70076,
            -7.28643
          ],
          [
            112.70054,
            -7.28637
          ],
          [
            112.70032,
            -7.2863
          ],
          [
            112.69991,
            -7.28619
          ],
          [
            112.69958,
            -7.28611
          ],
          [
            112.69949,
            -7.2861
          ],
          [
            112.69948,
            -7.2861
          ],
          [
            112.69945,
            -7.28609
          ],
          [
            112.69943,
            -7.28609
          ],
          [
            112.6994,
            -7.28608
          ],
          [
            112.69898,
            -7.286
          ],
          [
            112.69878,
            -7.28597
          ],
          [
            112.69856,
            -7.28592
          ],
          [
            112.69848,
            -7.2859
          ],
          [
            112.6983,
            -7.28587
          ],
          [
            112.69809,
            -7.28583
          ],
          [
            112.69675,
            -7.28557
          ],
          [
            112.69661,
            -7.28552
          ],
          [
            112.69611,
            -7.2854
          ],
          [
            112.69572,
            -7.2853
          ],
          [
            112.69559,
            -7.28527
          ],
          [
            112.69544,
            -7.28523
          ],
          [
            112.69438,
            -7.28497
          ],
          [
            112.6943,
            -7.28495
          ],
          [
            112.69418,
            -7.28492
          ],
          [
            112.69366,
            -7.28477
          ],
          [
            112.69356,
            -7.28474
          ],
          [
            112.69355,
            -7.28474
          ],
          [
            112.69312,
            -7.28462
          ],
          [
            112.69311,
            -7.28462
          ],
          [
            112.69268,
            -7.28451
          ],
          [
            112.69249,
            -7.28446
          ],
          [
            112.69246,
            -7.28445
          ],
          [
            112.69188,
            -7.28426
          ],
          [
            112.69136,
            -7.28411
          ],
          [
            112.69134,
            -7.2841
          ],
          [
            112.69116,
            -7.28404
          ],
          [
            112.69114,
            -7.28404
          ],
          [
            112.69104,
            -7.284
          ],
          [
            112.69068,
            -7.2839
          ],
          [
            112.69067,
            -7.2839
          ],
          [
            112.69048,
            -7.28383
          ],
          [
            112.69043,
            -7.28381
          ],
          [
            112.69034,
            -7.28379
          ],
          [
            112.69004,
            -7.28369
          ],
          [
            112.68964,
            -7.28355
          ],
          [
            112.68953,
            -7.28352
          ],
          [
            112.68935,
            -7.28345
          ],
          [
            112.68927,
            -7.28343
          ],
          [
            112.68912,
            -7.28339
          ],
          [
            112.68897,
            -7.28336
          ],
          [
            112.68886,
            -7.28332
          ],
          [
            112.68872,
            -7.28328
          ],
          [
            112.68858,
            -7.28324
          ],
          [
            112.68836,
            -7.28321
          ],
          [
            112.68831,
            -7.2832
          ],
          [
            112.68828,
            -7.2832
          ],
          [
            112.68805,
            -7.28317
          ],
          [
            112.68762,
            -7.28312
          ],
          [
            112.68745,
            -7.2831
          ],
          [
            112.68728,
            -7.28308
          ],
          [
            112.6871,
            -7.28306
          ],
          [
            112.6869,
            -7.28304
          ],
          [
            112.68679,
            -7.28303
          ],
          [
            112.68678,
            -7.28302
          ],
          [
            112.6866,
            -7.28301
          ],
          [
            112.68655,
            -7.283
          ],
          [
            112.68651,
            -7.283
          ],
          [
            112.68625,
            -7.28297
          ],
          [
            112.68614,
            -7.28295
          ],
          [
            112.68606,
            -7.28293
          ],
          [
            112.68604,
            -7.28293
          ],
          [
            112.68603,
            -7.28292
          ],
          [
            112.68599,
            -7.28289
          ],
          [
            112.68596,
            -7.28286
          ],
          [
            112.68584,
            -7.28284
          ],
          [
            112.68531,
            -7.28265
          ],
          [
            112.68468,
            -7.28245
          ],
          [
            112.684,
            -7.28219
          ],
          [
            112.68362,
            -7.28256
          ],
          [
            112.68356,
            -7.28262
          ],
          [
            112.68306,
            -7.28315
          ],
          [
            112.68275,
            -7.28343
          ],
          [
            112.6826,
            -7.28358
          ],
          [
            112.68207,
            -7.28413
          ],
          [
            112.6817,
            -7.28454
          ],
          [
            112.68162,
            -7.28462
          ],
          [
            112.68153,
            -7.28471
          ],
          [
            112.68127,
            -7.28496
          ],
          [
            112.68119,
            -7.28504
          ],
          [
            112.68096,
            -7.28526
          ],
          [
            112.68047,
            -7.2858
          ],
          [
            112.68026,
            -7.28602
          ],
          [
            112.67992,
            -7.28633
          ],
          [
            112.67979,
            -7.28645
          ],
          [
            112.67965,
            -7.28661
          ],
          [
            112.67908,
            -7.28719
          ],
          [
            112.67907,
            -7.28721
          ],
          [
            112.67881,
            -7.28746
          ],
          [
            112.67876,
            -7.28751
          ],
          [
            112.67876,
            -7.28752
          ],
          [
            112.6787,
            -7.28761
          ],
          [
            112.67859,
            -7.28779
          ],
          [
            112.67856,
            -7.28784
          ],
          [
            112.6785,
            -7.28793
          ],
          [
            112.67846,
            -7.28799
          ],
          [
            112.67843,
            -7.28805
          ],
          [
            112.6784,
            -7.2881
          ],
          [
            112.67837,
            -7.28813
          ],
          [
            112.67836,
            -7.28815
          ],
          [
            112.67832,
            -7.2882
          ],
          [
            112.67823,
            -7.28833
          ],
          [
            112.6782,
            -7.28836
          ],
          [
            112.6781,
            -7.28843
          ],
          [
            112.67808,
            -7.28847
          ],
          [
            112.67806,
            -7.28848
          ],
          [
            112.67804,
            -7.2885
          ],
          [
            112.67801,
            -7.28853
          ],
          [
            112.67797,
            -7.28856
          ],
          [
            112.67793,
            -7.28859
          ],
          [
            112.67788,
            -7.28861
          ],
          [
            112.67783,
            -7.28862
          ],
          [
            112.67779,
            -7.28863
          ],
          [
            112.67752,
            -7.28883
          ],
          [
            112.67743,
            -7.28892
          ],
          [
            112.67734,
            -7.28906
          ],
          [
            112.67719,
            -7.28939
          ],
          [
            112.67693,
            -7.2899
          ],
          [
            112.67687,
            -7.29003
          ],
          [
            112.67664,
            -7.2905
          ],
          [
            112.67659,
            -7.2906
          ],
          [
            112.67651,
            -7.29084
          ],
          [
            112.67646,
            -7.29103
          ],
          [
            112.67639,
            -7.29129
          ],
          [
            112.6763,
            -7.29157
          ],
          [
            112.67628,
            -7.29166
          ],
          [
            112.67621,
            -7.29197
          ],
          [
            112.6761,
            -7.29236
          ],
          [
            112.67608,
            -7.29245
          ],
          [
            112.67601,
            -7.29266
          ],
          [
            112.67595,
            -7.29291
          ],
          [
            112.67594,
            -7.29295
          ],
          [
            112.67585,
            -7.29335
          ],
          [
            112.67583,
            -7.29342
          ],
          [
            112.6758,
            -7.29362
          ],
          [
            112.67576,
            -7.29397
          ],
          [
            112.67576,
            -7.2942
          ],
          [
            112.67575,
            -7.29428
          ],
          [
            112.67574,
            -7.2955
          ],
          [
            112.67574,
            -7.29561
          ],
          [
            112.67566,
            -7.29641
          ],
          [
            112.67564,
            -7.29672
          ],
          [
            112.67562,
            -7.29699
          ],
          [
            112.67561,
            -7.29732
          ],
          [
            112.67561,
            -7.29735
          ],
          [
            112.67562,
            -7.29745
          ],
          [
            112.67562,
            -7.29756
          ],
          [
            112.67562,
            -7.29832
          ],
          [
            112.67562,
            -7.29846
          ],
          [
            112.67562,
            -7.2987
          ],
          [
            112.67563,
            -7.2987
          ],
          [
            112.67564,
            -7.29871
          ],
          [
            112.67564,
            -7.29872
          ],
          [
            112.67565,
            -7.29872
          ],
          [
            112.67565,
            -7.29873
          ],
          [
            112.67565,
            -7.29874
          ],
          [
            112.67566,
            -7.29875
          ],
          [
            112.67566,
            -7.29876
          ],
          [
            112.67566,
            -7.29877
          ],
          [
            112.67566,
            -7.29878
          ],
          [
            112.67567,
            -7.29879
          ],
          [
            112.67567,
            -7.2988
          ],
          [
            112.67566,
            -7.29881
          ],
          [
            112.67566,
            -7.29882
          ],
          [
            112.67566,
            -7.29883
          ],
          [
            112.67566,
            -7.29884
          ],
          [
            112.67566,
            -7.29885
          ],
          [
            112.67565,
            -7.29886
          ],
          [
            112.67565,
            -7.29887
          ],
          [
            112.67564,
            -7.29887
          ],
          [
            112.67564,
            -7.29888
          ],
          [
            112.67563,
            -7.29889
          ],
          [
            112.67562,
            -7.2989
          ],
          [
            112.67562,
            -7.29891
          ],
          [
            112.67561,
            -7.29891
          ],
          [
            112.6756,
            -7.29892
          ],
          [
            112.67559,
            -7.29893
          ],
          [
            112.67558,
            -7.29893
          ],
          [
            112.67557,
            -7.29893
          ],
          [
            112.67556,
            -7.29894
          ],
          [
            112.67555,
            -7.29894
          ],
          [
            112.67554,
            -7.29894
          ],
          [
            112.67553,
            -7.29894
          ],
          [
            112.67552,
            -7.29894
          ],
          [
            112.67551,
            -7.29894
          ],
          [
            112.6755,
            -7.29894
          ],
          [
            112.67549,
            -7.29894
          ],
          [
            112.67548,
            -7.29894
          ],
          [
            112.67547,
            -7.29893
          ],
          [
            112.67546,
            -7.29893
          ],
          [
            112.67545,
            -7.29892
          ],
          [
            112.67544,
            -7.29892
          ],
          [
            112.67544,
            -7.29891
          ],
          [
            112.67543,
            -7.29891
          ],
          [
            112.67542,
            -7.2989
          ],
          [
            112.67541,
            -7.2989
          ],
          [
            112.67541,
            -7.29889
          ],
          [
            112.6754,
            -7.29888
          ],
          [
            112.6754,
            -7.29887
          ],
          [
            112.67539,
            -7.29887
          ],
          [
            112.67539,
            -7.29886
          ],
          [
            112.67539,
            -7.29885
          ],
          [
            112.67538,
            -7.29884
          ],
          [
            112.67538,
            -7.29883
          ],
          [
            112.67538,
            -7.29882
          ],
          [
            112.67538,
            -7.29881
          ],
          [
            112.67538,
            -7.2988
          ],
          [
            112.67538,
            -7.29879
          ],
          [
            112.67538,
            -7.29878
          ],
          [
            112.67538,
            -7.29877
          ],
          [
            112.67538,
            -7.29876
          ],
          [
            112.67538,
            -7.29875
          ],
          [
            112.67539,
            -7.29874
          ],
          [
            112.67539,
            -7.29873
          ],
          [
            112.6754,
            -7.29873
          ],
          [
            112.6754,
            -7.29872
          ],
          [
            112.67541,
            -7.29871
          ],
          [
            112.67542,
            -7.29824
          ],
          [
            112.67542,
            -7.29824
          ],
          [
            112.67542,
            -7.29818
          ],
          [
            112.67542,
            -7.29814
          ],
          [
            112.6754,
            -7.29741
          ],
          [
            112.67542,
            -7.29654
          ],
          [
            112.67543,
            -7.29636
          ],
          [
            112.67548,
            -7.2959
          ],
          [
            112.67549,
            -7.29548
          ],
          [
            112.67551,
            -7.29458
          ],
          [
            112.67553,
            -7.29429
          ],
          [
            112.67553,
            -7.29426
          ],
          [
            112.67553,
            -7.29391
          ],
          [
            112.67553,
            -7.2939
          ],
          [
            112.67554,
            -7.29369
          ],
          [
            112.67558,
            -7.29338
          ],
          [
            112.67575,
            -7.29273
          ],
          [
            112.67581,
            -7.29251
          ],
          [
            112.67593,
            -7.29207
          ],
          [
            112.67594,
            -7.29202
          ],
          [
            112.676,
            -7.29178
          ],
          [
            112.67602,
            -7.29173
          ],
          [
            112.67605,
            -7.29161
          ],
          [
            112.67608,
            -7.29153
          ],
          [
            112.67617,
            -7.29136
          ],
          [
            112.67619,
            -7.29131
          ],
          [
            112.67624,
            -7.2912
          ],
          [
            112.67637,
            -7.29078
          ],
          [
            112.67637,
            -7.29075
          ],
          [
            112.67637,
            -7.29074
          ],
          [
            112.67638,
            -7.29071
          ],
          [
            112.67638,
            -7.29068
          ],
          [
            112.67637,
            -7.29065
          ],
          [
            112.67636,
            -7.29062
          ],
          [
            112.67633,
            -7.29058
          ],
          [
            112.67629,
            -7.29055
          ],
          [
            112.67627,
            -7.29054
          ],
          [
            112.67622,
            -7.29052
          ],
          [
            112.6761,
            -7.29048
          ],
          [
            112.676,
            -7.29045
          ],
          [
            112.67587,
            -7.29041
          ],
          [
            112.67575,
            -7.29034
          ],
          [
            112.67585,
            -7.29022
          ],
          [
            112.67592,
            -7.29013
          ],
          [
            112.67592,
            -7.29012
          ],
          [
            112.67603,
            -7.29001
          ],
          [
            112.67616,
            -7.28988
          ],
          [
            112.67633,
            -7.28969
          ],
          [
            112.67666,
            -7.28935
          ],
          [
            112.67682,
            -7.2892
          ],
          [
            112.67699,
            -7.28906
          ],
          [
            112.67708,
            -7.28898
          ],
          [
            112.67714,
            -7.28893
          ],
          [
            112.67718,
            -7.2889
          ],
          [
            112.6772,
            -7.28888
          ],
          [
            112.67722,
            -7.28883
          ],
          [
            112.67725,
            -7.28876
          ],
          [
            112.67732,
            -7.28856
          ],
          [
            112.67735,
            -7.28847
          ],
          [
            112.6774,
            -7.28836
          ],
          [
            112.67738,
            -7.28771
          ],
          [
            112.6774,
            -7.28764
          ],
          [
            112.6774,
            -7.28762
          ],
          [
            112.67741,
            -7.2876
          ],
          [
            112.67741,
            -7.28758
          ],
          [
            112.67742,
            -7.28756
          ],
          [
            112.67742,
            -7.28754
          ],
          [
            112.67743,
            -7.28752
          ],
          [
            112.67744,
            -7.2875
          ],
          [
            112.67744,
            -7.28749
          ],
          [
            112.67748,
            -7.28744
          ],
          [
            112.67751,
            -7.2874
          ],
          [
            112.67755,
            -7.28735
          ],
          [
            112.67759,
            -7.28731
          ],
          [
            112.67764,
            -7.28728
          ],
          [
            112.67768,
            -7.28724
          ],
          [
            112.67773,
            -7.28721
          ],
          [
            112.6778,
            -7.28719
          ],
          [
            112.67787,
            -7.28719
          ],
          [
            112.67794,
            -7.28718
          ],
          [
            112.67802,
            -7.28719
          ],
          [
            112.67809,
            -7.28721
          ],
          [
            112.67816,
            -7.28723
          ],
          [
            112.67823,
            -7.28727
          ],
          [
            112.67829,
            -7.28731
          ],
          [
            112.67834,
            -7.28736
          ],
          [
            112.67841,
            -7.28737
          ],
          [
            112.67844,
            -7.28737
          ],
          [
            112.67847,
            -7.28737
          ],
          [
            112.67849,
            -7.28736
          ],
          [
            112.67866,
            -7.2873
          ],
          [
            112.67875,
            -7.28724
          ],
          [
            112.67893,
            -7.28709
          ],
          [
            112.67951,
            -7.28649
          ],
          [
            112.67979,
            -7.2862
          ],
          [
            112.68011,
            -7.28588
          ],
          [
            112.68021,
            -7.28578
          ],
          [
            112.68032,
            -7.28567
          ],
          [
            112.68084,
            -7.28514
          ],
          [
            112.68098,
            -7.285
          ],
          [
            112.68107,
            -7.2849
          ],
          [
            112.68248,
            -7.28345
          ],
          [
            112.68262,
            -7.28331
          ],
          [
            112.68385,
            -7.28203
          ],
          [
            112.68421,
            -7.28167
          ],
          [
            112.68465,
            -7.28122
          ],
          [
            112.68471,
            -7.28115
          ],
          [
            112.68483,
            -7.2813
          ],
          [
            112.68495,
            -7.28147
          ],
          [
            112.68507,
            -7.28161
          ],
          [
            112.68593,
            -7.28262
          ],
          [
            112.68606,
            -7.28275
          ],
          [
            112.68624,
            -7.28281
          ],
          [
            112.68662,
            -7.28284
          ],
          [
            112.68713,
            -7.28289
          ],
          [
            112.68714,
            -7.2829
          ],
          [
            112.68717,
            -7.2829
          ],
          [
            112.68788,
            -7.28299
          ],
          [
            112.68808,
            -7.28302
          ],
          [
            112.68811,
            -7.28302
          ],
          [
            112.68823,
            -7.28303
          ],
          [
            112.68835,
            -7.28304
          ],
          [
            112.68853,
            -7.28305
          ],
          [
            112.68862,
            -7.28308
          ],
          [
            112.68894,
            -7.28317
          ],
          [
            112.68975,
            -7.28343
          ],
          [
            112.69017,
            -7.28356
          ],
          [
            112.69053,
            -7.28367
          ],
          [
            112.6907,
            -7.28372
          ],
          [
            112.69073,
            -7.28373
          ],
          [
            112.69127,
            -7.28392
          ],
          [
            112.69194,
            -7.28414
          ],
          [
            112.69216,
            -7.28421
          ],
          [
            112.69226,
            -7.28424
          ],
          [
            112.6928,
            -7.2844
          ],
          [
            112.69576,
            -7.28515
          ],
          [
            112.69675,
            -7.28541
          ],
          [
            112.69735,
            -7.28553
          ],
          [
            112.69771,
            -7.2856
          ],
          [
            112.69878,
            -7.28581
          ],
          [
            112.69944,
            -7.28596
          ],
          [
            112.69992,
            -7.28606
          ],
          [
            112.70038,
            -7.28617
          ],
          [
            112.70051,
            -7.28621
          ],
          [
            112.70106,
            -7.28638
          ],
          [
            112.70145,
            -7.28649
          ],
          [
            112.70175,
            -7.28658
          ],
          [
            112.70184,
            -7.28661
          ],
          [
            112.70208,
            -7.28668
          ],
          [
            112.70218,
            -7.28671
          ],
          [
            112.70231,
            -7.28675
          ],
          [
            112.70235,
            -7.28676
          ],
          [
            112.70251,
            -7.28681
          ],
          [
            112.7026,
            -7.28683
          ],
          [
            112.70281,
            -7.28689
          ],
          [
            112.70324,
            -7.28701
          ],
          [
            112.70328,
            -7.28703
          ],
          [
            112.70329,
            -7.28703
          ],
          [
            112.70332,
            -7.28704
          ],
          [
            112.70346,
            -7.28708
          ],
          [
            112.70354,
            -7.28709
          ],
          [
            112.70357,
            -7.2871
          ],
          [
            112.70402,
            -7.28727
          ],
          [
            112.70413,
            -7.28732
          ],
          [
            112.70421,
            -7.28735
          ],
          [
            112.70456,
            -7.28746
          ],
          [
            112.70459,
            -7.28746
          ],
          [
            112.70476,
            -7.28751
          ],
          [
            112.70501,
            -7.28759
          ],
          [
            112.7056,
            -7.28778
          ],
          [
            112.70575,
            -7.28783
          ],
          [
            112.70589,
            -7.28787
          ],
          [
            112.7062,
            -7.28796
          ],
          [
            112.7065,
            -7.28806
          ],
          [
            112.70657,
            -7.28808
          ],
          [
            112.70664,
            -7.2881
          ],
          [
            112.70738,
            -7.28832
          ],
          [
            112.70741,
            -7.28833
          ],
          [
            112.70746,
            -7.28834
          ],
          [
            112.70757,
            -7.28836
          ],
          [
            112.70764,
            -7.28838
          ],
          [
            112.70804,
            -7.28849
          ],
          [
            112.70839,
            -7.28861
          ],
          [
            112.70855,
            -7.28867
          ],
          [
            112.70865,
            -7.2887
          ],
          [
            112.7088,
            -7.28875
          ],
          [
            112.70954,
            -7.28901
          ],
          [
            112.70974,
            -7.28907
          ],
          [
            112.70993,
            -7.28914
          ],
          [
            112.71009,
            -7.28919
          ],
          [
            112.71023,
            -7.28924
          ],
          [
            112.71029,
            -7.28926
          ],
          [
            112.71031,
            -7.28927
          ],
          [
            112.71052,
            -7.28934
          ],
          [
            112.71067,
            -7.28939
          ],
          [
            112.71071,
            -7.2894
          ],
          [
            112.71093,
            -7.28947
          ],
          [
            112.71114,
            -7.28954
          ],
          [
            112.71214,
            -7.28987
          ],
          [
            112.71248,
            -7.28998
          ],
          [
            112.71326,
            -7.29024
          ],
          [
            112.7134,
            -7.29029
          ],
          [
            112.71349,
            -7.29032
          ],
          [
            112.71384,
            -7.29041
          ],
          [
            112.71449,
            -7.29066
          ],
          [
            112.71463,
            -7.2907
          ],
          [
            112.7148,
            -7.29076
          ],
          [
            112.71524,
            -7.2909
          ],
          [
            112.71529,
            -7.29092
          ],
          [
            112.7155,
            -7.291
          ],
          [
            112.71559,
            -7.29103
          ],
          [
            112.71565,
            -7.29105
          ],
          [
            112.71588,
            -7.29112
          ],
          [
            112.71613,
            -7.29119
          ],
          [
            112.71616,
            -7.2912
          ],
          [
            112.71617,
            -7.2912
          ],
          [
            112.71646,
            -7.29127
          ],
          [
            112.71682,
            -7.29135
          ],
          [
            112.71712,
            -7.29142
          ],
          [
            112.71725,
            -7.29145
          ],
          [
            112.71764,
            -7.29152
          ],
          [
            112.71803,
            -7.29159
          ],
          [
            112.71825,
            -7.29161
          ],
          [
            112.71842,
            -7.29163
          ],
          [
            112.71854,
            -7.29164
          ],
          [
            112.71874,
            -7.29166
          ],
          [
            112.71893,
            -7.29168
          ],
          [
            112.72036,
            -7.29173
          ],
          [
            112.72074,
            -7.29179
          ],
          [
            112.72101,
            -7.29181
          ],
          [
            112.72158,
            -7.29186
          ],
          [
            112.72277,
            -7.29198
          ],
          [
            112.72308,
            -7.29199
          ],
          [
            112.72317,
            -7.29199
          ],
          [
            112.72328,
            -7.29201
          ],
          [
            112.72341,
            -7.29202
          ],
          [
            112.72349,
            -7.29203
          ],
          [
            112.72359,
            -7.29204
          ],
          [
            112.7241,
            -7.29208
          ],
          [
            112.72429,
            -7.2921
          ],
          [
            112.72432,
            -7.2921
          ],
          [
            112.72454,
            -7.29212
          ],
          [
            112.72476,
            -7.29213
          ],
          [
            112.72521,
            -7.29215
          ],
          [
            112.72531,
            -7.29215
          ],
          [
            112.72576,
            -7.29218
          ],
          [
            112.72617,
            -7.29222
          ],
          [
            112.72672,
            -7.29226
          ],
          [
            112.72681,
            -7.29227
          ],
          [
            112.72698,
            -7.29227
          ],
          [
            112.72723,
            -7.29229
          ],
          [
            112.72725,
            -7.29229
          ],
          [
            112.72748,
            -7.29231
          ],
          [
            112.72763,
            -7.29232
          ],
          [
            112.7279,
            -7.29233
          ],
          [
            112.72873,
            -7.29241
          ],
          [
            112.72878,
            -7.29242
          ],
          [
            112.72893,
            -7.29245
          ],
          [
            112.72906,
            -7.29249
          ],
          [
            112.72921,
            -7.29254
          ],
          [
            112.72924,
            -7.29255
          ],
          [
            112.72926,
            -7.29255
          ],
          [
            112.72937,
            -7.29259
          ],
          [
            112.72939,
            -7.29259
          ],
          [
            112.72951,
            -7.29264
          ],
          [
            112.7296,
            -7.29268
          ],
          [
            112.72976,
            -7.29277
          ],
          [
            112.73017,
            -7.29305
          ],
          [
            112.73027,
            -7.29314
          ],
          [
            112.73041,
            -7.29324
          ],
          [
            112.7306,
            -7.29339
          ],
          [
            112.73095,
            -7.29366
          ],
          [
            112.73102,
            -7.29372
          ],
          [
            112.73144,
            -7.29405
          ],
          [
            112.73178,
            -7.29432
          ],
          [
            112.73206,
            -7.29394
          ],
          [
            112.73221,
            -7.29375
          ],
          [
            112.73228,
            -7.29366
          ],
          [
            112.73238,
            -7.29354
          ],
          [
            112.73247,
            -7.29343
          ],
          [
            112.7326,
            -7.29329
          ],
          [
            112.73268,
            -7.29321
          ],
          [
            112.73275,
            -7.29314
          ],
          [
            112.73288,
            -7.29299
          ],
          [
            112.7331,
            -7.29276
          ],
          [
            112.7332,
            -7.29265
          ],
          [
            112.73329,
            -7.29255
          ],
          [
            112.73326,
            -7.29251
          ],
          [
            112.73368,
            -7.29205
          ],
          [
            112.73373,
            -7.292
          ],
          [
            112.73406,
            -7.29166
          ],
          [
            112.73429,
            -7.29142
          ],
          [
            112.73445,
            -7.29126
          ],
          [
            112.73453,
            -7.29119
          ],
          [
            112.7352,
            -7.29067
          ],
          [
            112.73528,
            -7.29062
          ],
          [
            112.73552,
            -7.29048
          ],
          [
            112.73556,
            -7.29045
          ],
          [
            112.73609,
            -7.29019
          ],
          [
            112.73612,
            -7.29018
          ],
          [
            112.73627,
            -7.29012
          ],
          [
            112.73662,
            -7.28999
          ],
          [
            112.73692,
            -7.2899
          ],
          [
            112.7371,
            -7.28988
          ],
          [
            112.73713,
            -7.28988
          ],
          [
            112.73747,
            -7.28983
          ],
          [
            112.73763,
            -7.28981
          ],
          [
            112.73802,
            -7.28977
          ],
          [
            112.73841,
            -7.28977
          ],
          [
            112.73872,
            -7.28978
          ],
          [
            112.73888,
            -7.2898
          ],
          [
            112.73912,
            -7.28874
          ],
          [
            112.73928,
            -7.28778
          ],
          [
            112.73935,
            -7.28741
          ],
          [
            112.73936,
            -7.28734
          ],
          [
            112.73937,
            -7.28728
          ],
          [
            112.73939,
            -7.28715
          ],
          [
            112.73941,
            -7.287
          ],
          [
            112.73949,
            -7.28662
          ],
          [
            112.73957,
            -7.28625
          ],
          [
            112.73958,
            -7.28617
          ],
          [
            112.73959,
            -7.28608
          ],
          [
            112.73968,
            -7.28556
          ],
          [
            112.73978,
            -7.28499
          ],
          [
            112.73982,
            -7.28479
          ],
          [
            112.73983,
            -7.28466
          ],
          [
            112.73985,
            -7.28457
          ],
          [
            112.73986,
            -7.28454
          ],
          [
            112.7399,
            -7.28434
          ],
          [
            112.73992,
            -7.2842
          ],
          [
            112.73997,
            -7.28394
          ],
          [
            112.74016,
            -7.28287
          ],
          [
            112.74035,
            -7.28189
          ],
          [
            112.74043,
            -7.28143
          ],
          [
            112.74046,
            -7.28128
          ],
          [
            112.74054,
            -7.28086
          ],
          [
            112.74062,
            -7.28043
          ],
          [
            112.74064,
            -7.28034
          ],
          [
            112.74066,
            -7.28023
          ],
          [
            112.74077,
            -7.27968
          ],
          [
            112.74079,
            -7.27954
          ],
          [
            112.74088,
            -7.27904
          ],
          [
            112.74096,
            -7.2786
          ],
          [
            112.74103,
            -7.27829
          ],
          [
            112.74106,
            -7.27813
          ],
          [
            112.74112,
            -7.27786
          ],
          [
            112.7412,
            -7.27749
          ],
          [
            112.74122,
            -7.27738
          ],
          [
            112.74124,
            -7.27731
          ],
          [
            112.74133,
            -7.27697
          ],
          [
            112.74134,
            -7.27692
          ],
          [
            112.74134,
            -7.27691
          ],
          [
            112.74138,
            -7.27672
          ],
          [
            112.7414,
            -7.27668
          ],
          [
            112.74141,
            -7.27656
          ],
          [
            112.74145,
            -7.27627
          ],
          [
            112.7415,
            -7.27605
          ],
          [
            112.74153,
            -7.2759
          ],
          [
            112.74162,
            -7.27541
          ],
          [
            112.74163,
            -7.27534
          ],
          [
            112.7417,
            -7.27501
          ],
          [
            112.74172,
            -7.27492
          ],
          [
            112.74176,
            -7.27476
          ],
          [
            112.74178,
            -7.27465
          ],
          [
            112.7418,
            -7.27461
          ],
          [
            112.74182,
            -7.27454
          ],
          [
            112.74189,
            -7.2743
          ],
          [
            112.74192,
            -7.27421
          ],
          [
            112.74194,
            -7.27414
          ],
          [
            112.74207,
            -7.2737
          ],
          [
            112.74208,
            -7.27364
          ],
          [
            112.7421,
            -7.2736
          ],
          [
            112.74211,
            -7.27357
          ],
          [
            112.74212,
            -7.27353
          ],
          [
            112.74213,
            -7.27348
          ],
          [
            112.74214,
            -7.27345
          ],
          [
            112.74214,
            -7.27341
          ],
          [
            112.74213,
            -7.27322
          ],
          [
            112.74211,
            -7.27311
          ],
          [
            112.74207,
            -7.273
          ],
          [
            112.74196,
            -7.27269
          ],
          [
            112.74193,
            -7.27262
          ],
          [
            112.74189,
            -7.27252
          ],
          [
            112.74175,
            -7.27218
          ],
          [
            112.74171,
            -7.27207
          ],
          [
            112.7417,
            -7.27201
          ],
          [
            112.74168,
            -7.27192
          ],
          [
            112.74168,
            -7.27191
          ],
          [
            112.74165,
            -7.27176
          ],
          [
            112.74164,
            -7.2717
          ],
          [
            112.74161,
            -7.27119
          ],
          [
            112.7416,
            -7.27105
          ],
          [
            112.7416,
            -7.27104
          ],
          [
            112.7416,
            -7.2709
          ],
          [
            112.7416,
            -7.27086
          ],
          [
            112.74158,
            -7.27051
          ],
          [
            112.74157,
            -7.27036
          ],
          [
            112.74157,
            -7.27021
          ],
          [
            112.74156,
            -7.27016
          ],
          [
            112.74156,
            -7.27
          ],
          [
            112.74156,
            -7.2699
          ],
          [
            112.74156,
            -7.26986
          ],
          [
            112.74156,
            -7.2697
          ],
          [
            112.74155,
            -7.26961
          ],
          [
            112.7415,
            -7.26917
          ],
          [
            112.74149,
            -7.26909
          ],
          [
            112.74148,
            -7.26899
          ],
          [
            112.74146,
            -7.26883
          ],
          [
            112.74145,
            -7.26873
          ],
          [
            112.74144,
            -7.26869
          ],
          [
            112.74143,
            -7.26861
          ],
          [
            112.74141,
            -7.26846
          ],
          [
            112.7414,
            -7.2684
          ],
          [
            112.74139,
            -7.26827
          ],
          [
            112.74134,
            -7.26786
          ],
          [
            112.74131,
            -7.26771
          ],
          [
            112.74126,
            -7.26751
          ],
          [
            112.74124,
            -7.2674
          ],
          [
            112.74123,
            -7.26735
          ],
          [
            112.74121,
            -7.26729
          ],
          [
            112.74111,
            -7.26683
          ],
          [
            112.74112,
            -7.26681
          ],
          [
            112.74113,
            -7.26677
          ],
          [
            112.74113,
            -7.26671
          ],
          [
            112.74114,
            -7.26654
          ],
          [
            112.74105,
            -7.26592
          ],
          [
            112.74102,
            -7.26578
          ],
          [
            112.74101,
            -7.26568
          ],
          [
            112.74101,
            -7.26556
          ],
          [
            112.74101,
            -7.2654
          ],
          [
            112.74105,
            -7.2651
          ],
          [
            112.74109,
            -7.26479
          ],
          [
            112.74109,
            -7.26476
          ],
          [
            112.7411,
            -7.26467
          ],
          [
            112.74111,
            -7.26458
          ],
          [
            112.74112,
            -7.2645
          ],
          [
            112.74114,
            -7.26437
          ],
          [
            112.74115,
            -7.26425
          ],
          [
            112.74115,
            -7.26417
          ],
          [
            112.74117,
            -7.26393
          ],
          [
            112.74114,
            -7.26377
          ],
          [
            112.7411,
            -7.26358
          ],
          [
            112.74099,
            -7.26321
          ],
          [
            112.74096,
            -7.26312
          ],
          [
            112.7409,
            -7.26299
          ],
          [
            112.74093,
            -7.26292
          ],
          [
            112.74096,
            -7.26286
          ],
          [
            112.741,
            -7.26282
          ],
          [
            112.74104,
            -7.2628
          ],
          [
            112.74107,
            -7.26278
          ],
          [
            112.7411,
            -7.26277
          ],
          [
            112.74114,
            -7.26277
          ],
          [
            112.7412,
            -7.26276
          ],
          [
            112.74147,
            -7.26289
          ],
          [
            112.74167,
            -7.26298
          ],
          [
            112.7418,
            -7.26302
          ],
          [
            112.7419,
            -7.26306
          ],
          [
            112.74213,
            -7.26314
          ],
          [
            112.74221,
            -7.26316
          ],
          [
            112.7424,
            -7.26324
          ],
          [
            112.74254,
            -7.26329
          ],
          [
            112.74282,
            -7.2634
          ],
          [
            112.74333,
            -7.2636
          ],
          [
            112.74341,
            -7.26362
          ],
          [
            112.74356,
            -7.26368
          ],
          [
            112.74409,
            -7.26389
          ],
          [
            112.74447,
            -7.26404
          ],
          [
            112.74452,
            -7.26406
          ],
          [
            112.74477,
            -7.26414
          ],
          [
            112.74486,
            -7.26417
          ],
          [
            112.74509,
            -7.26426
          ],
          [
            112.74542,
            -7.26442
          ],
          [
            112.74552,
            -7.26441
          ],
          [
            112.74557,
            -7.26439
          ],
          [
            112.74563,
            -7.26437
          ],
          [
            112.74569,
            -7.26431
          ],
          [
            112.74591,
            -7.26351
          ],
          [
            112.74593,
            -7.2634
          ],
          [
            112.746,
            -7.26315
          ],
          [
            112.74603,
            -7.26302
          ],
          [
            112.74608,
            -7.26288
          ],
          [
            112.74617,
            -7.2626
          ],
          [
            112.74625,
            -7.2623
          ],
          [
            112.7463,
            -7.26219
          ],
          [
            112.74639,
            -7.26198
          ],
          [
            112.74678,
            -7.26071
          ],
          [
            112.74699,
            -7.26076
          ],
          [
            112.74714,
            -7.26081
          ],
          [
            112.74732,
            -7.26087
          ],
          [
            112.7476,
            -7.26095
          ],
          [
            112.74832,
            -7.26113
          ],
          [
            112.74848,
            -7.26118
          ],
          [
            112.74887,
            -7.26146
          ],
          [
            112.74896,
            -7.26153
          ],
          [
            112.74914,
            -7.26166
          ],
          [
            112.74936,
            -7.26184
          ],
          [
            112.74951,
            -7.26201
          ],
          [
            112.74958,
            -7.26208
          ],
          [
            112.74965,
            -7.26214
          ],
          [
            112.75006,
            -7.26258
          ],
          [
            112.75012,
            -7.26264
          ],
          [
            112.75018,
            -7.2627
          ],
          [
            112.75025,
            -7.2628
          ],
          [
            112.7504,
            -7.263
          ],
          [
            112.75062,
            -7.26331
          ],
          [
            112.75064,
            -7.26334
          ],
          [
            112.75074,
            -7.2635
          ],
          [
            112.75083,
            -7.26365
          ],
          [
            112.75089,
            -7.26373
          ],
          [
            112.75092,
            -7.26377
          ],
          [
            112.75095,
            -7.26381
          ],
          [
            112.75105,
            -7.26387
          ],
          [
            112.75105,
            -7.26388
          ],
          [
            112.75108,
            -7.26389
          ],
          [
            112.75111,
            -7.26391
          ],
          [
            112.75112,
            -7.26391
          ],
          [
            112.75117,
            -7.26394
          ],
          [
            112.75118,
            -7.26395
          ],
          [
            112.75124,
            -7.26398
          ],
          [
            112.75149,
            -7.26408
          ],
          [
            112.75167,
            -7.26413
          ],
          [
            112.75207,
            -7.26416
          ],
          [
            112.7521,
            -7.26417
          ],
          [
            112.75246,
            -7.26419
          ],
          [
            112.75262,
            -7.26421
          ],
          [
            112.75263,
            -7.26421
          ],
          [
            112.75266,
            -7.26421
          ],
          [
            112.75272,
            -7.26421
          ],
          [
            112.7528,
            -7.26422
          ],
          [
            112.75298,
            -7.26424
          ],
          [
            112.7532,
            -7.26425
          ],
          [
            112.75343,
            -7.26428
          ],
          [
            112.75357,
            -7.26431
          ],
          [
            112.75372,
            -7.26434
          ],
          [
            112.75387,
            -7.26438
          ],
          [
            112.75404,
            -7.26444
          ],
          [
            112.75413,
            -7.26447
          ],
          [
            112.75426,
            -7.26453
          ],
          [
            112.75459,
            -7.26471
          ],
          [
            112.75493,
            -7.26492
          ],
          [
            112.75532,
            -7.26516
          ],
          [
            112.75566,
            -7.26536
          ],
          [
            112.75589,
            -7.26551
          ],
          [
            112.75594,
            -7.26553
          ],
          [
            112.75607,
            -7.26557
          ],
          [
            112.75627,
            -7.26563
          ],
          [
            112.75637,
            -7.26565
          ],
          [
            112.75646,
            -7.26567
          ],
          [
            112.75656,
            -7.26568
          ],
          [
            112.75671,
            -7.26568
          ],
          [
            112.75669,
            -7.26583
          ],
          [
            112.75666,
            -7.26608
          ],
          [
            112.75663,
            -7.26638
          ],
          [
            112.75662,
            -7.26645
          ],
          [
            112.75662,
            -7.26661
          ],
          [
            112.7566,
            -7.26703
          ],
          [
            112.75659,
            -7.26718
          ],
          [
            112.75659,
            -7.26729
          ],
          [
            112.75659,
            -7.26738
          ],
          [
            112.75656,
            -7.26818
          ],
          [
            112.75656,
            -7.26832
          ],
          [
            112.75654,
            -7.26882
          ],
          [
            112.75652,
            -7.26914
          ],
          [
            112.75651,
            -7.26936
          ],
          [
            112.75651,
            -7.26947
          ],
          [
            112.75651,
            -7.26956
          ],
          [
            112.7565,
            -7.26976
          ],
          [
            112.7565,
            -7.26985
          ],
          [
            112.75649,
            -7.27008
          ],
          [
            112.75646,
            -7.27029
          ],
          [
            112.75644,
            -7.27048
          ],
          [
            112.75644,
            -7.27054
          ],
          [
            112.75644,
            -7.27079
          ],
          [
            112.75644,
            -7.27093
          ],
          [
            112.75643,
            -7.27119
          ],
          [
            112.75643,
            -7.2716
          ],
          [
            112.75643,
            -7.27185
          ],
          [
            112.75642,
            -7.27223
          ],
          [
            112.7564,
            -7.27251
          ],
          [
            112.75638,
            -7.27297
          ],
          [
            112.75638,
            -7.27321
          ],
          [
            112.75637,
            -7.27344
          ],
          [
            112.75635,
            -7.27369
          ],
          [
            112.75634,
            -7.27379
          ],
          [
            112.75634,
            -7.27388
          ],
          [
            112.75633,
            -7.27408
          ],
          [
            112.75627,
            -7.27457
          ],
          [
            112.75627,
            -7.27459
          ],
          [
            112.75625,
            -7.27471
          ],
          [
            112.75617,
            -7.27527
          ],
          [
            112.75616,
            -7.27533
          ],
          [
            112.75615,
            -7.27543
          ],
          [
            112.75615,
            -7.27558
          ],
          [
            112.7561,
            -7.27597
          ],
          [
            112.75603,
            -7.2764
          ],
          [
            112.75595,
            -7.27689
          ],
          [
            112.75592,
            -7.27715
          ],
          [
            112.75591,
            -7.27745
          ],
          [
            112.75591,
            -7.27751
          ],
          [
            112.7559,
            -7.2778
          ],
          [
            112.75589,
            -7.2782
          ],
          [
            112.75638,
            -7.2783
          ],
          [
            112.75646,
            -7.27831
          ],
          [
            112.7569,
            -7.27838
          ],
          [
            112.75736,
            -7.27845
          ],
          [
            112.75737,
            -7.27845
          ],
          [
            112.7574,
            -7.27846
          ],
          [
            112.75836,
            -7.2786
          ],
          [
            112.75918,
            -7.27874
          ],
          [
            112.76018,
            -7.27888
          ],
          [
            112.76072,
            -7.27896
          ],
          [
            112.76101,
            -7.27901
          ],
          [
            112.76147,
            -7.2791
          ],
          [
            112.76161,
            -7.27914
          ],
          [
            112.76173,
            -7.27918
          ],
          [
            112.76224,
            -7.27927
          ],
          [
            112.76231,
            -7.27928
          ],
          [
            112.76275,
            -7.27935
          ],
          [
            112.76279,
            -7.27935
          ],
          [
            112.76295,
            -7.27938
          ],
          [
            112.76322,
            -7.27943
          ],
          [
            112.76331,
            -7.27944
          ],
          [
            112.76339,
            -7.27945
          ],
          [
            112.76347,
            -7.27947
          ],
          [
            112.76412,
            -7.27955
          ],
          [
            112.76416,
            -7.27955
          ],
          [
            112.76433,
            -7.27957
          ],
          [
            112.76519,
            -7.27968
          ],
          [
            112.76552,
            -7.27972
          ],
          [
            112.76563,
            -7.27973
          ],
          [
            112.76612,
            -7.27979
          ],
          [
            112.76642,
            -7.27982
          ],
          [
            112.76651,
            -7.27984
          ],
          [
            112.76669,
            -7.27986
          ],
          [
            112.76724,
            -7.27991
          ],
          [
            112.76847,
            -7.28005
          ],
          [
            112.76867,
            -7.28007
          ],
          [
            112.76988,
            -7.28018
          ],
          [
            112.77036,
            -7.28022
          ],
          [
            112.77101,
            -7.28029
          ],
          [
            112.77126,
            -7.28032
          ],
          [
            112.77167,
            -7.28036
          ],
          [
            112.77207,
            -7.28036
          ],
          [
            112.77228,
            -7.28037
          ],
          [
            112.77303,
            -7.28038
          ],
          [
            112.77377,
            -7.28039
          ],
          [
            112.77432,
            -7.2804
          ],
          [
            112.77435,
            -7.28041
          ],
          [
            112.77451,
            -7.2804
          ],
          [
            112.77645,
            -7.28042
          ],
          [
            112.77655,
            -7.28042
          ],
          [
            112.77801,
            -7.28043
          ],
          [
            112.77868,
            -7.28044
          ],
          [
            112.7788,
            -7.28044
          ],
          [
            112.77938,
            -7.28045
          ],
          [
            112.7804,
            -7.28048
          ],
          [
            112.78079,
            -7.28048
          ],
          [
            112.78095,
            -7.28048
          ],
          [
            112.78182,
            -7.28038
          ],
          [
            112.78372,
            -7.28011
          ],
          [
            112.78429,
            -7.28003
          ],
          [
            112.78655,
            -7.27972
          ],
          [
            112.78671,
            -7.2797
          ],
          [
            112.78945,
            -7.27933
          ],
          [
            112.78963,
            -7.2793
          ],
          [
            112.78977,
            -7.27928
          ],
          [
            112.78998,
            -7.27924
          ],
          [
            112.79,
            -7.27923
          ],
          [
            112.79002,
            -7.27922
          ],
          [
            112.79003,
            -7.27921
          ],
          [
            112.79005,
            -7.2792
          ],
          [
            112.79007,
            -7.27919
          ],
          [
            112.79008,
            -7.27918
          ],
          [
            112.7901,
            -7.27916
          ],
          [
            112.79011,
            -7.27915
          ],
          [
            112.79012,
            -7.27913
          ],
          [
            112.79013,
            -7.27912
          ],
          [
            112.79014,
            -7.2791
          ],
          [
            112.79015,
            -7.27909
          ],
          [
            112.79016,
            -7.27907
          ],
          [
            112.79017,
            -7.27906
          ],
          [
            112.79018,
            -7.27904
          ],
          [
            112.79019,
            -7.27903
          ],
          [
            112.79016,
            -7.2787
          ],
          [
            112.79012,
            -7.27837
          ],
          [
            112.79006,
            -7.27794
          ],
          [
            112.79004,
            -7.27763
          ],
          [
            112.79004,
            -7.27754
          ],
          [
            112.79003,
            -7.27736
          ],
          [
            112.79003,
            -7.27689
          ],
          [
            112.79006,
            -7.27676
          ],
          [
            112.79011,
            -7.27664
          ],
          [
            112.79021,
            -7.27648
          ],
          [
            112.79033,
            -7.27637
          ],
          [
            112.79042,
            -7.2763
          ],
          [
            112.79065,
            -7.2762
          ],
          [
            112.79132,
            -7.27603
          ],
          [
            112.7919,
            -7.27591
          ],
          [
            112.79199,
            -7.27589
          ],
          [
            112.79207,
            -7.27587
          ],
          [
            112.79275,
            -7.27573
          ],
          [
            112.79304,
            -7.27568
          ],
          [
            112.7933,
            -7.27563
          ],
          [
            112.79367,
            -7.27555
          ],
          [
            112.79379,
            -7.27552
          ],
          [
            112.79462,
            -7.27533
          ],
          [
            112.79567,
            -7.2751
          ],
          [
            112.79615,
            -7.27499
          ],
          [
            112.79624,
            -7.27494
          ],
          [
            112.79718,
            -7.27473
          ],
          [
            112.79742,
            -7.27466
          ],
          [
            112.79763,
            -7.27458
          ],
          [
            112.79763,
            -7.27456
          ],
          [
            112.79764,
            -7.27454
          ],
          [
            112.79765,
            -7.27452
          ],
          [
            112.79765,
            -7.2745
          ],
          [
            112.79766,
            -7.27449
          ],
          [
            112.79768,
            -7.27447
          ],
          [
            112.79769,
            -7.27446
          ],
          [
            112.7977,
            -7.27444
          ],
          [
            112.79772,
            -7.27444
          ],
          [
            112.79774,
            -7.27443
          ],
          [
            112.79775,
            -7.27442
          ],
          [
            112.79777,
            -7.27441
          ],
          [
            112.79779,
            -7.27441
          ],
          [
            112.79781,
            -7.2744
          ],
          [
            112.79783,
            -7.2744
          ],
          [
            112.79785,
            -7.2744
          ],
          [
            112.79787,
            -7.2744
          ],
          [
            112.79788,
            -7.27441
          ],
          [
            112.79789,
            -7.27441
          ],
          [
            112.7979,
            -7.27441
          ],
          [
            112.79791,
            -7.27442
          ],
          [
            112.79792,
            -7.27442
          ],
          [
            112.79793,
            -7.27442
          ],
          [
            112.79794,
            -7.27443
          ],
          [
            112.79795,
            -7.27443
          ],
          [
            112.79816,
            -7.27438
          ],
          [
            112.79836,
            -7.27434
          ],
          [
            112.7988,
            -7.27432
          ],
          [
            112.79936,
            -7.27429
          ],
          [
            112.79977,
            -7.27428
          ],
          [
            112.79983,
            -7.27427
          ],
          [
            112.80045,
            -7.27425
          ],
          [
            112.80057,
            -7.27425
          ],
          [
            112.80062,
            -7.27425
          ],
          [
            112.80064,
            -7.27425
          ],
          [
            112.80067,
            -7.27426
          ],
          [
            112.8007,
            -7.27427
          ],
          [
            112.80072,
            -7.27428
          ],
          [
            112.80075,
            -7.2743
          ],
          [
            112.80078,
            -7.27432
          ],
          [
            112.80079,
            -7.27433
          ],
          [
            112.80081,
            -7.27436
          ],
          [
            112.80083,
            -7.27439
          ],
          [
            112.80086,
            -7.27446
          ],
          [
            112.80089,
            -7.27451
          ],
          [
            112.80091,
            -7.27461
          ],
          [
            112.80092,
            -7.27477
          ],
          [
            112.80097,
            -7.27504
          ],
          [
            112.80098,
            -7.27509
          ],
          [
            112.80103,
            -7.2752
          ],
          [
            112.80106,
            -7.27525
          ],
          [
            112.80111,
            -7.27533
          ],
          [
            112.80115,
            -7.27537
          ],
          [
            112.80119,
            -7.27541
          ],
          [
            112.80122,
            -7.27544
          ],
          [
            112.80147,
            -7.27562
          ],
          [
            112.80155,
            -7.27569
          ],
          [
            112.80162,
            -7.27573
          ],
          [
            112.80175,
            -7.27585
          ],
          [
            112.80182,
            -7.27591
          ],
          [
            112.80186,
            -7.27594
          ],
          [
            112.80187,
            -7.27594
          ],
          [
            112.80188,
            -7.27594
          ],
          [
            112.80189,
            -7.27594
          ],
          [
            112.8019,
            -7.27594
          ],
          [
            112.8019,
            -7.27595
          ],
          [
            112.80191,
            -7.27595
          ],
          [
            112.80192,
            -7.27595
          ],
          [
            112.80193,
            -7.27596
          ],
          [
            112.80194,
            -7.27596
          ],
          [
            112.80194,
            -7.27597
          ],
          [
            112.80195,
            -7.27597
          ],
          [
            112.80195,
            -7.27598
          ],
          [
            112.80196,
            -7.27598
          ],
          [
            112.80197,
            -7.27599
          ],
          [
            112.80209,
            -7.27608
          ],
          [
            112.80213,
            -7.27611
          ],
          [
            112.80304,
            -7.27674
          ],
          [
            112.80304,
            -7.27673
          ],
          [
            112.80305,
            -7.27673
          ],
          [
            112.80306,
            -7.27673
          ],
          [
            112.80306,
            -7.27672
          ],
          [
            112.80307,
            -7.27672
          ],
          [
            112.80308,
            -7.27672
          ],
          [
            112.80308,
            -7.27671
          ],
          [
            112.80309,
            -7.27671
          ],
          [
            112.80311,
            -7.27671
          ],
          [
            112.80312,
            -7.27671
          ],
          [
            112.80313,
            -7.27671
          ],
          [
            112.80313,
            -7.2767
          ],
          [
            112.80314,
            -7.2767
          ],
          [
            112.80315,
            -7.2767
          ],
          [
            112.80316,
            -7.2767
          ],
          [
            112.80317,
            -7.2767
          ],
          [
            112.80319,
            -7.2767
          ],
          [
            112.8032,
            -7.27671
          ],
          [
            112.80322,
            -7.27671
          ],
          [
            112.80324,
            -7.27671
          ],
          [
            112.80325,
            -7.27672
          ],
          [
            112.80327,
            -7.27673
          ],
          [
            112.80328,
            -7.27673
          ],
          [
            112.8033,
            -7.27674
          ],
          [
            112.80331,
            -7.27675
          ],
          [
            112.80332,
            -7.27676
          ],
          [
            112.80334,
            -7.27677
          ],
          [
            112.80335,
            -7.27678
          ],
          [
            112.80336,
            -7.2768
          ],
          [
            112.80337,
            -7.27681
          ],
          [
            112.80338,
            -7.27682
          ],
          [
            112.80339,
            -7.27684
          ],
          [
            112.8034,
            -7.27685
          ],
          [
            112.8034,
            -7.27687
          ],
          [
            112.80341,
            -7.27688
          ],
          [
            112.80341,
            -7.2769
          ],
          [
            112.80342,
            -7.27691
          ],
          [
            112.80342,
            -7.27693
          ],
          [
            112.80342,
            -7.27694
          ],
          [
            112.80342,
            -7.27696
          ],
          [
            112.80342,
            -7.27698
          ],
          [
            112.80342,
            -7.27699
          ],
          [
            112.80342,
            -7.27701
          ],
          [
            112.80341,
            -7.27702
          ],
          [
            112.80341,
            -7.27704
          ],
          [
            112.80365,
            -7.27717
          ],
          [
            112.80368,
            -7.27719
          ],
          [
            112.80381,
            -7.27724
          ],
          [
            112.80385,
            -7.27726
          ],
          [
            112.80391,
            -7.27727
          ],
          [
            112.80398,
            -7.27727
          ],
          [
            112.80409,
            -7.27728
          ],
          [
            112.80422,
            -7.27727
          ],
          [
            112.80452,
            -7.27728
          ],
          [
            112.80497,
            -7.27727
          ],
          [
            112.80498,
            -7.27727
          ],
          [
            112.80504,
            -7.27727
          ],
          [
            112.80536,
            -7.27728
          ],
          [
            112.80553,
            -7.27728
          ],
          [
            112.80583,
            -7.27728
          ],
          [
            112.80607,
            -7.27729
          ],
          [
            112.80631,
            -7.27732
          ],
          [
            112.80653,
            -7.27737
          ],
          [
            112.80659,
            -7.27739
          ],
          [
            112.80676,
            -7.27744
          ],
          [
            112.80682,
            -7.27746
          ],
          [
            112.80696,
            -7.27751
          ],
          [
            112.80717,
            -7.2776
          ],
          [
            112.80735,
            -7.27768
          ],
          [
            112.80749,
            -7.27774
          ],
          [
            112.80755,
            -7.27775
          ],
          [
            112.80762,
            -7.27776
          ],
          [
            112.80767,
            -7.27775
          ],
          [
            112.8077,
            -7.27774
          ],
          [
            112.80772,
            -7.27774
          ],
          [
            112.80774,
            -7.27773
          ],
          [
            112.80776,
            -7.27771
          ],
          [
            112.8078,
            -7.27767
          ],
          [
            112.80787,
            -7.2776
          ],
          [
            112.808,
            -7.27753
          ],
          [
            112.80835,
            -7.2774
          ],
          [
            112.80841,
            -7.27739
          ],
          [
            112.80847,
            -7.27739
          ],
          [
            112.80854,
            -7.2774
          ],
          [
            112.8087,
            -7.27764
          ],
          [
            112.80871,
            -7.27771
          ],
          [
            112.80874,
            -7.27791
          ],
          [
            112.80874,
            -7.27795
          ],
          [
            112.80872,
            -7.27797
          ],
          [
            112.80871,
            -7.27799
          ],
          [
            112.80869,
            -7.27801
          ],
          [
            112.80865,
            -7.27803
          ],
          [
            112.80862,
            -7.27804
          ],
          [
            112.80856,
            -7.27806
          ],
          [
            112.8085,
            -7.27808
          ],
          [
            112.80844,
            -7.27811
          ],
          [
            112.80823,
            -7.27819
          ],
          [
            112.80812,
            -7.27822
          ],
          [
            112.80802,
            -7.27821
          ],
          [
            112.80793,
            -7.27819
          ],
          [
            112.80743,
            -7.2779
          ],
          [
            112.80731,
            -7.27783
          ],
          [
            112.80706,
            -7.2777
          ],
          [
            112.80689,
            -7.27763
          ],
          [
            112.80664,
            -7.27753
          ],
          [
            112.80647,
            -7.27749
          ],
          [
            112.8063,
            -7.27746
          ],
          [
            112.80618,
            -7.27745
          ],
          [
            112.80603,
            -7.27744
          ],
          [
            112.80556,
            -7.27742
          ],
          [
            112.80537,
            -7.27741
          ],
          [
            112.80481,
            -7.27739
          ],
          [
            112.80471,
            -7.27739
          ],
          [
            112.80403,
            -7.2774
          ],
          [
            112.80383,
            -7.27739
          ],
          [
            112.80373,
            -7.27736
          ],
          [
            112.80361,
            -7.27732
          ],
          [
            112.80357,
            -7.2773
          ],
          [
            112.80351,
            -7.27727
          ],
          [
            112.80342,
            -7.2772
          ],
          [
            112.80333,
            -7.27713
          ],
          [
            112.80332,
            -7.27714
          ],
          [
            112.80331,
            -7.27714
          ],
          [
            112.80331,
            -7.27715
          ],
          [
            112.8033,
            -7.27715
          ],
          [
            112.80329,
            -7.27715
          ],
          [
            112.80328,
            -7.27716
          ],
          [
            112.80327,
            -7.27716
          ],
          [
            112.80326,
            -7.27716
          ],
          [
            112.80324,
            -7.27716
          ],
          [
            112.80323,
            -7.27716
          ],
          [
            112.80322,
            -7.27716
          ],
          [
            112.80321,
            -7.27716
          ],
          [
            112.80321,
            -7.27717
          ],
          [
            112.8032,
            -7.27716
          ],
          [
            112.80319,
            -7.27716
          ],
          [
            112.80318,
            -7.27716
          ],
          [
            112.80317,
            -7.27716
          ],
          [
            112.80315,
            -7.27716
          ],
          [
            112.80314,
            -7.27715
          ],
          [
            112.80312,
            -7.27715
          ],
          [
            112.80311,
            -7.27714
          ],
          [
            112.80309,
            -7.27714
          ],
          [
            112.80308,
            -7.27713
          ],
          [
            112.80307,
            -7.27712
          ],
          [
            112.80305,
            -7.27711
          ],
          [
            112.80304,
            -7.2771
          ],
          [
            112.80303,
            -7.27709
          ],
          [
            112.80302,
            -7.27708
          ],
          [
            112.80301,
            -7.27707
          ],
          [
            112.803,
            -7.27706
          ],
          [
            112.80299,
            -7.27705
          ],
          [
            112.80298,
            -7.27703
          ],
          [
            112.80297,
            -7.27702
          ],
          [
            112.80297,
            -7.27701
          ],
          [
            112.80296,
            -7.27699
          ],
          [
            112.80296,
            -7.27698
          ],
          [
            112.80295,
            -7.27696
          ],
          [
            112.80295,
            -7.27695
          ],
          [
            112.80295,
            -7.27693
          ],
          [
            112.80295,
            -7.27692
          ],
          [
            112.80295,
            -7.2769
          ],
          [
            112.80295,
            -7.27689
          ],
          [
            112.80295,
            -7.27687
          ],
          [
            112.80295,
            -7.27686
          ],
          [
            112.80217,
            -7.27636
          ],
          [
            112.80216,
            -7.27639
          ],
          [
            112.80216,
            -7.27641
          ],
          [
            112.80216,
            -7.27643
          ],
          [
            112.80216,
            -7.27644
          ]
        ]
      }
    },
    {
      "type": "Feature",
      "properties": {
        "code": "51",
        "link": "sbr4",
        "name": "R4",
        "title": "Purabaya-UNAIR Kampus C",
        "color": "#D7A561",
        "textColor": "white",
        "feeder": false,
        "hours": "05:30 - 21:30",
        "routeId": "sbr4"
      },
      "geometry": {
        "type": "LineString",
        "coordinates": [
          [
            112.729024,
            -7.343958
          ],
          [
            112.729018,
            -7.343915
          ],
          [
            112.729024,
            -7.339024
          ],
          [
            112.729132,
            -7.337102
          ],
          [
            112.729771,
            -7.334325
          ],
          [
            112.730445,
            -7.331268
          ],
          [
            112.730915,
            -7.329394
          ],
          [
            112.731007,
            -7.328844
          ],
          [
            112.731004,
            -7.328529
          ],
          [
            112.730745,
            -7.327461
          ],
          [
            112.73071,
            -7.326931
          ],
          [
            112.731055,
            -7.326481
          ],
          [
            112.731299,
            -7.326448
          ],
          [
            112.731556,
            -7.326518
          ],
          [
            112.731638,
            -7.326598
          ],
          [
            112.731776,
            -7.326755
          ],
          [
            112.731674,
            -7.327172
          ],
          [
            112.732536,
            -7.327419
          ],
          [
            112.73299,
            -7.327421
          ],
          [
            112.733745,
            -7.327394
          ],
          [
            112.734503,
            -7.327366
          ],
          [
            112.734739,
            -7.327134
          ],
          [
            112.735297,
            -7.326791
          ],
          [
            112.735741,
            -7.326508
          ],
          [
            112.737511,
            -7.325518
          ],
          [
            112.740222,
            -7.323917
          ],
          [
            112.74442,
            -7.321632
          ],
          [
            112.749653,
            -7.318644
          ],
          [
            112.751086,
            -7.317853
          ],
          [
            112.754788,
            -7.314578
          ],
          [
            112.757641,
            -7.311149
          ],
          [
            112.759353,
            -7.308944
          ],
          [
            112.760539,
            -7.307633
          ],
          [
            112.761327,
            -7.306982
          ],
          [
            112.7617,
            -7.306509
          ],
          [
            112.762016,
            -7.30558
          ],
          [
            112.762112,
            -7.304281
          ],
          [
            112.762052,
            -7.30209
          ],
          [
            112.762007,
            -7.300422
          ],
          [
            112.761948,
            -7.298806
          ],
          [
            112.761456,
            -7.29876
          ],
          [
            112.761411,
            -7.299228
          ],
          [
            112.761829,
            -7.29928
          ],
          [
            112.76202,
            -7.299336
          ],
          [
            112.761984,
            -7.297537
          ],
          [
            112.762286,
            -7.294146
          ],
          [
            112.762191,
            -7.293924
          ],
          [
            112.762024,
            -7.293757
          ],
          [
            112.760085,
            -7.293765
          ],
          [
            112.755094,
            -7.293676
          ],
          [
            112.755158,
            -7.293495
          ],
          [
            112.755699,
            -7.290956
          ],
          [
            112.755725,
            -7.288609
          ],
          [
            112.755741,
            -7.283513
          ],
          [
            112.755757,
            -7.278551
          ],
          [
            112.755772,
            -7.277703
          ],
          [
            112.756256,
            -7.274065
          ],
          [
            112.756411,
            -7.269202
          ],
          [
            112.756553,
            -7.265674
          ],
          [
            112.757353,
            -7.265707
          ],
          [
            112.760537,
            -7.26584
          ],
          [
            112.763268,
            -7.26584
          ],
          [
            112.765014,
            -7.265818
          ],
          [
            112.768513,
            -7.26653
          ],
          [
            112.769919,
            -7.266866
          ],
          [
            112.771169,
            -7.267667
          ],
          [
            112.77141,
            -7.267292
          ],
          [
            112.771532,
            -7.267025
          ],
          [
            112.771911,
            -7.265612
          ],
          [
            112.772378,
            -7.26383
          ],
          [
            112.771026,
            -7.263658
          ],
          [
            112.769698,
            -7.263541
          ],
          [
            112.769753,
            -7.263316
          ],
          [
            112.771158,
            -7.263503
          ],
          [
            112.773325,
            -7.263714
          ],
          [
            112.775311,
            -7.263907
          ],
          [
            112.77531,
            -7.264092
          ],
          [
            112.775917,
            -7.264175
          ],
          [
            112.776736,
            -7.264239
          ],
          [
            112.777537,
            -7.264298
          ],
          [
            112.778848,
            -7.264482
          ],
          [
            112.779853,
            -7.264609
          ],
          [
            112.780615,
            -7.264412
          ],
          [
            112.781577,
            -7.264179
          ],
          [
            112.781784,
            -7.264047
          ],
          [
            112.782309,
            -7.263632
          ],
          [
            112.782661,
            -7.263456
          ],
          [
            112.78295,
            -7.263379
          ],
          [
            112.783151,
            -7.263379
          ],
          [
            112.783125,
            -7.264273
          ],
          [
            112.78285,
            -7.266213
          ],
          [
            112.782582,
            -7.268166
          ],
          [
            112.782408,
            -7.269176
          ],
          [
            112.782219,
            -7.269982
          ],
          [
            112.785873,
            -7.270459
          ],
          [
            112.789333,
            -7.270894
          ],
          [
            112.789332,
            -7.271024
          ],
          [
            112.785857,
            -7.270612
          ],
          [
            112.7821907,
            -7.27015
          ],
          [
            112.7819094,
            -7.2718163
          ],
          [
            112.781746,
            -7.274749
          ],
          [
            112.7809815,
            -7.2774831
          ],
          [
            112.780941,
            -7.2804816
          ],
          [
            112.7900284,
            -7.279244
          ],
          [
            112.7901984,
            -7.2789998
          ],
          [
            112.7899998,
            -7.2769773
          ],
          [
            112.7901861,
            -7.2764503
          ],
          [
            112.7907802,
            -7.2761734
          ],
          [
            112.7944827,
            -7.2753638
          ],
          [
            112.7969736,
            -7.2747807
          ],
          [
            112.7975981,
            -7.2745903
          ],
          [
            112.7977106,
            -7.2744299
          ],
          [
            112.7979129,
            -7.2743945
          ],
          [
            112.7980417,
            -7.2745675
          ],
          [
            112.7979854,
            -7.2747805
          ],
          [
            112.7978072,
            -7.2748272
          ],
          [
            112.7976773,
            -7.2747489
          ],
          [
            112.7969938,
            -7.2749089
          ],
          [
            112.794519,
            -7.275463
          ],
          [
            112.7908192,
            -7.2762732
          ],
          [
            112.790267,
            -7.2765405
          ],
          [
            112.7901064,
            -7.2769993
          ],
          [
            112.790335,
            -7.278936
          ],
          [
            112.7906402,
            -7.2789525
          ],
          [
            112.7907918,
            -7.2791439
          ],
          [
            112.790761,
            -7.2794337
          ],
          [
            112.79056,
            -7.279577
          ],
          [
            112.7903589,
            -7.2795958
          ],
          [
            112.7901325,
            -7.2794825
          ],
          [
            112.789906,
            -7.279425
          ],
          [
            112.780786,
            -7.2806997
          ],
          [
            112.7808203,
            -7.2772515
          ],
          [
            112.7815479,
            -7.2750379
          ],
          [
            112.7817638,
            -7.2719595
          ],
          [
            112.782028,
            -7.270105
          ],
          [
            112.782271,
            -7.269157
          ],
          [
            112.782436,
            -7.268132
          ],
          [
            112.782719,
            -7.266195
          ],
          [
            112.782984,
            -7.264271
          ],
          [
            112.783012,
            -7.263456
          ],
          [
            112.782682,
            -7.263533
          ],
          [
            112.782363,
            -7.263697
          ],
          [
            112.781821,
            -7.264136
          ],
          [
            112.78161,
            -7.264249
          ],
          [
            112.780639,
            -7.264494
          ],
          [
            112.779915,
            -7.264688
          ],
          [
            112.778861,
            -7.26456
          ],
          [
            112.777532,
            -7.264383
          ],
          [
            112.77674,
            -7.264331
          ],
          [
            112.775912,
            -7.264252
          ],
          [
            112.775315,
            -7.264139
          ],
          [
            112.773381,
            -7.263963
          ],
          [
            112.772438,
            -7.263837
          ],
          [
            112.771971,
            -7.26562
          ],
          [
            112.771588,
            -7.267046
          ],
          [
            112.771451,
            -7.267346
          ],
          [
            112.771208,
            -7.267692
          ],
          [
            112.771951,
            -7.268135
          ],
          [
            112.772334,
            -7.268186
          ],
          [
            112.774324,
            -7.268443
          ],
          [
            112.773955,
            -7.270392
          ],
          [
            112.7737,
            -7.270326
          ],
          [
            112.774047,
            -7.268595
          ],
          [
            112.772322,
            -7.268348
          ],
          [
            112.771825,
            -7.26824
          ],
          [
            112.769836,
            -7.26702
          ],
          [
            112.76847,
            -7.266674
          ],
          [
            112.765029,
            -7.265933
          ],
          [
            112.763284,
            -7.265955
          ],
          [
            112.76156,
            -7.265906
          ],
          [
            112.760965,
            -7.266121
          ],
          [
            112.76083,
            -7.266123
          ],
          [
            112.760514,
            -7.265955
          ],
          [
            112.756904,
            -7.265826
          ],
          [
            112.756675,
            -7.266055
          ],
          [
            112.756525,
            -7.268664
          ],
          [
            112.756484,
            -7.27039
          ],
          [
            112.756477,
            -7.271437
          ],
          [
            112.756351,
            -7.273663
          ],
          [
            112.756333,
            -7.274266
          ],
          [
            112.755895,
            -7.277449
          ],
          [
            112.755921,
            -7.278171
          ],
          [
            112.755889,
            -7.279691
          ],
          [
            112.755896,
            -7.284181
          ],
          [
            112.755934,
            -7.286675
          ],
          [
            112.755936,
            -7.288243
          ],
          [
            112.755853,
            -7.290616
          ],
          [
            112.755681,
            -7.291657
          ],
          [
            112.755292,
            -7.293388
          ],
          [
            112.755241,
            -7.293581
          ],
          [
            112.760073,
            -7.293646
          ],
          [
            112.761644,
            -7.293642
          ],
          [
            112.762523,
            -7.293622
          ],
          [
            112.762433,
            -7.294881
          ],
          [
            112.762141,
            -7.298253
          ],
          [
            112.762183,
            -7.300416
          ],
          [
            112.762211,
            -7.302079
          ],
          [
            112.762269,
            -7.304281
          ],
          [
            112.762166,
            -7.305672
          ],
          [
            112.761839,
            -7.306662
          ],
          [
            112.761413,
            -7.307087
          ],
          [
            112.760673,
            -7.307772
          ],
          [
            112.759561,
            -7.309116
          ],
          [
            112.759149,
            -7.309727
          ],
          [
            112.758347,
            -7.310715
          ],
          [
            112.754781,
            -7.314988
          ],
          [
            112.751497,
            -7.317871
          ],
          [
            112.749811,
            -7.318872
          ],
          [
            112.737646,
            -7.325686
          ],
          [
            112.735643,
            -7.326829
          ],
          [
            112.735587,
            -7.326994
          ],
          [
            112.735744,
            -7.327364
          ],
          [
            112.735632,
            -7.327695
          ],
          [
            112.734501,
            -7.327474
          ],
          [
            112.733853,
            -7.327451
          ],
          [
            112.733001,
            -7.327511
          ],
          [
            112.732499,
            -7.327586
          ],
          [
            112.731918,
            -7.327426
          ],
          [
            112.731758,
            -7.328225
          ],
          [
            112.73103,
            -7.331516
          ],
          [
            112.730813,
            -7.331386
          ],
          [
            112.730095,
            -7.334403
          ],
          [
            112.729424,
            -7.337165
          ],
          [
            112.72938,
            -7.339032
          ],
          [
            112.729331,
            -7.345595
          ],
          [
            112.729268,
            -7.347594
          ],
          [
            112.729048,
            -7.347991
          ],
          [
            112.728753,
            -7.348132
          ],
          [
            112.728204,
            -7.348049
          ],
          [
            112.727613,
            -7.347519
          ],
          [
            112.727186,
            -7.347184
          ],
          [
            112.726726,
            -7.347019
          ],
          [
            112.725917,
            -7.347004
          ],
          [
            112.724619,
            -7.34691
          ],
          [
            112.723322,
            -7.346731
          ],
          [
            112.722084,
            -7.346397
          ],
          [
            112.721485,
            -7.346373
          ],
          [
            112.719973,
            -7.346815
          ],
          [
            112.717975,
            -7.346773
          ],
          [
            112.717512,
            -7.346847
          ],
          [
            112.714734,
            -7.348847
          ],
          [
            112.713356,
            -7.349872
          ],
          [
            112.711946,
            -7.350856
          ],
          [
            112.711886,
            -7.351068
          ],
          [
            112.712072,
            -7.351176
          ],
          [
            112.71312,
            -7.351357
          ],
          [
            112.71493,
            -7.351629
          ],
          [
            112.717063,
            -7.352376
          ],
          [
            112.71836,
            -7.352448
          ],
          [
            112.720365,
            -7.352999
          ],
          [
            112.722289,
            -7.353568
          ],
          [
            112.722498,
            -7.353416
          ],
          [
            112.722723,
            -7.352595
          ],
          [
            112.722959,
            -7.35193
          ],
          [
            112.723257,
            -7.351823
          ],
          [
            112.72373,
            -7.35195
          ],
          [
            112.724173,
            -7.35204
          ],
          [
            112.724834,
            -7.352097
          ],
          [
            112.72485,
            -7.352264
          ],
          [
            112.724635,
            -7.353276
          ],
          [
            112.724329,
            -7.354314
          ],
          [
            112.726553,
            -7.355295
          ],
          [
            112.728815,
            -7.355583
          ],
          [
            112.729124,
            -7.355478
          ],
          [
            112.729028,
            -7.352567
          ],
          [
            112.729172,
            -7.349246
          ],
          [
            112.729078,
            -7.348525
          ],
          [
            112.728787,
            -7.348021
          ],
          [
            112.728212,
            -7.347936
          ],
          [
            112.727677,
            -7.347438
          ],
          [
            112.727535,
            -7.346999
          ],
          [
            112.727531,
            -7.346627
          ],
          [
            112.727704,
            -7.346137
          ],
          [
            112.728012,
            -7.345805
          ],
          [
            112.728393,
            -7.345654
          ],
          [
            112.72858,
            -7.345492
          ],
          [
            112.728798,
            -7.34538
          ],
          [
            112.72891,
            -7.345157
          ],
          [
            112.729022,
            -7.343952
          ]
        ]
      }
    },
    {
      "type": "Feature",
      "properties": {
        "code": "11",
        "link": "tmk3",
        "name": "3L",
        "title": "Purabaya-ITS-Kenjeran Park",
        "color": "#664c9c",
        "textColor": "white",
        "feeder": false,
        "hours": "05:30 - 21:00",
        "routeId": "tmk3"
      },
      "geometry": {
        "type": "LineString",
        "coordinates": [
          [
            112.7854766,
            -7.341074
          ],
          [
            112.7843699,
            -7.3393236
          ],
          [
            112.783286,
            -7.3376557
          ],
          [
            112.7821754,
            -7.3359565
          ],
          [
            112.781745,
            -7.3350844
          ],
          [
            112.7813978,
            -7.3341625
          ],
          [
            112.7812185,
            -7.3334011
          ],
          [
            112.7811412,
            -7.332613
          ],
          [
            112.7810806,
            -7.3318358
          ],
          [
            112.7810401,
            -7.3310585
          ],
          [
            112.781244,
            -7.3286722
          ],
          [
            112.7813395,
            -7.3274401
          ],
          [
            112.7813082,
            -7.3268374
          ],
          [
            112.781132,
            -7.3262573
          ],
          [
            112.7809692,
            -7.3257071
          ],
          [
            112.7808708,
            -7.3251343
          ],
          [
            112.7808591,
            -7.3238803
          ],
          [
            112.7809055,
            -7.3227
          ],
          [
            112.7809493,
            -7.3215196
          ],
          [
            112.7809627,
            -7.3210743
          ],
          [
            112.7809076,
            -7.3206184
          ],
          [
            112.780866,
            -7.3197172
          ],
          [
            112.7807854,
            -7.3179195
          ],
          [
            112.7807135,
            -7.3161158
          ],
          [
            112.7806568,
            -7.314335
          ],
          [
            112.7805622,
            -7.3122808
          ],
          [
            112.7804327,
            -7.3102254
          ],
          [
            112.7803623,
            -7.3081034
          ],
          [
            112.7804259,
            -7.3071013
          ],
          [
            112.7807153,
            -7.306129
          ],
          [
            112.7811497,
            -7.3048089
          ],
          [
            112.7813052,
            -7.3033824
          ],
          [
            112.7814821,
            -7.301956
          ],
          [
            112.781647,
            -7.300525
          ],
          [
            112.7817951,
            -7.2992844
          ],
          [
            112.7818581,
            -7.2981415
          ],
          [
            112.7818589,
            -7.2969617
          ],
          [
            112.7817766,
            -7.2957998
          ],
          [
            112.781183,
            -7.2935293
          ],
          [
            112.7807928,
            -7.2924549
          ],
          [
            112.7806031,
            -7.291909
          ],
          [
            112.7804898,
            -7.2913365
          ],
          [
            112.7804669,
            -7.2899963
          ],
          [
            112.7806013,
            -7.2886512
          ],
          [
            112.7807997,
            -7.2864536
          ],
          [
            112.7808339,
            -7.2853398
          ],
          [
            112.7808201,
            -7.2842535
          ],
          [
            112.7807744,
            -7.282372
          ],
          [
            112.7807984,
            -7.2804868
          ],
          [
            112.7818914,
            -7.2803593
          ],
          [
            112.7839174,
            -7.2800858
          ],
          [
            112.7859418,
            -7.2798021
          ],
          [
            112.7879807,
            -7.2795253
          ],
          [
            112.7900142,
            -7.2792405
          ],
          [
            112.7902355,
            -7.2789686
          ],
          [
            112.790582,
            -7.2789081
          ],
          [
            112.7908001,
            -7.2791153
          ],
          [
            112.7907967,
            -7.2793851
          ],
          [
            112.7906056,
            -7.2795734
          ],
          [
            112.7903493,
            -7.2795903
          ],
          [
            112.790042,
            -7.2794441
          ],
          [
            112.7877922,
            -7.2797467
          ],
          [
            112.7855258,
            -7.2800771
          ],
          [
            112.7831938,
            -7.2803876
          ],
          [
            112.7820706,
            -7.2805427
          ],
          [
            112.7807947,
            -7.2806816
          ],
          [
            112.7808117,
            -7.2796659
          ],
          [
            112.7808239,
            -7.2780015
          ],
          [
            112.7808763,
            -7.2772052
          ],
          [
            112.7811382,
            -7.2763674
          ],
          [
            112.7813913,
            -7.2755039
          ],
          [
            112.7815962,
            -7.2746258
          ],
          [
            112.7817229,
            -7.2727724
          ],
          [
            112.7817843,
            -7.2718686
          ],
          [
            112.7818779,
            -7.2709649
          ],
          [
            112.7820304,
            -7.2700715
          ],
          [
            112.7822427,
            -7.2691941
          ],
          [
            112.7825317,
            -7.2674568
          ],
          [
            112.7827852,
            -7.2657215
          ],
          [
            112.7830239,
            -7.2639383
          ],
          [
            112.7829736,
            -7.2630417
          ],
          [
            112.7828254,
            -7.2622302
          ],
          [
            112.7826054,
            -7.2613121
          ],
          [
            112.7824538,
            -7.2603767
          ],
          [
            112.7822994,
            -7.2584368
          ],
          [
            112.7822141,
            -7.2574631
          ],
          [
            112.7821597,
            -7.2564882
          ],
          [
            112.7822418,
            -7.2554975
          ],
          [
            112.7823238,
            -7.2550194
          ],
          [
            112.7824635,
            -7.2545625
          ],
          [
            112.7830666,
            -7.2528794
          ],
          [
            112.7837302,
            -7.2512184
          ],
          [
            112.7843198,
            -7.2496535
          ],
          [
            112.7860538,
            -7.2501645
          ],
          [
            112.7877884,
            -7.2506823
          ],
          [
            112.7895458,
            -7.2511548
          ],
          [
            112.7912963,
            -7.2516591
          ],
          [
            112.7925317,
            -7.2520422
          ],
          [
            112.7939816,
            -7.2524004
          ],
          [
            112.794844,
            -7.2526386
          ],
          [
            112.7954284,
            -7.2527682
          ],
          [
            112.7956913,
            -7.2528459
          ],
          [
            112.7959656,
            -7.2529028
          ],
          [
            112.796054,
            -7.2527564
          ],
          [
            112.7960526,
            -7.2526286
          ],
          [
            112.7960087,
            -7.2525707
          ],
          [
            112.7959243,
            -7.2524985
          ],
          [
            112.7957098,
            -7.2524498
          ],
          [
            112.795557,
            -7.2525055
          ],
          [
            112.7954613,
            -7.2527003
          ],
          [
            112.795385,
            -7.2528978
          ],
          [
            112.7953641,
            -7.2530279
          ],
          [
            112.7943496,
            -7.2527287
          ],
          [
            112.7933271,
            -7.2524448
          ],
          [
            112.7923002,
            -7.2521685
          ],
          [
            112.7912706,
            -7.2519036
          ],
          [
            112.7895786,
            -7.2514425
          ],
          [
            112.7878899,
            -7.2509473
          ],
          [
            112.7870416,
            -7.250725
          ],
          [
            112.786208,
            -7.2504695
          ],
          [
            112.7845515,
            -7.2499731
          ],
          [
            112.7842487,
            -7.2501729
          ],
          [
            112.7839451,
            -7.250972
          ],
          [
            112.7835188,
            -7.2520772
          ],
          [
            112.7830905,
            -7.2531797
          ],
          [
            112.7826878,
            -7.254297
          ],
          [
            112.7824902,
            -7.2548587
          ],
          [
            112.7823744,
            -7.2554337
          ],
          [
            112.782315,
            -7.2559806
          ],
          [
            112.7822905,
            -7.2565222
          ],
          [
            112.782352,
            -7.2576014
          ],
          [
            112.782531,
            -7.2597724
          ],
          [
            112.782659,
            -7.2608706
          ],
          [
            112.7829163,
            -7.2619309
          ],
          [
            112.7831503,
            -7.2630041
          ],
          [
            112.7831456,
            -7.2640706
          ],
          [
            112.7830731,
            -7.2647361
          ],
          [
            112.7829684,
            -7.2653951
          ],
          [
            112.7827766,
            -7.266721
          ],
          [
            112.7825968,
            -7.2680396
          ],
          [
            112.7823473,
            -7.2693274
          ],
          [
            112.7821652,
            -7.2701142
          ],
          [
            112.7820489,
            -7.2709104
          ],
          [
            112.7819238,
            -7.2717055
          ],
          [
            112.7819006,
            -7.2724939
          ],
          [
            112.7817678,
            -7.2740815
          ],
          [
            112.7817754,
            -7.2744924
          ],
          [
            112.7817145,
            -7.2748913
          ],
          [
            112.7815199,
            -7.2756533
          ],
          [
            112.7811675,
            -7.2768308
          ],
          [
            112.7809859,
            -7.2774079
          ],
          [
            112.7809647,
            -7.2780382
          ],
          [
            112.7809663,
            -7.2792569
          ],
          [
            112.7809436,
            -7.2804731
          ],
          [
            112.7818914,
            -7.2803593
          ],
          [
            112.7839174,
            -7.2800858
          ],
          [
            112.7859418,
            -7.2798021
          ],
          [
            112.7879807,
            -7.2795253
          ],
          [
            112.7900142,
            -7.2792405
          ],
          [
            112.7902355,
            -7.2789686
          ],
          [
            112.790582,
            -7.2789081
          ],
          [
            112.7908001,
            -7.2791153
          ],
          [
            112.7907967,
            -7.2793851
          ],
          [
            112.7906056,
            -7.2795734
          ],
          [
            112.7903493,
            -7.2795903
          ],
          [
            112.790042,
            -7.2794441
          ],
          [
            112.7877922,
            -7.2797467
          ],
          [
            112.7855258,
            -7.2800771
          ],
          [
            112.7831938,
            -7.2803876
          ],
          [
            112.7820706,
            -7.2805427
          ],
          [
            112.7809474,
            -7.2806606
          ],
          [
            112.7809254,
            -7.2823542
          ],
          [
            112.7809587,
            -7.2839109
          ],
          [
            112.7809913,
            -7.2854696
          ],
          [
            112.7809241,
            -7.286999
          ],
          [
            112.7807792,
            -7.2885123
          ],
          [
            112.7806363,
            -7.2900289
          ],
          [
            112.7806483,
            -7.2907868
          ],
          [
            112.7807479,
            -7.2915516
          ],
          [
            112.7808835,
            -7.2922063
          ],
          [
            112.7810995,
            -7.2928371
          ],
          [
            112.7813354,
            -7.2934463
          ],
          [
            112.7815189,
            -7.2940715
          ],
          [
            112.7818156,
            -7.2953457
          ],
          [
            112.781968,
            -7.2959841
          ],
          [
            112.7820097,
            -7.2966412
          ],
          [
            112.7820174,
            -7.2979088
          ],
          [
            112.7819787,
            -7.2991804
          ],
          [
            112.7818188,
            -7.3004506
          ],
          [
            112.7817159,
            -7.301707
          ],
          [
            112.781438,
            -7.3036936
          ],
          [
            112.781313,
            -7.3046979
          ],
          [
            112.781046,
            -7.3056896
          ],
          [
            112.7807857,
            -7.3064459
          ],
          [
            112.7805938,
            -7.307206
          ],
          [
            112.7805609,
            -7.3080228
          ],
          [
            112.7805708,
            -7.3088395
          ],
          [
            112.7806389,
            -7.3104171
          ],
          [
            112.7807025,
            -7.311988
          ],
          [
            112.7808132,
            -7.3144392
          ],
          [
            112.7809165,
            -7.3168903
          ],
          [
            112.780999,
            -7.3193275
          ],
          [
            112.7811057,
            -7.3217473
          ],
          [
            112.781082,
            -7.323046
          ],
          [
            112.781053,
            -7.3243393
          ],
          [
            112.7810558,
            -7.324932
          ],
          [
            112.7811216,
            -7.3255386
          ],
          [
            112.7812618,
            -7.3261019
          ],
          [
            112.7814557,
            -7.3266427
          ],
          [
            112.7815243,
            -7.3271032
          ],
          [
            112.7815125,
            -7.3275531
          ],
          [
            112.781462,
            -7.3284741
          ],
          [
            112.7814116,
            -7.3294005
          ],
          [
            112.781334,
            -7.3302827
          ],
          [
            112.7812448,
            -7.3312087
          ],
          [
            112.7811586,
            -7.3316678
          ],
          [
            112.7812119,
            -7.3321348
          ],
          [
            112.7813467,
            -7.3330529
          ],
          [
            112.7815079,
            -7.333927
          ],
          [
            112.7817992,
            -7.3347615
          ],
          [
            112.7821435,
            -7.3355309
          ],
          [
            112.7825649,
            -7.3363075
          ],
          [
            112.7830446,
            -7.3370169
          ],
          [
            112.7839907,
            -7.3384611
          ],
          [
            112.7849274,
            -7.3398995
          ],
          [
            112.7858619,
            -7.3413472
          ],
          [
            112.7863659,
            -7.3424378
          ],
          [
            112.7866392,
            -7.3435817
          ],
          [
            112.786684,
            -7.3442866
          ],
          [
            112.7866161,
            -7.3449916
          ],
          [
            112.7863007,
            -7.3463695
          ],
          [
            112.7863847,
            -7.3464893
          ],
          [
            112.7863722,
            -7.3466516
          ],
          [
            112.7862684,
            -7.3468006
          ],
          [
            112.7860682,
            -7.3468326
          ],
          [
            112.7858775,
            -7.346648
          ],
          [
            112.7856909,
            -7.3466196
          ],
          [
            112.7856331,
            -7.3465485
          ],
          [
            112.7850585,
            -7.3464348
          ],
          [
            112.7835769,
            -7.3461221
          ],
          [
            112.7823071,
            -7.3457962
          ],
          [
            112.7810641,
            -7.3454117
          ],
          [
            112.779797,
            -7.3450644
          ],
          [
            112.7785084,
            -7.3447597
          ],
          [
            112.7758723,
            -7.3443047
          ],
          [
            112.7677864,
            -7.3429289
          ],
          [
            112.7658937,
            -7.3424519
          ],
          [
            112.765355,
            -7.3423305
          ],
          [
            112.7648164,
            -7.3423793
          ],
          [
            112.7640202,
            -7.3426196
          ],
          [
            112.763224,
            -7.3430941
          ],
          [
            112.7619321,
            -7.3434471
          ],
          [
            112.7609871,
            -7.3433142
          ],
          [
            112.7600635,
            -7.3430536
          ],
          [
            112.7593867,
            -7.3429313
          ],
          [
            112.7587099,
            -7.3429367
          ],
          [
            112.7581207,
            -7.3430061
          ],
          [
            112.7563589,
            -7.3434025
          ],
          [
            112.7557022,
            -7.3434691
          ],
          [
            112.7549288,
            -7.3434147
          ],
          [
            112.7535975,
            -7.3432006
          ],
          [
            112.7512247,
            -7.3428257
          ],
          [
            112.750403,
            -7.3427313
          ],
          [
            112.7495814,
            -7.3427115
          ],
          [
            112.748529,
            -7.3427501
          ],
          [
            112.7474552,
            -7.3428633
          ],
          [
            112.7464418,
            -7.3429997
          ],
          [
            112.7453532,
            -7.3432213
          ],
          [
            112.7432619,
            -7.3438134
          ],
          [
            112.7409078,
            -7.3445172
          ],
          [
            112.7388219,
            -7.3450508
          ],
          [
            112.7378433,
            -7.3449751
          ],
          [
            112.7362424,
            -7.3447397
          ],
          [
            112.7355298,
            -7.3447373
          ],
          [
            112.7345658,
            -7.3449877
          ],
          [
            112.7323984,
            -7.3464078
          ],
          [
            112.7317618,
            -7.3467234
          ],
          [
            112.7308435,
            -7.3469232
          ],
          [
            112.7284333,
            -7.3469572
          ],
          [
            112.7260553,
            -7.346906
          ],
          [
            112.7244175,
            -7.346823
          ],
          [
            112.723445,
            -7.3466441
          ],
          [
            112.7227321,
            -7.346571
          ],
          [
            112.7216249,
            -7.3463356
          ],
          [
            112.7199844,
            -7.3467946
          ],
          [
            112.7187987,
            -7.3467986
          ],
          [
            112.7181789,
            -7.3467801
          ],
          [
            112.7178579,
            -7.3467792
          ],
          [
            112.7175502,
            -7.3468343
          ],
          [
            112.7147046,
            -7.3488782
          ],
          [
            112.7143571,
            -7.3491273
          ],
          [
            112.7140297,
            -7.3493982
          ],
          [
            112.7132952,
            -7.3499135
          ],
          [
            112.7127397,
            -7.3503223
          ],
          [
            112.7124616,
            -7.350524
          ],
          [
            112.712164,
            -7.3506865
          ],
          [
            112.7120013,
            -7.3507965
          ],
          [
            112.7118942,
            -7.3509571
          ],
          [
            112.7119023,
            -7.3510821
          ],
          [
            112.7120247,
            -7.3511702
          ],
          [
            112.7124695,
            -7.3512826
          ],
          [
            112.713743,
            -7.3514416
          ],
          [
            112.7149843,
            -7.351675
          ],
          [
            112.7164477,
            -7.3521951
          ],
          [
            112.7172545,
            -7.3524179
          ],
          [
            112.7180828,
            -7.3524385
          ],
          [
            112.718844,
            -7.3525549
          ],
          [
            112.7202168,
            -7.3529479
          ],
          [
            112.7212677,
            -7.3532559
          ],
          [
            112.7217931,
            -7.3534311
          ],
          [
            112.7222946,
            -7.353548
          ],
          [
            112.7225064,
            -7.3534095
          ],
          [
            112.7227032,
            -7.352676
          ],
          [
            112.722935,
            -7.3520036
          ],
          [
            112.7230632,
            -7.3518746
          ],
          [
            112.723225,
            -7.3518292
          ],
          [
            112.7234834,
            -7.3518929
          ],
          [
            112.7239706,
            -7.351987
          ],
          [
            112.724423,
            -7.3520505
          ],
          [
            112.7247149,
            -7.3521009
          ],
          [
            112.7248807,
            -7.3520954
          ],
          [
            112.7251103,
            -7.3516508
          ],
          [
            112.7252594,
            -7.3512753
          ],
          [
            112.7253431,
            -7.3511947
          ],
          [
            112.7255104,
            -7.3511692
          ],
          [
            112.7256075,
            -7.351208
          ],
          [
            112.7256428,
            -7.3512866
          ],
          [
            112.7254224,
            -7.3516435
          ],
          [
            112.7248771,
            -7.3525114
          ],
          [
            112.7243444,
            -7.3542898
          ],
          [
            112.7264939,
            -7.3552596
          ],
          [
            112.7287917,
            -7.3555742
          ],
          [
            112.7290726,
            -7.3554207
          ],
          [
            112.72908,
            -7.3517632
          ],
          [
            112.729191,
            -7.3488704
          ],
          [
            112.72883,
            -7.3481057
          ],
          [
            112.72819,
            -7.3479901
          ],
          [
            112.7278075,
            -7.3475766
          ],
          [
            112.7267849,
            -7.3470475
          ],
          [
            112.7240104,
            -7.3468831
          ],
          [
            112.7221263,
            -7.3463994
          ],
          [
            112.7215906,
            -7.3463571
          ],
          [
            112.7210147,
            -7.3465117
          ],
          [
            112.7202832,
            -7.3467274
          ],
          [
            112.7194954,
            -7.3468155
          ],
          [
            112.7181789,
            -7.3467801
          ],
          [
            112.7180579,
            -7.3466071
          ],
          [
            112.7180606,
            -7.3464646
          ],
          [
            112.7182538,
            -7.3463221
          ],
          [
            112.7186428,
            -7.3460716
          ],
          [
            112.7191639,
            -7.3458285
          ],
          [
            112.7197544,
            -7.3457004
          ],
          [
            112.7204017,
            -7.345711
          ],
          [
            112.7210302,
            -7.3457974
          ],
          [
            112.7221667,
            -7.3461091
          ],
          [
            112.7236249,
            -7.346523
          ],
          [
            112.725137,
            -7.346776
          ],
          [
            112.7289768,
            -7.3467499
          ],
          [
            112.730666,
            -7.3467954
          ],
          [
            112.7320118,
            -7.3464791
          ],
          [
            112.7334006,
            -7.3455243
          ],
          [
            112.7340575,
            -7.3450841
          ],
          [
            112.7347465,
            -7.3447823
          ],
          [
            112.7358063,
            -7.3445705
          ],
          [
            112.7369304,
            -7.3446992
          ],
          [
            112.7382798,
            -7.3449024
          ],
          [
            112.7391143,
            -7.3448289
          ],
          [
            112.7442165,
            -7.3433198
          ],
          [
            112.7464671,
            -7.3428633
          ],
          [
            112.7487178,
            -7.3425769
          ],
          [
            112.7496231,
            -7.3425429
          ],
          [
            112.7505284,
            -7.3426153
          ],
          [
            112.7523605,
            -7.3428452
          ],
          [
            112.7542141,
            -7.3431283
          ],
          [
            112.7551194,
            -7.3432805
          ],
          [
            112.7560033,
            -7.3432624
          ],
          [
            112.7579909,
            -7.3428273
          ],
          [
            112.7589955,
            -7.3427693
          ],
          [
            112.7599786,
            -7.3428603
          ],
          [
            112.7609751,
            -7.3431509
          ],
          [
            112.7620199,
            -7.3432765
          ],
          [
            112.7630378,
            -7.3429817
          ],
          [
            112.7639539,
            -7.3424582
          ],
          [
            112.7646916,
            -7.3422425
          ],
          [
            112.7654294,
            -7.3421971
          ],
          [
            112.7674199,
            -7.3427234
          ],
          [
            112.7708429,
            -7.3432865
          ],
          [
            112.7762079,
            -7.344206
          ],
          [
            112.7767257,
            -7.3441964
          ],
          [
            112.7772542,
            -7.3442614
          ],
          [
            112.777815,
            -7.3443529
          ],
          [
            112.7782684,
            -7.3443274
          ],
          [
            112.7787956,
            -7.3445173
          ],
          [
            112.7791833,
            -7.3448137
          ],
          [
            112.7826946,
            -7.345715
          ],
          [
            112.7842785,
            -7.3460707
          ],
          [
            112.7858785,
            -7.346421
          ],
          [
            112.786112,
            -7.3463024
          ],
          [
            112.7864448,
            -7.3450809
          ],
          [
            112.7865014,
            -7.3438198
          ],
          [
            112.7862603,
            -7.3425587
          ],
          [
            112.785869,
            -7.3416674
          ],
          [
            112.7854766,
            -7.341074
          ]
        ]
      }
    },
    {
      "type": "Feature",
      "properties": {
        "code": "101",
        "link": "fd01",
        "name": "1",
        "title": "Term. Benowo-Tunjungan",
        "color": "#a57bb6",
        "textColor": "white",
        "feeder": true,
        "hours": "05:30 - 21:00",
        "routeId": "fd01"
      },
      "geometry": {
        "type": "LineString",
        "coordinates": [
          [
            112.608494,
            -7.235669
          ],
          [
            112.610213,
            -7.23527
          ],
          [
            112.610971,
            -7.235116
          ],
          [
            112.612249,
            -7.234866
          ],
          [
            112.613141,
            -7.234678
          ],
          [
            112.613494,
            -7.23462
          ],
          [
            112.613885,
            -7.23457
          ],
          [
            112.61412,
            -7.234591
          ],
          [
            112.614667,
            -7.234795
          ],
          [
            112.615058,
            -7.234987
          ],
          [
            112.615394,
            -7.235192
          ],
          [
            112.61648,
            -7.235911
          ],
          [
            112.616977,
            -7.236191
          ],
          [
            112.617608,
            -7.236562
          ],
          [
            112.618496,
            -7.237118
          ],
          [
            112.619593,
            -7.237731
          ],
          [
            112.621903,
            -7.238917
          ],
          [
            112.622854,
            -7.239389
          ],
          [
            112.623888,
            -7.239824
          ],
          [
            112.624406,
            -7.240041
          ],
          [
            112.624667,
            -7.240212
          ],
          [
            112.625163,
            -7.240479
          ],
          [
            112.625517,
            -7.240609
          ],
          [
            112.627596,
            -7.241286
          ],
          [
            112.62797,
            -7.241457
          ],
          [
            112.628475,
            -7.241649
          ],
          [
            112.629577,
            -7.242046
          ],
          [
            112.630469,
            -7.24248
          ],
          [
            112.63178,
            -7.243157
          ],
          [
            112.632629,
            -7.243595
          ],
          [
            112.634159,
            -7.244411
          ],
          [
            112.63562,
            -7.245213
          ],
          [
            112.635809,
            -7.245343
          ],
          [
            112.635935,
            -7.245481
          ],
          [
            112.63612,
            -7.245785
          ],
          [
            112.636444,
            -7.246295
          ],
          [
            112.636608,
            -7.246521
          ],
          [
            112.636857,
            -7.246742
          ],
          [
            112.637092,
            -7.246905
          ],
          [
            112.637563,
            -7.247114
          ],
          [
            112.638161,
            -7.247323
          ],
          [
            112.63891,
            -7.247457
          ],
          [
            112.639491,
            -7.247586
          ],
          [
            112.640244,
            -7.247703
          ],
          [
            112.640753,
            -7.247799
          ],
          [
            112.641128,
            -7.247925
          ],
          [
            112.641515,
            -7.248042
          ],
          [
            112.641801,
            -7.248209
          ],
          [
            112.642049,
            -7.248413
          ],
          [
            112.642714,
            -7.249073
          ],
          [
            112.643059,
            -7.249437
          ],
          [
            112.643295,
            -7.24962
          ],
          [
            112.643589,
            -7.249804
          ],
          [
            112.643871,
            -7.249921
          ],
          [
            112.644595,
            -7.25008
          ],
          [
            112.645138,
            -7.250213
          ],
          [
            112.645453,
            -7.250301
          ],
          [
            112.646478,
            -7.250768
          ],
          [
            112.647134,
            -7.251085
          ],
          [
            112.647757,
            -7.251323
          ],
          [
            112.648379,
            -7.251503
          ],
          [
            112.648657,
            -7.251578
          ],
          [
            112.649532,
            -7.251728
          ],
          [
            112.649945,
            -7.25182
          ],
          [
            112.650668,
            -7.251987
          ],
          [
            112.651207,
            -7.252096
          ],
          [
            112.652642,
            -7.25243
          ],
          [
            112.653551,
            -7.252677
          ],
          [
            112.65414,
            -7.252881
          ],
          [
            112.65459,
            -7.252982
          ],
          [
            112.654818,
            -7.253037
          ],
          [
            112.655218,
            -7.253166
          ],
          [
            112.655613,
            -7.253267
          ],
          [
            112.656282,
            -7.253396
          ],
          [
            112.658088,
            -7.253789
          ],
          [
            112.658374,
            -7.253881
          ],
          [
            112.658631,
            -7.253993
          ],
          [
            112.659135,
            -7.254235
          ],
          [
            112.659341,
            -7.254298
          ],
          [
            112.660217,
            -7.254507
          ],
          [
            112.6605,
            -7.254662
          ],
          [
            112.660794,
            -7.254825
          ],
          [
            112.661228,
            -7.254992
          ],
          [
            112.66198,
            -7.255258
          ],
          [
            112.663436,
            -7.25578
          ],
          [
            112.66407,
            -7.255947
          ],
          [
            112.664793,
            -7.256049
          ],
          [
            112.666258,
            -7.256276
          ],
          [
            112.666977,
            -7.256471
          ],
          [
            112.667824,
            -7.256825
          ],
          [
            112.668423,
            -7.257095
          ],
          [
            112.668888,
            -7.257189
          ],
          [
            112.669754,
            -7.257276
          ],
          [
            112.670312,
            -7.257307
          ],
          [
            112.670938,
            -7.257385
          ],
          [
            112.671204,
            -7.257494
          ],
          [
            112.671682,
            -7.257716
          ],
          [
            112.672077,
            -7.257851
          ],
          [
            112.672553,
            -7.25786
          ],
          [
            112.673296,
            -7.257944
          ],
          [
            112.673981,
            -7.258002
          ],
          [
            112.674564,
            -7.257935
          ],
          [
            112.675684,
            -7.258069
          ],
          [
            112.675981,
            -7.258128
          ],
          [
            112.676659,
            -7.258351
          ],
          [
            112.677917,
            -7.258479
          ],
          [
            112.678508,
            -7.258394
          ],
          [
            112.679061,
            -7.258411
          ],
          [
            112.679967,
            -7.258445
          ],
          [
            112.680672,
            -7.258564
          ],
          [
            112.681274,
            -7.258707
          ],
          [
            112.682308,
            -7.258816
          ],
          [
            112.683648,
            -7.258935
          ],
          [
            112.684864,
            -7.259072
          ],
          [
            112.686031,
            -7.25924
          ],
          [
            112.686719,
            -7.25932
          ],
          [
            112.687334,
            -7.259428
          ],
          [
            112.688355,
            -7.259651
          ],
          [
            112.688849,
            -7.259802
          ],
          [
            112.689164,
            -7.259967
          ],
          [
            112.689575,
            -7.260185
          ],
          [
            112.689807,
            -7.260239
          ],
          [
            112.690419,
            -7.26032
          ],
          [
            112.690968,
            -7.260405
          ],
          [
            112.691416,
            -7.260539
          ],
          [
            112.692168,
            -7.260755
          ],
          [
            112.692682,
            -7.260904
          ],
          [
            112.693094,
            -7.261076
          ],
          [
            112.693414,
            -7.261409
          ],
          [
            112.693703,
            -7.26188
          ],
          [
            112.694031,
            -7.262062
          ],
          [
            112.694951,
            -7.262551
          ],
          [
            112.695236,
            -7.262741
          ],
          [
            112.695626,
            -7.263016
          ],
          [
            112.696714,
            -7.264212
          ],
          [
            112.69705,
            -7.264582
          ],
          [
            112.697447,
            -7.264851
          ],
          [
            112.697982,
            -7.26511
          ],
          [
            112.698422,
            -7.265281
          ],
          [
            112.698748,
            -7.265419
          ],
          [
            112.699509,
            -7.26584
          ],
          [
            112.700555,
            -7.266325
          ],
          [
            112.701129,
            -7.266395
          ],
          [
            112.70177,
            -7.266892
          ],
          [
            112.702194,
            -7.267212
          ],
          [
            112.702642,
            -7.267325
          ],
          [
            112.704151,
            -7.266945
          ],
          [
            112.705638,
            -7.266659
          ],
          [
            112.706047,
            -7.266571
          ],
          [
            112.706576,
            -7.26627
          ],
          [
            112.706889,
            -7.266182
          ],
          [
            112.707152,
            -7.266206
          ],
          [
            112.707374,
            -7.266277
          ],
          [
            112.707804,
            -7.26665
          ],
          [
            112.708059,
            -7.266939
          ],
          [
            112.708827,
            -7.267324
          ],
          [
            112.709476,
            -7.267597
          ],
          [
            112.710163,
            -7.267858
          ],
          [
            112.711216,
            -7.267916
          ],
          [
            112.7116,
            -7.267966
          ],
          [
            112.7122,
            -7.268115
          ],
          [
            112.713069,
            -7.268115
          ],
          [
            112.713528,
            -7.268189
          ],
          [
            112.714008,
            -7.268321
          ],
          [
            112.714838,
            -7.268711
          ],
          [
            112.715433,
            -7.268949
          ],
          [
            112.716677,
            -7.269278
          ],
          [
            112.717429,
            -7.269441
          ],
          [
            112.717949,
            -7.269659
          ],
          [
            112.718556,
            -7.269939
          ],
          [
            112.718962,
            -7.270152
          ],
          [
            112.719369,
            -7.270223
          ],
          [
            112.719692,
            -7.270287
          ],
          [
            112.720314,
            -7.270311
          ],
          [
            112.720848,
            -7.27035
          ],
          [
            112.721377,
            -7.270458
          ],
          [
            112.721803,
            -7.270628
          ],
          [
            112.722097,
            -7.270758
          ],
          [
            112.723211,
            -7.271659
          ],
          [
            112.723631,
            -7.27198
          ],
          [
            112.723823,
            -7.272168
          ],
          [
            112.72413,
            -7.272547
          ],
          [
            112.724572,
            -7.273006
          ],
          [
            112.724812,
            -7.27338
          ],
          [
            112.725069,
            -7.273839
          ],
          [
            112.725487,
            -7.274192
          ],
          [
            112.726145,
            -7.274728
          ],
          [
            112.726385,
            -7.274822
          ],
          [
            112.726525,
            -7.274805
          ],
          [
            112.726724,
            -7.274676
          ],
          [
            112.726766,
            -7.274391
          ],
          [
            112.727492,
            -7.272557
          ],
          [
            112.727856,
            -7.271661
          ],
          [
            112.728017,
            -7.271346
          ],
          [
            112.728915,
            -7.268923
          ],
          [
            112.729164,
            -7.268275
          ],
          [
            112.729505,
            -7.26713
          ],
          [
            112.730215,
            -7.265689
          ],
          [
            112.7329,
            -7.258701
          ],
          [
            112.734076,
            -7.256522
          ],
          [
            112.73415,
            -7.256301
          ],
          [
            112.73417,
            -7.256064
          ],
          [
            112.734242,
            -7.255995
          ],
          [
            112.734666,
            -7.255916
          ],
          [
            112.735786,
            -7.25596
          ],
          [
            112.736938,
            -7.255743
          ],
          [
            112.737223,
            -7.256298
          ],
          [
            112.739911,
            -7.26107
          ],
          [
            112.739526,
            -7.26124
          ],
          [
            112.739183,
            -7.261111
          ],
          [
            112.736783,
            -7.260098
          ],
          [
            112.733466,
            -7.258619
          ],
          [
            112.733236,
            -7.258611
          ],
          [
            112.733116,
            -7.258678
          ],
          [
            112.731901,
            -7.261764
          ],
          [
            112.730754,
            -7.264674
          ],
          [
            112.729819,
            -7.266863
          ],
          [
            112.729204,
            -7.268437
          ],
          [
            112.729087,
            -7.268934
          ],
          [
            112.728923,
            -7.269509
          ],
          [
            112.72866,
            -7.270176
          ],
          [
            112.728066,
            -7.271587
          ],
          [
            112.728017,
            -7.271828
          ],
          [
            112.727575,
            -7.272929
          ],
          [
            112.727053,
            -7.274194
          ],
          [
            112.726899,
            -7.274732
          ],
          [
            112.726762,
            -7.2749
          ],
          [
            112.726597,
            -7.274934
          ],
          [
            112.726296,
            -7.274892
          ],
          [
            112.726109,
            -7.27485
          ],
          [
            112.725721,
            -7.274511
          ],
          [
            112.72497,
            -7.273916
          ],
          [
            112.724691,
            -7.273369
          ],
          [
            112.724505,
            -7.273077
          ],
          [
            112.724067,
            -7.272604
          ],
          [
            112.723655,
            -7.272148
          ],
          [
            112.723149,
            -7.271738
          ],
          [
            112.722005,
            -7.270856
          ],
          [
            112.721743,
            -7.270688
          ],
          [
            112.72115,
            -7.270485
          ],
          [
            112.72065,
            -7.2704
          ],
          [
            112.719685,
            -7.270392
          ],
          [
            112.719239,
            -7.270315
          ],
          [
            112.71875,
            -7.270186
          ],
          [
            112.717506,
            -7.269577
          ],
          [
            112.717275,
            -7.269488
          ],
          [
            112.716758,
            -7.269409
          ],
          [
            112.716029,
            -7.269213
          ],
          [
            112.715537,
            -7.269111
          ],
          [
            112.715247,
            -7.269002
          ],
          [
            112.714624,
            -7.268749
          ],
          [
            112.713937,
            -7.268416
          ],
          [
            112.713632,
            -7.268304
          ],
          [
            112.713391,
            -7.268261
          ],
          [
            112.713183,
            -7.268235
          ],
          [
            112.712892,
            -7.268201
          ],
          [
            112.712252,
            -7.268218
          ],
          [
            112.71196,
            -7.268166
          ],
          [
            112.711313,
            -7.268009
          ],
          [
            112.71102,
            -7.268
          ],
          [
            112.710268,
            -7.267992
          ],
          [
            112.709862,
            -7.267922
          ],
          [
            112.709096,
            -7.267613
          ],
          [
            112.708311,
            -7.267304
          ],
          [
            112.707928,
            -7.267041
          ],
          [
            112.707534,
            -7.266568
          ],
          [
            112.707333,
            -7.266394
          ],
          [
            112.707116,
            -7.266324
          ],
          [
            112.706948,
            -7.266289
          ],
          [
            112.706723,
            -7.26635
          ],
          [
            112.706138,
            -7.266655
          ],
          [
            112.705951,
            -7.266706
          ],
          [
            112.704457,
            -7.266983
          ],
          [
            112.703606,
            -7.267183
          ],
          [
            112.702795,
            -7.267398
          ],
          [
            112.702536,
            -7.267414
          ],
          [
            112.702268,
            -7.267349
          ],
          [
            112.70198,
            -7.267183
          ],
          [
            112.701199,
            -7.266604
          ],
          [
            112.70104,
            -7.266536
          ],
          [
            112.700567,
            -7.266476
          ],
          [
            112.700321,
            -7.266374
          ],
          [
            112.69929,
            -7.265871
          ],
          [
            112.698665,
            -7.265541
          ],
          [
            112.698304,
            -7.265404
          ],
          [
            112.697708,
            -7.265181
          ],
          [
            112.69719,
            -7.264912
          ],
          [
            112.696885,
            -7.264657
          ],
          [
            112.695491,
            -7.263055
          ],
          [
            112.695115,
            -7.262799
          ],
          [
            112.694734,
            -7.262591
          ],
          [
            112.694259,
            -7.262321
          ],
          [
            112.693897,
            -7.262185
          ],
          [
            112.693582,
            -7.262066
          ],
          [
            112.693379,
            -7.261834
          ],
          [
            112.693202,
            -7.261354
          ],
          [
            112.693014,
            -7.261213
          ],
          [
            112.692728,
            -7.261061
          ],
          [
            112.691318,
            -7.26065
          ],
          [
            112.69092,
            -7.260537
          ],
          [
            112.689761,
            -7.260363
          ],
          [
            112.689475,
            -7.260267
          ],
          [
            112.688743,
            -7.259949
          ],
          [
            112.688362,
            -7.259842
          ],
          [
            112.687548,
            -7.259636
          ],
          [
            112.686118,
            -7.25935
          ],
          [
            112.68391,
            -7.259079
          ],
          [
            112.682651,
            -7.258955
          ],
          [
            112.681884,
            -7.258922
          ],
          [
            112.681402,
            -7.25888
          ],
          [
            112.680846,
            -7.258754
          ],
          [
            112.680114,
            -7.258593
          ],
          [
            112.679478,
            -7.25855
          ],
          [
            112.67876,
            -7.258516
          ],
          [
            112.677878,
            -7.258587
          ],
          [
            112.676638,
            -7.25846
          ],
          [
            112.67591,
            -7.25823
          ],
          [
            112.675519,
            -7.258144
          ],
          [
            112.674827,
            -7.258049
          ],
          [
            112.674412,
            -7.258032
          ],
          [
            112.673901,
            -7.258084
          ],
          [
            112.673302,
            -7.258003
          ],
          [
            112.672738,
            -7.257935
          ],
          [
            112.672159,
            -7.257934
          ],
          [
            112.671875,
            -7.2579
          ],
          [
            112.671242,
            -7.257589
          ],
          [
            112.67094,
            -7.257449
          ],
          [
            112.670357,
            -7.25737
          ],
          [
            112.668725,
            -7.257259
          ],
          [
            112.668372,
            -7.257191
          ],
          [
            112.666951,
            -7.256562
          ],
          [
            112.666227,
            -7.25636
          ],
          [
            112.664764,
            -7.25613
          ],
          [
            112.664076,
            -7.25605
          ],
          [
            112.663401,
            -7.255851
          ],
          [
            112.661935,
            -7.255336
          ],
          [
            112.661022,
            -7.255016
          ],
          [
            112.66042,
            -7.254717
          ],
          [
            112.660079,
            -7.254579
          ],
          [
            112.659242,
            -7.25437
          ],
          [
            112.658989,
            -7.254265
          ],
          [
            112.658375,
            -7.254001
          ],
          [
            112.658025,
            -7.253886
          ],
          [
            112.657446,
            -7.253759
          ],
          [
            112.656245,
            -7.253472
          ],
          [
            112.655566,
            -7.253332
          ],
          [
            112.655021,
            -7.253198
          ],
          [
            112.654194,
            -7.252972
          ],
          [
            112.653308,
            -7.252718
          ],
          [
            112.652709,
            -7.252573
          ],
          [
            112.652029,
            -7.252401
          ],
          [
            112.651228,
            -7.25222
          ],
          [
            112.650497,
            -7.252076
          ],
          [
            112.649604,
            -7.251858
          ],
          [
            112.648631,
            -7.25167
          ],
          [
            112.648144,
            -7.251531
          ],
          [
            112.647548,
            -7.251324
          ],
          [
            112.646175,
            -7.250728
          ],
          [
            112.645419,
            -7.250376
          ],
          [
            112.645114,
            -7.25029
          ],
          [
            112.644607,
            -7.250159
          ],
          [
            112.643841,
            -7.249967
          ],
          [
            112.643557,
            -7.249863
          ],
          [
            112.643257,
            -7.249669
          ],
          [
            112.64302,
            -7.249481
          ],
          [
            112.642165,
            -7.24864
          ],
          [
            112.641819,
            -7.248342
          ],
          [
            112.641485,
            -7.248118
          ],
          [
            112.640991,
            -7.247936
          ],
          [
            112.640555,
            -7.24784
          ],
          [
            112.638856,
            -7.24754
          ],
          [
            112.63816,
            -7.247442
          ],
          [
            112.637798,
            -7.247334
          ],
          [
            112.63717,
            -7.247067
          ],
          [
            112.636778,
            -7.246764
          ],
          [
            112.636241,
            -7.246171
          ],
          [
            112.635849,
            -7.245563
          ],
          [
            112.635681,
            -7.245372
          ],
          [
            112.635191,
            -7.245126
          ],
          [
            112.634043,
            -7.244483
          ],
          [
            112.632386,
            -7.24359
          ],
          [
            112.6308,
            -7.242777
          ],
          [
            112.630389,
            -7.242549
          ],
          [
            112.629957,
            -7.242302
          ],
          [
            112.629547,
            -7.242115
          ],
          [
            112.628692,
            -7.241825
          ],
          [
            112.627921,
            -7.241536
          ],
          [
            112.627308,
            -7.241314
          ],
          [
            112.626312,
            -7.241001
          ],
          [
            112.625258,
            -7.240615
          ],
          [
            112.624659,
            -7.240311
          ],
          [
            112.624193,
            -7.240046
          ],
          [
            112.623183,
            -7.239643
          ],
          [
            112.622447,
            -7.239332
          ],
          [
            112.620475,
            -7.23828
          ],
          [
            112.618408,
            -7.237141
          ],
          [
            112.615882,
            -7.235581
          ],
          [
            112.615357,
            -7.235248
          ],
          [
            112.614975,
            -7.235018
          ],
          [
            112.61458,
            -7.23482
          ],
          [
            112.614092,
            -7.234645
          ],
          [
            112.613872,
            -7.234637
          ],
          [
            112.613505,
            -7.23467
          ],
          [
            112.612665,
            -7.234818
          ],
          [
            112.611352,
            -7.235115
          ],
          [
            112.610652,
            -7.235232
          ],
          [
            112.610228,
            -7.235329
          ],
          [
            112.608965,
            -7.23563
          ],
          [
            112.608204,
            -7.235828
          ],
          [
            112.607789,
            -7.235942
          ],
          [
            112.607737,
            -7.235646
          ],
          [
            112.607884,
            -7.235621
          ],
          [
            112.607941,
            -7.235797
          ],
          [
            112.60842,
            -7.235646
          ],
          [
            112.608712,
            -7.23393
          ],
          [
            112.60887,
            -7.233274
          ],
          [
            112.608944,
            -7.233066
          ],
          [
            112.609283,
            -7.232362
          ],
          [
            112.609487,
            -7.231789
          ],
          [
            112.609752,
            -7.231055
          ],
          [
            112.609927,
            -7.230622
          ],
          [
            112.608517,
            -7.229181
          ],
          [
            112.603804,
            -7.224513
          ],
          [
            112.603976,
            -7.224282
          ],
          [
            112.604242,
            -7.223707
          ],
          [
            112.604446,
            -7.223837
          ],
          [
            112.604229,
            -7.224131
          ],
          [
            112.603982,
            -7.22434
          ],
          [
            112.60385,
            -7.224511
          ],
          [
            112.608564,
            -7.229162
          ],
          [
            112.609987,
            -7.230564
          ],
          [
            112.610057,
            -7.230634
          ],
          [
            112.609993,
            -7.2307
          ],
          [
            112.608928,
            -7.233352
          ],
          [
            112.608494,
            -7.235669
          ]
        ]
      }
    },
    {
      "type": "Feature",
      "properties": {
        "code": "102",
        "link": "fd02",
        "name": "2",
        "title": "Mayjend Sungkono-Balai Kota",
        "color": "#8c2f31",
        "textColor": "white",
        "feeder": true,
        "hours": "05:30 - 21:00",
        "routeId": "fd02"
      },
      "geometry": {
        "type": "LineString",
        "coordinates": [
          [
            112.713469,
            -7.290455
          ],
          [
            112.713509,
            -7.29031
          ],
          [
            112.714481,
            -7.290669
          ],
          [
            112.714799,
            -7.290788
          ],
          [
            112.714846,
            -7.290659
          ],
          [
            112.715324,
            -7.290837
          ],
          [
            112.715284,
            -7.290962
          ],
          [
            112.716564,
            -7.291315
          ],
          [
            112.717785,
            -7.291582
          ],
          [
            112.718748,
            -7.291694
          ],
          [
            112.718987,
            -7.290059
          ],
          [
            112.719024,
            -7.289771
          ],
          [
            112.719156,
            -7.289797
          ],
          [
            112.719121,
            -7.290088
          ],
          [
            112.720585,
            -7.290171
          ],
          [
            112.722697,
            -7.289994
          ],
          [
            112.726461,
            -7.28964
          ],
          [
            112.7267,
            -7.289712
          ],
          [
            112.728111,
            -7.287836
          ],
          [
            112.728863,
            -7.286876
          ],
          [
            112.72951,
            -7.286079
          ],
          [
            112.729596,
            -7.286038
          ],
          [
            112.729757,
            -7.286017
          ],
          [
            112.730184,
            -7.285318
          ],
          [
            112.730239,
            -7.284841
          ],
          [
            112.731891,
            -7.284122
          ],
          [
            112.73079,
            -7.281918
          ],
          [
            112.73045,
            -7.281274
          ],
          [
            112.731363,
            -7.280841
          ],
          [
            112.730469,
            -7.279824
          ],
          [
            112.730627,
            -7.2797
          ],
          [
            112.731555,
            -7.280829
          ],
          [
            112.732745,
            -7.280227
          ],
          [
            112.733879,
            -7.279762
          ],
          [
            112.734943,
            -7.279904
          ],
          [
            112.735146,
            -7.279691
          ],
          [
            112.735271,
            -7.278885
          ],
          [
            112.737764,
            -7.279263
          ],
          [
            112.739069,
            -7.279499
          ],
          [
            112.739803,
            -7.279584
          ],
          [
            112.739983,
            -7.278408
          ],
          [
            112.74097,
            -7.278606
          ],
          [
            112.741741,
            -7.274758
          ],
          [
            112.74216,
            -7.273433
          ],
          [
            112.742009,
            -7.27279
          ],
          [
            112.741683,
            -7.271979
          ],
          [
            112.741567,
            -7.269784
          ],
          [
            112.741389,
            -7.267944
          ],
          [
            112.74113,
            -7.2668
          ],
          [
            112.741034,
            -7.265391
          ],
          [
            112.742208,
            -7.265792
          ],
          [
            112.742428,
            -7.26518
          ],
          [
            112.742771,
            -7.264694
          ],
          [
            112.74287,
            -7.264314
          ],
          [
            112.742456,
            -7.264095
          ],
          [
            112.742332,
            -7.263857
          ],
          [
            112.742535,
            -7.263296
          ],
          [
            112.745399,
            -7.264391
          ],
          [
            112.745576,
            -7.264655
          ],
          [
            112.745315,
            -7.265593
          ],
          [
            112.74464,
            -7.267305
          ],
          [
            112.744564,
            -7.267855
          ],
          [
            112.747616,
            -7.268975
          ],
          [
            112.748183,
            -7.26851
          ],
          [
            112.74884,
            -7.267912
          ],
          [
            112.749128,
            -7.267575
          ],
          [
            112.749405,
            -7.267054
          ],
          [
            112.749719,
            -7.266186
          ],
          [
            112.74962,
            -7.265938
          ],
          [
            112.745785,
            -7.264533
          ],
          [
            112.745683,
            -7.264306
          ],
          [
            112.746773,
            -7.260713
          ],
          [
            112.748503,
            -7.261181
          ],
          [
            112.749533,
            -7.262082
          ],
          [
            112.75052,
            -7.263339
          ],
          [
            112.750826,
            -7.263999
          ],
          [
            112.751106,
            -7.265856
          ],
          [
            112.751008,
            -7.26632
          ],
          [
            112.749977,
            -7.266018
          ],
          [
            112.749794,
            -7.266167
          ],
          [
            112.749445,
            -7.267141
          ],
          [
            112.749176,
            -7.267604
          ],
          [
            112.748884,
            -7.267943
          ],
          [
            112.748183,
            -7.268588
          ],
          [
            112.747653,
            -7.269018
          ],
          [
            112.746755,
            -7.269908
          ],
          [
            112.745965,
            -7.269569
          ],
          [
            112.744057,
            -7.268864
          ],
          [
            112.743692,
            -7.269875
          ],
          [
            112.743164,
            -7.271051
          ],
          [
            112.742257,
            -7.273546
          ],
          [
            112.74186,
            -7.27477
          ],
          [
            112.740911,
            -7.279711
          ],
          [
            112.740413,
            -7.279746
          ],
          [
            112.739059,
            -7.279557
          ],
          [
            112.737751,
            -7.279309
          ],
          [
            112.73756,
            -7.280385
          ],
          [
            112.736295,
            -7.280124
          ],
          [
            112.735073,
            -7.279933
          ],
          [
            112.7352,
            -7.278853
          ],
          [
            112.73112,
            -7.278248
          ],
          [
            112.729666,
            -7.278064
          ],
          [
            112.729549,
            -7.278171
          ],
          [
            112.729503,
            -7.278331
          ],
          [
            112.730516,
            -7.279596
          ],
          [
            112.730364,
            -7.279705
          ],
          [
            112.729522,
            -7.278668
          ],
          [
            112.728662,
            -7.279038
          ],
          [
            112.727751,
            -7.279395
          ],
          [
            112.728006,
            -7.27966
          ],
          [
            112.728286,
            -7.279829
          ],
          [
            112.728762,
            -7.279988
          ],
          [
            112.729033,
            -7.2802
          ],
          [
            112.729216,
            -7.280462
          ],
          [
            112.729295,
            -7.280784
          ],
          [
            112.729063,
            -7.281402
          ],
          [
            112.729085,
            -7.281797
          ],
          [
            112.729228,
            -7.28181
          ],
          [
            112.730483,
            -7.281206
          ],
          [
            112.730859,
            -7.281878
          ],
          [
            112.731974,
            -7.28415
          ],
          [
            112.730294,
            -7.28488
          ],
          [
            112.730232,
            -7.285341
          ],
          [
            112.729765,
            -7.286074
          ],
          [
            112.729586,
            -7.286081
          ],
          [
            112.729474,
            -7.286175
          ],
          [
            112.728909,
            -7.286907
          ],
          [
            112.728156,
            -7.287873
          ],
          [
            112.726715,
            -7.289776
          ],
          [
            112.726461,
            -7.289705
          ],
          [
            112.722708,
            -7.290059
          ],
          [
            112.720589,
            -7.290206
          ],
          [
            112.719114,
            -7.290148
          ],
          [
            112.718918,
            -7.291843
          ],
          [
            112.717775,
            -7.291738
          ],
          [
            112.716516,
            -7.291466
          ],
          [
            112.715236,
            -7.291088
          ],
          [
            112.713469,
            -7.290455
          ]
        ]
      }
    },
    {
      "type": "Feature",
      "properties": {
        "code": "108",
        "link": "fd03",
        "name": "3",
        "title": "TIJ - Gunung Anyar",
        "color": "#43b0dc",
        "textColor": "white",
        "feeder": true,
        "hours": "05:30 - 21:00",
        "routeId": "fd03"
      },
      "geometry": {
        "type": "LineString",
        "coordinates": [
          [
            112.736426,
            -7.298472
          ],
          [
            112.737503,
            -7.298439
          ],
          [
            112.737777,
            -7.298252
          ],
          [
            112.738089,
            -7.29813
          ],
          [
            112.738783,
            -7.297627
          ],
          [
            112.739002,
            -7.297378
          ],
          [
            112.739179,
            -7.29689
          ],
          [
            112.739149,
            -7.296381
          ],
          [
            112.738018,
            -7.294092
          ],
          [
            112.738197,
            -7.294018
          ],
          [
            112.738693,
            -7.295046
          ],
          [
            112.738957,
            -7.29543
          ],
          [
            112.739347,
            -7.295593
          ],
          [
            112.739423,
            -7.296558
          ],
          [
            112.739482,
            -7.296898
          ],
          [
            112.739171,
            -7.2977
          ],
          [
            112.738773,
            -7.298106
          ],
          [
            112.737973,
            -7.298507
          ],
          [
            112.737705,
            -7.299004
          ],
          [
            112.737561,
            -7.29944
          ],
          [
            112.737252,
            -7.300934
          ],
          [
            112.736933,
            -7.302521
          ],
          [
            112.736868,
            -7.303193
          ],
          [
            112.736671,
            -7.304139
          ],
          [
            112.736756,
            -7.304254
          ],
          [
            112.736927,
            -7.304279
          ],
          [
            112.737619,
            -7.3034
          ],
          [
            112.738335,
            -7.302471
          ],
          [
            112.738799,
            -7.301878
          ],
          [
            112.739492,
            -7.301149
          ],
          [
            112.739744,
            -7.300803
          ],
          [
            112.739833,
            -7.300393
          ],
          [
            112.739947,
            -7.299831
          ],
          [
            112.740233,
            -7.299421
          ],
          [
            112.740957,
            -7.298795
          ],
          [
            112.741535,
            -7.298203
          ],
          [
            112.741748,
            -7.297837
          ],
          [
            112.741959,
            -7.297185
          ],
          [
            112.742053,
            -7.296684
          ],
          [
            112.742185,
            -7.295914
          ],
          [
            112.742339,
            -7.295172
          ],
          [
            112.742426,
            -7.294688
          ],
          [
            112.742465,
            -7.293922
          ],
          [
            112.742518,
            -7.293159
          ],
          [
            112.742612,
            -7.292568
          ],
          [
            112.742738,
            -7.29199
          ],
          [
            112.742962,
            -7.291319
          ],
          [
            112.74317,
            -7.290975
          ],
          [
            112.743471,
            -7.290439
          ],
          [
            112.744122,
            -7.289657
          ],
          [
            112.744751,
            -7.288878
          ],
          [
            112.745254,
            -7.28928
          ],
          [
            112.745654,
            -7.28965
          ],
          [
            112.746077,
            -7.290124
          ],
          [
            112.746322,
            -7.290382
          ],
          [
            112.746844,
            -7.290766
          ],
          [
            112.747143,
            -7.290979
          ],
          [
            112.747541,
            -7.291245
          ],
          [
            112.748308,
            -7.291633
          ],
          [
            112.748935,
            -7.291884
          ],
          [
            112.749682,
            -7.292166
          ],
          [
            112.750062,
            -7.292304
          ],
          [
            112.750738,
            -7.292564
          ],
          [
            112.751511,
            -7.292857
          ],
          [
            112.752034,
            -7.293043
          ],
          [
            112.752715,
            -7.2932
          ],
          [
            112.753351,
            -7.293315
          ],
          [
            112.753986,
            -7.293421
          ],
          [
            112.754483,
            -7.29352
          ],
          [
            112.754982,
            -7.29357
          ],
          [
            112.755244,
            -7.293568
          ],
          [
            112.755875,
            -7.293586
          ],
          [
            112.757487,
            -7.293629
          ],
          [
            112.759182,
            -7.293645
          ],
          [
            112.760274,
            -7.293639
          ],
          [
            112.762532,
            -7.293612
          ],
          [
            112.762482,
            -7.294311
          ],
          [
            112.762366,
            -7.295186
          ],
          [
            112.762288,
            -7.296373
          ],
          [
            112.762215,
            -7.297248
          ],
          [
            112.762152,
            -7.298837
          ],
          [
            112.762168,
            -7.299316
          ],
          [
            112.762997,
            -7.299395
          ],
          [
            112.763536,
            -7.299427
          ],
          [
            112.764085,
            -7.299475
          ],
          [
            112.764493,
            -7.299508
          ],
          [
            112.764914,
            -7.299538
          ],
          [
            112.76521,
            -7.299571
          ],
          [
            112.765465,
            -7.29959
          ],
          [
            112.765737,
            -7.29961
          ],
          [
            112.766256,
            -7.299659
          ],
          [
            112.766551,
            -7.299677
          ],
          [
            112.767097,
            -7.299711
          ],
          [
            112.767494,
            -7.299732
          ],
          [
            112.767985,
            -7.299777
          ],
          [
            112.768626,
            -7.299793
          ],
          [
            112.769058,
            -7.299841
          ],
          [
            112.769597,
            -7.29986
          ],
          [
            112.770093,
            -7.299897
          ],
          [
            112.770874,
            -7.299939
          ],
          [
            112.771155,
            -7.299958
          ],
          [
            112.771713,
            -7.299985
          ],
          [
            112.772526,
            -7.300067
          ],
          [
            112.772727,
            -7.300096
          ],
          [
            112.773641,
            -7.300204
          ],
          [
            112.773945,
            -7.3002
          ],
          [
            112.774604,
            -7.300253
          ],
          [
            112.77483,
            -7.300261
          ],
          [
            112.775219,
            -7.300291
          ],
          [
            112.775643,
            -7.300296
          ],
          [
            112.776069,
            -7.300312
          ],
          [
            112.776485,
            -7.30033
          ],
          [
            112.777035,
            -7.300344
          ],
          [
            112.777319,
            -7.300362
          ],
          [
            112.777743,
            -7.30044
          ],
          [
            112.778156,
            -7.300568
          ],
          [
            112.778874,
            -7.300727
          ],
          [
            112.77922,
            -7.300752
          ],
          [
            112.779184,
            -7.301131
          ],
          [
            112.779014,
            -7.302845
          ],
          [
            112.778726,
            -7.305623
          ],
          [
            112.778404,
            -7.310112
          ],
          [
            112.779443,
            -7.310272
          ],
          [
            112.780214,
            -7.310268
          ],
          [
            112.780159,
            -7.309666
          ],
          [
            112.780388,
            -7.309566
          ],
          [
            112.780429,
            -7.307102
          ],
          [
            112.781126,
            -7.304865
          ],
          [
            112.781298,
            -7.303586
          ],
          [
            112.78144,
            -7.303618
          ],
          [
            112.781274,
            -7.304899
          ],
          [
            112.780592,
            -7.307096
          ],
          [
            112.78056,
            -7.308159
          ],
          [
            112.780581,
            -7.308909
          ],
          [
            112.780635,
            -7.310215
          ],
          [
            112.780656,
            -7.31137
          ],
          [
            112.780506,
            -7.311386
          ],
          [
            112.780367,
            -7.311379
          ],
          [
            112.780146,
            -7.3113
          ],
          [
            112.779973,
            -7.311254
          ],
          [
            112.779796,
            -7.311226
          ],
          [
            112.779494,
            -7.311186
          ],
          [
            112.779276,
            -7.311146
          ],
          [
            112.779159,
            -7.311141
          ],
          [
            112.778944,
            -7.311114
          ],
          [
            112.778704,
            -7.311066
          ],
          [
            112.778476,
            -7.31102
          ],
          [
            112.778219,
            -7.310961
          ],
          [
            112.777963,
            -7.310888
          ],
          [
            112.777598,
            -7.310928
          ],
          [
            112.777394,
            -7.310891
          ],
          [
            112.776364,
            -7.310523
          ],
          [
            112.776273,
            -7.310529
          ],
          [
            112.775976,
            -7.310456
          ],
          [
            112.775856,
            -7.310433
          ],
          [
            112.77581,
            -7.31071
          ],
          [
            112.775789,
            -7.310868
          ],
          [
            112.775781,
            -7.310936
          ],
          [
            112.775771,
            -7.311256
          ],
          [
            112.77576,
            -7.311775
          ],
          [
            112.775748,
            -7.312184
          ],
          [
            112.775729,
            -7.312456
          ],
          [
            112.775704,
            -7.312605
          ],
          [
            112.775683,
            -7.312692
          ],
          [
            112.775691,
            -7.312915
          ],
          [
            112.775683,
            -7.31308
          ],
          [
            112.775671,
            -7.313143
          ],
          [
            112.775666,
            -7.313242
          ],
          [
            112.775662,
            -7.313385
          ],
          [
            112.775666,
            -7.313518
          ],
          [
            112.775676,
            -7.313601
          ],
          [
            112.77568,
            -7.313685
          ],
          [
            112.775686,
            -7.313794
          ],
          [
            112.77571,
            -7.314084
          ],
          [
            112.77572,
            -7.314203
          ],
          [
            112.775731,
            -7.314319
          ],
          [
            112.775736,
            -7.314425
          ],
          [
            112.775752,
            -7.314478
          ],
          [
            112.775813,
            -7.314588
          ],
          [
            112.775882,
            -7.3147
          ],
          [
            112.775919,
            -7.314735
          ],
          [
            112.775876,
            -7.316197
          ],
          [
            112.776079,
            -7.317704
          ],
          [
            112.776084,
            -7.31853
          ],
          [
            112.776193,
            -7.319953
          ],
          [
            112.77623,
            -7.320631
          ],
          [
            112.776131,
            -7.321842
          ],
          [
            112.776446,
            -7.321926
          ],
          [
            112.776684,
            -7.322088
          ],
          [
            112.77688,
            -7.322111
          ],
          [
            112.777381,
            -7.322056
          ],
          [
            112.778498,
            -7.3221
          ],
          [
            112.779357,
            -7.322192
          ],
          [
            112.780932,
            -7.322202
          ],
          [
            112.780898,
            -7.320678
          ],
          [
            112.781091,
            -7.320686
          ],
          [
            112.781119,
            -7.322309
          ],
          [
            112.781649,
            -7.322324
          ],
          [
            112.782318,
            -7.322478
          ],
          [
            112.782975,
            -7.322247
          ],
          [
            112.783742,
            -7.322164
          ],
          [
            112.787301,
            -7.321267
          ],
          [
            112.789234,
            -7.32094
          ],
          [
            112.789317,
            -7.320895
          ],
          [
            112.791161,
            -7.320571
          ],
          [
            112.791959,
            -7.322964
          ],
          [
            112.792225,
            -7.325659
          ],
          [
            112.788112,
            -7.326007
          ],
          [
            112.78627,
            -7.326262
          ],
          [
            112.784717,
            -7.326389
          ],
          [
            112.784632,
            -7.326227
          ],
          [
            112.78597,
            -7.326072
          ],
          [
            112.788177,
            -7.325849
          ],
          [
            112.788099,
            -7.328944
          ],
          [
            112.787994,
            -7.33198
          ],
          [
            112.790139,
            -7.332548
          ],
          [
            112.791286,
            -7.332782
          ],
          [
            112.791947,
            -7.332971
          ],
          [
            112.794105,
            -7.333244
          ],
          [
            112.7951,
            -7.333312
          ],
          [
            112.79689,
            -7.333108
          ],
          [
            112.798946,
            -7.332846
          ],
          [
            112.800205,
            -7.332597
          ],
          [
            112.800235,
            -7.332773
          ],
          [
            112.799719,
            -7.332856
          ],
          [
            112.799918,
            -7.335196
          ],
          [
            112.801648,
            -7.335059
          ],
          [
            112.801758,
            -7.336157
          ],
          [
            112.801887,
            -7.337746
          ],
          [
            112.802013,
            -7.339531
          ],
          [
            112.801917,
            -7.339552
          ],
          [
            112.802017,
            -7.340381
          ],
          [
            112.801991,
            -7.342162
          ],
          [
            112.802364,
            -7.343669
          ],
          [
            112.80239,
            -7.343986
          ],
          [
            112.801371,
            -7.343832
          ],
          [
            112.799555,
            -7.343294
          ],
          [
            112.7986,
            -7.342909
          ],
          [
            112.797501,
            -7.343137
          ],
          [
            112.79562,
            -7.342869
          ],
          [
            112.792986,
            -7.342355
          ],
          [
            112.790149,
            -7.341672
          ],
          [
            112.785541,
            -7.340836
          ],
          [
            112.785862,
            -7.341347
          ],
          [
            112.785692,
            -7.341436
          ],
          [
            112.785286,
            -7.340762
          ],
          [
            112.78446,
            -7.340646
          ],
          [
            112.78447,
            -7.340581
          ],
          [
            112.785262,
            -7.3407
          ],
          [
            112.784098,
            -7.338904
          ],
          [
            112.782464,
            -7.336365
          ],
          [
            112.782548,
            -7.336309
          ],
          [
            112.784242,
            -7.338828
          ],
          [
            112.785511,
            -7.340788
          ],
          [
            112.790157,
            -7.341582
          ],
          [
            112.793144,
            -7.342319
          ],
          [
            112.795689,
            -7.342792
          ],
          [
            112.797482,
            -7.343066
          ],
          [
            112.798574,
            -7.34285
          ],
          [
            112.799649,
            -7.343257
          ],
          [
            112.801376,
            -7.343778
          ],
          [
            112.802345,
            -7.343909
          ],
          [
            112.801927,
            -7.342158
          ],
          [
            112.801952,
            -7.340378
          ],
          [
            112.801879,
            -7.339536
          ],
          [
            112.801756,
            -7.337763
          ],
          [
            112.801632,
            -7.336164
          ],
          [
            112.801548,
            -7.335128
          ],
          [
            112.799858,
            -7.335265
          ],
          [
            112.799672,
            -7.332867
          ],
          [
            112.797464,
            -7.333188
          ],
          [
            112.796331,
            -7.333285
          ],
          [
            112.795434,
            -7.33344
          ],
          [
            112.794799,
            -7.333484
          ],
          [
            112.794068,
            -7.3334
          ],
          [
            112.79163,
            -7.333057
          ],
          [
            112.791627,
            -7.33295
          ],
          [
            112.791324,
            -7.332847
          ],
          [
            112.790123,
            -7.332621
          ],
          [
            112.788348,
            -7.332121
          ],
          [
            112.787895,
            -7.331997
          ],
          [
            112.787998,
            -7.328892
          ],
          [
            112.788047,
            -7.326003
          ],
          [
            112.786263,
            -7.326232
          ],
          [
            112.78472,
            -7.326356
          ],
          [
            112.784634,
            -7.326189
          ],
          [
            112.785977,
            -7.326036
          ],
          [
            112.788048,
            -7.32584
          ],
          [
            112.792057,
            -7.325437
          ],
          [
            112.791815,
            -7.322973
          ],
          [
            112.791016,
            -7.320691
          ],
          [
            112.789255,
            -7.321011
          ],
          [
            112.789056,
            -7.321008
          ],
          [
            112.788412,
            -7.321102
          ],
          [
            112.788434,
            -7.321176
          ],
          [
            112.78731,
            -7.321356
          ],
          [
            112.784373,
            -7.32209
          ],
          [
            112.783744,
            -7.322222
          ],
          [
            112.782981,
            -7.322299
          ],
          [
            112.782315,
            -7.322548
          ],
          [
            112.781639,
            -7.322407
          ],
          [
            112.78111,
            -7.322352
          ],
          [
            112.781055,
            -7.323976
          ],
          [
            112.780854,
            -7.323941
          ],
          [
            112.780939,
            -7.322262
          ],
          [
            112.779343,
            -7.322234
          ],
          [
            112.778793,
            -7.322302
          ],
          [
            112.778539,
            -7.322151
          ],
          [
            112.777386,
            -7.32212
          ],
          [
            112.776884,
            -7.322174
          ],
          [
            112.776691,
            -7.322163
          ],
          [
            112.776411,
            -7.321962
          ],
          [
            112.776091,
            -7.321889
          ],
          [
            112.776131,
            -7.321256
          ],
          [
            112.776159,
            -7.3206
          ],
          [
            112.776122,
            -7.319962
          ],
          [
            112.776026,
            -7.318518
          ],
          [
            112.776021,
            -7.317707
          ],
          [
            112.77582,
            -7.316182
          ],
          [
            112.775882,
            -7.314719
          ],
          [
            112.775818,
            -7.314656
          ],
          [
            112.7757,
            -7.314395
          ],
          [
            112.775657,
            -7.313703
          ],
          [
            112.775638,
            -7.313434
          ],
          [
            112.775695,
            -7.31236
          ],
          [
            112.775732,
            -7.311798
          ],
          [
            112.775735,
            -7.311484
          ],
          [
            112.775775,
            -7.310755
          ],
          [
            112.775818,
            -7.310431
          ],
          [
            112.772582,
            -7.309524
          ],
          [
            112.77264,
            -7.309397
          ],
          [
            112.775864,
            -7.310271
          ],
          [
            112.77654,
            -7.310444
          ],
          [
            112.777143,
            -7.31063
          ],
          [
            112.778262,
            -7.310936
          ],
          [
            112.779278,
            -7.311117
          ],
          [
            112.779932,
            -7.311208
          ],
          [
            112.780488,
            -7.311333
          ],
          [
            112.780445,
            -7.310516
          ],
          [
            112.780432,
            -7.309909
          ],
          [
            112.780318,
            -7.309746
          ],
          [
            112.780257,
            -7.309755
          ],
          [
            112.780308,
            -7.310335
          ],
          [
            112.779727,
            -7.310386
          ],
          [
            112.778337,
            -7.310192
          ],
          [
            112.778506,
            -7.307483
          ],
          [
            112.778608,
            -7.30627
          ],
          [
            112.778736,
            -7.304855
          ],
          [
            112.778918,
            -7.302832
          ],
          [
            112.779127,
            -7.301151
          ],
          [
            112.779129,
            -7.300888
          ],
          [
            112.778608,
            -7.300742
          ],
          [
            112.77805,
            -7.300587
          ],
          [
            112.777578,
            -7.300465
          ],
          [
            112.77703,
            -7.300412
          ],
          [
            112.774616,
            -7.3003
          ],
          [
            112.77437,
            -7.300289
          ],
          [
            112.773023,
            -7.300209
          ],
          [
            112.772637,
            -7.300199
          ],
          [
            112.77128,
            -7.300103
          ],
          [
            112.769134,
            -7.299954
          ],
          [
            112.766484,
            -7.299848
          ],
          [
            112.765341,
            -7.299715
          ],
          [
            112.764354,
            -7.299651
          ],
          [
            112.762475,
            -7.299407
          ],
          [
            112.761986,
            -7.299371
          ],
          [
            112.761978,
            -7.298767
          ],
          [
            112.761449,
            -7.298754
          ],
          [
            112.76142,
            -7.299236
          ],
          [
            112.760918,
            -7.299201
          ],
          [
            112.760352,
            -7.299145
          ],
          [
            112.759996,
            -7.299116
          ],
          [
            112.75962,
            -7.299041
          ],
          [
            112.759741,
            -7.298392
          ],
          [
            112.759792,
            -7.297892
          ],
          [
            112.759832,
            -7.297259
          ],
          [
            112.759878,
            -7.296926
          ],
          [
            112.759907,
            -7.295154
          ],
          [
            112.759926,
            -7.294125
          ],
          [
            112.759923,
            -7.293752
          ],
          [
            112.75958,
            -7.293742
          ],
          [
            112.75759,
            -7.29372
          ],
          [
            112.756565,
            -7.293699
          ],
          [
            112.755452,
            -7.293681
          ],
          [
            112.754714,
            -7.293654
          ],
          [
            112.754017,
            -7.293572
          ],
          [
            112.752617,
            -7.293292
          ],
          [
            112.751946,
            -7.293122
          ],
          [
            112.75064,
            -7.292654
          ],
          [
            112.749929,
            -7.292404
          ],
          [
            112.748808,
            -7.291943
          ],
          [
            112.74831,
            -7.291727
          ],
          [
            112.747824,
            -7.291494
          ],
          [
            112.747172,
            -7.291113
          ],
          [
            112.7468,
            -7.290887
          ],
          [
            112.746254,
            -7.290437
          ],
          [
            112.74607,
            -7.290759
          ],
          [
            112.745874,
            -7.291164
          ],
          [
            112.745646,
            -7.291568
          ],
          [
            112.744924,
            -7.291212
          ],
          [
            112.743841,
            -7.290629
          ],
          [
            112.74354,
            -7.290472
          ],
          [
            112.743232,
            -7.291016
          ],
          [
            112.743037,
            -7.291366
          ],
          [
            112.742816,
            -7.292003
          ],
          [
            112.742691,
            -7.292567
          ],
          [
            112.7426,
            -7.293166
          ],
          [
            112.742547,
            -7.293924
          ],
          [
            112.742512,
            -7.294697
          ],
          [
            112.742428,
            -7.295172
          ],
          [
            112.742263,
            -7.29593
          ],
          [
            112.742135,
            -7.296726
          ],
          [
            112.742033,
            -7.297227
          ],
          [
            112.74182,
            -7.297875
          ],
          [
            112.741633,
            -7.298234
          ],
          [
            112.741014,
            -7.298854
          ],
          [
            112.740313,
            -7.299458
          ],
          [
            112.740053,
            -7.299854
          ],
          [
            112.73995,
            -7.300412
          ],
          [
            112.739884,
            -7.300776
          ],
          [
            112.739594,
            -7.3012
          ],
          [
            112.738887,
            -7.301918
          ],
          [
            112.738409,
            -7.302535
          ],
          [
            112.737747,
            -7.303455
          ],
          [
            112.737146,
            -7.304208
          ],
          [
            112.736595,
            -7.304871
          ],
          [
            112.736432,
            -7.305131
          ],
          [
            112.736357,
            -7.30545
          ],
          [
            112.736254,
            -7.305887
          ],
          [
            112.736052,
            -7.306067
          ],
          [
            112.735948,
            -7.306364
          ],
          [
            112.735826,
            -7.306876
          ],
          [
            112.735665,
            -7.307231
          ],
          [
            112.735406,
            -7.307285
          ],
          [
            112.735237,
            -7.307205
          ],
          [
            112.735083,
            -7.307046
          ],
          [
            112.735226,
            -7.306632
          ],
          [
            112.735392,
            -7.306355
          ],
          [
            112.735848,
            -7.305743
          ],
          [
            112.736115,
            -7.305384
          ],
          [
            112.736192,
            -7.304899
          ],
          [
            112.736487,
            -7.303719
          ],
          [
            112.736745,
            -7.302538
          ],
          [
            112.736972,
            -7.301851
          ],
          [
            112.737114,
            -7.301159
          ],
          [
            112.737052,
            -7.300672
          ],
          [
            112.736873,
            -7.300106
          ],
          [
            112.736571,
            -7.299436
          ],
          [
            112.736415,
            -7.299398
          ],
          [
            112.736426,
            -7.298472
          ]
        ]
      }
    },
    {
      "type": "Feature",
      "properties": {
        "code": "121",
        "link": "fd04",
        "name": "4",
        "title": "SIER-Kota Lama",
        "color": "#8f6768",
        "textColor": "white",
        "feeder": true,
        "hours": "05:30 - 21:00",
        "routeId": "fd04"
      },
      "geometry": {
        "type": "LineString",
        "coordinates": [
          [
            112.751299,
            -7.329677
          ],
          [
            112.750478,
            -7.329446
          ],
          [
            112.749921,
            -7.329414
          ],
          [
            112.74925,
            -7.329314
          ],
          [
            112.748567,
            -7.329225
          ],
          [
            112.747812,
            -7.32938
          ],
          [
            112.747404,
            -7.329415
          ],
          [
            112.746601,
            -7.329379
          ],
          [
            112.744626,
            -7.329293
          ],
          [
            112.7447,
            -7.328543
          ],
          [
            112.744979,
            -7.325581
          ],
          [
            112.745208,
            -7.323371
          ],
          [
            112.745277,
            -7.322623
          ],
          [
            112.745345,
            -7.322415
          ],
          [
            112.745788,
            -7.322079
          ],
          [
            112.746824,
            -7.321455
          ],
          [
            112.747445,
            -7.321119
          ],
          [
            112.74772,
            -7.321082
          ],
          [
            112.7499,
            -7.321023
          ],
          [
            112.74934,
            -7.319982
          ],
          [
            112.748978,
            -7.319333
          ],
          [
            112.747203,
            -7.320361
          ],
          [
            112.745809,
            -7.321119
          ],
          [
            112.745686,
            -7.32091
          ],
          [
            112.747052,
            -7.320106
          ],
          [
            112.74893,
            -7.319055
          ],
          [
            112.751094,
            -7.317861
          ],
          [
            112.751112,
            -7.317761
          ],
          [
            112.751098,
            -7.317601
          ],
          [
            112.750994,
            -7.317511
          ],
          [
            112.749061,
            -7.317003
          ],
          [
            112.748352,
            -7.316907
          ],
          [
            112.748211,
            -7.316947
          ],
          [
            112.746748,
            -7.317578
          ],
          [
            112.745237,
            -7.318132
          ],
          [
            112.74456,
            -7.318312
          ],
          [
            112.74071,
            -7.317674
          ],
          [
            112.739514,
            -7.317436
          ],
          [
            112.738403,
            -7.31709
          ],
          [
            112.73767,
            -7.317036
          ],
          [
            112.736587,
            -7.316847
          ],
          [
            112.736216,
            -7.316749
          ],
          [
            112.735012,
            -7.316519
          ],
          [
            112.733913,
            -7.316319
          ],
          [
            112.734042,
            -7.315648
          ],
          [
            112.733893,
            -7.315204
          ],
          [
            112.734678,
            -7.311662
          ],
          [
            112.735415,
            -7.308141
          ],
          [
            112.735107,
            -7.307561
          ],
          [
            112.735093,
            -7.306971
          ],
          [
            112.735577,
            -7.306136
          ],
          [
            112.73615,
            -7.305402
          ],
          [
            112.736687,
            -7.303235
          ],
          [
            112.737146,
            -7.300901
          ],
          [
            112.736565,
            -7.299384
          ],
          [
            112.736415,
            -7.299398
          ],
          [
            112.736409,
            -7.298505
          ],
          [
            112.737462,
            -7.298424
          ],
          [
            112.73823,
            -7.297988
          ],
          [
            112.738922,
            -7.297518
          ],
          [
            112.739121,
            -7.29704
          ],
          [
            112.739162,
            -7.296502
          ],
          [
            112.7387,
            -7.295442
          ],
          [
            112.738031,
            -7.294096
          ],
          [
            112.738204,
            -7.294037
          ],
          [
            112.738894,
            -7.295356
          ],
          [
            112.739348,
            -7.295575
          ],
          [
            112.7394,
            -7.296562
          ],
          [
            112.739723,
            -7.296766
          ],
          [
            112.740331,
            -7.296848
          ],
          [
            112.740562,
            -7.296239
          ],
          [
            112.740786,
            -7.294923
          ],
          [
            112.740833,
            -7.294469
          ],
          [
            112.740954,
            -7.293986
          ],
          [
            112.741462,
            -7.293165
          ],
          [
            112.742263,
            -7.29098
          ],
          [
            112.74297,
            -7.291327
          ],
          [
            112.743501,
            -7.290398
          ],
          [
            112.744666,
            -7.288917
          ],
          [
            112.743982,
            -7.288477
          ],
          [
            112.744564,
            -7.287217
          ],
          [
            112.74515,
            -7.286323
          ],
          [
            112.745671,
            -7.285203
          ],
          [
            112.746219,
            -7.283205
          ],
          [
            112.746112,
            -7.282643
          ],
          [
            112.745785,
            -7.281946
          ],
          [
            112.745407,
            -7.281302
          ],
          [
            112.745147,
            -7.281004
          ],
          [
            112.744199,
            -7.280182
          ],
          [
            112.743863,
            -7.279669
          ],
          [
            112.743163,
            -7.277827
          ],
          [
            112.743123,
            -7.277379
          ],
          [
            112.744275,
            -7.277099
          ],
          [
            112.746122,
            -7.2763
          ],
          [
            112.746445,
            -7.27512
          ],
          [
            112.746923,
            -7.273905
          ],
          [
            112.747218,
            -7.273288
          ],
          [
            112.746115,
            -7.27271
          ],
          [
            112.746425,
            -7.272084
          ],
          [
            112.746672,
            -7.271798
          ],
          [
            112.746952,
            -7.271584
          ],
          [
            112.747204,
            -7.271431
          ],
          [
            112.747965,
            -7.270946
          ],
          [
            112.748903,
            -7.27012
          ],
          [
            112.749908,
            -7.269156
          ],
          [
            112.750438,
            -7.268669
          ],
          [
            112.75057,
            -7.268619
          ],
          [
            112.750684,
            -7.268342
          ],
          [
            112.750899,
            -7.268042
          ],
          [
            112.751254,
            -7.266879
          ],
          [
            112.751363,
            -7.266476
          ],
          [
            112.751678,
            -7.265946
          ],
          [
            112.751821,
            -7.263774
          ],
          [
            112.751845,
            -7.262498
          ],
          [
            112.751737,
            -7.262298
          ],
          [
            112.751374,
            -7.261935
          ],
          [
            112.75103,
            -7.259448
          ],
          [
            112.750974,
            -7.258968
          ],
          [
            112.750782,
            -7.258033
          ],
          [
            112.7501,
            -7.258126
          ],
          [
            112.749753,
            -7.258155
          ],
          [
            112.74921,
            -7.258162
          ],
          [
            112.748882,
            -7.258196
          ],
          [
            112.748494,
            -7.258176
          ],
          [
            112.748097,
            -7.258143
          ],
          [
            112.747322,
            -7.257994
          ],
          [
            112.746634,
            -7.257817
          ],
          [
            112.74652,
            -7.258841
          ],
          [
            112.746296,
            -7.25879
          ],
          [
            112.746472,
            -7.257526
          ],
          [
            112.746604,
            -7.256888
          ],
          [
            112.746828,
            -7.255929
          ],
          [
            112.74506,
            -7.255856
          ],
          [
            112.743966,
            -7.255824
          ],
          [
            112.743548,
            -7.255676
          ],
          [
            112.743115,
            -7.255564
          ],
          [
            112.742946,
            -7.255347
          ],
          [
            112.743833,
            -7.254518
          ],
          [
            112.74422,
            -7.254037
          ],
          [
            112.744242,
            -7.253429
          ],
          [
            112.744205,
            -7.252784
          ],
          [
            112.744311,
            -7.252325
          ],
          [
            112.745052,
            -7.251135
          ],
          [
            112.745922,
            -7.249401
          ],
          [
            112.746712,
            -7.248294
          ],
          [
            112.747375,
            -7.246859
          ],
          [
            112.747412,
            -7.246539
          ],
          [
            112.747318,
            -7.245917
          ],
          [
            112.747146,
            -7.244894
          ],
          [
            112.747146,
            -7.244628
          ],
          [
            112.74752,
            -7.244578
          ],
          [
            112.747768,
            -7.244615
          ],
          [
            112.750046,
            -7.245265
          ],
          [
            112.751299,
            -7.245507
          ],
          [
            112.751506,
            -7.244564
          ],
          [
            112.751897,
            -7.243377
          ],
          [
            112.752874,
            -7.24088
          ],
          [
            112.752831,
            -7.240781
          ],
          [
            112.752745,
            -7.240742
          ],
          [
            112.746434,
            -7.238945
          ],
          [
            112.745051,
            -7.238526
          ],
          [
            112.74515,
            -7.239236
          ],
          [
            112.745294,
            -7.23976
          ],
          [
            112.745648,
            -7.240663
          ],
          [
            112.74586,
            -7.241235
          ],
          [
            112.745982,
            -7.241196
          ],
          [
            112.745934,
            -7.241069
          ],
          [
            112.745798,
            -7.241119
          ],
          [
            112.745932,
            -7.241442
          ],
          [
            112.746071,
            -7.241733
          ],
          [
            112.745818,
            -7.24192
          ],
          [
            112.745686,
            -7.241815
          ],
          [
            112.74555,
            -7.2414
          ],
          [
            112.745424,
            -7.24104
          ],
          [
            112.745283,
            -7.240681
          ],
          [
            112.745125,
            -7.240786
          ],
          [
            112.744811,
            -7.240933
          ],
          [
            112.744798,
            -7.241146
          ],
          [
            112.745027,
            -7.241532
          ],
          [
            112.744941,
            -7.241806
          ],
          [
            112.74478,
            -7.241987
          ],
          [
            112.744809,
            -7.242236
          ],
          [
            112.744795,
            -7.242428
          ],
          [
            112.744766,
            -7.242687
          ],
          [
            112.745049,
            -7.242624
          ],
          [
            112.745273,
            -7.242446
          ],
          [
            112.745605,
            -7.24211
          ],
          [
            112.745671,
            -7.241824
          ],
          [
            112.745528,
            -7.241408
          ],
          [
            112.745406,
            -7.241046
          ],
          [
            112.745298,
            -7.240774
          ],
          [
            112.744948,
            -7.239902
          ],
          [
            112.743634,
            -7.24068
          ],
          [
            112.742225,
            -7.241481
          ],
          [
            112.741959,
            -7.24154
          ],
          [
            112.741378,
            -7.24154
          ],
          [
            112.740489,
            -7.241459
          ],
          [
            112.740193,
            -7.241516
          ],
          [
            112.739945,
            -7.241688
          ],
          [
            112.739867,
            -7.241855
          ],
          [
            112.739796,
            -7.242334
          ],
          [
            112.739452,
            -7.242396
          ],
          [
            112.739306,
            -7.242227
          ],
          [
            112.739261,
            -7.242032
          ],
          [
            112.739136,
            -7.241156
          ],
          [
            112.739041,
            -7.240718
          ],
          [
            112.738665,
            -7.239947
          ],
          [
            112.738513,
            -7.239266
          ],
          [
            112.73852,
            -7.238257
          ],
          [
            112.73864,
            -7.236851
          ],
          [
            112.738042,
            -7.236685
          ],
          [
            112.738299,
            -7.235866
          ],
          [
            112.738184,
            -7.235771
          ],
          [
            112.737174,
            -7.235304
          ],
          [
            112.736703,
            -7.235034
          ],
          [
            112.736536,
            -7.235407
          ],
          [
            112.736022,
            -7.235217
          ],
          [
            112.735933,
            -7.235267
          ],
          [
            112.735659,
            -7.235815
          ],
          [
            112.736783,
            -7.236258
          ],
          [
            112.737811,
            -7.236572
          ],
          [
            112.73799,
            -7.236784
          ],
          [
            112.737643,
            -7.237856
          ],
          [
            112.737467,
            -7.238249
          ],
          [
            112.737401,
            -7.23874
          ],
          [
            112.737419,
            -7.239099
          ],
          [
            112.737607,
            -7.240419
          ],
          [
            112.737721,
            -7.241197
          ],
          [
            112.737892,
            -7.242021
          ],
          [
            112.73811,
            -7.243032
          ],
          [
            112.738441,
            -7.243259
          ],
          [
            112.739256,
            -7.243115
          ],
          [
            112.739696,
            -7.242893
          ],
          [
            112.740192,
            -7.242469
          ],
          [
            112.740828,
            -7.242441
          ],
          [
            112.741356,
            -7.24248
          ],
          [
            112.741665,
            -7.242553
          ],
          [
            112.742346,
            -7.242578
          ],
          [
            112.743551,
            -7.242716
          ],
          [
            112.744659,
            -7.242704
          ],
          [
            112.744595,
            -7.242564
          ],
          [
            112.744761,
            -7.242417
          ],
          [
            112.744728,
            -7.242728
          ],
          [
            112.745062,
            -7.242672
          ],
          [
            112.745305,
            -7.242473
          ],
          [
            112.745639,
            -7.242138
          ],
          [
            112.745727,
            -7.24187
          ],
          [
            112.745563,
            -7.241398
          ],
          [
            112.745441,
            -7.241036
          ],
          [
            112.745292,
            -7.240654
          ],
          [
            112.744968,
            -7.239894
          ],
          [
            112.745237,
            -7.239809
          ],
          [
            112.745823,
            -7.24128
          ],
          [
            112.746014,
            -7.241229
          ],
          [
            112.745939,
            -7.241035
          ],
          [
            112.745723,
            -7.241117
          ],
          [
            112.746007,
            -7.241723
          ],
          [
            112.745803,
            -7.241877
          ],
          [
            112.745724,
            -7.241793
          ],
          [
            112.745583,
            -7.241396
          ],
          [
            112.745456,
            -7.241028
          ],
          [
            112.745333,
            -7.240684
          ],
          [
            112.745122,
            -7.240197
          ],
          [
            112.744919,
            -7.239736
          ],
          [
            112.745005,
            -7.239509
          ],
          [
            112.744973,
            -7.239033
          ],
          [
            112.744801,
            -7.238392
          ],
          [
            112.745013,
            -7.238424
          ],
          [
            112.746346,
            -7.238809
          ],
          [
            112.747231,
            -7.239095
          ],
          [
            112.752471,
            -7.240582
          ],
          [
            112.752874,
            -7.240693
          ],
          [
            112.752972,
            -7.240869
          ],
          [
            112.752458,
            -7.242183
          ],
          [
            112.751661,
            -7.244294
          ],
          [
            112.751533,
            -7.244888
          ],
          [
            112.751388,
            -7.245586
          ],
          [
            112.750029,
            -7.245324
          ],
          [
            112.747692,
            -7.24465
          ],
          [
            112.747553,
            -7.244739
          ],
          [
            112.747432,
            -7.244888
          ],
          [
            112.747595,
            -7.245927
          ],
          [
            112.747698,
            -7.246693
          ],
          [
            112.747612,
            -7.247046
          ],
          [
            112.746944,
            -7.248446
          ],
          [
            112.746159,
            -7.249491
          ],
          [
            112.745286,
            -7.251279
          ],
          [
            112.744541,
            -7.252468
          ],
          [
            112.744488,
            -7.252773
          ],
          [
            112.744524,
            -7.25379
          ],
          [
            112.74441,
            -7.254252
          ],
          [
            112.744022,
            -7.254718
          ],
          [
            112.743591,
            -7.255279
          ],
          [
            112.743673,
            -7.255593
          ],
          [
            112.743969,
            -7.255767
          ],
          [
            112.745054,
            -7.255778
          ],
          [
            112.74699,
            -7.255841
          ],
          [
            112.746764,
            -7.256912
          ],
          [
            112.746647,
            -7.257552
          ],
          [
            112.746579,
            -7.257818
          ],
          [
            112.746471,
            -7.258885
          ],
          [
            112.74637,
            -7.259308
          ],
          [
            112.746028,
            -7.260518
          ],
          [
            112.74694,
            -7.260746
          ],
          [
            112.747564,
            -7.26094
          ],
          [
            112.74847,
            -7.261171
          ],
          [
            112.749153,
            -7.261668
          ],
          [
            112.749484,
            -7.261578
          ],
          [
            112.749611,
            -7.2608
          ],
          [
            112.749794,
            -7.259997
          ],
          [
            112.749892,
            -7.259667
          ],
          [
            112.750086,
            -7.258851
          ],
          [
            112.751052,
            -7.259024
          ],
          [
            112.750855,
            -7.258028
          ],
          [
            112.750725,
            -7.257478
          ],
          [
            112.750832,
            -7.25746
          ],
          [
            112.750949,
            -7.258036
          ],
          [
            112.751188,
            -7.259435
          ],
          [
            112.751517,
            -7.261921
          ],
          [
            112.751874,
            -7.262255
          ],
          [
            112.751975,
            -7.262489
          ],
          [
            112.751934,
            -7.263761
          ],
          [
            112.751782,
            -7.266028
          ],
          [
            112.751452,
            -7.266548
          ],
          [
            112.751315,
            -7.266993
          ],
          [
            112.750994,
            -7.268078
          ],
          [
            112.750777,
            -7.268384
          ],
          [
            112.750631,
            -7.268644
          ],
          [
            112.750925,
            -7.269671
          ],
          [
            112.750943,
            -7.269926
          ],
          [
            112.750739,
            -7.270225
          ],
          [
            112.750493,
            -7.270502
          ],
          [
            112.750414,
            -7.271413
          ],
          [
            112.749826,
            -7.271325
          ],
          [
            112.7497,
            -7.271172
          ],
          [
            112.750682,
            -7.270173
          ],
          [
            112.750837,
            -7.269919
          ],
          [
            112.750828,
            -7.26969
          ],
          [
            112.750566,
            -7.268674
          ],
          [
            112.750456,
            -7.268723
          ],
          [
            112.749946,
            -7.26919
          ],
          [
            112.748941,
            -7.270165
          ],
          [
            112.747988,
            -7.270994
          ],
          [
            112.747229,
            -7.271474
          ],
          [
            112.746973,
            -7.271638
          ],
          [
            112.746709,
            -7.271845
          ],
          [
            112.746465,
            -7.272126
          ],
          [
            112.746184,
            -7.27269
          ],
          [
            112.745912,
            -7.273238
          ],
          [
            112.747061,
            -7.273821
          ],
          [
            112.747322,
            -7.273256
          ],
          [
            112.747524,
            -7.272856
          ],
          [
            112.747766,
            -7.272623
          ],
          [
            112.748462,
            -7.272232
          ],
          [
            112.748911,
            -7.272322
          ],
          [
            112.750122,
            -7.272529
          ],
          [
            112.749178,
            -7.276905
          ],
          [
            112.748959,
            -7.277009
          ],
          [
            112.74616,
            -7.276444
          ],
          [
            112.744328,
            -7.277257
          ],
          [
            112.74325,
            -7.277583
          ],
          [
            112.743969,
            -7.27961
          ],
          [
            112.744296,
            -7.280152
          ],
          [
            112.745192,
            -7.280956
          ],
          [
            112.745466,
            -7.281245
          ],
          [
            112.745834,
            -7.281904
          ],
          [
            112.746169,
            -7.282599
          ],
          [
            112.746294,
            -7.2832
          ],
          [
            112.74573,
            -7.285233
          ],
          [
            112.745205,
            -7.286377
          ],
          [
            112.744612,
            -7.287259
          ],
          [
            112.74405,
            -7.288476
          ],
          [
            112.744728,
            -7.28888
          ],
          [
            112.745456,
            -7.289455
          ],
          [
            112.746302,
            -7.29033
          ],
          [
            112.745669,
            -7.291572
          ],
          [
            112.743554,
            -7.29048
          ],
          [
            112.744699,
            -7.288979
          ],
          [
            112.743972,
            -7.288516
          ],
          [
            112.742831,
            -7.289881
          ],
          [
            112.742331,
            -7.290968
          ],
          [
            112.741518,
            -7.293194
          ],
          [
            112.741026,
            -7.294027
          ],
          [
            112.740901,
            -7.294481
          ],
          [
            112.740856,
            -7.294918
          ],
          [
            112.740617,
            -7.29626
          ],
          [
            112.740355,
            -7.296901
          ],
          [
            112.739706,
            -7.2968
          ],
          [
            112.739447,
            -7.296868
          ],
          [
            112.739305,
            -7.297334
          ],
          [
            112.738876,
            -7.297961
          ],
          [
            112.73802,
            -7.298374
          ],
          [
            112.73763,
            -7.299202
          ],
          [
            112.737252,
            -7.300934
          ],
          [
            112.736861,
            -7.303246
          ],
          [
            112.736358,
            -7.305424
          ],
          [
            112.736165,
            -7.306235
          ],
          [
            112.735987,
            -7.307161
          ],
          [
            112.736227,
            -7.307236
          ],
          [
            112.735243,
            -7.311726
          ],
          [
            112.734296,
            -7.316307
          ],
          [
            112.73507,
            -7.31641
          ],
          [
            112.736249,
            -7.316642
          ],
          [
            112.73663,
            -7.31679
          ],
          [
            112.737667,
            -7.316972
          ],
          [
            112.738416,
            -7.317029
          ],
          [
            112.73955,
            -7.317385
          ],
          [
            112.740722,
            -7.317618
          ],
          [
            112.744554,
            -7.318258
          ],
          [
            112.745226,
            -7.318075
          ],
          [
            112.746736,
            -7.317528
          ],
          [
            112.748181,
            -7.31689
          ],
          [
            112.748354,
            -7.316875
          ],
          [
            112.749062,
            -7.316968
          ],
          [
            112.751025,
            -7.317461
          ],
          [
            112.751465,
            -7.317647
          ],
          [
            112.751414,
            -7.317812
          ],
          [
            112.751215,
            -7.317921
          ],
          [
            112.751127,
            -7.318115
          ],
          [
            112.749031,
            -7.319286
          ],
          [
            112.749398,
            -7.319956
          ],
          [
            112.750058,
            -7.321193
          ],
          [
            112.747743,
            -7.321211
          ],
          [
            112.747473,
            -7.321236
          ],
          [
            112.746885,
            -7.321547
          ],
          [
            112.745836,
            -7.322164
          ],
          [
            112.745429,
            -7.322443
          ],
          [
            112.745365,
            -7.322655
          ],
          [
            112.745304,
            -7.32338
          ],
          [
            112.745076,
            -7.325594
          ],
          [
            112.744803,
            -7.328559
          ],
          [
            112.744739,
            -7.329188
          ],
          [
            112.746609,
            -7.329294
          ],
          [
            112.747415,
            -7.329353
          ],
          [
            112.747798,
            -7.329301
          ],
          [
            112.748574,
            -7.329133
          ],
          [
            112.74928,
            -7.329241
          ],
          [
            112.749947,
            -7.329358
          ],
          [
            112.750441,
            -7.329373
          ],
          [
            112.751205,
            -7.3295
          ],
          [
            112.751529,
            -7.328684
          ],
          [
            112.751638,
            -7.328724
          ],
          [
            112.751334,
            -7.32952
          ],
          [
            112.751299,
            -7.329677
          ]
        ]
      }
    },
    {
      "type": "Feature",
      "properties": {
        "code": "105",
        "link": "fd05",
        "name": "5",
        "title": "Mayjend Sungkono-Puspa Raya",
        "color": "#6b9048",
        "textColor": "white",
        "feeder": true,
        "hours": "05:30 - 21:00",
        "routeId": "fd05"
      },
      "geometry": {
        "type": "LineString",
        "coordinates": [
          [
            112.645192,
            -7.275325
          ],
          [
            112.645476,
            -7.27675
          ],
          [
            112.64607,
            -7.279748
          ],
          [
            112.646561,
            -7.282201
          ],
          [
            112.646826,
            -7.283417
          ],
          [
            112.647826,
            -7.288507
          ],
          [
            112.648328,
            -7.291139
          ],
          [
            112.648793,
            -7.293475
          ],
          [
            112.650128,
            -7.293699
          ],
          [
            112.651668,
            -7.294185
          ],
          [
            112.652032,
            -7.294206
          ],
          [
            112.653187,
            -7.294231
          ],
          [
            112.65439,
            -7.294284
          ],
          [
            112.654257,
            -7.292169
          ],
          [
            112.65435,
            -7.292001
          ],
          [
            112.654524,
            -7.291923
          ],
          [
            112.654608,
            -7.291559
          ],
          [
            112.654783,
            -7.29081
          ],
          [
            112.655421,
            -7.288082
          ],
          [
            112.655907,
            -7.286225
          ],
          [
            112.655922,
            -7.285924
          ],
          [
            112.655818,
            -7.28583
          ],
          [
            112.655859,
            -7.285704
          ],
          [
            112.656336,
            -7.285813
          ],
          [
            112.656716,
            -7.283782
          ],
          [
            112.657672,
            -7.282651
          ],
          [
            112.658003,
            -7.281557
          ],
          [
            112.659355,
            -7.282019
          ],
          [
            112.660085,
            -7.282407
          ],
          [
            112.660976,
            -7.282668
          ],
          [
            112.664452,
            -7.283204
          ],
          [
            112.666023,
            -7.283399
          ],
          [
            112.668496,
            -7.283925
          ],
          [
            112.672447,
            -7.284809
          ],
          [
            112.673822,
            -7.285125
          ],
          [
            112.674982,
            -7.285077
          ],
          [
            112.676416,
            -7.28512
          ],
          [
            112.678125,
            -7.285646
          ],
          [
            112.677816,
            -7.286457
          ],
          [
            112.677887,
            -7.286643
          ],
          [
            112.678312,
            -7.286843
          ],
          [
            112.678773,
            -7.287288
          ],
          [
            112.680323,
            -7.285723
          ],
          [
            112.680402,
            -7.285791
          ],
          [
            112.678594,
            -7.287735
          ],
          [
            112.678202,
            -7.288378
          ],
          [
            112.677596,
            -7.288708
          ],
          [
            112.677306,
            -7.289019
          ],
          [
            112.676491,
            -7.290747
          ],
          [
            112.6762,
            -7.291863
          ],
          [
            112.675801,
            -7.293397
          ],
          [
            112.675635,
            -7.293352
          ],
          [
            112.676025,
            -7.291809
          ],
          [
            112.676381,
            -7.290738
          ],
          [
            112.676303,
            -7.290528
          ],
          [
            112.675815,
            -7.29034
          ],
          [
            112.677172,
            -7.288921
          ],
          [
            112.677385,
            -7.288421
          ],
          [
            112.677386,
            -7.28773
          ],
          [
            112.677466,
            -7.287483
          ],
          [
            112.677717,
            -7.28727
          ],
          [
            112.678034,
            -7.287248
          ],
          [
            112.678395,
            -7.287426
          ],
          [
            112.678532,
            -7.28739
          ],
          [
            112.678376,
            -7.286963
          ],
          [
            112.677786,
            -7.286654
          ],
          [
            112.677745,
            -7.286475
          ],
          [
            112.678015,
            -7.285726
          ],
          [
            112.678016,
            -7.285536
          ],
          [
            112.678204,
            -7.284901
          ],
          [
            112.678412,
            -7.284176
          ],
          [
            112.678764,
            -7.282934
          ],
          [
            112.678918,
            -7.282216
          ],
          [
            112.679018,
            -7.281367
          ],
          [
            112.679053,
            -7.281097
          ],
          [
            112.67913,
            -7.280748
          ],
          [
            112.67925,
            -7.280413
          ],
          [
            112.679432,
            -7.280177
          ],
          [
            112.67966,
            -7.280099
          ],
          [
            112.679756,
            -7.280421
          ],
          [
            112.679798,
            -7.280449
          ],
          [
            112.679848,
            -7.280421
          ],
          [
            112.680858,
            -7.279568
          ],
          [
            112.682344,
            -7.278332
          ],
          [
            112.684039,
            -7.276912
          ],
          [
            112.684192,
            -7.276865
          ],
          [
            112.684226,
            -7.276378
          ],
          [
            112.68424,
            -7.275979
          ],
          [
            112.684357,
            -7.275029
          ],
          [
            112.686605,
            -7.275199
          ],
          [
            112.686666,
            -7.274381
          ],
          [
            112.689087,
            -7.274647
          ],
          [
            112.688981,
            -7.275598
          ],
          [
            112.689078,
            -7.275837
          ],
          [
            112.689909,
            -7.276823
          ],
          [
            112.690858,
            -7.277957
          ],
          [
            112.691152,
            -7.278046
          ],
          [
            112.693084,
            -7.278223
          ],
          [
            112.696053,
            -7.278507
          ],
          [
            112.697095,
            -7.277671
          ],
          [
            112.69766,
            -7.277513
          ],
          [
            112.698221,
            -7.276758
          ],
          [
            112.698346,
            -7.276122
          ],
          [
            112.698471,
            -7.273853
          ],
          [
            112.699848,
            -7.274523
          ],
          [
            112.701188,
            -7.274714
          ],
          [
            112.703953,
            -7.274934
          ],
          [
            112.705052,
            -7.275409
          ],
          [
            112.70624,
            -7.275711
          ],
          [
            112.707229,
            -7.27581
          ],
          [
            112.709391,
            -7.275554
          ],
          [
            112.71004,
            -7.27565
          ],
          [
            112.708783,
            -7.281047
          ],
          [
            112.711439,
            -7.281793
          ],
          [
            112.711726,
            -7.280861
          ],
          [
            112.712484,
            -7.281065
          ],
          [
            112.712321,
            -7.28157
          ],
          [
            112.711639,
            -7.281368
          ],
          [
            112.711139,
            -7.283092
          ],
          [
            112.713236,
            -7.283748
          ],
          [
            112.715786,
            -7.284464
          ],
          [
            112.714778,
            -7.286668
          ],
          [
            112.713728,
            -7.288931
          ],
          [
            112.713604,
            -7.289955
          ],
          [
            112.714481,
            -7.290675
          ],
          [
            112.714799,
            -7.290794
          ],
          [
            112.714846,
            -7.290665
          ],
          [
            112.715324,
            -7.290843
          ],
          [
            112.715284,
            -7.290968
          ],
          [
            112.716564,
            -7.291321
          ],
          [
            112.717785,
            -7.291588
          ],
          [
            112.718748,
            -7.2917
          ],
          [
            112.718987,
            -7.290065
          ],
          [
            112.719024,
            -7.289777
          ],
          [
            112.719156,
            -7.289803
          ],
          [
            112.719121,
            -7.290094
          ],
          [
            112.718918,
            -7.291849
          ],
          [
            112.717775,
            -7.291744
          ],
          [
            112.716516,
            -7.291472
          ],
          [
            112.715236,
            -7.291094
          ],
          [
            112.713391,
            -7.290464
          ],
          [
            112.713645,
            -7.288916
          ],
          [
            112.714711,
            -7.286622
          ],
          [
            112.715664,
            -7.284478
          ],
          [
            112.713225,
            -7.2838
          ],
          [
            112.711046,
            -7.283126
          ],
          [
            112.71176,
            -7.280919
          ],
          [
            112.712432,
            -7.28108
          ],
          [
            112.712305,
            -7.281534
          ],
          [
            112.71084,
            -7.281134
          ],
          [
            112.710682,
            -7.281659
          ],
          [
            112.708591,
            -7.281074
          ],
          [
            112.709874,
            -7.275693
          ],
          [
            112.709406,
            -7.275632
          ],
          [
            112.707191,
            -7.27593
          ],
          [
            112.706239,
            -7.275874
          ],
          [
            112.704998,
            -7.275525
          ],
          [
            112.703922,
            -7.275059
          ],
          [
            112.701182,
            -7.274811
          ],
          [
            112.699803,
            -7.274638
          ],
          [
            112.698581,
            -7.274028
          ],
          [
            112.698486,
            -7.276097
          ],
          [
            112.698344,
            -7.276781
          ],
          [
            112.697703,
            -7.277631
          ],
          [
            112.697168,
            -7.277772
          ],
          [
            112.696069,
            -7.27865
          ],
          [
            112.693484,
            -7.278363
          ],
          [
            112.693088,
            -7.27829
          ],
          [
            112.69262,
            -7.27832
          ],
          [
            112.691112,
            -7.278192
          ],
          [
            112.69078,
            -7.278075
          ],
          [
            112.689906,
            -7.277037
          ],
          [
            112.688979,
            -7.275891
          ],
          [
            112.688889,
            -7.2756
          ],
          [
            112.68897,
            -7.274718
          ],
          [
            112.686772,
            -7.274495
          ],
          [
            112.686719,
            -7.27523
          ],
          [
            112.684388,
            -7.275069
          ],
          [
            112.684296,
            -7.276001
          ],
          [
            112.68429,
            -7.276351
          ],
          [
            112.684245,
            -7.276907
          ],
          [
            112.684073,
            -7.276955
          ],
          [
            112.682384,
            -7.278383
          ],
          [
            112.680895,
            -7.279612
          ],
          [
            112.679874,
            -7.280458
          ],
          [
            112.679793,
            -7.280485
          ],
          [
            112.679729,
            -7.280446
          ],
          [
            112.679638,
            -7.280145
          ],
          [
            112.67944,
            -7.280204
          ],
          [
            112.679283,
            -7.280432
          ],
          [
            112.679165,
            -7.280759
          ],
          [
            112.679087,
            -7.281105
          ],
          [
            112.679046,
            -7.281381
          ],
          [
            112.678958,
            -7.282225
          ],
          [
            112.6788,
            -7.28295
          ],
          [
            112.678458,
            -7.284191
          ],
          [
            112.678264,
            -7.284922
          ],
          [
            112.678065,
            -7.285571
          ],
          [
            112.678168,
            -7.285607
          ],
          [
            112.677847,
            -7.286456
          ],
          [
            112.677902,
            -7.286606
          ],
          [
            112.678319,
            -7.286796
          ],
          [
            112.678751,
            -7.287192
          ],
          [
            112.680302,
            -7.285611
          ],
          [
            112.680542,
            -7.285837
          ],
          [
            112.678654,
            -7.287789
          ],
          [
            112.678234,
            -7.28843
          ],
          [
            112.677669,
            -7.288782
          ],
          [
            112.677403,
            -7.289058
          ],
          [
            112.676579,
            -7.29076
          ],
          [
            112.676302,
            -7.291869
          ],
          [
            112.675868,
            -7.293469
          ],
          [
            112.675533,
            -7.293404
          ],
          [
            112.675936,
            -7.291768
          ],
          [
            112.676306,
            -7.290753
          ],
          [
            112.676269,
            -7.290614
          ],
          [
            112.675738,
            -7.29042
          ],
          [
            112.675701,
            -7.290319
          ],
          [
            112.677132,
            -7.288861
          ],
          [
            112.67733,
            -7.288355
          ],
          [
            112.677328,
            -7.287729
          ],
          [
            112.677418,
            -7.287437
          ],
          [
            112.677702,
            -7.287171
          ],
          [
            112.67808,
            -7.287159
          ],
          [
            112.678365,
            -7.28732
          ],
          [
            112.678459,
            -7.287326
          ],
          [
            112.678317,
            -7.286968
          ],
          [
            112.677762,
            -7.286669
          ],
          [
            112.677698,
            -7.286466
          ],
          [
            112.677976,
            -7.28571
          ],
          [
            112.676418,
            -7.285242
          ],
          [
            112.674979,
            -7.285196
          ],
          [
            112.67384,
            -7.285224
          ],
          [
            112.668376,
            -7.284017
          ],
          [
            112.665989,
            -7.28352
          ],
          [
            112.664432,
            -7.283307
          ],
          [
            112.661012,
            -7.282757
          ],
          [
            112.660026,
            -7.282526
          ],
          [
            112.659165,
            -7.282062
          ],
          [
            112.658089,
            -7.281749
          ],
          [
            112.657832,
            -7.282619
          ],
          [
            112.656826,
            -7.283762
          ],
          [
            112.656417,
            -7.285974
          ],
          [
            112.656168,
            -7.285956
          ],
          [
            112.655979,
            -7.286242
          ],
          [
            112.65558,
            -7.28808
          ],
          [
            112.65493,
            -7.290808
          ],
          [
            112.654721,
            -7.291572
          ],
          [
            112.654637,
            -7.2919
          ],
          [
            112.654421,
            -7.292883
          ],
          [
            112.654556,
            -7.29442
          ],
          [
            112.653185,
            -7.294347
          ],
          [
            112.652007,
            -7.294332
          ],
          [
            112.651627,
            -7.294314
          ],
          [
            112.64998,
            -7.293781
          ],
          [
            112.648666,
            -7.293637
          ],
          [
            112.648179,
            -7.291161
          ],
          [
            112.647644,
            -7.288539
          ],
          [
            112.646889,
            -7.28491
          ],
          [
            112.646595,
            -7.283417
          ],
          [
            112.646536,
            -7.283274
          ],
          [
            112.645909,
            -7.283423
          ],
          [
            112.645671,
            -7.283417
          ],
          [
            112.645447,
            -7.283362
          ],
          [
            112.645034,
            -7.283207
          ],
          [
            112.643683,
            -7.282602
          ],
          [
            112.641914,
            -7.281782
          ],
          [
            112.640932,
            -7.281641
          ],
          [
            112.638182,
            -7.281772
          ],
          [
            112.637478,
            -7.281826
          ],
          [
            112.636901,
            -7.281752
          ],
          [
            112.636027,
            -7.281729
          ],
          [
            112.635156,
            -7.281589
          ],
          [
            112.63473,
            -7.281575
          ],
          [
            112.634268,
            -7.28159
          ],
          [
            112.633608,
            -7.281705
          ],
          [
            112.633586,
            -7.283173
          ],
          [
            112.634137,
            -7.284744
          ],
          [
            112.633973,
            -7.286664
          ],
          [
            112.633444,
            -7.286614
          ],
          [
            112.632781,
            -7.286577
          ],
          [
            112.631447,
            -7.286444
          ],
          [
            112.630896,
            -7.28637
          ],
          [
            112.63061,
            -7.286294
          ],
          [
            112.630626,
            -7.28506
          ],
          [
            112.630627,
            -7.283764
          ],
          [
            112.630625,
            -7.282266
          ],
          [
            112.630666,
            -7.281236
          ],
          [
            112.632069,
            -7.281508
          ],
          [
            112.632861,
            -7.281623
          ],
          [
            112.633134,
            -7.281621
          ],
          [
            112.633364,
            -7.281593
          ],
          [
            112.634043,
            -7.281465
          ],
          [
            112.634558,
            -7.281428
          ],
          [
            112.635153,
            -7.281444
          ],
          [
            112.636014,
            -7.281581
          ],
          [
            112.636928,
            -7.281606
          ],
          [
            112.637517,
            -7.28168
          ],
          [
            112.638181,
            -7.281609
          ],
          [
            112.640976,
            -7.281509
          ],
          [
            112.641768,
            -7.281581
          ],
          [
            112.643774,
            -7.2825
          ],
          [
            112.645294,
            -7.283155
          ],
          [
            112.645329,
            -7.283277
          ],
          [
            112.645677,
            -7.283382
          ],
          [
            112.645965,
            -7.283383
          ],
          [
            112.646263,
            -7.283208
          ],
          [
            112.646415,
            -7.283068
          ],
          [
            112.646484,
            -7.282901
          ],
          [
            112.64639,
            -7.282254
          ],
          [
            112.645917,
            -7.279771
          ],
          [
            112.645316,
            -7.276793
          ],
          [
            112.645056,
            -7.275362
          ],
          [
            112.645192,
            -7.275325
          ]
        ]
      }
    },
    {
      "type": "Feature",
      "properties": {
        "code": "106",
        "link": "fd06",
        "name": "6",
        "title": "TIJ - Lakarsantri",
        "color": "#da8539",
        "textColor": "white",
        "feeder": true,
        "hours": "05:30 - 21:00",
        "routeId": "fd06"
      },
      "geometry": {
        "type": "LineString",
        "coordinates": [
          [
            112.7364242,
            -7.2989835
          ],
          [
            112.736425,
            -7.2993483
          ],
          [
            112.736514,
            -7.2993815
          ],
          [
            112.7361911,
            -7.2993997
          ],
          [
            112.7357971,
            -7.2994232
          ],
          [
            112.7349703,
            -7.2994339
          ],
          [
            112.7345448,
            -7.2994125
          ],
          [
            112.7340334,
            -7.2993866
          ],
          [
            112.73372,
            -7.2993772
          ],
          [
            112.7334041,
            -7.2993711
          ],
          [
            112.7330519,
            -7.299394
          ],
          [
            112.7327733,
            -7.2994267
          ],
          [
            112.7325279,
            -7.2994872
          ],
          [
            112.7320237,
            -7.2996437
          ],
          [
            112.7313761,
            -7.2999039
          ],
          [
            112.7307208,
            -7.3001675
          ],
          [
            112.7300694,
            -7.3004088
          ],
          [
            112.7294226,
            -7.300679
          ],
          [
            112.7290918,
            -7.3008215
          ],
          [
            112.7281272,
            -7.3013517
          ],
          [
            112.7274815,
            -7.3016988
          ],
          [
            112.7269196,
            -7.3020215
          ],
          [
            112.7266439,
            -7.3023874
          ],
          [
            112.7263702,
            -7.3028179
          ],
          [
            112.7258195,
            -7.3036122
          ],
          [
            112.7252779,
            -7.3044149
          ],
          [
            112.7250048,
            -7.3048113
          ],
          [
            112.7247109,
            -7.3051917
          ],
          [
            112.7244421,
            -7.3054956
          ],
          [
            112.7241619,
            -7.3057569
          ],
          [
            112.7238609,
            -7.3060201
          ],
          [
            112.7235706,
            -7.30622
          ],
          [
            112.7227637,
            -7.306644
          ],
          [
            112.722004,
            -7.3069961
          ],
          [
            112.7218007,
            -7.3070451
          ],
          [
            112.721596,
            -7.3070722
          ],
          [
            112.7209131,
            -7.3071037
          ],
          [
            112.7203805,
            -7.3071364
          ],
          [
            112.71985,
            -7.3072104
          ],
          [
            112.718045,
            -7.307496
          ],
          [
            112.7176184,
            -7.3075443
          ],
          [
            112.7169461,
            -7.3075404
          ],
          [
            112.7162659,
            -7.3075951
          ],
          [
            112.7157918,
            -7.3075377
          ],
          [
            112.7154531,
            -7.3074439
          ],
          [
            112.7152115,
            -7.3073628
          ],
          [
            112.7146869,
            -7.3072577
          ],
          [
            112.7140273,
            -7.307265
          ],
          [
            112.7136206,
            -7.3073667
          ],
          [
            112.7134196,
            -7.3074787
          ],
          [
            112.7132288,
            -7.3076079
          ],
          [
            112.7130074,
            -7.307798
          ],
          [
            112.7129303,
            -7.3078748
          ],
          [
            112.7128095,
            -7.307921
          ],
          [
            112.7123682,
            -7.3083261
          ],
          [
            112.7121482,
            -7.3085286
          ],
          [
            112.7119423,
            -7.3087318
          ],
          [
            112.711901,
            -7.3088483
          ],
          [
            112.7116163,
            -7.3091489
          ],
          [
            112.7113298,
            -7.3094812
          ],
          [
            112.711118,
            -7.3098376
          ],
          [
            112.7109371,
            -7.3102027
          ],
          [
            112.7107585,
            -7.310573
          ],
          [
            112.7105624,
            -7.3109294
          ],
          [
            112.7101472,
            -7.3116514
          ],
          [
            112.7097937,
            -7.312388
          ],
          [
            112.7097331,
            -7.3126552
          ],
          [
            112.7096967,
            -7.3129225
          ],
          [
            112.7088655,
            -7.3128247
          ],
          [
            112.7080039,
            -7.3127671
          ],
          [
            112.7075972,
            -7.3127734
          ],
          [
            112.7071872,
            -7.312807
          ],
          [
            112.7063551,
            -7.3128655
          ],
          [
            112.7055237,
            -7.3129454
          ],
          [
            112.7052776,
            -7.3129727
          ],
          [
            112.7047003,
            -7.3130738
          ],
          [
            112.7038361,
            -7.3132613
          ],
          [
            112.7031636,
            -7.313399
          ],
          [
            112.7029752,
            -7.3134542
          ],
          [
            112.7028086,
            -7.3136009
          ],
          [
            112.7023479,
            -7.3136468
          ],
          [
            112.7013712,
            -7.3137077
          ],
          [
            112.7005299,
            -7.3137421
          ],
          [
            112.6996212,
            -7.3137884
          ],
          [
            112.6987131,
            -7.3138207
          ],
          [
            112.6969011,
            -7.3138841
          ],
          [
            112.6959904,
            -7.3139533
          ],
          [
            112.6955126,
            -7.3139853
          ],
          [
            112.695079,
            -7.313986
          ],
          [
            112.6938272,
            -7.3139625
          ],
          [
            112.6928472,
            -7.3139091
          ],
          [
            112.6924721,
            -7.3138281
          ],
          [
            112.692156,
            -7.3137138
          ],
          [
            112.6915071,
            -7.3133922
          ],
          [
            112.6908665,
            -7.3130821
          ],
          [
            112.6902179,
            -7.3127808
          ],
          [
            112.6889026,
            -7.312218
          ],
          [
            112.688246,
            -7.3119369
          ],
          [
            112.6878616,
            -7.3117884
          ],
          [
            112.6875591,
            -7.3116884
          ],
          [
            112.6870965,
            -7.3115893
          ],
          [
            112.6865145,
            -7.3115049
          ],
          [
            112.6854645,
            -7.3113314
          ],
          [
            112.6844041,
            -7.3111513
          ],
          [
            112.6835741,
            -7.3109987
          ],
          [
            112.6829352,
            -7.3109233
          ],
          [
            112.6824519,
            -7.3108466
          ],
          [
            112.6818939,
            -7.3107493
          ],
          [
            112.6813385,
            -7.3106346
          ],
          [
            112.6802325,
            -7.3103987
          ],
          [
            112.6791465,
            -7.3101591
          ],
          [
            112.677833,
            -7.3098711
          ],
          [
            112.6765122,
            -7.3095984
          ],
          [
            112.6758405,
            -7.3094725
          ],
          [
            112.675191,
            -7.3093327
          ],
          [
            112.67451,
            -7.3092021
          ],
          [
            112.6742526,
            -7.3091395
          ],
          [
            112.6741321,
            -7.3090125
          ],
          [
            112.6740733,
            -7.3089207
          ],
          [
            112.6737519,
            -7.3088323
          ],
          [
            112.6734306,
            -7.3087539
          ],
          [
            112.6732499,
            -7.3087081
          ],
          [
            112.6730733,
            -7.3086722
          ],
          [
            112.6727865,
            -7.3085985
          ],
          [
            112.672356,
            -7.308492
          ],
          [
            112.6718702,
            -7.3083789
          ],
          [
            112.6714984,
            -7.3082897
          ],
          [
            112.6708375,
            -7.3081463
          ],
          [
            112.6701774,
            -7.3079839
          ],
          [
            112.6695507,
            -7.3078246
          ],
          [
            112.6689234,
            -7.307678
          ],
          [
            112.6685966,
            -7.3075919
          ],
          [
            112.6682664,
            -7.307521
          ],
          [
            112.6676081,
            -7.30738
          ],
          [
            112.667453,
            -7.3073327
          ],
          [
            112.6664617,
            -7.3070979
          ],
          [
            112.6660998,
            -7.307023
          ],
          [
            112.6657399,
            -7.3069428
          ],
          [
            112.6652332,
            -7.306849
          ],
          [
            112.6648512,
            -7.3067763
          ],
          [
            112.6646146,
            -7.3067189
          ],
          [
            112.6640879,
            -7.3065862
          ],
          [
            112.6639454,
            -7.3065663
          ],
          [
            112.6636902,
            -7.3065211
          ],
          [
            112.6634602,
            -7.3065089
          ],
          [
            112.6633348,
            -7.3064894
          ],
          [
            112.6628121,
            -7.306415
          ],
          [
            112.6625858,
            -7.3063726
          ],
          [
            112.6620965,
            -7.3062815
          ],
          [
            112.6617568,
            -7.3062382
          ],
          [
            112.661342,
            -7.3061867
          ],
          [
            112.6609224,
            -7.3061271
          ],
          [
            112.6603686,
            -7.3060555
          ],
          [
            112.6601996,
            -7.3060403
          ],
          [
            112.6598362,
            -7.3060159
          ],
          [
            112.6594728,
            -7.3059882
          ],
          [
            112.659116,
            -7.3059558
          ],
          [
            112.6587592,
            -7.3059348
          ],
          [
            112.6582445,
            -7.3059102
          ],
          [
            112.6580463,
            -7.3058941
          ],
          [
            112.6569916,
            -7.3058002
          ],
          [
            112.6564639,
            -7.3057562
          ],
          [
            112.6562,
            -7.3057352
          ],
          [
            112.6559361,
            -7.3057275
          ],
          [
            112.6549172,
            -7.3056845
          ],
          [
            112.6544001,
            -7.3056686
          ],
          [
            112.6538832,
            -7.3056484
          ],
          [
            112.6538579,
            -7.3057898
          ],
          [
            112.6537643,
            -7.306186
          ],
          [
            112.6536325,
            -7.3067209
          ],
          [
            112.6533536,
            -7.307792
          ],
          [
            112.6532829,
            -7.308063
          ],
          [
            112.6532161,
            -7.308334
          ],
          [
            112.6530934,
            -7.3088787
          ],
          [
            112.6530308,
            -7.309152
          ],
          [
            112.6529837,
            -7.3094254
          ],
          [
            112.6528895,
            -7.309972
          ],
          [
            112.6527615,
            -7.3104555
          ],
          [
            112.6526274,
            -7.3109389
          ],
          [
            112.6524873,
            -7.3114213
          ],
          [
            112.6524461,
            -7.3115664
          ],
          [
            112.6523801,
            -7.3119057
          ],
          [
            112.6523334,
            -7.3121387
          ],
          [
            112.6523095,
            -7.3124268
          ],
          [
            112.6522835,
            -7.3126813
          ],
          [
            112.6522422,
            -7.3129124
          ],
          [
            112.6521397,
            -7.3134454
          ],
          [
            112.6519381,
            -7.3133883
          ],
          [
            112.6518691,
            -7.3133303
          ],
          [
            112.6518451,
            -7.3132563
          ],
          [
            112.651912,
            -7.3131599
          ],
          [
            112.6520085,
            -7.3130695
          ],
          [
            112.6522302,
            -7.3129094
          ],
          [
            112.6522709,
            -7.312679
          ],
          [
            112.6522934,
            -7.3124266
          ],
          [
            112.6523199,
            -7.3121359
          ],
          [
            112.6523657,
            -7.3119043
          ],
          [
            112.6524339,
            -7.3115594
          ],
          [
            112.6524733,
            -7.3114194
          ],
          [
            112.6526145,
            -7.3109358
          ],
          [
            112.6527506,
            -7.3104516
          ],
          [
            112.6528793,
            -7.3099673
          ],
          [
            112.652971,
            -7.3094229
          ],
          [
            112.6530169,
            -7.3091507
          ],
          [
            112.6530768,
            -7.3088785
          ],
          [
            112.6532016,
            -7.3083329
          ],
          [
            112.6533399,
            -7.3077873
          ],
          [
            112.6534807,
            -7.3072524
          ],
          [
            112.6536196,
            -7.3067182
          ],
          [
            112.6537517,
            -7.306183
          ],
          [
            112.6538431,
            -7.3057909
          ],
          [
            112.6538697,
            -7.3056478
          ],
          [
            112.6525632,
            -7.3055568
          ],
          [
            112.6522416,
            -7.3055468
          ],
          [
            112.6519226,
            -7.3055302
          ],
          [
            112.6512819,
            -7.3054975
          ],
          [
            112.6506347,
            -7.3054658
          ],
          [
            112.6503117,
            -7.3054513
          ],
          [
            112.6499875,
            -7.3054448
          ],
          [
            112.6493389,
            -7.3054264
          ],
          [
            112.648695,
            -7.3053848
          ],
          [
            112.6484418,
            -7.3053634
          ],
          [
            112.6479814,
            -7.3053434
          ],
          [
            112.647265,
            -7.305324
          ],
          [
            112.6458387,
            -7.3052891
          ],
          [
            112.6451342,
            -7.3052695
          ],
          [
            112.6447874,
            -7.3052754
          ],
          [
            112.6444298,
            -7.30526
          ],
          [
            112.6438289,
            -7.3052323
          ],
          [
            112.6433958,
            -7.3052292
          ],
          [
            112.6430229,
            -7.3052153
          ],
          [
            112.641657,
            -7.3051797
          ],
          [
            112.6409765,
            -7.3051711
          ],
          [
            112.6406631,
            -7.3051651
          ],
          [
            112.6402987,
            -7.3051445
          ],
          [
            112.6396133,
            -7.3051135
          ],
          [
            112.638932,
            -7.3050718
          ],
          [
            112.6386246,
            -7.3050421
          ],
          [
            112.6383227,
            -7.3049918
          ],
          [
            112.6377168,
            -7.3048778
          ],
          [
            112.6372827,
            -7.3047514
          ],
          [
            112.6368587,
            -7.3046031
          ],
          [
            112.6364431,
            -7.3044415
          ],
          [
            112.636307,
            -7.3043864
          ],
          [
            112.6361682,
            -7.3043414
          ],
          [
            112.6360275,
            -7.3042785
          ],
          [
            112.6356182,
            -7.3041116
          ],
          [
            112.635211,
            -7.3039406
          ],
          [
            112.634818,
            -7.3037654
          ],
          [
            112.6344157,
            -7.3036028
          ],
          [
            112.6340569,
            -7.303482
          ],
          [
            112.6336861,
            -7.3033838
          ],
          [
            112.6333209,
            -7.303288
          ],
          [
            112.6329576,
            -7.3032174
          ],
          [
            112.632927,
            -7.3033593
          ],
          [
            112.6329169,
            -7.3033583
          ],
          [
            112.6329484,
            -7.3032039
          ],
          [
            112.6333192,
            -7.3032772
          ],
          [
            112.6336886,
            -7.3033698
          ],
          [
            112.6340607,
            -7.3034722
          ],
          [
            112.6344221,
            -7.3035932
          ],
          [
            112.6348228,
            -7.3037559
          ],
          [
            112.6352155,
            -7.3039305
          ],
          [
            112.635623,
            -7.3041026
          ],
          [
            112.6360319,
            -7.3042661
          ],
          [
            112.6361733,
            -7.3043297
          ],
          [
            112.6363111,
            -7.3043758
          ],
          [
            112.6364469,
            -7.3044299
          ],
          [
            112.6368625,
            -7.3045917
          ],
          [
            112.6372848,
            -7.3047416
          ],
          [
            112.6377178,
            -7.3048628
          ],
          [
            112.6383239,
            -7.3049801
          ],
          [
            112.6386266,
            -7.3050322
          ],
          [
            112.6389333,
            -7.3050615
          ],
          [
            112.6396155,
            -7.3051043
          ],
          [
            112.6402983,
            -7.3051338
          ],
          [
            112.6406633,
            -7.3051541
          ],
          [
            112.6409766,
            -7.3051598
          ],
          [
            112.6416563,
            -7.3051686
          ],
          [
            112.6430226,
            -7.305204
          ],
          [
            112.6433961,
            -7.3052188
          ],
          [
            112.6438294,
            -7.305221
          ],
          [
            112.644431,
            -7.3052479
          ],
          [
            112.6447877,
            -7.3052651
          ],
          [
            112.645135,
            -7.3052591
          ],
          [
            112.645839,
            -7.3052775
          ],
          [
            112.6472642,
            -7.3053111
          ],
          [
            112.6479814,
            -7.3053322
          ],
          [
            112.6484436,
            -7.305352
          ],
          [
            112.6486953,
            -7.3053712
          ],
          [
            112.6493395,
            -7.3054171
          ],
          [
            112.6499884,
            -7.3054325
          ],
          [
            112.650312,
            -7.3054391
          ],
          [
            112.6506342,
            -7.3054545
          ],
          [
            112.6512821,
            -7.3054851
          ],
          [
            112.6519218,
            -7.3055189
          ],
          [
            112.6522416,
            -7.3055351
          ],
          [
            112.6525614,
            -7.305544
          ],
          [
            112.6538203,
            -7.3056339
          ],
          [
            112.6543979,
            -7.3056581
          ],
          [
            112.6549152,
            -7.3056734
          ],
          [
            112.6559378,
            -7.3057146
          ],
          [
            112.6562017,
            -7.3057254
          ],
          [
            112.6564656,
            -7.3057442
          ],
          [
            112.6569928,
            -7.3057884
          ],
          [
            112.6580472,
            -7.3058822
          ],
          [
            112.6582453,
            -7.3058992
          ],
          [
            112.6587607,
            -7.3059243
          ],
          [
            112.6591174,
            -7.3059453
          ],
          [
            112.6594728,
            -7.305975
          ],
          [
            112.6598371,
            -7.3060052
          ],
          [
            112.6602014,
            -7.3060286
          ],
          [
            112.6603716,
            -7.3060454
          ],
          [
            112.6609247,
            -7.3061141
          ],
          [
            112.6613434,
            -7.3061774
          ],
          [
            112.6617574,
            -7.306226
          ],
          [
            112.6621,
            -7.3062686
          ],
          [
            112.6625868,
            -7.3063605
          ],
          [
            112.6628172,
            -7.3064037
          ],
          [
            112.6633367,
            -7.3064782
          ],
          [
            112.6634625,
            -7.306498
          ],
          [
            112.6636916,
            -7.3065091
          ],
          [
            112.6639454,
            -7.3065562
          ],
          [
            112.664092,
            -7.3065739
          ],
          [
            112.6646151,
            -7.3067058
          ],
          [
            112.6648555,
            -7.3067639
          ],
          [
            112.6652348,
            -7.3068354
          ],
          [
            112.6657421,
            -7.30693
          ],
          [
            112.6661024,
            -7.3070126
          ],
          [
            112.6664634,
            -7.3070858
          ],
          [
            112.6674582,
            -7.3073218
          ],
          [
            112.6676109,
            -7.3073689
          ],
          [
            112.6682688,
            -7.307512
          ],
          [
            112.6685994,
            -7.3075806
          ],
          [
            112.668926,
            -7.3076665
          ],
          [
            112.6695324,
            -7.3078082
          ],
          [
            112.6701375,
            -7.3079612
          ],
          [
            112.6707694,
            -7.3081166
          ],
          [
            112.6710857,
            -7.3081886
          ],
          [
            112.671402,
            -7.308254
          ],
          [
            112.6720372,
            -7.3084043
          ],
          [
            112.6726732,
            -7.3085546
          ],
          [
            112.6729883,
            -7.3086353
          ],
          [
            112.6733061,
            -7.3087086
          ],
          [
            112.673937,
            -7.308872
          ],
          [
            112.6740097,
            -7.308579
          ],
          [
            112.6740697,
            -7.3082715
          ],
          [
            112.6741165,
            -7.3082063
          ],
          [
            112.6742068,
            -7.3078538
          ],
          [
            112.6742641,
            -7.3075346
          ],
          [
            112.6742995,
            -7.3073306
          ],
          [
            112.6743147,
            -7.3071891
          ],
          [
            112.674329,
            -7.3070283
          ],
          [
            112.6743325,
            -7.3068336
          ],
          [
            112.6743341,
            -7.3064674
          ],
          [
            112.6742895,
            -7.3061191
          ],
          [
            112.6742583,
            -7.3057566
          ],
          [
            112.6742348,
            -7.3055074
          ],
          [
            112.6742328,
            -7.3054133
          ],
          [
            112.6742239,
            -7.3049686
          ],
          [
            112.6742325,
            -7.3047466
          ],
          [
            112.6742532,
            -7.3042482
          ],
          [
            112.6742672,
            -7.3040863
          ],
          [
            112.6743201,
            -7.3038896
          ],
          [
            112.6744569,
            -7.303643
          ],
          [
            112.674711,
            -7.303223
          ],
          [
            112.6749671,
            -7.3027973
          ],
          [
            112.675027,
            -7.3026953
          ],
          [
            112.6750835,
            -7.3025841
          ],
          [
            112.6751985,
            -7.3023509
          ],
          [
            112.6753116,
            -7.3021256
          ],
          [
            112.6754234,
            -7.301895
          ],
          [
            112.6754907,
            -7.3017587
          ],
          [
            112.6755694,
            -7.3015652
          ],
          [
            112.6756146,
            -7.3014994
          ],
          [
            112.675641,
            -7.301433
          ],
          [
            112.6756695,
            -7.3013684
          ],
          [
            112.6756925,
            -7.3013039
          ],
          [
            112.6757032,
            -7.3011155
          ],
          [
            112.6756981,
            -7.3009756
          ],
          [
            112.6756869,
            -7.3008357
          ],
          [
            112.6756509,
            -7.3006046
          ],
          [
            112.6756136,
            -7.3004972
          ],
          [
            112.6755007,
            -7.300154
          ],
          [
            112.6754537,
            -7.2997355
          ],
          [
            112.6754355,
            -7.299305
          ],
          [
            112.6754217,
            -7.2989071
          ],
          [
            112.6753691,
            -7.2988058
          ],
          [
            112.675409,
            -7.2986992
          ],
          [
            112.6754122,
            -7.298457
          ],
          [
            112.6754058,
            -7.297787
          ],
          [
            112.675395,
            -7.2973891
          ],
          [
            112.6754052,
            -7.2970974
          ],
          [
            112.6754122,
            -7.2966944
          ],
          [
            112.675434,
            -7.2962915
          ],
          [
            112.6754749,
            -7.2958949
          ],
          [
            112.675495,
            -7.295483
          ],
          [
            112.6755091,
            -7.2945524
          ],
          [
            112.6755306,
            -7.2940605
          ],
          [
            112.675548,
            -7.293558
          ],
          [
            112.6756449,
            -7.293133
          ],
          [
            112.675762,
            -7.292708
          ],
          [
            112.676003,
            -7.29178
          ],
          [
            112.676086,
            -7.2915217
          ],
          [
            112.6762345,
            -7.2912016
          ],
          [
            112.6763136,
            -7.290959
          ],
          [
            112.6763701,
            -7.2907421
          ],
          [
            112.6763706,
            -7.2906291
          ],
          [
            112.6762832,
            -7.2905441
          ],
          [
            112.6758796,
            -7.2904096
          ],
          [
            112.6757549,
            -7.2903423
          ],
          [
            112.6760044,
            -7.2900377
          ],
          [
            112.6762884,
            -7.2897367
          ],
          [
            112.6767229,
            -7.2892933
          ],
          [
            112.6771966,
            -7.2888846
          ],
          [
            112.6774,
            -7.288361
          ],
          [
            112.6773806,
            -7.2876909
          ],
          [
            112.6774453,
            -7.2874829
          ],
          [
            112.6776164,
            -7.2872806
          ],
          [
            112.6777739,
            -7.2871907
          ],
          [
            112.6779992,
            -7.2871833
          ],
          [
            112.6782327,
            -7.2872596
          ],
          [
            112.6783945,
            -7.2874193
          ],
          [
            112.6784585,
            -7.2875812
          ],
          [
            112.6784681,
            -7.2877556
          ],
          [
            112.6783136,
            -7.288026
          ],
          [
            112.6781698,
            -7.2882963
          ],
          [
            112.6781105,
            -7.2884132
          ],
          [
            112.6780283,
            -7.2885188
          ],
          [
            112.6778982,
            -7.2885971
          ],
          [
            112.6777795,
            -7.2886309
          ],
          [
            112.6775321,
            -7.2888227
          ],
          [
            112.6774547,
            -7.2888971
          ],
          [
            112.6773859,
            -7.288988
          ],
          [
            112.6769856,
            -7.2897948
          ],
          [
            112.6765934,
            -7.290603
          ],
          [
            112.6765102,
            -7.2908329
          ],
          [
            112.6764036,
            -7.2912285
          ],
          [
            112.6763104,
            -7.2915413
          ],
          [
            112.67624,
            -7.291854
          ],
          [
            112.6759957,
            -7.2927335
          ],
          [
            112.675791,
            -7.293619
          ],
          [
            112.6757598,
            -7.2940893
          ],
          [
            112.6757501,
            -7.2945595
          ],
          [
            112.675744,
            -7.2955
          ],
          [
            112.6756596,
            -7.2964074
          ],
          [
            112.6756088,
            -7.2973182
          ],
          [
            112.6756198,
            -7.297545
          ],
          [
            112.6756196,
            -7.297966
          ],
          [
            112.6756241,
            -7.2986916
          ],
          [
            112.6756721,
            -7.29879
          ],
          [
            112.6756342,
            -7.2988917
          ],
          [
            112.6756532,
            -7.2991039
          ],
          [
            112.6756792,
            -7.2994071
          ],
          [
            112.6756911,
            -7.2997113
          ],
          [
            112.6756977,
            -7.3000155
          ],
          [
            112.6756323,
            -7.3005023
          ],
          [
            112.6756647,
            -7.3006035
          ],
          [
            112.6756972,
            -7.3008085
          ],
          [
            112.6757109,
            -7.3009593
          ],
          [
            112.6757178,
            -7.3011194
          ],
          [
            112.6757057,
            -7.3013052
          ],
          [
            112.6756827,
            -7.3013741
          ],
          [
            112.6756516,
            -7.3014356
          ],
          [
            112.6756267,
            -7.3015043
          ],
          [
            112.6755788,
            -7.3015711
          ],
          [
            112.6755058,
            -7.3017571
          ],
          [
            112.6754577,
            -7.3018585
          ],
          [
            112.6752998,
            -7.3021809
          ],
          [
            112.6751406,
            -7.3024999
          ],
          [
            112.6750408,
            -7.302701
          ],
          [
            112.674974,
            -7.3028144
          ],
          [
            112.6745959,
            -7.3034412
          ],
          [
            112.6744649,
            -7.3036571
          ],
          [
            112.6743293,
            -7.303897
          ],
          [
            112.6742801,
            -7.3040894
          ],
          [
            112.6742653,
            -7.3042495
          ],
          [
            112.6742458,
            -7.3047482
          ],
          [
            112.6742367,
            -7.3049708
          ],
          [
            112.6742484,
            -7.3054136
          ],
          [
            112.6742503,
            -7.3055073
          ],
          [
            112.6742723,
            -7.3057552
          ],
          [
            112.6742869,
            -7.3059364
          ],
          [
            112.6743056,
            -7.306117
          ],
          [
            112.6743479,
            -7.3064659
          ],
          [
            112.6743493,
            -7.306834
          ],
          [
            112.6743437,
            -7.3070382
          ],
          [
            112.6743287,
            -7.3071892
          ],
          [
            112.6743146,
            -7.3073273
          ],
          [
            112.6742783,
            -7.3075365
          ],
          [
            112.6742219,
            -7.3078531
          ],
          [
            112.6741293,
            -7.3082097
          ],
          [
            112.6741391,
            -7.3083624
          ],
          [
            112.6740383,
            -7.3088996
          ],
          [
            112.6746728,
            -7.3090409
          ],
          [
            112.6753186,
            -7.3091835
          ],
          [
            112.6757251,
            -7.3092479
          ],
          [
            112.6766734,
            -7.3094507
          ],
          [
            112.6779822,
            -7.3097276
          ],
          [
            112.6793138,
            -7.3100012
          ],
          [
            112.680307,
            -7.3102354
          ],
          [
            112.6813056,
            -7.3104524
          ],
          [
            112.6826016,
            -7.3106943
          ],
          [
            112.6835449,
            -7.3108231
          ],
          [
            112.6843779,
            -7.3109902
          ],
          [
            112.685697,
            -7.3111916
          ],
          [
            112.6867808,
            -7.3113641
          ],
          [
            112.6873159,
            -7.311451
          ],
          [
            112.6878491,
            -7.3115685
          ],
          [
            112.6889502,
            -7.3120297
          ],
          [
            112.6902294,
            -7.3125854
          ],
          [
            112.6908491,
            -7.3128776
          ],
          [
            112.6914593,
            -7.3131823
          ],
          [
            112.692082,
            -7.3134732
          ],
          [
            112.6924087,
            -7.3136132
          ],
          [
            112.6927328,
            -7.3137194
          ],
          [
            112.6938213,
            -7.3137936
          ],
          [
            112.694885,
            -7.3138153
          ],
          [
            112.6959208,
            -7.3137705
          ],
          [
            112.696954,
            -7.3136887
          ],
          [
            112.69831,
            -7.3136383
          ],
          [
            112.699666,
            -7.3136019
          ],
          [
            112.7010227,
            -7.3135409
          ],
          [
            112.70238,
            -7.313444
          ],
          [
            112.7028463,
            -7.3133521
          ],
          [
            112.7034654,
            -7.3132556
          ],
          [
            112.7038516,
            -7.3131684
          ],
          [
            112.7040521,
            -7.3131085
          ],
          [
            112.7043417,
            -7.3130696
          ],
          [
            112.704571,
            -7.313018
          ],
          [
            112.7051037,
            -7.3129191
          ],
          [
            112.7056385,
            -7.3128454
          ],
          [
            112.7067073,
            -7.3127514
          ],
          [
            112.7078043,
            -7.312681
          ],
          [
            112.7087063,
            -7.3127268
          ],
          [
            112.709608,
            -7.3128156
          ],
          [
            112.70973,
            -7.3123293
          ],
          [
            112.7098178,
            -7.3121051
          ],
          [
            112.7099371,
            -7.3118783
          ],
          [
            112.7102832,
            -7.3112543
          ],
          [
            112.7104444,
            -7.3109612
          ],
          [
            112.710597,
            -7.3106123
          ],
          [
            112.7109229,
            -7.3099783
          ],
          [
            112.7111017,
            -7.3096816
          ],
          [
            112.7112951,
            -7.3093869
          ],
          [
            112.711646,
            -7.3090046
          ],
          [
            112.7120238,
            -7.308631
          ],
          [
            112.7122107,
            -7.3084506
          ],
          [
            112.7124084,
            -7.3082722
          ],
          [
            112.7128,
            -7.3079124
          ],
          [
            112.7129669,
            -7.3077175
          ],
          [
            112.7131928,
            -7.3075159
          ],
          [
            112.713365,
            -7.3073941
          ],
          [
            112.7135607,
            -7.3072949
          ],
          [
            112.7139739,
            -7.3072113
          ],
          [
            112.7147441,
            -7.3071859
          ],
          [
            112.7154156,
            -7.3073451
          ],
          [
            112.7158056,
            -7.3074518
          ],
          [
            112.7160116,
            -7.3074925
          ],
          [
            112.7162197,
            -7.3075006
          ],
          [
            112.717164,
            -7.307444
          ],
          [
            112.7180547,
            -7.3073683
          ],
          [
            112.7189454,
            -7.3072608
          ],
          [
            112.7198361,
            -7.3071313
          ],
          [
            112.7203584,
            -7.3070823
          ],
          [
            112.7208551,
            -7.3070486
          ],
          [
            112.7213747,
            -7.3070126
          ],
          [
            112.721899,
            -7.306944
          ],
          [
            112.7227296,
            -7.3065713
          ],
          [
            112.7231385,
            -7.3063656
          ],
          [
            112.723536,
            -7.306142
          ],
          [
            112.7238004,
            -7.3059386
          ],
          [
            112.724103,
            -7.3056774
          ],
          [
            112.7243761,
            -7.3054275
          ],
          [
            112.7246325,
            -7.3051523
          ],
          [
            112.7249329,
            -7.3047799
          ],
          [
            112.7252044,
            -7.3043802
          ],
          [
            112.7257388,
            -7.3035875
          ],
          [
            112.7260671,
            -7.3031244
          ],
          [
            112.7262768,
            -7.3027983
          ],
          [
            112.7263899,
            -7.3025744
          ],
          [
            112.7265152,
            -7.3023904
          ],
          [
            112.72681,
            -7.3020004
          ],
          [
            112.7270801,
            -7.3017993
          ],
          [
            112.7294042,
            -7.300594
          ],
          [
            112.7301247,
            -7.3002574
          ],
          [
            112.7306654,
            -7.2998322
          ],
          [
            112.7313359,
            -7.299317
          ],
          [
            112.7316014,
            -7.2991225
          ],
          [
            112.7318589,
            -7.29897
          ],
          [
            112.7324223,
            -7.2987503
          ],
          [
            112.7327464,
            -7.2986884
          ],
          [
            112.7330557,
            -7.298661
          ],
          [
            112.7341584,
            -7.2986068
          ],
          [
            112.735155,
            -7.2985785
          ],
          [
            112.7351852,
            -7.2986444
          ],
          [
            112.735198,
            -7.298713
          ],
          [
            112.7352093,
            -7.2988344
          ],
          [
            112.7351802,
            -7.2990031
          ],
          [
            112.735186,
            -7.2991962
          ],
          [
            112.7351799,
            -7.2992881
          ],
          [
            112.7352235,
            -7.2993573
          ],
          [
            112.7354703,
            -7.2993814
          ],
          [
            112.7357473,
            -7.2993748
          ],
          [
            112.7362791,
            -7.2993445
          ],
          [
            112.736425,
            -7.2993483
          ],
          [
            112.736514,
            -7.2993815
          ],
          [
            112.7368173,
            -7.2993554
          ],
          [
            112.7370895,
            -7.2993389
          ],
          [
            112.7374805,
            -7.2992781
          ],
          [
            112.7375049,
            -7.2989956
          ],
          [
            112.7375543,
            -7.2987435
          ],
          [
            112.7376414,
            -7.2985684
          ],
          [
            112.7377291,
            -7.2983972
          ],
          [
            112.737846,
            -7.2982668
          ],
          [
            112.7379791,
            -7.2981407
          ],
          [
            112.7382057,
            -7.2979833
          ],
          [
            112.7384437,
            -7.2978453
          ],
          [
            112.7387762,
            -7.2976391
          ],
          [
            112.7389031,
            -7.2974981
          ],
          [
            112.7390146,
            -7.2973419
          ],
          [
            112.7391499,
            -7.2968569
          ],
          [
            112.7391477,
            -7.2963667
          ],
          [
            112.7390759,
            -7.2962779
          ],
          [
            112.7389867,
            -7.296032
          ],
          [
            112.7388264,
            -7.2956973
          ],
          [
            112.7380274,
            -7.294099
          ],
          [
            112.7381916,
            -7.294026
          ],
          [
            112.738544,
            -7.294726
          ],
          [
            112.7388456,
            -7.295309
          ],
          [
            112.738991,
            -7.295447
          ],
          [
            112.7393489,
            -7.2956031
          ],
          [
            112.7393922,
            -7.2962213
          ],
          [
            112.7394516,
            -7.2968396
          ],
          [
            112.7393878,
            -7.2971284
          ],
          [
            112.7392978,
            -7.297338
          ],
          [
            112.739187,
            -7.2975553
          ],
          [
            112.7390267,
            -7.2977906
          ],
          [
            112.738708,
            -7.298057
          ],
          [
            112.7383288,
            -7.2982337
          ],
          [
            112.7381324,
            -7.2983157
          ],
          [
            112.737973,
            -7.298435
          ],
          [
            112.7378918,
            -7.2985611
          ],
          [
            112.737649,
            -7.299164
          ],
          [
            112.737552,
            -7.2994702
          ],
          [
            112.7374644,
            -7.2999081
          ],
          [
            112.7373201,
            -7.3006596
          ],
          [
            112.7370053,
            -7.3021565
          ],
          [
            112.7369247,
            -7.3025993
          ],
          [
            112.7369012,
            -7.302845
          ],
          [
            112.736865,
            -7.3030421
          ],
          [
            112.7368817,
            -7.3031976
          ],
          [
            112.736779,
            -7.3036711
          ],
          [
            112.736434,
            -7.3051583
          ],
          [
            112.7362403,
            -7.3058888
          ],
          [
            112.7360466,
            -7.3061021
          ],
          [
            112.735988,
            -7.306251
          ],
          [
            112.7358476,
            -7.3067552
          ],
          [
            112.7357653,
            -7.3070847
          ],
          [
            112.7356541,
            -7.3072334
          ],
          [
            112.7354797,
            -7.3072853
          ],
          [
            112.7352976,
            -7.3072431
          ],
          [
            112.7351922,
            -7.3071516
          ],
          [
            112.7350943,
            -7.3070281
          ],
          [
            112.7352919,
            -7.306525
          ],
          [
            112.7360831,
            -7.3054938
          ],
          [
            112.7361546,
            -7.3050486
          ],
          [
            112.7362099,
            -7.3048217
          ],
          [
            112.7363284,
            -7.3043681
          ],
          [
            112.7365479,
            -7.3034608
          ],
          [
            112.736745,
            -7.3025396
          ],
          [
            112.7369719,
            -7.3016277
          ],
          [
            112.7370842,
            -7.3010183
          ],
          [
            112.7370683,
            -7.3009476
          ],
          [
            112.7370573,
            -7.3007629
          ],
          [
            112.7370413,
            -7.3006022
          ],
          [
            112.7370053,
            -7.3004708
          ],
          [
            112.736899,
            -7.3001953
          ],
          [
            112.7366766,
            -7.2996437
          ],
          [
            112.7366062,
            -7.2995061
          ],
          [
            112.7365724,
            -7.2993939
          ],
          [
            112.736189,
            -7.2994175
          ],
          [
            112.7359064,
            -7.2994331
          ],
          [
            112.7356212,
            -7.2994408
          ],
          [
            112.734945,
            -7.2994487
          ],
          [
            112.7345181,
            -7.2994261
          ],
          [
            112.7339736,
            -7.2994013
          ],
          [
            112.7334271,
            -7.2993858
          ],
          [
            112.7333718,
            -7.2990089
          ],
          [
            112.7333726,
            -7.2989183
          ],
          [
            112.7333969,
            -7.2988289
          ],
          [
            112.7334669,
            -7.2986407
          ]
        ]
      }
    },
    {
      "type": "Feature",
      "properties": {
        "code": "107",
        "link": "fd07",
        "name": "7",
        "title": "Term. Bratang - Stasiun Psr. Turi",
        "color": "#4165ad",
        "textColor": "white",
        "feeder": true,
        "hours": "05:30 - 21:00",
        "routeId": "fd07"
      },
      "geometry": {
        "type": "LineString",
        "coordinates": [
          [
            112.7614144,
            -7.2992383
          ],
          [
            112.7596637,
            -7.2990497
          ],
          [
            112.7597664,
            -7.2983977
          ],
          [
            112.7598246,
            -7.2976423
          ],
          [
            112.7598975,
            -7.2968869
          ],
          [
            112.7599051,
            -7.2960815
          ],
          [
            112.7599563,
            -7.2952715
          ],
          [
            112.7599601,
            -7.293656
          ],
          [
            112.7599453,
            -7.2933801
          ],
          [
            112.7599446,
            -7.2932619
          ],
          [
            112.7599539,
            -7.2928605
          ],
          [
            112.7599705,
            -7.292065
          ],
          [
            112.7599794,
            -7.2916681
          ],
          [
            112.759981,
            -7.2912705
          ],
          [
            112.7599815,
            -7.2904757
          ],
          [
            112.7599804,
            -7.2897133
          ],
          [
            112.7599769,
            -7.289332
          ],
          [
            112.7599718,
            -7.2891414
          ],
          [
            112.7599794,
            -7.2889508
          ],
          [
            112.7599971,
            -7.2885753
          ],
          [
            112.7600075,
            -7.2881997
          ],
          [
            112.7600222,
            -7.2874473
          ],
          [
            112.7614393,
            -7.2875436
          ],
          [
            112.7621819,
            -7.2875936
          ],
          [
            112.7627785,
            -7.2876104
          ],
          [
            112.7628621,
            -7.2876319
          ],
          [
            112.7628898,
            -7.2874421
          ],
          [
            112.7630588,
            -7.2871928
          ],
          [
            112.7632417,
            -7.2871373
          ],
          [
            112.7631028,
            -7.2865345
          ],
          [
            112.7629452,
            -7.2859317
          ],
          [
            112.7627893,
            -7.2853352
          ],
          [
            112.7627022,
            -7.285034
          ],
          [
            112.7625706,
            -7.2847537
          ],
          [
            112.7624874,
            -7.2846107
          ],
          [
            112.7624337,
            -7.2844671
          ],
          [
            112.7623349,
            -7.2840807
          ],
          [
            112.7622236,
            -7.2837117
          ],
          [
            112.7621572,
            -7.2833913
          ],
          [
            112.762111,
            -7.283091
          ],
          [
            112.7621003,
            -7.2828153
          ],
          [
            112.7621132,
            -7.2820477
          ],
          [
            112.7621338,
            -7.2813223
          ],
          [
            112.7621336,
            -7.2807623
          ],
          [
            112.7621509,
            -7.2803672
          ],
          [
            112.7621898,
            -7.2796614
          ],
          [
            112.7620766,
            -7.2794717
          ],
          [
            112.7619443,
            -7.2793671
          ],
          [
            112.7612775,
            -7.2792426
          ],
          [
            112.7606019,
            -7.2791501
          ],
          [
            112.759248,
            -7.278973
          ],
          [
            112.7580617,
            -7.2787723
          ],
          [
            112.7573187,
            -7.2786413
          ],
          [
            112.7568701,
            -7.2785949
          ],
          [
            112.7562302,
            -7.2784554
          ],
          [
            112.7555722,
            -7.2783486
          ],
          [
            112.7549159,
            -7.2782497
          ],
          [
            112.7542663,
            -7.2781293
          ],
          [
            112.7525669,
            -7.2778176
          ],
          [
            112.7508676,
            -7.2775233
          ],
          [
            112.7501882,
            -7.2772961
          ],
          [
            112.7498925,
            -7.2772406
          ],
          [
            112.7490713,
            -7.2770628
          ],
          [
            112.7489998,
            -7.277014
          ],
          [
            112.7476904,
            -7.2767409
          ],
          [
            112.746373,
            -7.2764891
          ],
          [
            112.7462654,
            -7.2763606
          ],
          [
            112.7462323,
            -7.2762021
          ],
          [
            112.7464358,
            -7.2753538
          ],
          [
            112.746569,
            -7.2749413
          ],
          [
            112.7467224,
            -7.2745268
          ],
          [
            112.7468938,
            -7.2741076
          ],
          [
            112.7470807,
            -7.2736884
          ],
          [
            112.7474679,
            -7.2728554
          ],
          [
            112.7476745,
            -7.2726363
          ],
          [
            112.7478195,
            -7.2725462
          ],
          [
            112.7482764,
            -7.2722909
          ],
          [
            112.7484875,
            -7.2721635
          ],
          [
            112.7486891,
            -7.2720189
          ],
          [
            112.749085,
            -7.271725
          ],
          [
            112.7495899,
            -7.2712695
          ],
          [
            112.750084,
            -7.270798
          ],
          [
            112.7507693,
            -7.2700707
          ],
          [
            112.7508593,
            -7.269831
          ],
          [
            112.7505558,
            -7.2686542
          ],
          [
            112.7506284,
            -7.2684614
          ],
          [
            112.7507434,
            -7.2682786
          ],
          [
            112.7508794,
            -7.2680775
          ],
          [
            112.7509957,
            -7.2677969
          ],
          [
            112.7512134,
            -7.2670806
          ],
          [
            112.7512748,
            -7.2666886
          ],
          [
            112.7512616,
            -7.2665342
          ],
          [
            112.751186,
            -7.266403
          ],
          [
            112.7510316,
            -7.2663202
          ],
          [
            112.7508114,
            -7.2662607
          ],
          [
            112.7504114,
            -7.2661417
          ],
          [
            112.74962,
            -7.265925
          ],
          [
            112.7490297,
            -7.2656975
          ],
          [
            112.748428,
            -7.265486
          ],
          [
            112.7471018,
            -7.2650067
          ],
          [
            112.7464374,
            -7.264768
          ],
          [
            112.7457662,
            -7.2645439
          ],
          [
            112.7456933,
            -7.2643193
          ],
          [
            112.745794,
            -7.263939
          ],
          [
            112.7459486,
            -7.263336
          ],
          [
            112.7460309,
            -7.263024
          ],
          [
            112.7461226,
            -7.262746
          ],
          [
            112.7462528,
            -7.2623063
          ],
          [
            112.746316,
            -7.262156
          ],
          [
            112.746438,
            -7.2618343
          ],
          [
            112.7465567,
            -7.2614533
          ],
          [
            112.7467827,
            -7.2607124
          ],
          [
            112.7469994,
            -7.2607721
          ],
          [
            112.747322,
            -7.2608751
          ],
          [
            112.747723,
            -7.2595185
          ],
          [
            112.7478134,
            -7.2591965
          ],
          [
            112.7478937,
            -7.2588279
          ],
          [
            112.748063,
            -7.258134
          ],
          [
            112.7477162,
            -7.2580817
          ],
          [
            112.74661,
            -7.257819
          ],
          [
            112.746486,
            -7.258809
          ],
          [
            112.7463835,
            -7.2592391
          ],
          [
            112.7462662,
            -7.2596598
          ],
          [
            112.7460377,
            -7.2605067
          ],
          [
            112.7463184,
            -7.2605822
          ],
          [
            112.746599,
            -7.2606663
          ],
          [
            112.7463189,
            -7.2616205
          ],
          [
            112.746191,
            -7.262109
          ],
          [
            112.7460258,
            -7.2621889
          ],
          [
            112.7457614,
            -7.2622814
          ],
          [
            112.7455216,
            -7.2623429
          ],
          [
            112.7453047,
            -7.2623744
          ],
          [
            112.744843,
            -7.2623838
          ],
          [
            112.7445761,
            -7.2623596
          ],
          [
            112.7442049,
            -7.2622596
          ],
          [
            112.7439854,
            -7.2621608
          ],
          [
            112.7434989,
            -7.2618369
          ],
          [
            112.74329,
            -7.2616594
          ],
          [
            112.7429964,
            -7.2610637
          ],
          [
            112.7428603,
            -7.2607589
          ],
          [
            112.7427524,
            -7.2605516
          ],
          [
            112.7427169,
            -7.260464
          ],
          [
            112.742765,
            -7.2603547
          ],
          [
            112.7428292,
            -7.2602473
          ],
          [
            112.7429838,
            -7.2600327
          ],
          [
            112.74326,
            -7.259602
          ],
          [
            112.7431167,
            -7.2594659
          ],
          [
            112.7429243,
            -7.2593615
          ],
          [
            112.7427125,
            -7.2592757
          ],
          [
            112.7434806,
            -7.2580491
          ],
          [
            112.7436186,
            -7.2575968
          ],
          [
            112.7435913,
            -7.2574196
          ],
          [
            112.743505,
            -7.2571926
          ],
          [
            112.7434536,
            -7.2570866
          ],
          [
            112.7434087,
            -7.2569391
          ],
          [
            112.7433143,
            -7.2568169
          ],
          [
            112.7428379,
            -7.2563504
          ],
          [
            112.74263,
            -7.256236
          ],
          [
            112.7420876,
            -7.2561256
          ],
          [
            112.7411704,
            -7.2560837
          ],
          [
            112.7404345,
            -7.2561144
          ],
          [
            112.7400763,
            -7.256132
          ],
          [
            112.7396993,
            -7.256135
          ],
          [
            112.7389138,
            -7.2561271
          ],
          [
            112.7380673,
            -7.2560653
          ],
          [
            112.7379721,
            -7.2560907
          ],
          [
            112.7378474,
            -7.2560938
          ],
          [
            112.7375504,
            -7.2560817
          ],
          [
            112.7373573,
            -7.2560943
          ],
          [
            112.7371813,
            -7.2561895
          ],
          [
            112.7377163,
            -7.2572415
          ],
          [
            112.7382721,
            -7.2582742
          ],
          [
            112.7387446,
            -7.2591445
          ],
          [
            112.7390582,
            -7.2596675
          ],
          [
            112.7394902,
            -7.2603615
          ],
          [
            112.7397128,
            -7.2607165
          ],
          [
            112.7398047,
            -7.2608756
          ],
          [
            112.7397722,
            -7.2610174
          ],
          [
            112.739725,
            -7.2610814
          ],
          [
            112.7396115,
            -7.2611142
          ],
          [
            112.7394879,
            -7.2611157
          ],
          [
            112.7392173,
            -7.2610102
          ],
          [
            112.7390594,
            -7.2610189
          ],
          [
            112.7388022,
            -7.2609351
          ],
          [
            112.7385475,
            -7.260814
          ],
          [
            112.7382902,
            -7.2607149
          ],
          [
            112.7378171,
            -7.2605121
          ],
          [
            112.7374095,
            -7.2603403
          ],
          [
            112.737122,
            -7.2601998
          ],
          [
            112.7367014,
            -7.2599891
          ],
          [
            112.7363566,
            -7.2598594
          ],
          [
            112.7361789,
            -7.2597938
          ],
          [
            112.7360293,
            -7.259699
          ],
          [
            112.7355203,
            -7.2594979
          ],
          [
            112.7350158,
            -7.2592751
          ],
          [
            112.733358,
            -7.2585296
          ],
          [
            112.7332258,
            -7.2583808
          ],
          [
            112.7332106,
            -7.2582708
          ],
          [
            112.7333236,
            -7.258047
          ],
          [
            112.7335039,
            -7.2576892
          ],
          [
            112.733835,
            -7.2570217
          ],
          [
            112.7340064,
            -7.2566908
          ],
          [
            112.734153,
            -7.2563381
          ],
          [
            112.7341883,
            -7.25598
          ],
          [
            112.7341981,
            -7.255596
          ],
          [
            112.7341447,
            -7.2552928
          ],
          [
            112.7341469,
            -7.2548197
          ],
          [
            112.7342779,
            -7.2545474
          ],
          [
            112.7344458,
            -7.2541917
          ],
          [
            112.734597,
            -7.253824
          ],
          [
            112.7347866,
            -7.2532405
          ],
          [
            112.7348709,
            -7.2528944
          ],
          [
            112.7343421,
            -7.2527744
          ],
          [
            112.7337355,
            -7.2525785
          ],
          [
            112.732891,
            -7.2523239
          ],
          [
            112.7320505,
            -7.252056
          ],
          [
            112.7317247,
            -7.2519407
          ],
          [
            112.7315822,
            -7.2518704
          ],
          [
            112.7314902,
            -7.2518589
          ],
          [
            112.7314116,
            -7.2517835
          ],
          [
            112.7313957,
            -7.251692
          ],
          [
            112.7314302,
            -7.2516072
          ],
          [
            112.7304985,
            -7.2512867
          ],
          [
            112.7295769,
            -7.250935
          ],
          [
            112.7298671,
            -7.2506451
          ],
          [
            112.730196,
            -7.2503801
          ],
          [
            112.730867,
            -7.2498329
          ],
          [
            112.7321594,
            -7.2487439
          ],
          [
            112.7319025,
            -7.2484339
          ],
          [
            112.731662,
            -7.248178
          ],
          [
            112.7309781,
            -7.248711
          ],
          [
            112.7309494,
            -7.248819
          ],
          [
            112.7309892,
            -7.2489386
          ],
          [
            112.7313377,
            -7.2494523
          ],
          [
            112.7312748,
            -7.2495057
          ],
          [
            112.7318238,
            -7.2501873
          ],
          [
            112.7319625,
            -7.2503269
          ],
          [
            112.732104,
            -7.2504533
          ],
          [
            112.7323439,
            -7.2506141
          ],
          [
            112.7326737,
            -7.250742
          ],
          [
            112.7336883,
            -7.2510363
          ],
          [
            112.7334813,
            -7.2516795
          ],
          [
            112.7332341,
            -7.2524077
          ],
          [
            112.7340455,
            -7.2526517
          ],
          [
            112.7343492,
            -7.2527598
          ],
          [
            112.7348729,
            -7.2528791
          ],
          [
            112.7350754,
            -7.2521289
          ],
          [
            112.7353972,
            -7.251398
          ],
          [
            112.7355482,
            -7.2509977
          ],
          [
            112.73571,
            -7.250598
          ],
          [
            112.735857,
            -7.250518
          ],
          [
            112.7360827,
            -7.2497698
          ],
          [
            112.736283,
            -7.249007
          ],
          [
            112.736996,
            -7.2492147
          ],
          [
            112.737699,
            -7.249437
          ],
          [
            112.7373417,
            -7.2500688
          ],
          [
            112.7369322,
            -7.2506624
          ],
          [
            112.7367605,
            -7.2510561
          ],
          [
            112.7367326,
            -7.2513466
          ],
          [
            112.7367215,
            -7.251637
          ],
          [
            112.7367513,
            -7.2519332
          ],
          [
            112.736774,
            -7.2522629
          ],
          [
            112.7367909,
            -7.2527753
          ],
          [
            112.7367764,
            -7.2533129
          ],
          [
            112.7367913,
            -7.254363
          ],
          [
            112.7368417,
            -7.2550368
          ],
          [
            112.7368893,
            -7.2553661
          ],
          [
            112.7369564,
            -7.2556906
          ],
          [
            112.7369818,
            -7.2557924
          ],
          [
            112.7370923,
            -7.2557564
          ],
          [
            112.7372008,
            -7.2557506
          ],
          [
            112.7375283,
            -7.2558056
          ],
          [
            112.738113,
            -7.255913
          ],
          [
            112.7385035,
            -7.2559665
          ],
          [
            112.7388953,
            -7.2559974
          ],
          [
            112.739681,
            -7.256036
          ],
          [
            112.7404099,
            -7.256032
          ],
          [
            112.7411542,
            -7.2560007
          ],
          [
            112.7418891,
            -7.2560357
          ],
          [
            112.7424761,
            -7.2560874
          ],
          [
            112.742628,
            -7.256028
          ],
          [
            112.7427123,
            -7.2559332
          ],
          [
            112.7427443,
            -7.2558357
          ],
          [
            112.7427807,
            -7.2556956
          ],
          [
            112.7429165,
            -7.2556237
          ],
          [
            112.7430068,
            -7.2556131
          ],
          [
            112.7434981,
            -7.2557221
          ],
          [
            112.7436608,
            -7.2557863
          ],
          [
            112.7437588,
            -7.2559358
          ],
          [
            112.7438816,
            -7.2560786
          ],
          [
            112.7440106,
            -7.2563237
          ],
          [
            112.744135,
            -7.2566132
          ],
          [
            112.7442131,
            -7.2569066
          ],
          [
            112.744387,
            -7.257739
          ],
          [
            112.7442215,
            -7.2582256
          ],
          [
            112.743995,
            -7.2586737
          ],
          [
            112.7438135,
            -7.2589688
          ],
          [
            112.743528,
            -7.2592891
          ],
          [
            112.7434379,
            -7.2595309
          ],
          [
            112.7434957,
            -7.2596538
          ],
          [
            112.7435804,
            -7.2597568
          ],
          [
            112.7447972,
            -7.2601559
          ],
          [
            112.7455116,
            -7.2603585
          ],
          [
            112.7460328,
            -7.2604919
          ],
          [
            112.7466013,
            -7.2606521
          ],
          [
            112.7469968,
            -7.2607571
          ],
          [
            112.7473727,
            -7.260878
          ],
          [
            112.747752,
            -7.2609875
          ],
          [
            112.748316,
            -7.2611244
          ],
          [
            112.7484875,
            -7.261187
          ],
          [
            112.748961,
            -7.2615238
          ],
          [
            112.749402,
            -7.2618763
          ],
          [
            112.7495196,
            -7.2620129
          ],
          [
            112.7497781,
            -7.2622752
          ],
          [
            112.7501156,
            -7.2626338
          ],
          [
            112.7501291,
            -7.2627385
          ],
          [
            112.7503732,
            -7.2630978
          ],
          [
            112.7505892,
            -7.2634651
          ],
          [
            112.7508211,
            -7.2638849
          ],
          [
            112.750928,
            -7.2641018
          ],
          [
            112.750984,
            -7.264322
          ],
          [
            112.7510079,
            -7.264894
          ],
          [
            112.7510441,
            -7.2652542
          ],
          [
            112.7511057,
            -7.2654613
          ],
          [
            112.751287,
            -7.2660451
          ],
          [
            112.7513385,
            -7.2663267
          ],
          [
            112.7513911,
            -7.2664828
          ],
          [
            112.7514014,
            -7.2666416
          ],
          [
            112.7511967,
            -7.2674068
          ],
          [
            112.7511083,
            -7.2677452
          ],
          [
            112.7510045,
            -7.2680696
          ],
          [
            112.7511284,
            -7.2680877
          ],
          [
            112.7512877,
            -7.2680539
          ],
          [
            112.7515422,
            -7.2679648
          ],
          [
            112.751782,
            -7.2678761
          ],
          [
            112.7518808,
            -7.2678327
          ],
          [
            112.7520033,
            -7.26781
          ],
          [
            112.7522008,
            -7.2677946
          ],
          [
            112.7523237,
            -7.2677909
          ],
          [
            112.752371,
            -7.2677821
          ],
          [
            112.7524085,
            -7.267748
          ],
          [
            112.7524204,
            -7.2676901
          ],
          [
            112.7526155,
            -7.2672529
          ],
          [
            112.7527174,
            -7.2669937
          ],
          [
            112.7528026,
            -7.2668044
          ],
          [
            112.7530134,
            -7.2663456
          ],
          [
            112.753227,
            -7.265926
          ],
          [
            112.7534213,
            -7.2652023
          ],
          [
            112.7534876,
            -7.2652103
          ],
          [
            112.7533905,
            -7.265597
          ],
          [
            112.7532886,
            -7.265941
          ],
          [
            112.7530902,
            -7.2663831
          ],
          [
            112.7528686,
            -7.2668319
          ],
          [
            112.7527602,
            -7.2670548
          ],
          [
            112.7526752,
            -7.2672837
          ],
          [
            112.7526322,
            -7.2673998
          ],
          [
            112.7524751,
            -7.2677275
          ],
          [
            112.752418,
            -7.2677566
          ],
          [
            112.7523742,
            -7.2677924
          ],
          [
            112.7523215,
            -7.2678042
          ],
          [
            112.7520654,
            -7.2678137
          ],
          [
            112.751893,
            -7.267842
          ],
          [
            112.7517826,
            -7.2678904
          ],
          [
            112.751581,
            -7.267964
          ],
          [
            112.7512637,
            -7.2680734
          ],
          [
            112.7511264,
            -7.2680965
          ],
          [
            112.7509935,
            -7.2680808
          ],
          [
            112.7507988,
            -7.2683505
          ],
          [
            112.7506966,
            -7.2684751
          ],
          [
            112.7506326,
            -7.2685996
          ],
          [
            112.7507934,
            -7.269232
          ],
          [
            112.7508853,
            -7.2695644
          ],
          [
            112.7509489,
            -7.2698716
          ],
          [
            112.7508706,
            -7.2700713
          ],
          [
            112.750507,
            -7.270492
          ],
          [
            112.7504842,
            -7.2705636
          ],
          [
            112.7504701,
            -7.2707496
          ],
          [
            112.7504507,
            -7.271095
          ],
          [
            112.7504092,
            -7.2713504
          ],
          [
            112.750353,
            -7.2715966
          ],
          [
            112.7502279,
            -7.2720902
          ],
          [
            112.7501077,
            -7.2725771
          ],
          [
            112.749999,
            -7.273084
          ],
          [
            112.7498825,
            -7.2735578
          ],
          [
            112.7497948,
            -7.2740317
          ],
          [
            112.7497061,
            -7.2745564
          ],
          [
            112.749606,
            -7.27498
          ],
          [
            112.7493835,
            -7.2759162
          ],
          [
            112.7491829,
            -7.276871
          ],
          [
            112.7492446,
            -7.2770166
          ],
          [
            112.7500428,
            -7.2771824
          ],
          [
            112.750496,
            -7.2772627
          ],
          [
            112.750954,
            -7.277327
          ],
          [
            112.7534191,
            -7.2777733
          ],
          [
            112.7546543,
            -7.2779943
          ],
          [
            112.755274,
            -7.2780941
          ],
          [
            112.7556535,
            -7.2781673
          ],
          [
            112.7558936,
            -7.2781946
          ],
          [
            112.7563263,
            -7.2782893
          ],
          [
            112.7567335,
            -7.278356
          ],
          [
            112.7575848,
            -7.2784841
          ],
          [
            112.7584337,
            -7.2786109
          ],
          [
            112.75928,
            -7.278751
          ],
          [
            112.7608075,
            -7.2789698
          ],
          [
            112.7615566,
            -7.2791255
          ],
          [
            112.7618212,
            -7.2791981
          ],
          [
            112.7623065,
            -7.279278
          ],
          [
            112.7622547,
            -7.2797857
          ],
          [
            112.7622204,
            -7.2802935
          ],
          [
            112.7621882,
            -7.28132
          ],
          [
            112.76219,
            -7.282028
          ],
          [
            112.7621636,
            -7.282763
          ],
          [
            112.7621723,
            -7.2830748
          ],
          [
            112.7622306,
            -7.283384
          ],
          [
            112.7624169,
            -7.2840848
          ],
          [
            112.7625238,
            -7.2844331
          ],
          [
            112.7627514,
            -7.2847228
          ],
          [
            112.7628204,
            -7.2850212
          ],
          [
            112.7629065,
            -7.285269
          ],
          [
            112.7630667,
            -7.285907
          ],
          [
            112.7633796,
            -7.2871736
          ],
          [
            112.7634881,
            -7.2872564
          ],
          [
            112.7635778,
            -7.2873572
          ],
          [
            112.7637196,
            -7.28757
          ],
          [
            112.7637265,
            -7.2877034
          ],
          [
            112.7636969,
            -7.2878221
          ],
          [
            112.7635919,
            -7.2878278
          ],
          [
            112.7634394,
            -7.2878089
          ],
          [
            112.763353,
            -7.2878523
          ],
          [
            112.7633164,
            -7.2880167
          ],
          [
            112.763081,
            -7.288003
          ],
          [
            112.7629516,
            -7.2877646
          ],
          [
            112.7628661,
            -7.2876458
          ],
          [
            112.7627786,
            -7.2876207
          ],
          [
            112.7621814,
            -7.2876052
          ],
          [
            112.7614527,
            -7.287556
          ],
          [
            112.7600312,
            -7.2874597
          ],
          [
            112.7600196,
            -7.2882134
          ],
          [
            112.7600078,
            -7.2885818
          ],
          [
            112.7599921,
            -7.2889542
          ],
          [
            112.7599836,
            -7.2891443
          ],
          [
            112.7599885,
            -7.2893344
          ],
          [
            112.7599929,
            -7.2897146
          ],
          [
            112.7599936,
            -7.290475
          ],
          [
            112.7599928,
            -7.2912702
          ],
          [
            112.759991,
            -7.2916679
          ],
          [
            112.7599833,
            -7.2920655
          ],
          [
            112.7599667,
            -7.2928604
          ],
          [
            112.7599557,
            -7.2932625
          ],
          [
            112.7599563,
            -7.2933824
          ],
          [
            112.7599729,
            -7.293656
          ],
          [
            112.7612553,
            -7.293653
          ],
          [
            112.7618851,
            -7.2936471
          ],
          [
            112.7625222,
            -7.293628
          ],
          [
            112.7623999,
            -7.2949847
          ],
          [
            112.7623367,
            -7.2956633
          ],
          [
            112.762291,
            -7.296342
          ],
          [
            112.7622225,
            -7.2971668
          ],
          [
            112.7622003,
            -7.2974422
          ],
          [
            112.7621801,
            -7.297959
          ],
          [
            112.7621639,
            -7.2985907
          ],
          [
            112.7621548,
            -7.2989103
          ],
          [
            112.7621719,
            -7.2992085
          ],
          [
            112.762173,
            -7.300452
          ],
          [
            112.762004,
            -7.300451
          ],
          [
            112.7620053,
            -7.2996525
          ],
          [
            112.7619784,
            -7.2988553
          ],
          [
            112.761448,
            -7.298843
          ],
          [
            112.7614144,
            -7.2992383
          ]
        ]
      }
    },
    {
      "type": "Feature",
      "properties": {
        "code": "120",
        "link": "fd08",
        "name": "8",
        "title": "TOW - UNESA",
        "color": "#3a4278",
        "textColor": "white",
        "feeder": true,
        "hours": "05:30 - 21:00",
        "routeId": "fd08"
      },
      "geometry": {
        "type": "LineString",
        "coordinates": [
          [
            112.675421,
            -7.2989
          ],
          [
            112.675381,
            -7.29884
          ],
          [
            112.675381,
            -7.29875
          ],
          [
            112.675411,
            -7.29871
          ],
          [
            112.675416,
            -7.298176
          ],
          [
            112.675395,
            -7.297416
          ],
          [
            112.675428,
            -7.296376
          ],
          [
            112.675474,
            -7.295907
          ],
          [
            112.675488,
            -7.295481
          ],
          [
            112.675504,
            -7.294686
          ],
          [
            112.675525,
            -7.294292
          ],
          [
            112.675523,
            -7.293902
          ],
          [
            112.675536,
            -7.293696
          ],
          [
            112.675586,
            -7.293364
          ],
          [
            112.675714,
            -7.292874
          ],
          [
            112.675932,
            -7.292051
          ],
          [
            112.676004,
            -7.291775
          ],
          [
            112.676083,
            -7.29153
          ],
          [
            112.676169,
            -7.291365
          ],
          [
            112.676269,
            -7.291098
          ],
          [
            112.676376,
            -7.290751
          ],
          [
            112.676364,
            -7.290617
          ],
          [
            112.676275,
            -7.290534
          ],
          [
            112.675867,
            -7.290408
          ],
          [
            112.675755,
            -7.290344
          ],
          [
            112.675921,
            -7.29012
          ],
          [
            112.676641,
            -7.28937
          ],
          [
            112.677049,
            -7.289015
          ],
          [
            112.677213,
            -7.288856
          ],
          [
            112.677396,
            -7.288356
          ],
          [
            112.677379,
            -7.287708
          ],
          [
            112.677422,
            -7.287551
          ],
          [
            112.677461,
            -7.287457
          ],
          [
            112.677563,
            -7.287334
          ],
          [
            112.677714,
            -7.287213
          ],
          [
            112.677854,
            -7.28718
          ],
          [
            112.678089,
            -7.287197
          ],
          [
            112.678289,
            -7.287309
          ],
          [
            112.678338,
            -7.287362
          ],
          [
            112.678401,
            -7.28738
          ],
          [
            112.678471,
            -7.28737
          ],
          [
            112.678661,
            -7.2873
          ],
          [
            112.678751,
            -7.28724
          ],
          [
            112.678919,
            -7.287104
          ],
          [
            112.680776,
            -7.285208
          ],
          [
            112.682633,
            -7.283305
          ],
          [
            112.684314,
            -7.281567
          ],
          [
            112.684717,
            -7.281148
          ],
          [
            112.685174,
            -7.280752
          ],
          [
            112.686107,
            -7.279944
          ],
          [
            112.687043,
            -7.279177
          ],
          [
            112.687634,
            -7.278684
          ],
          [
            112.687989,
            -7.27839
          ],
          [
            112.689801,
            -7.276899
          ],
          [
            112.689318,
            -7.276304
          ],
          [
            112.689078,
            -7.276017
          ],
          [
            112.688971,
            -7.275863
          ],
          [
            112.688901,
            -7.275698
          ],
          [
            112.688939,
            -7.275075
          ],
          [
            112.688992,
            -7.274434
          ],
          [
            112.68913,
            -7.273156
          ],
          [
            112.689272,
            -7.271887
          ],
          [
            112.689343,
            -7.271252
          ],
          [
            112.689392,
            -7.270775
          ],
          [
            112.689413,
            -7.270693
          ],
          [
            112.689407,
            -7.270617
          ],
          [
            112.689593,
            -7.270443
          ],
          [
            112.690593,
            -7.269587
          ],
          [
            112.691,
            -7.269258
          ],
          [
            112.691393,
            -7.268916
          ],
          [
            112.691595,
            -7.268775
          ],
          [
            112.691809,
            -7.268753
          ],
          [
            112.692517,
            -7.268823
          ],
          [
            112.693392,
            -7.268911
          ],
          [
            112.693592,
            -7.266883
          ],
          [
            112.693683,
            -7.26586
          ],
          [
            112.693757,
            -7.265156
          ],
          [
            112.69376,
            -7.264914
          ],
          [
            112.693714,
            -7.264831
          ],
          [
            112.693773,
            -7.264796
          ],
          [
            112.694374,
            -7.264136
          ],
          [
            112.694517,
            -7.263862
          ],
          [
            112.694572,
            -7.263584
          ],
          [
            112.694676,
            -7.263304
          ],
          [
            112.694976,
            -7.26266
          ],
          [
            112.694642,
            -7.262472
          ],
          [
            112.694303,
            -7.262307
          ],
          [
            112.693927,
            -7.262152
          ],
          [
            112.693593,
            -7.261963
          ],
          [
            112.693468,
            -7.261797
          ],
          [
            112.693262,
            -7.261362
          ],
          [
            112.693113,
            -7.261209
          ],
          [
            112.692817,
            -7.261052
          ],
          [
            112.692394,
            -7.260937
          ],
          [
            112.691815,
            -7.26079
          ],
          [
            112.691109,
            -7.260562
          ],
          [
            112.690539,
            -7.260476
          ],
          [
            112.689896,
            -7.2604
          ],
          [
            112.689608,
            -7.260351
          ],
          [
            112.689441,
            -7.260279
          ],
          [
            112.689055,
            -7.260013
          ],
          [
            112.688883,
            -7.259938
          ],
          [
            112.688001,
            -7.259713
          ],
          [
            112.686998,
            -7.259493
          ],
          [
            112.685945,
            -7.259359
          ],
          [
            112.684902,
            -7.259271
          ],
          [
            112.683866,
            -7.259095
          ],
          [
            112.682668,
            -7.258954
          ],
          [
            112.682122,
            -7.258944
          ],
          [
            112.681577,
            -7.258921
          ],
          [
            112.680647,
            -7.258675
          ],
          [
            112.680362,
            -7.258499
          ],
          [
            112.680301,
            -7.258458
          ],
          [
            112.680038,
            -7.258415
          ],
          [
            112.679882,
            -7.258372
          ],
          [
            112.679794,
            -7.258271
          ],
          [
            112.679786,
            -7.258095
          ],
          [
            112.68009,
            -7.25776
          ],
          [
            112.680217,
            -7.257625
          ],
          [
            112.680326,
            -7.257477
          ],
          [
            112.680436,
            -7.25721
          ],
          [
            112.680689,
            -7.2564
          ],
          [
            112.681031,
            -7.25529
          ],
          [
            112.681535,
            -7.253666
          ],
          [
            112.681628,
            -7.253253
          ],
          [
            112.681696,
            -7.252837
          ],
          [
            112.681761,
            -7.252429
          ],
          [
            112.681844,
            -7.25203
          ],
          [
            112.681904,
            -7.251082
          ],
          [
            112.681928,
            -7.250154
          ],
          [
            112.681995,
            -7.248292
          ],
          [
            112.682028,
            -7.247362
          ],
          [
            112.682074,
            -7.246431
          ],
          [
            112.682105,
            -7.24457
          ],
          [
            112.682169,
            -7.242745
          ],
          [
            112.682172,
            -7.240921
          ],
          [
            112.682237,
            -7.239097
          ],
          [
            112.682266,
            -7.238183
          ],
          [
            112.68231,
            -7.237273
          ],
          [
            112.682407,
            -7.23548
          ],
          [
            112.682445,
            -7.233623
          ],
          [
            112.682502,
            -7.231793
          ],
          [
            112.682586,
            -7.229975
          ],
          [
            112.682475,
            -7.229823
          ],
          [
            112.68238,
            -7.229743
          ],
          [
            112.682234,
            -7.229718
          ],
          [
            112.682001,
            -7.229693
          ],
          [
            112.678059,
            -7.229753
          ],
          [
            112.676958,
            -7.229775
          ],
          [
            112.675841,
            -7.229805
          ],
          [
            112.67362,
            -7.229834
          ],
          [
            112.67321,
            -7.229787
          ],
          [
            112.672816,
            -7.229678
          ],
          [
            112.672245,
            -7.229405
          ],
          [
            112.671567,
            -7.229037
          ],
          [
            112.67022,
            -7.228308
          ],
          [
            112.668853,
            -7.227575
          ],
          [
            112.66758,
            -7.226854
          ],
          [
            112.667448,
            -7.226744
          ],
          [
            112.666832,
            -7.226405
          ],
          [
            112.666118,
            -7.226
          ],
          [
            112.665491,
            -7.225667
          ],
          [
            112.664872,
            -7.225323
          ],
          [
            112.664452,
            -7.225104
          ],
          [
            112.664017,
            -7.224839
          ],
          [
            112.663021,
            -7.224338
          ],
          [
            112.662845,
            -7.224205
          ],
          [
            112.662532,
            -7.224028
          ],
          [
            112.662107,
            -7.223804
          ],
          [
            112.662021,
            -7.223797
          ],
          [
            112.661778,
            -7.223674
          ],
          [
            112.660933,
            -7.223212
          ],
          [
            112.660537,
            -7.223
          ],
          [
            112.660075,
            -7.222774
          ],
          [
            112.658879,
            -7.222114
          ],
          [
            112.657436,
            -7.221322
          ],
          [
            112.656709,
            -7.22093
          ],
          [
            112.65628,
            -7.220678
          ],
          [
            112.656039,
            -7.220486
          ],
          [
            112.655811,
            -7.22025
          ],
          [
            112.655616,
            -7.22
          ],
          [
            112.655348,
            -7.219454
          ],
          [
            112.655028,
            -7.218614
          ],
          [
            112.654855,
            -7.218179
          ],
          [
            112.6545619,
            -7.2172755
          ],
          [
            112.654304,
            -7.2164981
          ],
          [
            112.654303,
            -7.2163706
          ],
          [
            112.6539412,
            -7.2152722
          ],
          [
            112.6537561,
            -7.2147249
          ],
          [
            112.6535623,
            -7.2141784
          ],
          [
            112.6532217,
            -7.2131746
          ],
          [
            112.6530558,
            -7.212678
          ],
          [
            112.6529767,
            -7.21243
          ],
          [
            112.6528882,
            -7.2121841
          ],
          [
            112.6527132,
            -7.2116973
          ],
          [
            112.6525308,
            -7.2112125
          ],
          [
            112.6521723,
            -7.210221
          ],
          [
            112.6520093,
            -7.2097268
          ],
          [
            112.6518212,
            -7.2092365
          ],
          [
            112.6516609,
            -7.2087622
          ],
          [
            112.6515747,
            -7.2086451
          ],
          [
            112.6511682,
            -7.2074441
          ],
          [
            112.6507562,
            -7.2062563
          ],
          [
            112.6503889,
            -7.2052778
          ],
          [
            112.6500655,
            -7.2042952
          ],
          [
            112.6496916,
            -7.2032854
          ],
          [
            112.6495115,
            -7.2027795
          ],
          [
            112.649365,
            -7.202282
          ],
          [
            112.649603,
            -7.2022109
          ],
          [
            112.6502528,
            -7.2020393
          ],
          [
            112.6511439,
            -7.2018047
          ],
          [
            112.6520893,
            -7.2014871
          ],
          [
            112.652324,
            -7.2014076
          ],
          [
            112.6525594,
            -7.2013183
          ],
          [
            112.6530237,
            -7.2011428
          ],
          [
            112.6534113,
            -7.2009964
          ],
          [
            112.6538076,
            -7.2008573
          ],
          [
            112.6542183,
            -7.2007135
          ],
          [
            112.6546001,
            -7.200591
          ],
          [
            112.6552199,
            -7.2004731
          ],
          [
            112.6559047,
            -7.2003622
          ],
          [
            112.6565192,
            -7.2002929
          ],
          [
            112.6568689,
            -7.2002688
          ],
          [
            112.6574186,
            -7.2002232
          ],
          [
            112.6579689,
            -7.2001703
          ],
          [
            112.6585312,
            -7.2001151
          ],
          [
            112.6590941,
            -7.2000678
          ],
          [
            112.659286,
            -7.2000802
          ],
          [
            112.6603795,
            -7.2002089
          ],
          [
            112.6610707,
            -7.2002671
          ],
          [
            112.6614091,
            -7.2001996
          ],
          [
            112.6623394,
            -7.1999688
          ],
          [
            112.6632332,
            -7.1997462
          ],
          [
            112.6633578,
            -7.1996882
          ],
          [
            112.6634582,
            -7.1996279
          ],
          [
            112.6638685,
            -7.199247
          ],
          [
            112.664248,
            -7.1989017
          ],
          [
            112.6646027,
            -7.1986094
          ],
          [
            112.6646125,
            -7.1986161
          ],
          [
            112.6643063,
            -7.1988624
          ],
          [
            112.664031,
            -7.1991126
          ],
          [
            112.663462,
            -7.1996371
          ],
          [
            112.6633609,
            -7.1996977
          ],
          [
            112.6632339,
            -7.1997543
          ],
          [
            112.6623412,
            -7.1999762
          ],
          [
            112.66141,
            -7.2002064
          ],
          [
            112.6610697,
            -7.2002748
          ],
          [
            112.6603797,
            -7.2002188
          ],
          [
            112.6592982,
            -7.2000925
          ],
          [
            112.6590958,
            -7.2000767
          ],
          [
            112.6586162,
            -7.2001173
          ],
          [
            112.6581386,
            -7.2001652
          ],
          [
            112.6570342,
            -7.2002663
          ],
          [
            112.6565211,
            -7.2003037
          ],
          [
            112.6559034,
            -7.2003704
          ],
          [
            112.6552132,
            -7.2004859
          ],
          [
            112.6546011,
            -7.2006013
          ],
          [
            112.6542126,
            -7.2007262
          ],
          [
            112.653808,
            -7.2008671
          ],
          [
            112.6534111,
            -7.201006
          ],
          [
            112.6530263,
            -7.2011548
          ],
          [
            112.6526281,
            -7.2013015
          ],
          [
            112.6522426,
            -7.2014479
          ],
          [
            112.6514401,
            -7.201718
          ],
          [
            112.6511471,
            -7.2018136
          ],
          [
            112.6504574,
            -7.2019971
          ],
          [
            112.6494804,
            -7.2022555
          ],
          [
            112.6495377,
            -7.2025568
          ],
          [
            112.6496185,
            -7.2028055
          ],
          [
            112.6498176,
            -7.2033515
          ],
          [
            112.6501904,
            -7.2044302
          ],
          [
            112.6508288,
            -7.2062384
          ],
          [
            112.6512331,
            -7.2074011
          ],
          [
            112.6516468,
            -7.2085867
          ],
          [
            112.6516716,
            -7.2087576
          ],
          [
            112.6518563,
            -7.2092992
          ],
          [
            112.6520568,
            -7.2098282
          ],
          [
            112.652246,
            -7.210393
          ],
          [
            112.6524469,
            -7.2109565
          ],
          [
            112.6525317,
            -7.2111817
          ],
          [
            112.6527025,
            -7.2116354
          ],
          [
            112.652861,
            -7.2120743
          ],
          [
            112.6530198,
            -7.2125215
          ],
          [
            112.6533254,
            -7.2134486
          ],
          [
            112.6534851,
            -7.2139142
          ],
          [
            112.6536464,
            -7.2143738
          ],
          [
            112.653953,
            -7.2152677
          ],
          [
            112.6541306,
            -7.2158159
          ],
          [
            112.6543129,
            -7.2163641
          ],
          [
            112.6543846,
            -7.2164494
          ],
          [
            112.6545941,
            -7.2170323
          ],
          [
            112.6547847,
            -7.2175813
          ],
          [
            112.6549922,
            -7.2181327
          ],
          [
            112.6546161,
            -7.2182823
          ],
          [
            112.6542379,
            -7.2184693
          ],
          [
            112.6538152,
            -7.2186669
          ],
          [
            112.6535991,
            -7.218758
          ],
          [
            112.6534783,
            -7.2187686
          ],
          [
            112.6533178,
            -7.2187459
          ],
          [
            112.6531292,
            -7.2186845
          ],
          [
            112.6529316,
            -7.2182752
          ],
          [
            112.652886,
            -7.2180548
          ],
          [
            112.6529245,
            -7.2178543
          ],
          [
            112.65299,
            -7.2177582
          ],
          [
            112.6532259,
            -7.217559
          ],
          [
            112.6539017,
            -7.2172971
          ],
          [
            112.654583,
            -7.2170351
          ],
          [
            112.6547379,
            -7.2174903
          ],
          [
            112.654905,
            -7.2179389
          ],
          [
            112.655235,
            -7.218842
          ],
          [
            112.655502,
            -7.219539
          ],
          [
            112.655756,
            -7.220028
          ],
          [
            112.655925,
            -7.220225
          ],
          [
            112.656106,
            -7.220414
          ],
          [
            112.656614,
            -7.220771
          ],
          [
            112.65718,
            -7.221066
          ],
          [
            112.658262,
            -7.221665
          ],
          [
            112.659314,
            -7.22224
          ],
          [
            112.660377,
            -7.222803
          ],
          [
            112.6606,
            -7.222898
          ],
          [
            112.660906,
            -7.223072
          ],
          [
            112.661421,
            -7.223368
          ],
          [
            112.662063,
            -7.22374
          ],
          [
            112.662111,
            -7.223792
          ],
          [
            112.662443,
            -7.223966
          ],
          [
            112.66285,
            -7.224195
          ],
          [
            112.663028,
            -7.224328
          ],
          [
            112.663476,
            -7.224555
          ],
          [
            112.664022,
            -7.22483
          ],
          [
            112.664457,
            -7.225095
          ],
          [
            112.664746,
            -7.225241
          ],
          [
            112.665548,
            -7.225683
          ],
          [
            112.666095,
            -7.225972
          ],
          [
            112.666629,
            -7.226274
          ],
          [
            112.667455,
            -7.226735
          ],
          [
            112.667627,
            -7.226793
          ],
          [
            112.668756,
            -7.227394
          ],
          [
            112.669803,
            -7.227974
          ],
          [
            112.670849,
            -7.228534
          ],
          [
            112.671898,
            -7.229115
          ],
          [
            112.672423,
            -7.229393
          ],
          [
            112.672975,
            -7.229635
          ],
          [
            112.673474,
            -7.229734
          ],
          [
            112.675806,
            -7.229721
          ],
          [
            112.67697,
            -7.229682
          ],
          [
            112.678139,
            -7.229666
          ],
          [
            112.679468,
            -7.229659
          ],
          [
            112.68049,
            -7.229622
          ],
          [
            112.681734,
            -7.229601
          ],
          [
            112.682596,
            -7.229641
          ],
          [
            112.682837,
            -7.229637
          ],
          [
            112.68293,
            -7.229908
          ],
          [
            112.68284,
            -7.232487
          ],
          [
            112.68274,
            -7.235294
          ],
          [
            112.682683,
            -7.238101
          ],
          [
            112.682576,
            -7.240906
          ],
          [
            112.682568,
            -7.241096
          ],
          [
            112.682589,
            -7.241286
          ],
          [
            112.682535,
            -7.242311
          ],
          [
            112.682498,
            -7.243015
          ],
          [
            112.68247,
            -7.243715
          ],
          [
            112.68239,
            -7.246524
          ],
          [
            112.682293,
            -7.249333
          ],
          [
            112.682287,
            -7.250743
          ],
          [
            112.682181,
            -7.252141
          ],
          [
            112.681989,
            -7.253285
          ],
          [
            112.680736,
            -7.257369
          ],
          [
            112.680722,
            -7.257515
          ],
          [
            112.680754,
            -7.257662
          ],
          [
            112.680814,
            -7.25786
          ],
          [
            112.680968,
            -7.258334
          ],
          [
            112.681066,
            -7.258528
          ],
          [
            112.681191,
            -7.258712
          ],
          [
            112.681707,
            -7.258821
          ],
          [
            112.682685,
            -7.258836
          ],
          [
            112.683574,
            -7.258944
          ],
          [
            112.684419,
            -7.259088
          ],
          [
            112.685317,
            -7.259199
          ],
          [
            112.686198,
            -7.25927
          ],
          [
            112.68646,
            -7.25929
          ],
          [
            112.686929,
            -7.259362
          ],
          [
            112.687927,
            -7.259606
          ],
          [
            112.688931,
            -7.259841
          ],
          [
            112.689106,
            -7.259924
          ],
          [
            112.689456,
            -7.260168
          ],
          [
            112.689655,
            -7.260238
          ],
          [
            112.69006,
            -7.260283
          ],
          [
            112.690525,
            -7.26033
          ],
          [
            112.690886,
            -7.260384
          ],
          [
            112.691228,
            -7.260462
          ],
          [
            112.6919,
            -7.260692
          ],
          [
            112.69225,
            -7.260796
          ],
          [
            112.692611,
            -7.26088
          ],
          [
            112.692926,
            -7.26098
          ],
          [
            112.693218,
            -7.261164
          ],
          [
            112.693478,
            -7.261485
          ],
          [
            112.693684,
            -7.261851
          ],
          [
            112.693861,
            -7.261975
          ],
          [
            112.694062,
            -7.262068
          ],
          [
            112.694456,
            -7.262246
          ],
          [
            112.694798,
            -7.262419
          ],
          [
            112.695137,
            -7.262616
          ],
          [
            112.694733,
            -7.263331
          ],
          [
            112.694554,
            -7.263965
          ],
          [
            112.694442,
            -7.264172
          ],
          [
            112.693805,
            -7.264847
          ],
          [
            112.69384,
            -7.264965
          ],
          [
            112.693833,
            -7.265164
          ],
          [
            112.693758,
            -7.265871
          ],
          [
            112.693663,
            -7.26689
          ],
          [
            112.6934462,
            -7.2690524
          ],
          [
            112.6925488,
            -7.2689522
          ],
          [
            112.6921,
            -7.2688991
          ],
          [
            112.6918743,
            -7.2688832
          ],
          [
            112.6916473,
            -7.2688899
          ],
          [
            112.6914197,
            -7.2690162
          ],
          [
            112.6910787,
            -7.2693232
          ],
          [
            112.6905538,
            -7.2697641
          ],
          [
            112.6900208,
            -7.2702124
          ],
          [
            112.6897546,
            -7.2704345
          ],
          [
            112.6895293,
            -7.2706227
          ],
          [
            112.689528,
            -7.2706753
          ],
          [
            112.6894851,
            -7.2707069
          ],
          [
            112.6894536,
            -7.2709793
          ],
          [
            112.6894229,
            -7.2712906
          ],
          [
            112.6893586,
            -7.2719173
          ],
          [
            112.6892508,
            -7.2731581
          ],
          [
            112.6889666,
            -7.2756242
          ],
          [
            112.6890585,
            -7.2758122
          ],
          [
            112.6891947,
            -7.2759689
          ],
          [
            112.6894684,
            -7.2762889
          ],
          [
            112.6900172,
            -7.2769288
          ],
          [
            112.688169,
            -7.278469
          ],
          [
            112.687267,
            -7.279196
          ],
          [
            112.686386,
            -7.279933
          ],
          [
            112.68549,
            -7.280686
          ],
          [
            112.685059,
            -7.281076
          ],
          [
            112.68477,
            -7.281369
          ],
          [
            112.684055,
            -7.282128
          ],
          [
            112.683658,
            -7.282515
          ],
          [
            112.683317,
            -7.282877
          ],
          [
            112.682755,
            -7.283421
          ],
          [
            112.681847,
            -7.284367
          ],
          [
            112.681568,
            -7.284671
          ],
          [
            112.681271,
            -7.28496
          ],
          [
            112.681171,
            -7.28505
          ],
          [
            112.680399,
            -7.285871
          ],
          [
            112.679797,
            -7.286454
          ],
          [
            112.679651,
            -7.28661
          ],
          [
            112.678761,
            -7.28751
          ],
          [
            112.678701,
            -7.2876
          ],
          [
            112.678461,
            -7.287999
          ],
          [
            112.678361,
            -7.28815
          ],
          [
            112.678232,
            -7.288324
          ],
          [
            112.678107,
            -7.288423
          ],
          [
            112.678031,
            -7.28851
          ],
          [
            112.677911,
            -7.2886
          ],
          [
            112.677792,
            -7.288624
          ],
          [
            112.677532,
            -7.288821
          ],
          [
            112.677433,
            -7.288915
          ],
          [
            112.677341,
            -7.289064
          ],
          [
            112.676929,
            -7.289907
          ],
          [
            112.676591,
            -7.2906
          ],
          [
            112.676453,
            -7.291026
          ],
          [
            112.676104,
            -7.292357
          ],
          [
            112.676021,
            -7.292632
          ],
          [
            112.675957,
            -7.292888
          ],
          [
            112.675828,
            -7.293425
          ],
          [
            112.675796,
            -7.29362
          ],
          [
            112.675762,
            -7.293968
          ],
          [
            112.675747,
            -7.294734
          ],
          [
            112.675741,
            -7.295503
          ],
          [
            112.675619,
            -7.296982
          ],
          [
            112.675621,
            -7.2987
          ],
          [
            112.675661,
            -7.29875
          ],
          [
            112.675661,
            -7.29885
          ],
          [
            112.675631,
            -7.29889
          ],
          [
            112.6756882,
            -7.2995417
          ],
          [
            112.6756963,
            -7.2998742
          ],
          [
            112.6756934,
            -7.3000529
          ],
          [
            112.6756711,
            -7.3001086
          ],
          [
            112.6755957,
            -7.3001298
          ],
          [
            112.6755045,
            -7.3000962
          ],
          [
            112.6754884,
            -7.3000386
          ],
          [
            112.6754736,
            -7.2998748
          ],
          [
            112.6754431,
            -7.2995293
          ],
          [
            112.675421,
            -7.2989
          ]
        ]
      }
    },
    {
      "type": "Feature",
      "properties": {
        "code": "122",
        "link": "fd09",
        "name": "9",
        "title": "Term. Menanggal-Term. Manukan",
        "color": "#836fff",
        "textColor": "white",
        "feeder": true,
        "hours": "05:30 - 21:00",
        "routeId": "fd09"
      },
      "geometry": {
        "type": "LineString",
        "coordinates": [
          [
            112.722369,
            -7.34181
          ],
          [
            112.722734,
            -7.341919
          ],
          [
            112.722685,
            -7.341684
          ],
          [
            112.722615,
            -7.341554
          ],
          [
            112.722476,
            -7.341496
          ],
          [
            112.722376,
            -7.341778
          ],
          [
            112.722753,
            -7.341888
          ],
          [
            112.723204,
            -7.342034
          ],
          [
            112.723748,
            -7.342115
          ],
          [
            112.723779,
            -7.342196
          ],
          [
            112.723736,
            -7.342349
          ],
          [
            112.724054,
            -7.342443
          ],
          [
            112.725148,
            -7.342745
          ],
          [
            112.727497,
            -7.343479
          ],
          [
            112.728549,
            -7.343814
          ],
          [
            112.72902,
            -7.343934
          ],
          [
            112.729031,
            -7.339544
          ],
          [
            112.728308,
            -7.339443
          ],
          [
            112.726197,
            -7.339305
          ],
          [
            112.724017,
            -7.338745
          ],
          [
            112.723507,
            -7.33836
          ],
          [
            112.721173,
            -7.337805
          ],
          [
            112.71894,
            -7.337408
          ],
          [
            112.716452,
            -7.337106
          ],
          [
            112.716703,
            -7.335581
          ],
          [
            112.716625,
            -7.33541
          ],
          [
            112.716471,
            -7.335353
          ],
          [
            112.715363,
            -7.335166
          ],
          [
            112.714317,
            -7.335022
          ],
          [
            112.714398,
            -7.3337
          ],
          [
            112.714216,
            -7.333697
          ],
          [
            112.714076,
            -7.333758
          ],
          [
            112.713878,
            -7.334003
          ],
          [
            112.713798,
            -7.333999
          ],
          [
            112.713572,
            -7.3336
          ],
          [
            112.713415,
            -7.333085
          ],
          [
            112.7133,
            -7.333027
          ],
          [
            112.712226,
            -7.33294
          ],
          [
            112.710902,
            -7.332879
          ],
          [
            112.710255,
            -7.332803
          ],
          [
            112.710402,
            -7.33211
          ],
          [
            112.710735,
            -7.331202
          ],
          [
            112.711473,
            -7.329834
          ],
          [
            112.711944,
            -7.328275
          ],
          [
            112.712343,
            -7.327068
          ],
          [
            112.712606,
            -7.326023
          ],
          [
            112.712963,
            -7.325015
          ],
          [
            112.71391,
            -7.322329
          ],
          [
            112.714664,
            -7.320458
          ],
          [
            112.715148,
            -7.319384
          ],
          [
            112.715595,
            -7.318436
          ],
          [
            112.716063,
            -7.317371
          ],
          [
            112.716209,
            -7.317178
          ],
          [
            112.716398,
            -7.317022
          ],
          [
            112.717509,
            -7.316853
          ],
          [
            112.717579,
            -7.317159
          ],
          [
            112.717522,
            -7.317839
          ],
          [
            112.717401,
            -7.318769
          ],
          [
            112.717439,
            -7.318939
          ],
          [
            112.717638,
            -7.319088
          ],
          [
            112.719464,
            -7.319665
          ],
          [
            112.721811,
            -7.320332
          ],
          [
            112.722476,
            -7.316892
          ],
          [
            112.722413,
            -7.316504
          ],
          [
            112.722499,
            -7.316151
          ],
          [
            112.723516,
            -7.313322
          ],
          [
            112.724558,
            -7.310273
          ],
          [
            112.724934,
            -7.309736
          ],
          [
            112.725231,
            -7.308994
          ],
          [
            112.725533,
            -7.308149
          ],
          [
            112.725787,
            -7.30818
          ],
          [
            112.726177,
            -7.308315
          ],
          [
            112.726607,
            -7.308542
          ],
          [
            112.727267,
            -7.308917
          ],
          [
            112.727936,
            -7.309279
          ],
          [
            112.729062,
            -7.30974
          ],
          [
            112.729874,
            -7.310026
          ],
          [
            112.730058,
            -7.309942
          ],
          [
            112.730463,
            -7.309684
          ],
          [
            112.730786,
            -7.309628
          ],
          [
            112.731833,
            -7.309787
          ],
          [
            112.73255,
            -7.309991
          ],
          [
            112.732961,
            -7.310189
          ],
          [
            112.733724,
            -7.310278
          ],
          [
            112.734915,
            -7.310505
          ],
          [
            112.735364,
            -7.308234
          ],
          [
            112.735102,
            -7.307484
          ],
          [
            112.73508,
            -7.307201
          ],
          [
            112.735083,
            -7.307046
          ],
          [
            112.735294,
            -7.306544
          ],
          [
            112.736072,
            -7.305514
          ],
          [
            112.736549,
            -7.303438
          ],
          [
            112.73685,
            -7.302169
          ],
          [
            112.736959,
            -7.301965
          ],
          [
            112.737117,
            -7.301121
          ],
          [
            112.737013,
            -7.300526
          ],
          [
            112.73675,
            -7.299803
          ],
          [
            112.736601,
            -7.299491
          ],
          [
            112.73643,
            -7.299348
          ],
          [
            112.736417,
            -7.298479
          ],
          [
            112.737366,
            -7.298427
          ],
          [
            112.737555,
            -7.298439
          ],
          [
            112.737703,
            -7.298283
          ],
          [
            112.737903,
            -7.298187
          ],
          [
            112.738041,
            -7.298163
          ],
          [
            112.738733,
            -7.297694
          ],
          [
            112.738861,
            -7.297563
          ],
          [
            112.739028,
            -7.29733
          ],
          [
            112.739121,
            -7.29704
          ],
          [
            112.739158,
            -7.296814
          ],
          [
            112.739162,
            -7.296509
          ],
          [
            112.739154,
            -7.296383
          ],
          [
            112.7387,
            -7.295442
          ],
          [
            112.738025,
            -7.294095
          ],
          [
            112.737148,
            -7.292332
          ],
          [
            112.736298,
            -7.29281
          ],
          [
            112.735764,
            -7.293176
          ],
          [
            112.734959,
            -7.293935
          ],
          [
            112.733767,
            -7.294982
          ],
          [
            112.733287,
            -7.295612
          ],
          [
            112.732923,
            -7.295388
          ],
          [
            112.731678,
            -7.29444
          ],
          [
            112.729664,
            -7.292845
          ],
          [
            112.729254,
            -7.292661
          ],
          [
            112.728752,
            -7.292555
          ],
          [
            112.727209,
            -7.292438
          ],
          [
            112.724379,
            -7.292225
          ],
          [
            112.722814,
            -7.292106
          ],
          [
            112.720354,
            -7.291886
          ],
          [
            112.718916,
            -7.291808
          ],
          [
            112.717651,
            -7.291684
          ],
          [
            112.716293,
            -7.291391
          ],
          [
            112.71523,
            -7.291066
          ],
          [
            112.713464,
            -7.290438
          ],
          [
            112.711718,
            -7.289892
          ],
          [
            112.709982,
            -7.289322
          ],
          [
            112.707748,
            -7.288586
          ],
          [
            112.707404,
            -7.288406
          ],
          [
            112.704996,
            -7.287666
          ],
          [
            112.704173,
            -7.287411
          ],
          [
            112.703497,
            -7.28722
          ],
          [
            112.702049,
            -7.286799
          ],
          [
            112.700312,
            -7.286304
          ],
          [
            112.699476,
            -7.286092
          ],
          [
            112.696773,
            -7.285572
          ],
          [
            112.69572,
            -7.285304
          ],
          [
            112.695768,
            -7.285156
          ],
          [
            112.696803,
            -7.28542
          ],
          [
            112.699494,
            -7.285959
          ],
          [
            112.700363,
            -7.286167
          ],
          [
            112.702092,
            -7.286678
          ],
          [
            112.702239,
            -7.286153
          ],
          [
            112.700866,
            -7.28446
          ],
          [
            112.699704,
            -7.283045
          ],
          [
            112.697255,
            -7.280058
          ],
          [
            112.696343,
            -7.278974
          ],
          [
            112.696112,
            -7.278646
          ],
          [
            112.696065,
            -7.278513
          ],
          [
            112.697107,
            -7.27765
          ],
          [
            112.697542,
            -7.277584
          ],
          [
            112.698219,
            -7.276798
          ],
          [
            112.698328,
            -7.276515
          ],
          [
            112.698371,
            -7.276108
          ],
          [
            112.698352,
            -7.275411
          ],
          [
            112.698403,
            -7.27449
          ],
          [
            112.698522,
            -7.273326
          ],
          [
            112.698616,
            -7.272344
          ],
          [
            112.698575,
            -7.272056
          ],
          [
            112.698472,
            -7.271858
          ],
          [
            112.697383,
            -7.270639
          ],
          [
            112.696465,
            -7.26953
          ],
          [
            112.6963,
            -7.269395
          ],
          [
            112.696089,
            -7.269308
          ],
          [
            112.695336,
            -7.269214
          ],
          [
            112.693372,
            -7.269037
          ],
          [
            112.693594,
            -7.266741
          ],
          [
            112.693769,
            -7.264906
          ],
          [
            112.693708,
            -7.264781
          ],
          [
            112.693312,
            -7.264742
          ],
          [
            112.691969,
            -7.264625
          ],
          [
            112.691011,
            -7.264529
          ],
          [
            112.689959,
            -7.264431
          ],
          [
            112.688646,
            -7.264301
          ],
          [
            112.687736,
            -7.264236
          ],
          [
            112.686183,
            -7.264099
          ],
          [
            112.683669,
            -7.263849
          ],
          [
            112.683718,
            -7.263387
          ],
          [
            112.683781,
            -7.263016
          ],
          [
            112.684113,
            -7.261782
          ],
          [
            112.684181,
            -7.261697
          ],
          [
            112.68434,
            -7.261211
          ],
          [
            112.68472,
            -7.260208
          ],
          [
            112.684959,
            -7.259611
          ],
          [
            112.684949,
            -7.259483
          ],
          [
            112.684926,
            -7.259362
          ],
          [
            112.684888,
            -7.259268
          ],
          [
            112.683805,
            -7.259097
          ],
          [
            112.682969,
            -7.258984
          ],
          [
            112.682235,
            -7.258946
          ],
          [
            112.681738,
            -7.258938
          ],
          [
            112.681359,
            -7.25887
          ],
          [
            112.680386,
            -7.258604
          ],
          [
            112.679908,
            -7.258538
          ],
          [
            112.679536,
            -7.258556
          ],
          [
            112.67873,
            -7.258534
          ],
          [
            112.678723,
            -7.258698
          ],
          [
            112.6786,
            -7.258693
          ],
          [
            112.678542,
            -7.258978
          ],
          [
            112.678647,
            -7.25902
          ],
          [
            112.678708,
            -7.259078
          ],
          [
            112.678706,
            -7.259234
          ],
          [
            112.678661,
            -7.25934
          ],
          [
            112.678629,
            -7.259351
          ],
          [
            112.678468,
            -7.259301
          ],
          [
            112.67746,
            -7.264021
          ],
          [
            112.674339,
            -7.263337
          ],
          [
            112.672499,
            -7.262944
          ],
          [
            112.672368,
            -7.263488
          ],
          [
            112.672274,
            -7.263553
          ],
          [
            112.671376,
            -7.263304
          ],
          [
            112.671253,
            -7.263154
          ],
          [
            112.667309,
            -7.262675
          ],
          [
            112.667213,
            -7.26338
          ],
          [
            112.667047,
            -7.264293
          ],
          [
            112.6667,
            -7.265736
          ],
          [
            112.6664,
            -7.267185
          ],
          [
            112.666142,
            -7.268248
          ],
          [
            112.667057,
            -7.268458
          ],
          [
            112.667112,
            -7.26818
          ],
          [
            112.666246,
            -7.268005
          ],
          [
            112.666152,
            -7.268365
          ],
          [
            112.666039,
            -7.26834
          ],
          [
            112.66631,
            -7.26717
          ],
          [
            112.666617,
            -7.265772
          ],
          [
            112.666985,
            -7.264123
          ],
          [
            112.667127,
            -7.263361
          ],
          [
            112.667207,
            -7.262625
          ],
          [
            112.671276,
            -7.263076
          ],
          [
            112.67142,
            -7.263226
          ],
          [
            112.672281,
            -7.263466
          ],
          [
            112.67246,
            -7.262846
          ],
          [
            112.674359,
            -7.263257
          ],
          [
            112.6774,
            -7.263943
          ],
          [
            112.677783,
            -7.262283
          ],
          [
            112.678517,
            -7.258984
          ],
          [
            112.678639,
            -7.259048
          ],
          [
            112.678675,
            -7.25909
          ],
          [
            112.678675,
            -7.259232
          ],
          [
            112.678642,
            -7.259321
          ],
          [
            112.678436,
            -7.259273
          ],
          [
            112.678572,
            -7.258687
          ],
          [
            112.678384,
            -7.258636
          ],
          [
            112.678201,
            -7.258627
          ],
          [
            112.677944,
            -7.258663
          ],
          [
            112.677942,
            -7.25856
          ],
          [
            112.677311,
            -7.258515
          ],
          [
            112.676723,
            -7.258436
          ],
          [
            112.676742,
            -7.258338
          ],
          [
            112.677313,
            -7.258406
          ],
          [
            112.677869,
            -7.258435
          ],
          [
            112.678444,
            -7.258399
          ],
          [
            112.67914,
            -7.258421
          ],
          [
            112.679463,
            -7.258286
          ],
          [
            112.679762,
            -7.258111
          ],
          [
            112.680265,
            -7.25757
          ],
          [
            112.680417,
            -7.257496
          ],
          [
            112.680499,
            -7.257496
          ],
          [
            112.680593,
            -7.257523
          ],
          [
            112.680683,
            -7.257594
          ],
          [
            112.680773,
            -7.257695
          ],
          [
            112.680859,
            -7.258009
          ],
          [
            112.680978,
            -7.258336
          ],
          [
            112.681042,
            -7.258493
          ],
          [
            112.681205,
            -7.258717
          ],
          [
            112.681498,
            -7.258784
          ],
          [
            112.681789,
            -7.258824
          ],
          [
            112.682334,
            -7.258827
          ],
          [
            112.682952,
            -7.258864
          ],
          [
            112.683781,
            -7.258974
          ],
          [
            112.684912,
            -7.259158
          ],
          [
            112.684906,
            -7.259268
          ],
          [
            112.684943,
            -7.259358
          ],
          [
            112.684972,
            -7.259495
          ],
          [
            112.684979,
            -7.259612
          ],
          [
            112.68475,
            -7.260232
          ],
          [
            112.684379,
            -7.261231
          ],
          [
            112.684213,
            -7.261711
          ],
          [
            112.684212,
            -7.261809
          ],
          [
            112.683895,
            -7.263037
          ],
          [
            112.683828,
            -7.2634
          ],
          [
            112.683782,
            -7.263836
          ],
          [
            112.687729,
            -7.264171
          ],
          [
            112.68865,
            -7.264248
          ],
          [
            112.689953,
            -7.26436
          ],
          [
            112.691014,
            -7.264463
          ],
          [
            112.691989,
            -7.264537
          ],
          [
            112.693315,
            -7.264684
          ],
          [
            112.693647,
            -7.26472
          ],
          [
            112.69376,
            -7.264753
          ],
          [
            112.693804,
            -7.264815
          ],
          [
            112.693839,
            -7.264943
          ],
          [
            112.693677,
            -7.266751
          ],
          [
            112.693462,
            -7.268914
          ],
          [
            112.69535,
            -7.269094
          ],
          [
            112.696059,
            -7.269163
          ],
          [
            112.69625,
            -7.269208
          ],
          [
            112.696542,
            -7.269412
          ],
          [
            112.697478,
            -7.270538
          ],
          [
            112.698517,
            -7.271765
          ],
          [
            112.698664,
            -7.272059
          ],
          [
            112.698737,
            -7.272347
          ],
          [
            112.698635,
            -7.273342
          ],
          [
            112.698524,
            -7.274502
          ],
          [
            112.698442,
            -7.275412
          ],
          [
            112.698464,
            -7.27609
          ],
          [
            112.698407,
            -7.276547
          ],
          [
            112.6983,
            -7.27684
          ],
          [
            112.69772,
            -7.27754
          ],
          [
            112.697586,
            -7.277657
          ],
          [
            112.697236,
            -7.277742
          ],
          [
            112.69615,
            -7.278572
          ],
          [
            112.696416,
            -7.27892
          ],
          [
            112.697327,
            -7.279998
          ],
          [
            112.699796,
            -7.282988
          ],
          [
            112.700923,
            -7.284413
          ],
          [
            112.702312,
            -7.2861
          ],
          [
            112.702188,
            -7.286707
          ],
          [
            112.703535,
            -7.287092
          ],
          [
            112.704181,
            -7.287338
          ],
          [
            112.705019,
            -7.287592
          ],
          [
            112.707429,
            -7.288332
          ],
          [
            112.707783,
            -7.288415
          ],
          [
            112.71003,
            -7.289175
          ],
          [
            112.711759,
            -7.289749
          ],
          [
            112.713498,
            -7.290306
          ],
          [
            112.714804,
            -7.29077
          ],
          [
            112.71484,
            -7.290635
          ],
          [
            112.715318,
            -7.290806
          ],
          [
            112.715287,
            -7.290926
          ],
          [
            112.716058,
            -7.291176
          ],
          [
            112.717825,
            -7.291559
          ],
          [
            112.718911,
            -7.291673
          ],
          [
            112.720337,
            -7.291737
          ],
          [
            112.722828,
            -7.29198
          ],
          [
            112.72436,
            -7.292107
          ],
          [
            112.727182,
            -7.292286
          ],
          [
            112.728713,
            -7.292403
          ],
          [
            112.729168,
            -7.292508
          ],
          [
            112.729671,
            -7.292696
          ],
          [
            112.731786,
            -7.29432
          ],
          [
            112.733272,
            -7.29551
          ],
          [
            112.733708,
            -7.294921
          ],
          [
            112.734899,
            -7.293869
          ],
          [
            112.735727,
            -7.293109
          ],
          [
            112.73625,
            -7.292737
          ],
          [
            112.737259,
            -7.292192
          ],
          [
            112.738198,
            -7.294026
          ],
          [
            112.738833,
            -7.295283
          ],
          [
            112.739031,
            -7.295465
          ],
          [
            112.73935,
            -7.295603
          ],
          [
            112.739447,
            -7.296843
          ],
          [
            112.739391,
            -7.297135
          ],
          [
            112.739228,
            -7.297505
          ],
          [
            112.739001,
            -7.297827
          ],
          [
            112.738549,
            -7.298139
          ],
          [
            112.738086,
            -7.298334
          ],
          [
            112.737903,
            -7.298518
          ],
          [
            112.737559,
            -7.29943
          ],
          [
            112.737213,
            -7.301138
          ],
          [
            112.736995,
            -7.302196
          ],
          [
            112.736824,
            -7.303468
          ],
          [
            112.73633,
            -7.305557
          ],
          [
            112.73624,
            -7.305899
          ],
          [
            112.73602,
            -7.306145
          ],
          [
            112.735785,
            -7.306977
          ],
          [
            112.735665,
            -7.307231
          ],
          [
            112.735406,
            -7.307285
          ],
          [
            112.735186,
            -7.307147
          ],
          [
            112.734984,
            -7.306987
          ],
          [
            112.734062,
            -7.308161
          ],
          [
            112.733917,
            -7.30822
          ],
          [
            112.733017,
            -7.308042
          ],
          [
            112.732215,
            -7.307844
          ],
          [
            112.731975,
            -7.307674
          ],
          [
            112.731694,
            -7.30877
          ],
          [
            112.731424,
            -7.30979
          ],
          [
            112.730833,
            -7.309707
          ],
          [
            112.730486,
            -7.309763
          ],
          [
            112.730102,
            -7.310016
          ],
          [
            112.729887,
            -7.310121
          ],
          [
            112.729026,
            -7.30981
          ],
          [
            112.727909,
            -7.309355
          ],
          [
            112.727227,
            -7.309
          ],
          [
            112.726547,
            -7.308605
          ],
          [
            112.726181,
            -7.30841
          ],
          [
            112.725764,
            -7.308258
          ],
          [
            112.725578,
            -7.308224
          ],
          [
            112.725296,
            -7.309094
          ],
          [
            112.725015,
            -7.30976
          ],
          [
            112.724614,
            -7.310361
          ],
          [
            112.723586,
            -7.313377
          ],
          [
            112.722492,
            -7.316507
          ],
          [
            112.722557,
            -7.316904
          ],
          [
            112.721878,
            -7.320433
          ],
          [
            112.719469,
            -7.319771
          ],
          [
            112.717593,
            -7.319197
          ],
          [
            112.717336,
            -7.319026
          ],
          [
            112.717293,
            -7.318724
          ],
          [
            112.717466,
            -7.317223
          ],
          [
            112.717433,
            -7.31692
          ],
          [
            112.716421,
            -7.317086
          ],
          [
            112.716251,
            -7.31722
          ],
          [
            112.716102,
            -7.317414
          ],
          [
            112.715646,
            -7.318463
          ],
          [
            112.715202,
            -7.319408
          ],
          [
            112.714719,
            -7.320477
          ],
          [
            112.71399,
            -7.322376
          ],
          [
            112.713012,
            -7.325042
          ],
          [
            112.712657,
            -7.326055
          ],
          [
            112.712386,
            -7.327134
          ],
          [
            112.711994,
            -7.328309
          ],
          [
            112.711531,
            -7.32986
          ],
          [
            112.710769,
            -7.331223
          ],
          [
            112.71044,
            -7.332153
          ],
          [
            112.710331,
            -7.332743
          ],
          [
            112.710872,
            -7.33282
          ],
          [
            112.712219,
            -7.332886
          ],
          [
            112.713333,
            -7.332971
          ],
          [
            112.713484,
            -7.333056
          ],
          [
            112.713604,
            -7.333473
          ],
          [
            112.713843,
            -7.333933
          ],
          [
            112.714017,
            -7.333704
          ],
          [
            112.714169,
            -7.333627
          ],
          [
            112.714374,
            -7.333624
          ],
          [
            112.714481,
            -7.333636
          ],
          [
            112.714383,
            -7.334971
          ],
          [
            112.715357,
            -7.33511
          ],
          [
            112.716461,
            -7.335282
          ],
          [
            112.716691,
            -7.335368
          ],
          [
            112.716762,
            -7.335556
          ],
          [
            112.716378,
            -7.338186
          ],
          [
            112.717861,
            -7.338524
          ],
          [
            112.717452,
            -7.340244
          ],
          [
            112.722036,
            -7.341682
          ],
          [
            112.722369,
            -7.34181
          ]
        ]
      }
    },
    {
      "type": "Feature",
      "properties": {
        "code": "123",
        "link": "fd10",
        "name": "10",
        "title": "Term. Keputih-Bunguran",
        "color": "#cfbd4f",
        "textColor": "white",
        "feeder": true,
        "hours": "05:30 - 21:00",
        "routeId": "fd10"
      },
      "geometry": {
        "type": "LineString",
        "coordinates": [
          [
            112.7449056,
            -7.2397892
          ],
          [
            112.7451974,
            -7.2404149
          ],
          [
            112.745406,
            -7.241046
          ],
          [
            112.745671,
            -7.241824
          ],
          [
            112.745605,
            -7.24211
          ],
          [
            112.745273,
            -7.242446
          ],
          [
            112.745049,
            -7.242624
          ],
          [
            112.744766,
            -7.242687
          ],
          [
            112.744809,
            -7.242236
          ],
          [
            112.74478,
            -7.241987
          ],
          [
            112.744941,
            -7.241806
          ],
          [
            112.745027,
            -7.241532
          ],
          [
            112.744798,
            -7.241146
          ],
          [
            112.744811,
            -7.240933
          ],
          [
            112.745283,
            -7.240681
          ],
          [
            112.745424,
            -7.24104
          ],
          [
            112.745686,
            -7.241815
          ],
          [
            112.745818,
            -7.24192
          ],
          [
            112.746071,
            -7.241733
          ],
          [
            112.745932,
            -7.241442
          ],
          [
            112.745798,
            -7.241119
          ],
          [
            112.745934,
            -7.241069
          ],
          [
            112.745982,
            -7.241196
          ],
          [
            112.74586,
            -7.241235
          ],
          [
            112.745648,
            -7.240663
          ],
          [
            112.745294,
            -7.23976
          ],
          [
            112.74515,
            -7.239236
          ],
          [
            112.745051,
            -7.238526
          ],
          [
            112.746617,
            -7.239005
          ],
          [
            112.752454,
            -7.240668
          ],
          [
            112.755878,
            -7.24173
          ],
          [
            112.7590515,
            -7.2426837
          ],
          [
            112.7589574,
            -7.243646
          ],
          [
            112.758457,
            -7.2454887
          ],
          [
            112.7574694,
            -7.2452191
          ],
          [
            112.7574478,
            -7.2453036
          ],
          [
            112.7578102,
            -7.2454039
          ],
          [
            112.7578258,
            -7.2453512
          ],
          [
            112.758307,
            -7.2454796
          ],
          [
            112.758121,
            -7.246244
          ],
          [
            112.758292,
            -7.246287
          ],
          [
            112.759019,
            -7.243682
          ],
          [
            112.7590868,
            -7.2426903
          ],
          [
            112.760495,
            -7.243073
          ],
          [
            112.764987,
            -7.2443
          ],
          [
            112.76886,
            -7.245417
          ],
          [
            112.768814,
            -7.247826
          ],
          [
            112.768732,
            -7.248659
          ],
          [
            112.76832,
            -7.249794
          ],
          [
            112.766723,
            -7.252612
          ],
          [
            112.76583,
            -7.254139
          ],
          [
            112.765146,
            -7.255196
          ],
          [
            112.764946,
            -7.256122
          ],
          [
            112.764294,
            -7.257017
          ],
          [
            112.763617,
            -7.257883
          ],
          [
            112.763494,
            -7.257977
          ],
          [
            112.762901,
            -7.258161
          ],
          [
            112.762172,
            -7.258422
          ],
          [
            112.758481,
            -7.256387
          ],
          [
            112.757174,
            -7.258711
          ],
          [
            112.756792,
            -7.259429
          ],
          [
            112.756055,
            -7.260724
          ],
          [
            112.755315,
            -7.260692
          ],
          [
            112.754561,
            -7.260594
          ],
          [
            112.753695,
            -7.260538
          ],
          [
            112.753407,
            -7.261024
          ],
          [
            112.753156,
            -7.261571
          ],
          [
            112.753038,
            -7.261508
          ],
          [
            112.7529,
            -7.26152
          ],
          [
            112.75283,
            -7.262153
          ],
          [
            112.752756,
            -7.263212
          ],
          [
            112.752669,
            -7.263858
          ],
          [
            112.752612,
            -7.264385
          ],
          [
            112.752727,
            -7.264448
          ],
          [
            112.753555,
            -7.264525
          ],
          [
            112.753441,
            -7.265115
          ],
          [
            112.753277,
            -7.265753
          ],
          [
            112.75318,
            -7.266023
          ],
          [
            112.752726,
            -7.266974
          ],
          [
            112.752786,
            -7.267003
          ],
          [
            112.753238,
            -7.266068
          ],
          [
            112.753344,
            -7.265767
          ],
          [
            112.753508,
            -7.265122
          ],
          [
            112.753635,
            -7.264659
          ],
          [
            112.753738,
            -7.264528
          ],
          [
            112.753974,
            -7.264486
          ],
          [
            112.755883,
            -7.265631
          ],
          [
            112.756381,
            -7.265821
          ],
          [
            112.760514,
            -7.265955
          ],
          [
            112.760812,
            -7.266117
          ],
          [
            112.760721,
            -7.269005
          ],
          [
            112.760671,
            -7.2702
          ],
          [
            112.760706,
            -7.27111
          ],
          [
            112.760964,
            -7.271765
          ],
          [
            112.761255,
            -7.272236
          ],
          [
            112.762414,
            -7.274158
          ],
          [
            112.762414,
            -7.274704
          ],
          [
            112.762326,
            -7.276685
          ],
          [
            112.76222,
            -7.279424
          ],
          [
            112.762938,
            -7.279558
          ],
          [
            112.766264,
            -7.279988
          ],
          [
            112.769629,
            -7.280342
          ],
          [
            112.771699,
            -7.280508
          ],
          [
            112.772024,
            -7.280615
          ],
          [
            112.772637,
            -7.280582
          ],
          [
            112.776424,
            -7.280594
          ],
          [
            112.77645,
            -7.281927
          ],
          [
            112.77647,
            -7.282708
          ],
          [
            112.776431,
            -7.283883
          ],
          [
            112.776244,
            -7.28496
          ],
          [
            112.775996,
            -7.285926
          ],
          [
            112.775826,
            -7.286759
          ],
          [
            112.775465,
            -7.288546
          ],
          [
            112.775314,
            -7.289192
          ],
          [
            112.775208,
            -7.289808
          ],
          [
            112.775866,
            -7.28983
          ],
          [
            112.778748,
            -7.289785
          ],
          [
            112.780498,
            -7.289714
          ],
          [
            112.7804602,
            -7.2905423
          ],
          [
            112.7805029,
            -7.2913786
          ],
          [
            112.7806474,
            -7.2920447
          ],
          [
            112.7809878,
            -7.293014
          ],
          [
            112.7811603,
            -7.2929473
          ],
          [
            112.7808521,
            -7.2920763
          ],
          [
            112.7807075,
            -7.291333
          ],
          [
            112.7806489,
            -7.2905979
          ],
          [
            112.780671,
            -7.289553
          ],
          [
            112.781003,
            -7.289515
          ],
          [
            112.782594,
            -7.289519
          ],
          [
            112.783862,
            -7.289648
          ],
          [
            112.786155,
            -7.290029
          ],
          [
            112.787799,
            -7.290281
          ],
          [
            112.790473,
            -7.290523
          ],
          [
            112.7919635,
            -7.290671
          ],
          [
            112.793026,
            -7.290657
          ],
          [
            112.794672,
            -7.290494
          ],
          [
            112.796588,
            -7.290261
          ],
          [
            112.797434,
            -7.289985
          ],
          [
            112.79823,
            -7.289872
          ],
          [
            112.798539,
            -7.289923
          ],
          [
            112.800191,
            -7.290591
          ],
          [
            112.800971,
            -7.2909
          ],
          [
            112.801735,
            -7.291136
          ],
          [
            112.801832,
            -7.291217
          ],
          [
            112.801888,
            -7.291366
          ],
          [
            112.801854,
            -7.291618
          ],
          [
            112.801677,
            -7.293116
          ],
          [
            112.80151,
            -7.294768
          ],
          [
            112.801871,
            -7.294818
          ],
          [
            112.801905,
            -7.294223
          ],
          [
            112.801661,
            -7.29419
          ],
          [
            112.801767,
            -7.293128
          ],
          [
            112.801946,
            -7.291614
          ],
          [
            112.801934,
            -7.291336
          ],
          [
            112.801877,
            -7.291194
          ],
          [
            112.803768,
            -7.291434
          ],
          [
            112.805359,
            -7.291585
          ],
          [
            112.806062,
            -7.291666
          ],
          [
            112.806756,
            -7.291771
          ],
          [
            112.807513,
            -7.291888
          ],
          [
            112.80836,
            -7.291982
          ],
          [
            112.809026,
            -7.292055
          ],
          [
            112.809396,
            -7.292166
          ],
          [
            112.809876,
            -7.292262
          ],
          [
            112.810353,
            -7.292336
          ],
          [
            112.811508,
            -7.292549
          ],
          [
            112.811569,
            -7.291618
          ],
          [
            112.811598,
            -7.291132
          ],
          [
            112.811624,
            -7.290563
          ],
          [
            112.811679,
            -7.29052
          ],
          [
            112.8122177,
            -7.290529
          ],
          [
            112.8122151,
            -7.2904527
          ],
          [
            112.811651,
            -7.290479
          ],
          [
            112.811591,
            -7.290553
          ],
          [
            112.811562,
            -7.291132
          ],
          [
            112.811533,
            -7.291616
          ],
          [
            112.811471,
            -7.292506
          ],
          [
            112.81037,
            -7.292304
          ],
          [
            112.809883,
            -7.292231
          ],
          [
            112.809405,
            -7.292134
          ],
          [
            112.809045,
            -7.292025
          ],
          [
            112.808366,
            -7.291949
          ],
          [
            112.807513,
            -7.291854
          ],
          [
            112.806763,
            -7.291736
          ],
          [
            112.80607,
            -7.291633
          ],
          [
            112.805362,
            -7.291551
          ],
          [
            112.803776,
            -7.291401
          ],
          [
            112.801844,
            -7.291154
          ],
          [
            112.801758,
            -7.291096
          ],
          [
            112.801004,
            -7.290827
          ],
          [
            112.800217,
            -7.290527
          ],
          [
            112.798564,
            -7.289842
          ],
          [
            112.798229,
            -7.289783
          ],
          [
            112.797416,
            -7.289906
          ],
          [
            112.796584,
            -7.290171
          ],
          [
            112.794663,
            -7.290413
          ],
          [
            112.793027,
            -7.290617
          ],
          [
            112.7919727,
            -7.2906313
          ],
          [
            112.79048,
            -7.290478
          ],
          [
            112.787809,
            -7.290194
          ],
          [
            112.786156,
            -7.289944
          ],
          [
            112.783857,
            -7.289559
          ],
          [
            112.782592,
            -7.289436
          ],
          [
            112.781006,
            -7.289437
          ],
          [
            112.780672,
            -7.289477
          ],
          [
            112.7809613,
            -7.286559
          ],
          [
            112.7807894,
            -7.2865487
          ],
          [
            112.780521,
            -7.2895155
          ],
          [
            112.778766,
            -7.289562
          ],
          [
            112.77589,
            -7.289604
          ],
          [
            112.775328,
            -7.289554
          ],
          [
            112.775378,
            -7.289213
          ],
          [
            112.775523,
            -7.288553
          ],
          [
            112.775884,
            -7.28677
          ],
          [
            112.776052,
            -7.285941
          ],
          [
            112.776295,
            -7.284984
          ],
          [
            112.776482,
            -7.283922
          ],
          [
            112.776515,
            -7.282709
          ],
          [
            112.776515,
            -7.281926
          ],
          [
            112.776519,
            -7.2806
          ],
          [
            112.778677,
            -7.280644
          ],
          [
            112.778684,
            -7.28043
          ],
          [
            112.772652,
            -7.280374
          ],
          [
            112.771469,
            -7.280338
          ],
          [
            112.769644,
            -7.280159
          ],
          [
            112.766274,
            -7.279808
          ],
          [
            112.762943,
            -7.279388
          ],
          [
            112.762323,
            -7.279282
          ],
          [
            112.762402,
            -7.276689
          ],
          [
            112.762509,
            -7.27471
          ],
          [
            112.762472,
            -7.274105
          ],
          [
            112.761319,
            -7.272204
          ],
          [
            112.761009,
            -7.271688
          ],
          [
            112.760775,
            -7.271081
          ],
          [
            112.760774,
            -7.270212
          ],
          [
            112.760835,
            -7.269005
          ],
          [
            112.760925,
            -7.266135
          ],
          [
            112.760896,
            -7.265828
          ],
          [
            112.756933,
            -7.265666
          ],
          [
            112.756778,
            -7.265467
          ],
          [
            112.757155,
            -7.263525
          ],
          [
            112.757344,
            -7.263274
          ],
          [
            112.75746,
            -7.263058
          ],
          [
            112.757627,
            -7.262557
          ],
          [
            112.757773,
            -7.262253
          ],
          [
            112.758115,
            -7.26164
          ],
          [
            112.75849,
            -7.261012
          ],
          [
            112.758645,
            -7.260817
          ],
          [
            112.760145,
            -7.259389
          ],
          [
            112.762184,
            -7.258599
          ],
          [
            112.763001,
            -7.258357
          ],
          [
            112.76362,
            -7.258116
          ],
          [
            112.763772,
            -7.258032
          ],
          [
            112.764465,
            -7.257099
          ],
          [
            112.765141,
            -7.256172
          ],
          [
            112.765356,
            -7.255262
          ],
          [
            112.765998,
            -7.254259
          ],
          [
            112.766915,
            -7.252708
          ],
          [
            112.76849,
            -7.249903
          ],
          [
            112.768968,
            -7.248739
          ],
          [
            112.769002,
            -7.247842
          ],
          [
            112.769084,
            -7.245306
          ],
          [
            112.765013,
            -7.244203
          ],
          [
            112.7590623,
            -7.24251
          ],
          [
            112.7590171,
            -7.2427188
          ],
          [
            112.758918,
            -7.2436413
          ],
          [
            112.7584481,
            -7.2454728
          ],
          [
            112.757461,
            -7.2452043
          ],
          [
            112.7574336,
            -7.2453112
          ],
          [
            112.7578233,
            -7.2454268
          ],
          [
            112.7578374,
            -7.245374
          ],
          [
            112.758287,
            -7.2454893
          ],
          [
            112.7580949,
            -7.2462658
          ],
          [
            112.7583083,
            -7.2463129
          ],
          [
            112.7590409,
            -7.2436866
          ],
          [
            112.7591396,
            -7.2425808
          ],
          [
            112.755901,
            -7.241604
          ],
          [
            112.752471,
            -7.240582
          ],
          [
            112.746632,
            -7.238936
          ],
          [
            112.745013,
            -7.238424
          ],
          [
            112.744801,
            -7.238392
          ],
          [
            112.744973,
            -7.239033
          ],
          [
            112.745005,
            -7.239509
          ],
          [
            112.7449056,
            -7.2397892
          ]
        ]
      }
    },
    {
      "type": "Feature",
      "properties": {
        "code": "124",
        "link": "fd11",
        "name": "11",
        "title": "Terminal Bratang - Shelter Bulak",
        "color": "#db5b3b",
        "textColor": "white",
        "feeder": true,
        "hours": "05:30 - 21:00",
        "routeId": "fd11"
      },
      "geometry": {
        "type": "LineString",
        "coordinates": [
          [
            112.761938,
            -7.298805
          ],
          [
            112.761456,
            -7.29876
          ],
          [
            112.761416,
            -7.299241
          ],
          [
            112.759677,
            -7.299043
          ],
          [
            112.759323,
            -7.301883
          ],
          [
            112.758924,
            -7.304872
          ],
          [
            112.76174,
            -7.305609
          ],
          [
            112.762019,
            -7.305531
          ],
          [
            112.76212,
            -7.304094
          ],
          [
            112.762039,
            -7.301856
          ],
          [
            112.762017,
            -7.300554
          ],
          [
            112.761998,
            -7.29879
          ],
          [
            112.761974,
            -7.29746
          ],
          [
            112.762196,
            -7.295187
          ],
          [
            112.762382,
            -7.293137
          ],
          [
            112.762518,
            -7.29132
          ],
          [
            112.763047,
            -7.288643
          ],
          [
            112.76307,
            -7.288002
          ],
          [
            112.76286,
            -7.287641
          ],
          [
            112.762907,
            -7.28741
          ],
          [
            112.7629905,
            -7.2872785
          ],
          [
            112.76309,
            -7.287173
          ],
          [
            112.7632437,
            -7.2871448
          ],
          [
            112.7631712,
            -7.2868072
          ],
          [
            112.7630873,
            -7.2864735
          ],
          [
            112.762912,
            -7.2858029
          ],
          [
            112.7630347,
            -7.2857927
          ],
          [
            112.7631293,
            -7.2861382
          ],
          [
            112.763201,
            -7.2864837
          ],
          [
            112.7633874,
            -7.2871707
          ],
          [
            112.7636003,
            -7.2873839
          ],
          [
            112.763722,
            -7.2875823
          ],
          [
            112.7637163,
            -7.2877309
          ],
          [
            112.7636926,
            -7.2878206
          ],
          [
            112.7638902,
            -7.2878777
          ],
          [
            112.764244,
            -7.287877
          ],
          [
            112.764864,
            -7.288015
          ],
          [
            112.765825,
            -7.288199
          ],
          [
            112.767025,
            -7.288639
          ],
          [
            112.768603,
            -7.289254
          ],
          [
            112.769741,
            -7.289684
          ],
          [
            112.770001,
            -7.289747
          ],
          [
            112.770552,
            -7.289651
          ],
          [
            112.771286,
            -7.28956
          ],
          [
            112.772439,
            -7.289453
          ],
          [
            112.773294,
            -7.289517
          ],
          [
            112.773787,
            -7.289517
          ],
          [
            112.774143,
            -7.28947
          ],
          [
            112.77466,
            -7.289572
          ],
          [
            112.775209,
            -7.289556
          ],
          [
            112.778618,
            -7.289566
          ],
          [
            112.779724,
            -7.289529
          ],
          [
            112.78053,
            -7.289527
          ],
          [
            112.780714,
            -7.287451
          ],
          [
            112.780787,
            -7.286549
          ],
          [
            112.78096,
            -7.286559
          ],
          [
            112.780878,
            -7.287471
          ],
          [
            112.780659,
            -7.28948
          ],
          [
            112.781517,
            -7.28942
          ],
          [
            112.782462,
            -7.28942
          ],
          [
            112.783359,
            -7.28949
          ],
          [
            112.784782,
            -7.289702
          ],
          [
            112.787287,
            -7.290122
          ],
          [
            112.78743,
            -7.288809
          ],
          [
            112.787559,
            -7.28742
          ],
          [
            112.787883,
            -7.286363
          ],
          [
            112.788492,
            -7.285089
          ],
          [
            112.788499,
            -7.284897
          ],
          [
            112.788672,
            -7.284831
          ],
          [
            112.789727,
            -7.283967
          ],
          [
            112.790018,
            -7.281415
          ],
          [
            112.789856,
            -7.280781
          ],
          [
            112.789773,
            -7.280053
          ],
          [
            112.790308,
            -7.279781
          ],
          [
            112.790389,
            -7.279626
          ],
          [
            112.790074,
            -7.27949
          ],
          [
            112.789662,
            -7.279455
          ],
          [
            112.786742,
            -7.279921
          ],
          [
            112.786703,
            -7.2797
          ],
          [
            112.79,
            -7.279249
          ],
          [
            112.790207,
            -7.279026
          ],
          [
            112.79002,
            -7.27755
          ],
          [
            112.79005,
            -7.276799
          ],
          [
            112.790337,
            -7.276346
          ],
          [
            112.790926,
            -7.276133
          ],
          [
            112.792753,
            -7.275729
          ],
          [
            112.797067,
            -7.274787
          ],
          [
            112.797492,
            -7.274671
          ],
          [
            112.797625,
            -7.274497
          ],
          [
            112.797753,
            -7.274333
          ],
          [
            112.797758,
            -7.273896
          ],
          [
            112.797593,
            -7.273405
          ],
          [
            112.796768,
            -7.27077
          ],
          [
            112.796406,
            -7.268973
          ],
          [
            112.79623,
            -7.267892
          ],
          [
            112.79582,
            -7.265251
          ],
          [
            112.795613,
            -7.263786
          ],
          [
            112.79549,
            -7.262721
          ],
          [
            112.795426,
            -7.261018
          ],
          [
            112.795377,
            -7.260259
          ],
          [
            112.795483,
            -7.259479
          ],
          [
            112.795563,
            -7.258298
          ],
          [
            112.795616,
            -7.257755
          ],
          [
            112.795855,
            -7.257381
          ],
          [
            112.795934,
            -7.257028
          ],
          [
            112.795801,
            -7.256495
          ],
          [
            112.795546,
            -7.25551
          ],
          [
            112.795345,
            -7.254132
          ],
          [
            112.795321,
            -7.253005
          ],
          [
            112.794233,
            -7.252707
          ],
          [
            112.794296,
            -7.252478
          ],
          [
            112.795421,
            -7.252771
          ],
          [
            112.795599,
            -7.252461
          ],
          [
            112.795748,
            -7.252184
          ],
          [
            112.796094,
            -7.252288
          ],
          [
            112.796026,
            -7.252495
          ],
          [
            112.795574,
            -7.252417
          ],
          [
            112.795721,
            -7.252148
          ],
          [
            112.795932,
            -7.25153
          ],
          [
            112.79633,
            -7.25009
          ],
          [
            112.796755,
            -7.248693
          ],
          [
            112.79685,
            -7.24814
          ],
          [
            112.796956,
            -7.247333
          ],
          [
            112.797025,
            -7.247186
          ],
          [
            112.797275,
            -7.246896
          ],
          [
            112.797838,
            -7.246131
          ],
          [
            112.798034,
            -7.24573
          ],
          [
            112.798287,
            -7.244498
          ],
          [
            112.798278,
            -7.243986
          ],
          [
            112.798236,
            -7.243789
          ],
          [
            112.79804,
            -7.243162
          ],
          [
            112.797908,
            -7.241876
          ],
          [
            112.797656,
            -7.240897
          ],
          [
            112.796229,
            -7.24072
          ],
          [
            112.795471,
            -7.240865
          ],
          [
            112.795117,
            -7.240982
          ],
          [
            112.79524,
            -7.240114
          ],
          [
            112.795148,
            -7.238486
          ],
          [
            112.795146,
            -7.238176
          ],
          [
            112.795331,
            -7.23819
          ],
          [
            112.795329,
            -7.238085
          ],
          [
            112.795144,
            -7.238103
          ],
          [
            112.795192,
            -7.236334
          ],
          [
            112.79514,
            -7.235783
          ],
          [
            112.794986,
            -7.235436
          ],
          [
            112.793716,
            -7.232574
          ],
          [
            112.793584,
            -7.232432
          ],
          [
            112.793243,
            -7.232316
          ],
          [
            112.792768,
            -7.230831
          ],
          [
            112.791937,
            -7.228982
          ],
          [
            112.791215,
            -7.227274
          ],
          [
            112.791125,
            -7.227149
          ],
          [
            112.790158,
            -7.226599
          ],
          [
            112.789868,
            -7.22648
          ],
          [
            112.787796,
            -7.22585
          ],
          [
            112.787682,
            -7.226187
          ],
          [
            112.787546,
            -7.226384
          ],
          [
            112.787006,
            -7.226744
          ],
          [
            112.786888,
            -7.226654
          ],
          [
            112.786834,
            -7.226713
          ],
          [
            112.786727,
            -7.226752
          ],
          [
            112.786452,
            -7.226619
          ],
          [
            112.786442,
            -7.226565
          ],
          [
            112.786561,
            -7.226406
          ],
          [
            112.78666,
            -7.226411
          ],
          [
            112.787007,
            -7.226681
          ],
          [
            112.787515,
            -7.226348
          ],
          [
            112.787641,
            -7.226169
          ],
          [
            112.787782,
            -7.225773
          ],
          [
            112.790046,
            -7.226474
          ],
          [
            112.790353,
            -7.226628
          ],
          [
            112.791148,
            -7.227074
          ],
          [
            112.791265,
            -7.227236
          ],
          [
            112.792002,
            -7.228964
          ],
          [
            112.792807,
            -7.230805
          ],
          [
            112.793325,
            -7.232274
          ],
          [
            112.793616,
            -7.232358
          ],
          [
            112.793784,
            -7.232492
          ],
          [
            112.79509,
            -7.235412
          ],
          [
            112.795485,
            -7.23541
          ],
          [
            112.795937,
            -7.235452
          ],
          [
            112.796277,
            -7.235605
          ],
          [
            112.796601,
            -7.235858
          ],
          [
            112.796777,
            -7.236132
          ],
          [
            112.796926,
            -7.23659
          ],
          [
            112.797075,
            -7.237349
          ],
          [
            112.797733,
            -7.240879
          ],
          [
            112.797831,
            -7.241245
          ],
          [
            112.797916,
            -7.241661
          ],
          [
            112.797978,
            -7.241859
          ],
          [
            112.798111,
            -7.243154
          ],
          [
            112.798312,
            -7.243762
          ],
          [
            112.798379,
            -7.244062
          ],
          [
            112.798346,
            -7.244501
          ],
          [
            112.798172,
            -7.245588
          ],
          [
            112.797997,
            -7.246015
          ],
          [
            112.797806,
            -7.24631
          ],
          [
            112.79761,
            -7.246569
          ],
          [
            112.797153,
            -7.247138
          ],
          [
            112.797041,
            -7.247349
          ],
          [
            112.796988,
            -7.247602
          ],
          [
            112.796935,
            -7.248087
          ],
          [
            112.796861,
            -7.24843
          ],
          [
            112.796792,
            -7.248836
          ],
          [
            112.796277,
            -7.250586
          ],
          [
            112.796086,
            -7.251314
          ],
          [
            112.795938,
            -7.251814
          ],
          [
            112.795772,
            -7.252251
          ],
          [
            112.796046,
            -7.252325
          ],
          [
            112.795992,
            -7.252452
          ],
          [
            112.795716,
            -7.252387
          ],
          [
            112.795529,
            -7.252831
          ],
          [
            112.795432,
            -7.252826
          ],
          [
            112.795382,
            -7.253014
          ],
          [
            112.795414,
            -7.254123
          ],
          [
            112.795556,
            -7.255262
          ],
          [
            112.795636,
            -7.255694
          ],
          [
            112.79579,
            -7.256232
          ],
          [
            112.795955,
            -7.256864
          ],
          [
            112.795977,
            -7.257091
          ],
          [
            112.795929,
            -7.25737
          ],
          [
            112.79578,
            -7.257623
          ],
          [
            112.795711,
            -7.257819
          ],
          [
            112.795643,
            -7.258794
          ],
          [
            112.795584,
            -7.259437
          ],
          [
            112.795526,
            -7.259943
          ],
          [
            112.7955,
            -7.260333
          ],
          [
            112.795569,
            -7.261772
          ],
          [
            112.795607,
            -7.262631
          ],
          [
            112.795628,
            -7.263264
          ],
          [
            112.795666,
            -7.263601
          ],
          [
            112.796145,
            -7.266611
          ],
          [
            112.796305,
            -7.267792
          ],
          [
            112.796736,
            -7.269958
          ],
          [
            112.796869,
            -7.270807
          ],
          [
            112.79705,
            -7.27146
          ],
          [
            112.797673,
            -7.273368
          ],
          [
            112.797859,
            -7.273869
          ],
          [
            112.79788,
            -7.27417
          ],
          [
            112.797933,
            -7.274328
          ],
          [
            112.79804,
            -7.274481
          ],
          [
            112.79805,
            -7.274691
          ],
          [
            112.797944,
            -7.274813
          ],
          [
            112.797726,
            -7.274823
          ],
          [
            112.797577,
            -7.274786
          ],
          [
            112.795143,
            -7.275317
          ],
          [
            112.792789,
            -7.275829
          ],
          [
            112.790897,
            -7.276256
          ],
          [
            112.790395,
            -7.27645
          ],
          [
            112.790154,
            -7.276836
          ],
          [
            112.790151,
            -7.277544
          ],
          [
            112.790335,
            -7.278936
          ],
          [
            112.790557,
            -7.278912
          ],
          [
            112.790725,
            -7.279019
          ],
          [
            112.790827,
            -7.27922
          ],
          [
            112.790753,
            -7.279458
          ],
          [
            112.79056,
            -7.279577
          ],
          [
            112.790392,
            -7.279576
          ],
          [
            112.790086,
            -7.279421
          ],
          [
            112.789754,
            -7.279404
          ],
          [
            112.789802,
            -7.279902
          ],
          [
            112.789856,
            -7.280018
          ],
          [
            112.789992,
            -7.280754
          ],
          [
            112.790135,
            -7.281341
          ],
          [
            112.78984,
            -7.284081
          ],
          [
            112.788769,
            -7.284925
          ],
          [
            112.788717,
            -7.28506
          ],
          [
            112.7886,
            -7.285122
          ],
          [
            112.787983,
            -7.286405
          ],
          [
            112.78768,
            -7.287444
          ],
          [
            112.787532,
            -7.288812
          ],
          [
            112.787484,
            -7.288951
          ],
          [
            112.78734,
            -7.290239
          ],
          [
            112.784773,
            -7.289814
          ],
          [
            112.783355,
            -7.289608
          ],
          [
            112.782471,
            -7.289524
          ],
          [
            112.781507,
            -7.289515
          ],
          [
            112.780662,
            -7.289534
          ],
          [
            112.780639,
            -7.290454
          ],
          [
            112.780707,
            -7.291352
          ],
          [
            112.780824,
            -7.291965
          ],
          [
            112.781153,
            -7.292954
          ],
          [
            112.780994,
            -7.293012
          ],
          [
            112.780621,
            -7.291986
          ],
          [
            112.78053,
            -7.291392
          ],
          [
            112.780455,
            -7.290464
          ],
          [
            112.780498,
            -7.289714
          ],
          [
            112.77866,
            -7.289791
          ],
          [
            112.775166,
            -7.289814
          ],
          [
            112.774391,
            -7.289754
          ],
          [
            112.773817,
            -7.289577
          ],
          [
            112.773322,
            -7.289586
          ],
          [
            112.77242,
            -7.289524
          ],
          [
            112.7713,
            -7.28964
          ],
          [
            112.770542,
            -7.289736
          ],
          [
            112.769986,
            -7.289838
          ],
          [
            112.769722,
            -7.289767
          ],
          [
            112.768581,
            -7.289337
          ],
          [
            112.766984,
            -7.288702
          ],
          [
            112.765857,
            -7.288282
          ],
          [
            112.764865,
            -7.288083
          ],
          [
            112.764235,
            -7.287928
          ],
          [
            112.7638883,
            -7.2878913
          ],
          [
            112.763685,
            -7.2878297
          ],
          [
            112.7634715,
            -7.2878091
          ],
          [
            112.7633754,
            -7.287831
          ],
          [
            112.763311,
            -7.288011
          ],
          [
            112.763192,
            -7.288685
          ],
          [
            112.762718,
            -7.29139
          ],
          [
            112.762558,
            -7.293138
          ],
          [
            112.762372,
            -7.295198
          ],
          [
            112.762199,
            -7.297488
          ],
          [
            112.762149,
            -7.298789
          ],
          [
            112.762175,
            -7.300465
          ],
          [
            112.761965,
            -7.300452
          ],
          [
            112.761938,
            -7.298805
          ]
        ]
      }
    },
    {
      "type": "Feature",
      "properties": {
        "code": "3",
        "link": "sbr1",
        "name": "RT",
        "title": "Bus Tumpuk",
        "color": "#febf2c",
        "textColor": "white",
        "feeder": false,
        "hours": "05:30 - 21:00",
        "routeId": "sbrt"
      },
      "geometry": {
        "type": "LineString",
        "coordinates": [
          [
            112.723112,
            -7.351868
          ],
          [
            112.72321,
            -7.35183
          ],
          [
            112.72344,
            -7.351863
          ],
          [
            112.723531,
            -7.351914
          ],
          [
            112.723693,
            -7.35193
          ],
          [
            112.723976,
            -7.351986
          ],
          [
            112.724086,
            -7.352029
          ],
          [
            112.724282,
            -7.352044
          ],
          [
            112.724513,
            -7.352052
          ],
          [
            112.724775,
            -7.352104
          ],
          [
            112.7248367,
            -7.3520857
          ],
          [
            112.7248823,
            -7.3520973
          ],
          [
            112.7250837,
            -7.3516863
          ],
          [
            112.7252598,
            -7.3512659
          ],
          [
            112.7253686,
            -7.3511826
          ],
          [
            112.725525,
            -7.3511691
          ],
          [
            112.7256071,
            -7.3511985
          ],
          [
            112.7256436,
            -7.3512538
          ],
          [
            112.7256263,
            -7.3513256
          ],
          [
            112.7254955,
            -7.3515423
          ],
          [
            112.7253233,
            -7.3518147
          ],
          [
            112.7249047,
            -7.3524086
          ],
          [
            112.7248121,
            -7.3527638
          ],
          [
            112.724727,
            -7.3530453
          ],
          [
            112.724678,
            -7.353172
          ],
          [
            112.724632,
            -7.353347
          ],
          [
            112.724576,
            -7.353567
          ],
          [
            112.724512,
            -7.353779
          ],
          [
            112.724429,
            -7.354044
          ],
          [
            112.724345,
            -7.354321
          ],
          [
            112.724938,
            -7.354585
          ],
          [
            112.72548,
            -7.35483
          ],
          [
            112.72555,
            -7.35486
          ],
          [
            112.72562,
            -7.35489
          ],
          [
            112.72576,
            -7.35495
          ],
          [
            112.72603,
            -7.35507
          ],
          [
            112.72632,
            -7.35519
          ],
          [
            112.726523,
            -7.355266
          ],
          [
            112.726814,
            -7.355322
          ],
          [
            112.727005,
            -7.355345
          ],
          [
            112.727385,
            -7.355381
          ],
          [
            112.727787,
            -7.355431
          ],
          [
            112.728285,
            -7.35551
          ],
          [
            112.728805,
            -7.355589
          ],
          [
            112.729025,
            -7.355512
          ],
          [
            112.729111,
            -7.355408
          ],
          [
            112.729112,
            -7.354997
          ],
          [
            112.729075,
            -7.35451
          ],
          [
            112.729065,
            -7.35406
          ],
          [
            112.729043,
            -7.353613
          ],
          [
            112.729009,
            -7.35317
          ],
          [
            112.72897,
            -7.352763
          ],
          [
            112.72904,
            -7.35265
          ],
          [
            112.72903,
            -7.35253
          ],
          [
            112.729031,
            -7.352171
          ],
          [
            112.729062,
            -7.35172
          ],
          [
            112.729105,
            -7.35127
          ],
          [
            112.72912,
            -7.35084
          ],
          [
            112.72912,
            -7.35061
          ],
          [
            112.72913,
            -7.35039
          ],
          [
            112.72915,
            -7.34994
          ],
          [
            112.72916,
            -7.34949
          ],
          [
            112.72917,
            -7.34927
          ],
          [
            112.729158,
            -7.349052
          ],
          [
            112.729134,
            -7.348827
          ],
          [
            112.729118,
            -7.348725
          ],
          [
            112.7291,
            -7.34861
          ],
          [
            112.729074,
            -7.348503
          ],
          [
            112.72902,
            -7.34841
          ],
          [
            112.72895,
            -7.34831
          ],
          [
            112.72889,
            -7.34822
          ],
          [
            112.72884,
            -7.34814
          ],
          [
            112.72877,
            -7.348066
          ],
          [
            112.728655,
            -7.348071
          ],
          [
            112.728458,
            -7.348054
          ],
          [
            112.728256,
            -7.348
          ],
          [
            112.728069,
            -7.347877
          ],
          [
            112.72773,
            -7.34755
          ],
          [
            112.72757,
            -7.34721
          ],
          [
            112.72753,
            -7.34709
          ],
          [
            112.7275,
            -7.34694
          ],
          [
            112.72751,
            -7.34679
          ],
          [
            112.727545,
            -7.346534
          ],
          [
            112.727706,
            -7.346158
          ],
          [
            112.72785,
            -7.34595
          ],
          [
            112.72794,
            -7.34586
          ],
          [
            112.72807,
            -7.34576
          ],
          [
            112.72817,
            -7.34571
          ],
          [
            112.72837,
            -7.34566
          ],
          [
            112.72853,
            -7.34554
          ],
          [
            112.72857,
            -7.34548
          ],
          [
            112.72866,
            -7.34546
          ],
          [
            112.7288,
            -7.34537
          ],
          [
            112.72889,
            -7.34523
          ],
          [
            112.72891,
            -7.34506
          ],
          [
            112.72896,
            -7.34461
          ],
          [
            112.72897,
            -7.34394
          ],
          [
            112.728996,
            -7.34327
          ],
          [
            112.728993,
            -7.342371
          ],
          [
            112.728993,
            -7.341482
          ],
          [
            112.728978,
            -7.341102
          ],
          [
            112.728987,
            -7.340582
          ],
          [
            112.729009,
            -7.33968
          ],
          [
            112.729026,
            -7.33878
          ],
          [
            112.729037,
            -7.33788
          ],
          [
            112.7291,
            -7.33717
          ],
          [
            112.72923,
            -7.33646
          ],
          [
            112.729467,
            -7.3356
          ],
          [
            112.72967,
            -7.334716
          ],
          [
            112.729857,
            -7.33384
          ],
          [
            112.73004,
            -7.33296
          ],
          [
            112.730247,
            -7.33209
          ],
          [
            112.73046,
            -7.33121
          ],
          [
            112.73062,
            -7.33054
          ],
          [
            112.73078,
            -7.32988
          ],
          [
            112.730969,
            -7.329065
          ],
          [
            112.730981,
            -7.328795
          ],
          [
            112.730951,
            -7.328512
          ],
          [
            112.73088,
            -7.328271
          ],
          [
            112.730772,
            -7.327827
          ],
          [
            112.730709,
            -7.327382
          ],
          [
            112.730701,
            -7.32714
          ],
          [
            112.730724,
            -7.326922
          ],
          [
            112.730895,
            -7.326677
          ],
          [
            112.731136,
            -7.326431
          ],
          [
            112.731488,
            -7.325935
          ],
          [
            112.731632,
            -7.325731
          ],
          [
            112.731725,
            -7.325489
          ],
          [
            112.731807,
            -7.325188
          ],
          [
            112.731871,
            -7.32489
          ],
          [
            112.732053,
            -7.324007
          ],
          [
            112.732241,
            -7.32313
          ],
          [
            112.732432,
            -7.322254
          ],
          [
            112.732606,
            -7.321368
          ],
          [
            112.732781,
            -7.320491
          ],
          [
            112.732904,
            -7.319893
          ],
          [
            112.732971,
            -7.31961
          ],
          [
            112.733128,
            -7.318821
          ],
          [
            112.7333,
            -7.31803
          ],
          [
            112.733472,
            -7.317233
          ],
          [
            112.733637,
            -7.316447
          ],
          [
            112.73382,
            -7.31557
          ],
          [
            112.734005,
            -7.31469
          ],
          [
            112.734197,
            -7.313819
          ],
          [
            112.7344,
            -7.31294
          ],
          [
            112.73459,
            -7.31206
          ],
          [
            112.734768,
            -7.311191
          ],
          [
            112.734959,
            -7.310312
          ],
          [
            112.735149,
            -7.309433
          ],
          [
            112.735257,
            -7.308907
          ],
          [
            112.735324,
            -7.30843
          ],
          [
            112.7354,
            -7.30817
          ],
          [
            112.735139,
            -7.307606
          ],
          [
            112.735093,
            -7.307414
          ],
          [
            112.735083,
            -7.307212
          ],
          [
            112.735103,
            -7.30703
          ],
          [
            112.73515,
            -7.306872
          ],
          [
            112.735289,
            -7.30653
          ],
          [
            112.735526,
            -7.306223
          ],
          [
            112.73608,
            -7.305496
          ],
          [
            112.73619,
            -7.304885
          ],
          [
            112.736349,
            -7.304278
          ],
          [
            112.736493,
            -7.303695
          ],
          [
            112.73662,
            -7.30311
          ],
          [
            112.736735,
            -7.302587
          ],
          [
            112.736843,
            -7.302226
          ],
          [
            112.73692,
            -7.30209
          ],
          [
            112.7370274,
            -7.3015913
          ],
          [
            112.737124,
            -7.301092
          ],
          [
            112.7372581,
            -7.3005409
          ],
          [
            112.7373625,
            -7.2999868
          ],
          [
            112.7374628,
            -7.29943
          ],
          [
            112.7375212,
            -7.2988676
          ],
          [
            112.7375925,
            -7.2986853
          ],
          [
            112.7377436,
            -7.2984597
          ],
          [
            112.738031,
            -7.2981713
          ],
          [
            112.7384455,
            -7.2978913
          ],
          [
            112.7387574,
            -7.29768
          ],
          [
            112.7390047,
            -7.2973723
          ],
          [
            112.739095,
            -7.297115
          ],
          [
            112.739154,
            -7.296842
          ],
          [
            112.739155,
            -7.296511
          ],
          [
            112.739115,
            -7.295892
          ],
          [
            112.73912,
            -7.29568
          ],
          [
            112.739144,
            -7.295232
          ],
          [
            112.73912,
            -7.29478
          ],
          [
            112.73908,
            -7.29435
          ],
          [
            112.739034,
            -7.29345
          ],
          [
            112.738973,
            -7.292549
          ],
          [
            112.738925,
            -7.291882
          ],
          [
            112.738916,
            -7.290941
          ],
          [
            112.738872,
            -7.290527
          ],
          [
            112.73886,
            -7.29011
          ],
          [
            112.738886,
            -7.289792
          ],
          [
            112.73911,
            -7.28877
          ],
          [
            112.73926,
            -7.28793
          ],
          [
            112.739395,
            -7.28712
          ],
          [
            112.739478,
            -7.286677
          ],
          [
            112.73964,
            -7.2858
          ],
          [
            112.7398,
            -7.28491
          ],
          [
            112.73995,
            -7.28403
          ],
          [
            112.74011,
            -7.28314
          ],
          [
            112.74028,
            -7.28226
          ],
          [
            112.74044,
            -7.28137
          ],
          [
            112.74061,
            -7.28049
          ],
          [
            112.74078,
            -7.27961
          ],
          [
            112.74094,
            -7.27873
          ],
          [
            112.74112,
            -7.27785
          ],
          [
            112.741319,
            -7.27698
          ],
          [
            112.741396,
            -7.27667
          ],
          [
            112.741454,
            -7.276266
          ],
          [
            112.7416,
            -7.27552
          ],
          [
            112.741785,
            -7.27464
          ],
          [
            112.74205,
            -7.27378
          ],
          [
            112.742099,
            -7.273589
          ],
          [
            112.742137,
            -7.273496
          ],
          [
            112.742114,
            -7.273115
          ],
          [
            112.741866,
            -7.272465
          ],
          [
            112.74175,
            -7.272187
          ],
          [
            112.741669,
            -7.271866
          ],
          [
            112.741631,
            -7.271543
          ],
          [
            112.741596,
            -7.270891
          ],
          [
            112.74156,
            -7.269991
          ],
          [
            112.741535,
            -7.269371
          ],
          [
            112.741467,
            -7.268929
          ],
          [
            112.74144,
            -7.26866
          ],
          [
            112.741368,
            -7.268122
          ],
          [
            112.741314,
            -7.267713
          ],
          [
            112.741204,
            -7.267251
          ],
          [
            112.741053,
            -7.266644
          ],
          [
            112.740966,
            -7.266012
          ],
          [
            112.74094,
            -7.26569
          ],
          [
            112.74097,
            -7.26525
          ],
          [
            112.74101,
            -7.26481
          ],
          [
            112.741094,
            -7.264054
          ],
          [
            112.740996,
            -7.263504
          ],
          [
            112.740871,
            -7.263171
          ],
          [
            112.740774,
            -7.262834
          ],
          [
            112.740793,
            -7.262754
          ],
          [
            112.740645,
            -7.262499
          ],
          [
            112.740569,
            -7.262309
          ],
          [
            112.740128,
            -7.261558
          ],
          [
            112.739985,
            -7.261361
          ],
          [
            112.739671,
            -7.261238
          ],
          [
            112.739282,
            -7.261133
          ],
          [
            112.73909,
            -7.261027
          ],
          [
            112.738793,
            -7.260921
          ],
          [
            112.738249,
            -7.260701
          ],
          [
            112.737427,
            -7.260347
          ],
          [
            112.737166,
            -7.26023
          ],
          [
            112.737061,
            -7.26016
          ],
          [
            112.73638,
            -7.259868
          ],
          [
            112.736233,
            -7.259762
          ],
          [
            112.735446,
            -7.259477
          ],
          [
            112.73439,
            -7.259
          ],
          [
            112.733324,
            -7.258508
          ],
          [
            112.733233,
            -7.258393
          ],
          [
            112.733212,
            -7.25827
          ],
          [
            112.73372,
            -7.25726
          ],
          [
            112.734117,
            -7.256449
          ],
          [
            112.734176,
            -7.25623
          ],
          [
            112.734191,
            -7.255791
          ],
          [
            112.7342,
            -7.25557
          ],
          [
            112.73415,
            -7.25535
          ],
          [
            112.73414,
            -7.25481
          ],
          [
            112.73433,
            -7.254449
          ],
          [
            112.7345,
            -7.254076
          ],
          [
            112.73476,
            -7.25335
          ],
          [
            112.73495,
            -7.25261
          ],
          [
            112.735095,
            -7.252187
          ],
          [
            112.73525,
            -7.25177
          ],
          [
            112.735578,
            -7.250936
          ],
          [
            112.735742,
            -7.250528
          ],
          [
            112.73587,
            -7.250095
          ],
          [
            112.736114,
            -7.249221
          ],
          [
            112.736213,
            -7.24883
          ],
          [
            112.73635,
            -7.24855
          ],
          [
            112.736425,
            -7.248476
          ],
          [
            112.736599,
            -7.247984
          ],
          [
            112.736739,
            -7.24748
          ],
          [
            112.736857,
            -7.2471074
          ],
          [
            112.7368912,
            -7.246979
          ],
          [
            112.7377472,
            -7.2470787
          ],
          [
            112.7381678,
            -7.2471495
          ],
          [
            112.7385998,
            -7.2472031
          ],
          [
            112.7385486,
            -7.2475356
          ],
          [
            112.73835,
            -7.24823
          ],
          [
            112.738178,
            -7.248656
          ],
          [
            112.737952,
            -7.24904
          ],
          [
            112.737484,
            -7.249817
          ],
          [
            112.737262,
            -7.2502
          ],
          [
            112.736975,
            -7.250591
          ],
          [
            112.736761,
            -7.25106
          ],
          [
            112.736721,
            -7.251391
          ],
          [
            112.73673,
            -7.25172
          ],
          [
            112.7368,
            -7.25262
          ],
          [
            112.73677,
            -7.25351
          ],
          [
            112.736767,
            -7.254054
          ],
          [
            112.7368,
            -7.25477
          ],
          [
            112.736861,
            -7.255213
          ],
          [
            112.73699,
            -7.255815
          ],
          [
            112.737359,
            -7.256545
          ],
          [
            112.737707,
            -7.257224
          ],
          [
            112.738128,
            -7.258013
          ],
          [
            112.738562,
            -7.258812
          ],
          [
            112.738859,
            -7.259328
          ],
          [
            112.739173,
            -7.259856
          ],
          [
            112.73941,
            -7.26024
          ],
          [
            112.73965,
            -7.26061
          ],
          [
            112.740124,
            -7.261376
          ],
          [
            112.74057,
            -7.26216
          ],
          [
            112.74073,
            -7.26237
          ],
          [
            112.740836,
            -7.262491
          ],
          [
            112.741216,
            -7.26277
          ],
          [
            112.741769,
            -7.263016
          ],
          [
            112.74263,
            -7.26332
          ],
          [
            112.743477,
            -7.263645
          ],
          [
            112.744313,
            -7.263976
          ],
          [
            112.745098,
            -7.264265
          ],
          [
            112.74544,
            -7.264437
          ],
          [
            112.745511,
            -7.264543
          ],
          [
            112.745555,
            -7.264652
          ],
          [
            112.74531,
            -7.2654
          ],
          [
            112.745322,
            -7.265464
          ],
          [
            112.745148,
            -7.265886
          ],
          [
            112.744979,
            -7.266324
          ],
          [
            112.74468,
            -7.26716
          ],
          [
            112.744582,
            -7.26748
          ],
          [
            112.744572,
            -7.267857
          ],
          [
            112.7443,
            -7.26817
          ],
          [
            112.744145,
            -7.268546
          ],
          [
            112.744016,
            -7.268924
          ],
          [
            112.743799,
            -7.269616
          ],
          [
            112.743602,
            -7.270064
          ],
          [
            112.743519,
            -7.270157
          ],
          [
            112.74332,
            -7.27066
          ],
          [
            112.743152,
            -7.271072
          ],
          [
            112.742816,
            -7.271989
          ],
          [
            112.742795,
            -7.272091
          ],
          [
            112.742552,
            -7.272764
          ],
          [
            112.742327,
            -7.27335
          ],
          [
            112.742026,
            -7.274191
          ],
          [
            112.741896,
            -7.274626
          ],
          [
            112.741788,
            -7.275055
          ],
          [
            112.741621,
            -7.27594
          ],
          [
            112.741461,
            -7.27682
          ],
          [
            112.741301,
            -7.277699
          ],
          [
            112.74113,
            -7.278579
          ],
          [
            112.740951,
            -7.279469
          ],
          [
            112.74081,
            -7.28035
          ],
          [
            112.74064,
            -7.28123
          ],
          [
            112.74052,
            -7.28202
          ],
          [
            112.7404,
            -7.28281
          ],
          [
            112.740236,
            -7.28359
          ],
          [
            112.74006,
            -7.28447
          ],
          [
            112.73989,
            -7.28535
          ],
          [
            112.73972,
            -7.28623
          ],
          [
            112.739541,
            -7.287118
          ],
          [
            112.739421,
            -7.287806
          ],
          [
            112.739286,
            -7.288505
          ],
          [
            112.739168,
            -7.289195
          ],
          [
            112.73905,
            -7.28986
          ],
          [
            112.739004,
            -7.290492
          ],
          [
            112.739044,
            -7.291169
          ],
          [
            112.739066,
            -7.291327
          ],
          [
            112.739079,
            -7.29165
          ],
          [
            112.739131,
            -7.292551
          ],
          [
            112.739189,
            -7.293442
          ],
          [
            112.73926,
            -7.29433
          ],
          [
            112.739318,
            -7.29523
          ],
          [
            112.739399,
            -7.296314
          ],
          [
            112.739457,
            -7.296815
          ],
          [
            112.73938,
            -7.297148
          ],
          [
            112.739209,
            -7.297532
          ],
          [
            112.738944,
            -7.297881
          ],
          [
            112.738506,
            -7.298167
          ],
          [
            112.73806,
            -7.29835
          ],
          [
            112.737907,
            -7.298519
          ],
          [
            112.7378,
            -7.29878
          ],
          [
            112.737719,
            -7.298997
          ],
          [
            112.73762,
            -7.29926
          ],
          [
            112.737533,
            -7.299521
          ],
          [
            112.73737,
            -7.30041
          ],
          [
            112.73719,
            -7.30128
          ],
          [
            112.737,
            -7.30217
          ],
          [
            112.736939,
            -7.302477
          ],
          [
            112.736905,
            -7.302788
          ],
          [
            112.736866,
            -7.303052
          ],
          [
            112.73689,
            -7.30317
          ],
          [
            112.736691,
            -7.304048
          ],
          [
            112.73647,
            -7.305
          ],
          [
            112.73624,
            -7.3059
          ],
          [
            112.73605,
            -7.30678
          ],
          [
            112.73598,
            -7.30716
          ],
          [
            112.73622,
            -7.30722
          ],
          [
            112.736187,
            -7.307431
          ],
          [
            112.736051,
            -7.308061
          ],
          [
            112.73585,
            -7.30894
          ],
          [
            112.73567,
            -7.30982
          ],
          [
            112.73549,
            -7.3107
          ],
          [
            112.73527,
            -7.31156
          ],
          [
            112.73514,
            -7.31223
          ],
          [
            112.73499,
            -7.312897
          ],
          [
            112.734857,
            -7.313531
          ],
          [
            112.7347,
            -7.31441
          ],
          [
            112.73451,
            -7.31528
          ],
          [
            112.734322,
            -7.31616
          ],
          [
            112.73418,
            -7.3169
          ],
          [
            112.734031,
            -7.31765
          ],
          [
            112.73384,
            -7.31853
          ],
          [
            112.73364,
            -7.3194
          ],
          [
            112.73346,
            -7.32028
          ],
          [
            112.73328,
            -7.32116
          ],
          [
            112.733176,
            -7.321631
          ],
          [
            112.732982,
            -7.32251
          ],
          [
            112.732806,
            -7.323381
          ],
          [
            112.73261,
            -7.32426
          ],
          [
            112.732416,
            -7.325136
          ],
          [
            112.73222,
            -7.326013
          ],
          [
            112.73202,
            -7.32689
          ],
          [
            112.731877,
            -7.327601
          ],
          [
            112.731701,
            -7.328476
          ],
          [
            112.731491,
            -7.329351
          ],
          [
            112.731315,
            -7.330234
          ],
          [
            112.731092,
            -7.331154
          ],
          [
            112.731028,
            -7.331516
          ],
          [
            112.730813,
            -7.331388
          ],
          [
            112.730599,
            -7.332275
          ],
          [
            112.73041,
            -7.33315
          ],
          [
            112.73019,
            -7.33402
          ],
          [
            112.72997,
            -7.33489
          ],
          [
            112.72976,
            -7.33577
          ],
          [
            112.72953,
            -7.33663
          ],
          [
            112.729438,
            -7.337068
          ],
          [
            112.72938,
            -7.33797
          ],
          [
            112.72937,
            -7.33886
          ],
          [
            112.72939,
            -7.33976
          ],
          [
            112.72938,
            -7.34058
          ],
          [
            112.72939,
            -7.34139
          ],
          [
            112.72938,
            -7.34211
          ],
          [
            112.72938,
            -7.34282
          ],
          [
            112.729367,
            -7.343548
          ],
          [
            112.72934,
            -7.34445
          ],
          [
            112.729319,
            -7.345349
          ],
          [
            112.729322,
            -7.34578
          ],
          [
            112.72927,
            -7.34621
          ],
          [
            112.72926,
            -7.34691
          ],
          [
            112.72926,
            -7.34761
          ],
          [
            112.729159,
            -7.347819
          ],
          [
            112.729026,
            -7.348006
          ],
          [
            112.728811,
            -7.348071
          ],
          [
            112.728652,
            -7.348082
          ],
          [
            112.728457,
            -7.348065
          ],
          [
            112.728251,
            -7.34801
          ],
          [
            112.728061,
            -7.347886
          ],
          [
            112.727721,
            -7.347556
          ],
          [
            112.7276,
            -7.34745
          ],
          [
            112.72735,
            -7.347282
          ],
          [
            112.727079,
            -7.347133
          ],
          [
            112.726811,
            -7.347041
          ],
          [
            112.726571,
            -7.347001
          ],
          [
            112.725739,
            -7.346999
          ],
          [
            112.72484,
            -7.34694
          ],
          [
            112.724392,
            -7.346903
          ],
          [
            112.723945,
            -7.346831
          ],
          [
            112.723188,
            -7.346718
          ],
          [
            112.722766,
            -7.346562
          ],
          [
            112.722088,
            -7.346412
          ],
          [
            112.721806,
            -7.346395
          ],
          [
            112.721381,
            -7.346388
          ],
          [
            112.721224,
            -7.346421
          ],
          [
            112.720247,
            -7.346762
          ],
          [
            112.720031,
            -7.3468
          ],
          [
            112.71918,
            -7.34679
          ],
          [
            112.71827,
            -7.346772
          ],
          [
            112.7177,
            -7.346783
          ],
          [
            112.71744,
            -7.346864
          ],
          [
            112.716693,
            -7.347423
          ],
          [
            112.716115,
            -7.347826
          ],
          [
            112.715918,
            -7.347958
          ],
          [
            112.71519,
            -7.34849
          ],
          [
            112.71446,
            -7.34902
          ],
          [
            112.714042,
            -7.349388
          ],
          [
            112.713034,
            -7.350105
          ],
          [
            112.71247,
            -7.35052
          ],
          [
            112.711994,
            -7.350799
          ],
          [
            112.711893,
            -7.350967
          ],
          [
            112.711918,
            -7.351088
          ],
          [
            112.712038,
            -7.351173
          ],
          [
            112.712513,
            -7.351282
          ],
          [
            112.712844,
            -7.35132
          ],
          [
            112.713741,
            -7.351429
          ],
          [
            112.71464,
            -7.35156
          ],
          [
            112.71518,
            -7.3517
          ],
          [
            112.716016,
            -7.352029
          ],
          [
            112.716973,
            -7.352362
          ],
          [
            112.717341,
            -7.352421
          ],
          [
            112.718387,
            -7.35246
          ],
          [
            112.718881,
            -7.352566
          ],
          [
            112.71975,
            -7.35282
          ],
          [
            112.72062,
            -7.35307
          ],
          [
            112.72149,
            -7.35334
          ],
          [
            112.72224,
            -7.353567
          ],
          [
            112.722502,
            -7.353431
          ],
          [
            112.72269,
            -7.352706
          ],
          [
            112.722744,
            -7.352598
          ],
          [
            112.72292,
            -7.351999
          ],
          [
            112.723,
            -7.351921
          ],
          [
            112.723112,
            -7.351868
          ]
        ]
      }
    }
  ]
}