{
"type": "FeatureCollection",
"name": "highway_trunk",
"crs": { "type": "name", "properties": { "name": "urn:ogc:def:crs:OGC:1.3:CRS84" } },
"features": [
{ "type": "Feature", "properties": { "full_id": "w24501598", "osm_id": "24501598", "osm_type": "way", "highway": "trunk", "turn_lanes": null, "tunnel": null, "hgv_condit": null, "cycleway_l": null, "cycleway_r": null, "motorcycle": null, "destinatio": null, "destinat_1": null, "motor_vehi": null, "sidewalk": null, "wikidata": null, "bridge_nam": null, "bridge_n_1": null, "bridge_n_2": null, "bridge_n_3": null, "bridge_n_4": null, "name_it": null, "name_fr": null, "name_es": null, "name_en": null, "name_de": null, "minspeed_m": null, "maxspeed_m": null, "layer": null, "bridge_n_5": null, "bridge": null, "toll": null, "start_date": null, "short_name": null, "motorcar": null, "minspeed": null, "maxspeed": null, "maxaxleloa": null, "lit": null, "horse": null, "emergency": null, "bicycle": null, "alt_name_f": null, "alt_name_e": null, "alt_name_1": null, "alt_name_d": null, "alt_name": null, "access": null, "hgv": null, "ref": null, "junction": null, "width": "4", "surface": "asphalt", "smoothness": "intermediate", "oneway": "yes", "name": "Jalan Kenjeran", "motorcyc_1": "yes", "lanes": "3", "foot": "yes" }, "geometry": { "type": "MultiLineString", "coordinates": [ [ [ 112.7554043, -7.2414289 ], [ 112.7559514, -7.2416085 ], [ 112.7567641, -7.2418746 ], [ 112.756809, -7.2418896 ], [ 112.7568595, -7.2419054 ], [ 112.756927, -7.2419262 ], [ 112.7570661, -7.2419685 ], [ 112.7571691, -7.2420005 ], [ 112.7575235, -7.2421109 ], [ 112.7575583, -7.2421207 ], [ 112.7589796, -7.2425212 ], [ 112.7590011, -7.2425273 ], [ 112.7591111, -7.2425584 ] ] ] } },
{ "type": "Feature", "properties": { "full_id": "w24501721", "osm_id": "24501721", "osm_type": "way", "highway": "trunk", "turn_lanes": null, "tunnel": null, "hgv_condit": null, "cycleway_l": null, "cycleway_r": null, "motorcycle": null, "destinatio": null, "destinat_1": null, "motor_vehi": null, "sidewalk": null, "wikidata": null, "bridge_nam": null, "bridge_n_1": null, "bridge_n_2": null, "bridge_n_3": null, "bridge_n_4": null, "name_it": null, "name_fr": null, "name_es": null, "name_en": null, "name_de": null, "minspeed_m": null, "maxspeed_m": null, "layer": null, "bridge_n_5": null, "bridge": null, "toll": null, "start_date": null, "short_name": null, "motorcar": null, "minspeed": null, "maxspeed": null, "maxaxleloa": null, "lit": null, "horse": null, "emergency": null, "bicycle": null, "alt_name_f": null, "alt_name_e": null, "alt_name_1": null, "alt_name_d": null, "alt_name": null, "access": null, "hgv": null, "ref": null, "junction": null, "width": null, "surface": null, "smoothness": null, "oneway": "yes", "name": "Jalan Haji Mohammad Noer", "motorcyc_1": null, "lanes": "2", "foot": null }, "geometry": { "type": "MultiLineString", "coordinates": [ [ [ 112.7691012, -7.2453067 ], [ 112.7690861, -7.2454647 ] ] ] } },
{ "type": "Feature", "properties": { "full_id": "w24562862", "osm_id": "24562862", "osm_type": "way", "highway": "trunk", "turn_lanes": null, "tunnel": null, "hgv_condit": null, "cycleway_l": null, "cycleway_r": null, "motorcycle": null, "destinatio": null, "destinat_1": null, "motor_vehi": null, "sidewalk": null, "wikidata": null, "bridge_nam": null, "bridge_n_1": null, "bridge_n_2": null, "bridge_n_3": null, "bridge_n_4": null, "name_it": null, "name_fr": null, "name_es": null, "name_en": null, "name_de": null, "minspeed_m": null, "maxspeed_m": null, "layer": null, "bridge_n_5": null, "bridge": null, "toll": null, "start_date": null, "short_name": null, "motorcar": null, "minspeed": null, "maxspeed": null, "maxaxleloa": null, "lit": null, "horse": null, "emergency": null, "bicycle": null, "alt_name_f": null, "alt_name_e": null, "alt_name_1": null, "alt_name_d": null, "alt_name": null, "access": null, "hgv": null, "ref": null, "junction": null, "width": "4", "surface": "asphalt", "smoothness": "intermediate", "oneway": "yes", "name": "Jalan Simokerto", "motorcyc_1": "yes", "lanes": "2", "foot": "yes" }, "geometry": { "type": "MultiLineString", "coordinates": [ [ [ 112.7547555, -7.2353373 ], [ 112.7547643, -7.2354086 ], [ 112.7548387, -7.2359548 ], [ 112.7548461, -7.2361344 ], [ 112.7548333, -7.2362734 ], [ 112.7547768, -7.2364663 ], [ 112.7546714, -7.2366325 ], [ 112.7545352, -7.2368499 ], [ 112.7544179, -7.2370417 ], [ 112.7543544, -7.2371882 ], [ 112.7542732, -7.237435 ], [ 112.7542382, -7.2375698 ], [ 112.7541635, -7.2378026 ], [ 112.7540853, -7.2380313 ], [ 112.753931, -7.2385128 ], [ 112.7537828, -7.2389339 ], [ 112.7536437, -7.2393245 ], [ 112.7534841, -7.2397591 ], [ 112.7533412, -7.240111 ], [ 112.7531435, -7.2405134 ], [ 112.7531107, -7.2405778 ], [ 112.7530466, -7.2407212 ] ] ] } },
{ "type": "Feature", "properties": { "full_id": "w24562868", "osm_id": "24562868", "osm_type": "way", "highway": "trunk", "turn_lanes": null, "tunnel": null, "hgv_condit": null, "cycleway_l": null, "cycleway_r": null, "motorcycle": null, "destinatio": null, "destinat_1": null, "motor_vehi": null, "sidewalk": null, "wikidata": null, "bridge_nam": null, "bridge_n_1": null, "bridge_n_2": null, "bridge_n_3": null, "bridge_n_4": null, "name_it": null, "name_fr": null, "name_es": null, "name_en": null, "name_de": null, "minspeed_m": null, "maxspeed_m": null, "layer": null, "bridge_n_5": null, "bridge": null, "toll": null, "start_date": null, "short_name": null, "motorcar": null, "minspeed": null, "maxspeed": null, "maxaxleloa": null, "lit": null, "horse": null, "emergency": null, "bicycle": null, "alt_name_f": null, "alt_name_e": null, "alt_name_1": null, "alt_name_d": null, "alt_name": null, "access": null, "hgv": null, "ref": null, "junction": null, "width": null, "surface": null, "smoothness": null, "oneway": "yes", "name": "Jalan Sidotopo Lor", "motorcyc_1": null, "lanes": null, "foot": "yes" }, "geometry": { "type": "MultiLineString", "coordinates": [ [ [ 112.7514173, -7.2287603 ], [ 112.7515477, -7.2289121 ], [ 112.7516483, -7.2290536 ], [ 112.7518369, -7.2293797 ], [ 112.7518702, -7.2294503 ], [ 112.7522547, -7.2300976 ], [ 112.75258, -7.2306468 ] ] ] } },
{ "type": "Feature", "properties": { "full_id": "w24562983", "osm_id": "24562983", "osm_type": "way", "highway": "trunk", "turn_lanes": null, "tunnel": null, "hgv_condit": null, "cycleway_l": null, "cycleway_r": null, "motorcycle": null, "destinatio": null, "destinat_1": null, "motor_vehi": null, "sidewalk": null, "wikidata": null, "bridge_nam": null, "bridge_n_1": null, "bridge_n_2": null, "bridge_n_3": null, "bridge_n_4": null, "name_it": null, "name_fr": null, "name_es": null, "name_en": null, "name_de": null, "minspeed_m": null, "maxspeed_m": null, "layer": null, "bridge_n_5": null, "bridge": null, "toll": null, "start_date": null, "short_name": null, "motorcar": null, "minspeed": null, "maxspeed": null, "maxaxleloa": null, "lit": null, "horse": null, "emergency": null, "bicycle": null, "alt_name_f": null, "alt_name_e": null, "alt_name_1": null, "alt_name_d": null, "alt_name": null, "access": null, "hgv": null, "ref": null, "junction": null, "width": null, "surface": null, "smoothness": null, "oneway": "yes", "name": "Jalan Sultan Iskandar Muda", "motorcyc_1": null, "lanes": "2", "foot": "yes" }, "geometry": { "type": "MultiLineString", "coordinates": [ [ [ 112.7410795, -7.2251328 ], [ 112.7412057, -7.2251395 ], [ 112.7412942, -7.225153 ], [ 112.7415273, -7.2251743 ], [ 112.74171, -7.2252099 ], [ 112.7417971, -7.2252268 ], [ 112.7418744, -7.2252578 ], [ 112.7421706, -7.2253902 ], [ 112.7422169, -7.225408 ], [ 112.7423166, -7.2254463 ], [ 112.7424738, -7.2254856 ], [ 112.7426235, -7.2254913 ], [ 112.7429024, -7.2254899 ], [ 112.7437642, -7.2254751 ], [ 112.7445222, -7.2254485 ], [ 112.7448274, -7.2254378 ], [ 112.7449595, -7.2254363 ], [ 112.745126, -7.2254651 ], [ 112.7452397, -7.2255174 ], [ 112.745336, -7.2255868 ], [ 112.7458243, -7.2261227 ] ] ] } },
{ "type": "Feature", "properties": { "full_id": "w24563017", "osm_id": "24563017", "osm_type": "way", "highway": "trunk", "turn_lanes": null, "tunnel": null, "hgv_condit": null, "cycleway_l": null, "cycleway_r": null, "motorcycle": null, "destinatio": null, "destinat_1": null, "motor_vehi": null, "sidewalk": null, "wikidata": null, "bridge_nam": null, "bridge_n_1": null, "bridge_n_2": null, "bridge_n_3": null, "bridge_n_4": null, "name_it": null, "name_fr": null, "name_es": null, "name_en": null, "name_de": null, "minspeed_m": null, "maxspeed_m": null, "layer": null, "bridge_n_5": null, "bridge": null, "toll": null, "start_date": null, "short_name": null, "motorcar": null, "minspeed": null, "maxspeed": null, "maxaxleloa": null, "lit": null, "horse": null, "emergency": null, "bicycle": null, "alt_name_f": null, "alt_name_e": null, "alt_name_1": null, "alt_name_d": null, "alt_name": null, "access": null, "hgv": null, "ref": null, "junction": "roundabout", "width": null, "surface": null, "smoothness": null, "oneway": "yes", "name": null, "motorcyc_1": null, "lanes": null, "foot": null }, "geometry": { "type": "MultiLineString", "coordinates": [ [ [ 112.7409912, -7.2253754 ], [ 112.740942, -7.2253706 ], [ 112.7408975, -7.2253495 ], [ 112.7408629, -7.2253146 ], [ 112.7408402, -7.2252605 ], [ 112.7408415, -7.225202 ], [ 112.7408666, -7.2251491 ], [ 112.7409112, -7.2251107 ], [ 112.7409805, -7.2250929 ], [ 112.7410498, -7.2251109 ], [ 112.7410795, -7.2251328 ], [ 112.7411196, -7.225204 ], [ 112.7411133, -7.2252854 ], [ 112.7410654, -7.2253479 ], [ 112.7409912, -7.2253754 ] ] ] } },
{ "type": "Feature", "properties": { "full_id": "w24563031", "osm_id": "24563031", "osm_type": "way", "highway": "trunk", "turn_lanes": null, "tunnel": null, "hgv_condit": null, "cycleway_l": null, "cycleway_r": null, "motorcycle": null, "destinatio": null, "destinat_1": null, "motor_vehi": null, "sidewalk": null, "wikidata": null, "bridge_nam": null, "bridge_n_1": null, "bridge_n_2": null, "bridge_n_3": null, "bridge_n_4": null, "name_it": null, "name_fr": null, "name_es": null, "name_en": null, "name_de": null, "minspeed_m": null, "maxspeed_m": null, "layer": null, "bridge_n_5": null, "bridge": null, "toll": null, "start_date": null, "short_name": null, "motorcar": null, "minspeed": null, "maxspeed": null, "maxaxleloa": null, "lit": null, "horse": null, "emergency": null, "bicycle": null, "alt_name_f": null, "alt_name_e": null, "alt_name_1": null, "alt_name_d": null, "alt_name": null, "access": null, "hgv": null, "ref": null, "junction": null, "width": null, "surface": null, "smoothness": null, "oneway": "yes", "name": "Jalan Sultan Iskandar Muda", "motorcyc_1": null, "lanes": "2", "foot": null }, "geometry": { "type": "MultiLineString", "coordinates": [ [ [ 112.7458243, -7.2261227 ], [ 112.7458762, -7.2261719 ], [ 112.7459275, -7.2262204 ], [ 112.7460185, -7.2262852 ], [ 112.7460924, -7.2263206 ] ] ] } },
{ "type": "Feature", "properties": { "full_id": "w24563041", "osm_id": "24563041", "osm_type": "way", "highway": "trunk", "turn_lanes": null, "tunnel": null, "hgv_condit": null, "cycleway_l": null, "cycleway_r": null, "motorcycle": null, "destinatio": null, "destinat_1": null, "motor_vehi": null, "sidewalk": null, "wikidata": null, "bridge_nam": null, "bridge_n_1": null, "bridge_n_2": null, "bridge_n_3": null, "bridge_n_4": null, "name_it": null, "name_fr": null, "name_es": null, "name_en": null, "name_de": null, "minspeed_m": null, "maxspeed_m": null, "layer": null, "bridge_n_5": null, "bridge": null, "toll": null, "start_date": null, "short_name": null, "motorcar": null, "minspeed": null, "maxspeed": null, "maxaxleloa": null, "lit": null, "horse": null, "emergency": null, "bicycle": null, "alt_name_f": null, "alt_name_e": null, "alt_name_1": null, "alt_name_d": null, "alt_name": null, "access": null, "hgv": null, "ref": null, "junction": null, "width": null, "surface": null, "smoothness": null, "oneway": "yes", "name": "Jalan Raya Hang Tuah", "motorcyc_1": null, "lanes": "3", "foot": null }, "geometry": { "type": "MultiLineString", "coordinates": [ [ [ 112.7409112, -7.2251107 ], [ 112.7408508, -7.2246835 ], [ 112.7408054, -7.224421 ], [ 112.7407819, -7.2242183 ], [ 112.7405702, -7.2223879 ] ] ] } },
{ "type": "Feature", "properties": { "full_id": "w24563891", "osm_id": "24563891", "osm_type": "way", "highway": "trunk", "turn_lanes": null, "tunnel": null, "hgv_condit": null, "cycleway_l": null, "cycleway_r": null, "motorcycle": null, "destinatio": null, "destinat_1": null, "motor_vehi": null, "sidewalk": null, "wikidata": null, "bridge_nam": null, "bridge_n_1": null, "bridge_n_2": null, "bridge_n_3": null, "bridge_n_4": null, "name_it": null, "name_fr": null, "name_es": null, "name_en": null, "name_de": null, "minspeed_m": null, "maxspeed_m": null, "layer": null, "bridge_n_5": null, "bridge": null, "toll": null, "start_date": null, "short_name": null, "motorcar": null, "minspeed": null, "maxspeed": null, "maxaxleloa": null, "lit": null, "horse": null, "emergency": null, "bicycle": null, "alt_name_f": null, "alt_name_e": null, "alt_name_1": null, "alt_name_d": null, "alt_name": null, "access": null, "hgv": null, "ref": null, "junction": null, "width": null, "surface": null, "smoothness": null, "oneway": "yes", "name": "Jalan Gresik", "motorcyc_1": null, "lanes": null, "foot": null }, "geometry": { "type": "MultiLineString", "coordinates": [ [ [ 112.7285009, -7.2322398 ], [ 112.7284662, -7.2323208 ], [ 112.7284241, -7.2323868 ], [ 112.7283232, -7.232472 ] ] ] } },
{ "type": "Feature", "properties": { "full_id": "w24884615", "osm_id": "24884615", "osm_type": "way", "highway": "trunk", "turn_lanes": null, "tunnel": null, "hgv_condit": null, "cycleway_l": null, "cycleway_r": null, "motorcycle": null, "destinatio": null, "destinat_1": null, "motor_vehi": null, "sidewalk": null, "wikidata": null, "bridge_nam": null, "bridge_n_1": null, "bridge_n_2": null, "bridge_n_3": null, "bridge_n_4": null, "name_it": null, "name_fr": null, "name_es": null, "name_en": null, "name_de": null, "minspeed_m": null, "maxspeed_m": null, "layer": null, "bridge_n_5": null, "bridge": null, "toll": null, "start_date": null, "short_name": null, "motorcar": null, "minspeed": null, "maxspeed": null, "maxaxleloa": null, "lit": null, "horse": null, "emergency": null, "bicycle": null, "alt_name_f": null, "alt_name_e": null, "alt_name_1": null, "alt_name_d": null, "alt_name": null, "access": null, "hgv": null, "ref": "1", "junction": null, "width": "8", "surface": "asphalt", "smoothness": "intermediate", "oneway": "yes", "name": "Jalan Pasar Kembang", "motorcyc_1": "yes", "lanes": "3", "foot": "yes" }, "geometry": { "type": "MultiLineString", "coordinates": [ [ [ 112.7290371, -7.2689551 ], [ 112.7290341, -7.2689713 ], [ 112.729004, -7.2691277 ], [ 112.7289106, -7.269433 ], [ 112.7288496, -7.2696188 ], [ 112.7288326, -7.2696707 ], [ 112.7287808, -7.2698286 ], [ 112.7286158, -7.2702772 ], [ 112.7283163, -7.2709673 ], [ 112.7280863, -7.2715254 ], [ 112.728005, -7.2717283 ], [ 112.7279895, -7.2717675 ] ] ] } },
{ "type": "Feature", "properties": { "full_id": "w24884645", "osm_id": "24884645", "osm_type": "way", "highway": "trunk", "turn_lanes": null, "tunnel": null, "hgv_condit": null, "cycleway_l": null, "cycleway_r": null, "motorcycle": null, "destinatio": null, "destinat_1": null, "motor_vehi": null, "sidewalk": null, "wikidata": null, "bridge_nam": null, "bridge_n_1": null, "bridge_n_2": null, "bridge_n_3": null, "bridge_n_4": null, "name_it": null, "name_fr": null, "name_es": null, "name_en": null, "name_de": null, "minspeed_m": null, "maxspeed_m": null, "layer": null, "bridge_n_5": null, "bridge": null, "toll": null, "start_date": null, "short_name": null, "motorcar": null, "minspeed": null, "maxspeed": null, "maxaxleloa": null, "lit": null, "horse": null, "emergency": null, "bicycle": null, "alt_name_f": null, "alt_name_e": null, "alt_name_1": null, "alt_name_d": null, "alt_name": null, "access": null, "hgv": null, "ref": null, "junction": null, "width": null, "surface": null, "smoothness": null, "oneway": "yes", "name": "Jalan Raya Sulawesi", "motorcyc_1": null, "lanes": "1", "foot": null }, "geometry": { "type": "MultiLineString", "coordinates": [ [ [ 112.7491942, -7.2768303 ], [ 112.749142, -7.2769206 ], [ 112.7491192, -7.2769516 ], [ 112.7490897, -7.2769805 ], [ 112.7490564, -7.2770028 ], [ 112.7489782, -7.2770399 ] ] ] } },
{ "type": "Feature", "properties": { "full_id": "w24907031", "osm_id": "24907031", "osm_type": "way", "highway": "trunk", "turn_lanes": null, "tunnel": null, "hgv_condit": null, "cycleway_l": null, "cycleway_r": null, "motorcycle": null, "destinatio": null, "destinat_1": null, "motor_vehi": null, "sidewalk": null, "wikidata": null, "bridge_nam": null, "bridge_n_1": null, "bridge_n_2": null, "bridge_n_3": null, "bridge_n_4": null, "name_it": null, "name_fr": null, "name_es": null, "name_en": null, "name_de": null, "minspeed_m": null, "maxspeed_m": null, "layer": null, "bridge_n_5": null, "bridge": null, "toll": null, "start_date": null, "short_name": null, "motorcar": null, "minspeed": null, "maxspeed": null, "maxaxleloa": null, "lit": null, "horse": null, "emergency": null, "bicycle": null, "alt_name_f": null, "alt_name_e": null, "alt_name_1": null, "alt_name_d": null, "alt_name": null, "access": null, "hgv": null, "ref": "1", "junction": null, "width": null, "surface": "asphalt", "smoothness": null, "oneway": "yes", "name": "Jalan Raya Arjuno", "motorcyc_1": null, "lanes": "2", "foot": null }, "geometry": { "type": "MultiLineString", "coordinates": [ [ [ 112.7288457, -7.2683071 ], [ 112.7289699, -7.2685664 ], [ 112.7289985, -7.2686324 ], [ 112.7290249, -7.268712 ] ] ] } },
{ "type": "Feature", "properties": { "full_id": "w25006103", "osm_id": "25006103", "osm_type": "way", "highway": "trunk", "turn_lanes": null, "tunnel": null, "hgv_condit": null, "cycleway_l": null, "cycleway_r": null, "motorcycle": null, "destinatio": null, "destinat_1": null, "motor_vehi": null, "sidewalk": null, "wikidata": null, "bridge_nam": null, "bridge_n_1": null, "bridge_n_2": null, "bridge_n_3": null, "bridge_n_4": null, "name_it": null, "name_fr": null, "name_es": null, "name_en": null, "name_de": null, "minspeed_m": null, "maxspeed_m": null, "layer": null, "bridge_n_5": null, "bridge": null, "toll": null, "start_date": null, "short_name": null, "motorcar": null, "minspeed": null, "maxspeed": null, "maxaxleloa": null, "lit": null, "horse": null, "emergency": null, "bicycle": null, "alt_name_f": null, "alt_name_e": null, "alt_name_1": null, "alt_name_d": null, "alt_name": null, "access": null, "hgv": null, "ref": null, "junction": null, "width": null, "surface": null, "smoothness": null, "oneway": "yes", "name": "Jalan Biliton", "motorcyc_1": null, "lanes": null, "foot": "yes" }, "geometry": { "type": "MultiLineString", "coordinates": [ [ [ 112.7504643, -7.2707087 ], [ 112.7504601, -7.270818 ], [ 112.7504576, -7.2709495 ], [ 112.7504374, -7.2710833 ], [ 112.7503896, -7.2714091 ], [ 112.7503353, -7.2717354 ], [ 112.7501446, -7.272538 ], [ 112.749864, -7.2736991 ] ] ] } },
{ "type": "Feature", "properties": { "full_id": "w28740322", "osm_id": "28740322", "osm_type": "way", "highway": "trunk", "turn_lanes": null, "tunnel": null, "hgv_condit": null, "cycleway_l": null, "cycleway_r": null, "motorcycle": null, "destinatio": null, "destinat_1": null, "motor_vehi": null, "sidewalk": null, "wikidata": null, "bridge_nam": null, "bridge_n_1": null, "bridge_n_2": null, "bridge_n_3": null, "bridge_n_4": null, "name_it": null, "name_fr": null, "name_es": null, "name_en": null, "name_de": null, "minspeed_m": null, "maxspeed_m": null, "layer": null, "bridge_n_5": null, "bridge": null, "toll": null, "start_date": null, "short_name": null, "motorcar": null, "minspeed": null, "maxspeed": null, "maxaxleloa": null, "lit": null, "horse": null, "emergency": null, "bicycle": null, "alt_name_f": null, "alt_name_e": null, "alt_name_1": null, "alt_name_d": null, "alt_name": null, "access": null, "hgv": "no", "ref": "1", "junction": null, "width": null, "surface": "asphalt", "smoothness": null, "oneway": "yes", "name": "Jalan Raya Diponegoro", "motorcyc_1": null, "lanes": null, "foot": "yes" }, "geometry": { "type": "MultiLineString", "coordinates": [ [ [ 112.7391273, -7.296189 ], [ 112.739065, -7.2961328 ], [ 112.7389738, -7.2960214 ], [ 112.7389251, -7.2959429 ], [ 112.7388306, -7.295764 ] ] ] } },
{ "type": "Feature", "properties": { "full_id": "w28740349", "osm_id": "28740349", "osm_type": "way", "highway": "trunk", "turn_lanes": null, "tunnel": null, "hgv_condit": null, "cycleway_l": null, "cycleway_r": null, "motorcycle": null, "destinatio": null, "destinat_1": null, "motor_vehi": null, "sidewalk": null, "wikidata": null, "bridge_nam": null, "bridge_n_1": null, "bridge_n_2": null, "bridge_n_3": null, "bridge_n_4": null, "name_it": null, "name_fr": null, "name_es": null, "name_en": null, "name_de": null, "minspeed_m": null, "maxspeed_m": null, "layer": null, "bridge_n_5": null, "bridge": null, "toll": null, "start_date": null, "short_name": null, "motorcar": null, "minspeed": null, "maxspeed": null, "maxaxleloa": null, "lit": null, "horse": null, "emergency": null, "bicycle": null, "alt_name_f": null, "alt_name_e": null, "alt_name_1": null, "alt_name_d": null, "alt_name": null, "access": null, "hgv": null, "ref": "1", "junction": null, "width": null, "surface": "asphalt", "smoothness": null, "oneway": "yes", "name": "Jalan Raya Darmo", "motorcyc_1": null, "lanes": null, "foot": "yes" }, "geometry": { "type": "MultiLineString", "coordinates": [ [ [ 112.7378571, -7.2982371 ], [ 112.737945, -7.2981597 ], [ 112.738059, -7.2980772 ], [ 112.7381783, -7.2980081 ], [ 112.7383164, -7.2979429 ], [ 112.7384425, -7.2978697 ], [ 112.7385573, -7.2977978 ], [ 112.7386876, -7.2977041 ], [ 112.7388081, -7.2976072 ], [ 112.7389253, -7.2974613 ], [ 112.7389776, -7.2973775 ], [ 112.7390219, -7.2972791 ], [ 112.7390755, -7.297162 ], [ 112.7391251, -7.2970037 ], [ 112.7391493, -7.2968973 ], [ 112.7391627, -7.2967936 ], [ 112.7391707, -7.2966432 ], [ 112.7391389, -7.2963355 ], [ 112.7391317, -7.296263 ], [ 112.7391292, -7.296241 ], [ 112.7391273, -7.296189 ] ] ] } },
{ "type": "Feature", "properties": { "full_id": "w28757203", "osm_id": "28757203", "osm_type": "way", "highway": "trunk", "turn_lanes": null, "tunnel": null, "hgv_condit": null, "cycleway_l": null, "cycleway_r": null, "motorcycle": null, "destinatio": null, "destinat_1": null, "motor_vehi": null, "sidewalk": null, "wikidata": null, "bridge_nam": null, "bridge_n_1": null, "bridge_n_2": null, "bridge_n_3": null, "bridge_n_4": null, "name_it": null, "name_fr": null, "name_es": null, "name_en": null, "name_de": null, "minspeed_m": null, "maxspeed_m": null, "layer": null, "bridge_n_5": null, "bridge": null, "toll": null, "start_date": null, "short_name": null, "motorcar": null, "minspeed": null, "maxspeed": null, "maxaxleloa": null, "lit": null, "horse": null, "emergency": null, "bicycle": null, "alt_name_f": null, "alt_name_e": null, "alt_name_1": null, "alt_name_d": null, "alt_name": null, "access": null, "hgv": null, "ref": "AH2", "junction": null, "width": null, "surface": "asphalt", "smoothness": null, "oneway": "yes", "name": "Jalan Bypass Waru", "motorcyc_1": null, "lanes": null, "foot": null }, "geometry": { "type": "MultiLineString", "coordinates": [ [ [ 112.7120487, -7.3506263 ], [ 112.712164, -7.3505622 ], [ 112.7123585, -7.3504431 ], [ 112.7125221, -7.3503367 ], [ 112.7128386, -7.3501132 ], [ 112.7130349, -7.3499747 ], [ 112.7132516, -7.3498168 ], [ 112.7135731, -7.3495825 ], [ 112.7138076, -7.3494089 ], [ 112.7152955, -7.3483162 ], [ 112.7153524, -7.3482744 ], [ 112.7161463, -7.3477072 ], [ 112.7170993, -7.3469942 ], [ 112.7174158, -7.3467534 ], [ 112.7178021, -7.3464754 ], [ 112.7180354, -7.3463078 ], [ 112.7182956, -7.3461495 ], [ 112.7184847, -7.3460511 ], [ 112.7186872, -7.34597 ], [ 112.7188656, -7.3459141 ], [ 112.7190372, -7.3458636 ], [ 112.7192505, -7.345809 ], [ 112.7195039, -7.3457612 ], [ 112.7197373, -7.3457306 ], [ 112.7200763, -7.3457057 ], [ 112.720257, -7.3457106 ], [ 112.7204856, -7.3457246 ], [ 112.7207076, -7.3457532 ], [ 112.7207538, -7.3457624 ], [ 112.721069, -7.345821 ], [ 112.7212695, -7.3458676 ], [ 112.7215216, -7.3459354 ], [ 112.7218777, -7.3460384 ], [ 112.7223242, -7.3461582 ], [ 112.7228004, -7.3462899 ], [ 112.7233676, -7.3464328 ], [ 112.7236896, -7.3465009 ] ] ] } },
{ "type": "Feature", "properties": { "full_id": "w30411361", "osm_id": "30411361", "osm_type": "way", "highway": "trunk", "turn_lanes": null, "tunnel": null, "hgv_condit": null, "cycleway_l": null, "cycleway_r": null, "motorcycle": null, "destinatio": null, "destinat_1": null, "motor_vehi": null, "sidewalk": null, "wikidata": null, "bridge_nam": null, "bridge_n_1": null, "bridge_n_2": null, "bridge_n_3": null, "bridge_n_4": null, "name_it": null, "name_fr": null, "name_es": null, "name_en": null, "name_de": null, "minspeed_m": null, "maxspeed_m": null, "layer": null, "bridge_n_5": null, "bridge": null, "toll": null, "start_date": null, "short_name": null, "motorcar": null, "minspeed": null, "maxspeed": null, "maxaxleloa": null, "lit": null, "horse": null, "emergency": null, "bicycle": null, "alt_name_f": null, "alt_name_e": null, "alt_name_1": null, "alt_name_d": null, "alt_name": null, "access": null, "hgv": null, "ref": "1", "junction": null, "width": null, "surface": "asphalt", "smoothness": null, "oneway": "yes", "name": "Jalan Wonokromo", "motorcyc_1": null, "lanes": null, "foot": null }, "geometry": { "type": "MultiLineString", "coordinates": [ [ [ 112.7371583, -7.300988 ], [ 112.7371912, -7.3008616 ], [ 112.7372214, -7.3007193 ], [ 112.7372421, -7.300622 ] ] ] } },
{ "type": "Feature", "properties": { "full_id": "w30411363", "osm_id": "30411363", "osm_type": "way", "highway": "trunk", "turn_lanes": null, "tunnel": null, "hgv_condit": null, "cycleway_l": null, "cycleway_r": null, "motorcycle": null, "destinatio": null, "destinat_1": null, "motor_vehi": null, "sidewalk": null, "wikidata": null, "bridge_nam": null, "bridge_n_1": null, "bridge_n_2": null, "bridge_n_3": null, "bridge_n_4": null, "name_it": null, "name_fr": null, "name_es": null, "name_en": null, "name_de": null, "minspeed_m": null, "maxspeed_m": null, "layer": null, "bridge_n_5": null, "bridge": null, "toll": null, "start_date": null, "short_name": null, "motorcar": null, "minspeed": null, "maxspeed": null, "maxaxleloa": null, "lit": null, "horse": null, "emergency": null, "bicycle": null, "alt_name_f": null, "alt_name_e": null, "alt_name_1": null, "alt_name_d": null, "alt_name": null, "access": null, "hgv": null, "ref": "1", "junction": null, "width": null, "surface": "asphalt", "smoothness": null, "oneway": "yes", "name": "Jalan Raya Darmo", "motorcyc_1": null, "lanes": null, "foot": "yes" }, "geometry": { "type": "MultiLineString", "coordinates": [ [ [ 112.7393465, -7.2955948 ], [ 112.739355, -7.2957613 ], [ 112.7393724, -7.2960047 ], [ 112.7393818, -7.2962768 ], [ 112.7394126, -7.2964496 ], [ 112.7394447, -7.2966341 ], [ 112.739451, -7.2967244 ], [ 112.739447, -7.2968122 ], [ 112.7394442, -7.2968874 ], [ 112.7394133, -7.2970354 ], [ 112.7393907, -7.2971088 ], [ 112.7393585, -7.297186 ], [ 112.7393103, -7.2972908 ], [ 112.739207, -7.297468 ], [ 112.739156, -7.2975425 ], [ 112.7390028, -7.2977533 ], [ 112.7389503, -7.2978176 ], [ 112.738924, -7.2978498 ], [ 112.7388365, -7.2979396 ], [ 112.7387456, -7.2980121 ], [ 112.7386504, -7.2980719 ], [ 112.7385739, -7.2981185 ], [ 112.7384935, -7.2981624 ], [ 112.7384184, -7.2981916 ], [ 112.7383352, -7.2982169 ], [ 112.7382574, -7.2982422 ], [ 112.7381783, -7.2982754 ], [ 112.7381059, -7.2983114 ], [ 112.7380388, -7.2983579 ], [ 112.737953, -7.2984595 ], [ 112.7378515, -7.2986256 ], [ 112.7377851, -7.2988122 ], [ 112.7377344, -7.2989557 ] ] ] } },
{ "type": "Feature", "properties": { "full_id": "w34156657", "osm_id": "34156657", "osm_type": "way", "highway": "trunk", "turn_lanes": null, "tunnel": null, "hgv_condit": null, "cycleway_l": null, "cycleway_r": null, "motorcycle": null, "destinatio": null, "destinat_1": null, "motor_vehi": null, "sidewalk": null, "wikidata": null, "bridge_nam": null, "bridge_n_1": null, "bridge_n_2": null, "bridge_n_3": null, "bridge_n_4": null, "name_it": null, "name_fr": null, "name_es": null, "name_en": null, "name_de": null, "minspeed_m": null, "maxspeed_m": null, "layer": null, "bridge_n_5": null, "bridge": null, "toll": "no", "start_date": "2003-08-20", "short_name": "Tol Suramadu", "motorcar": "yes", "minspeed": "60", "maxspeed": "80", "maxaxleloa": "10", "lit": "yes", "horse": "no", "emergency": "designated", "bicycle": "no", "alt_name_f": "Pont Surabaya–Madura", "alt_name_e": "Puente Surabaya–Madura", "alt_name_1": "Surabaya–Madura Bridge", "alt_name_d": "Surabaya–Madura-Brücke", "alt_name": "Jembatan Surabaya–Madura", "access": "yes", "hgv": null, "ref": null, "junction": null, "width": null, "surface": "asphalt", "smoothness": null, "oneway": "yes", "name": "Jalan Haji Mohammad Noer", "motorcyc_1": "no", "lanes": "2", "foot": "no" }, "geometry": { "type": "MultiLineString", "coordinates": [ [ [ 112.7787798, -7.2086622 ], [ 112.7784834, -7.2127859 ] ] ] } },
{ "type": "Feature", "properties": { "full_id": "w34156658", "osm_id": "34156658", "osm_type": "way", "highway": "trunk", "turn_lanes": null, "tunnel": null, "hgv_condit": null, "cycleway_l": null, "cycleway_r": null, "motorcycle": null, "destinatio": null, "destinat_1": null, "motor_vehi": null, "sidewalk": null, "wikidata": null, "bridge_nam": null, "bridge_n_1": null, "bridge_n_2": null, "bridge_n_3": null, "bridge_n_4": null, "name_it": "Ponte Suramadu", "name_fr": "Pont Suramadu", "name_es": "Puente Suramadu", "name_en": "Suramadu Bridge", "name_de": "Suramadu-Brücke", "minspeed_m": "25", "maxspeed_m": "40", "layer": "1", "bridge_n_5": "Jembatan Suramadu", "bridge": "yes", "toll": "no", "start_date": "2003-08-20", "short_name": "Tol Suramadu", "motorcar": "yes", "minspeed": "60", "maxspeed": "80", "maxaxleloa": "10", "lit": "yes", "horse": "no", "emergency": "designated", "bicycle": "no", "alt_name_f": "Pont Surabaya–Madura", "alt_name_e": "Puente Surabaya–Madura", "alt_name_1": "Surabaya–Madura Bridge", "alt_name_d": "Surabaya–Madura-Brücke", "alt_name": "Jembatan Surabaya–Madura", "access": "yes", "hgv": null, "ref": null, "junction": null, "width": null, "surface": null, "smoothness": null, "oneway": "yes", "name": "Jalan Haji Mohammad Noer", "motorcyc_1": "no", "lanes": "2", "foot": "no" }, "geometry": { "type": "MultiLineString", "coordinates": [ [ [ 112.7786858, -7.2086569 ], [ 112.77877, -7.2072766 ], [ 112.7791899, -7.2006444 ], [ 112.7793208, -7.1986491 ], [ 112.779441, -7.1971014 ], [ 112.7794808, -7.1964048 ], [ 112.779517, -7.1957156 ], [ 112.7795984, -7.1944324 ], [ 112.7797012, -7.1926443 ], [ 112.7797531, -7.1918105 ], [ 112.7798054, -7.1908911 ], [ 112.7799203, -7.1891476 ], [ 112.7799703, -7.1883829 ], [ 112.7799998, -7.1878321 ], [ 112.780077, -7.1867197 ], [ 112.7801245, -7.1859147 ], [ 112.7801755, -7.1851177 ], [ 112.780283, -7.1835321 ], [ 112.7803579, -7.1825018 ], [ 112.7804337, -7.1814647 ], [ 112.7804746, -7.1808519 ], [ 112.7805121, -7.1802239 ], [ 112.7806087, -7.1789731 ], [ 112.7807891, -7.1764816 ], [ 112.7809758, -7.1736519 ], [ 112.7819133, -7.1594879 ] ] ] } },
{ "type": "Feature", "properties": { "full_id": "w34156659", "osm_id": "34156659", "osm_type": "way", "highway": "trunk", "turn_lanes": null, "tunnel": null, "hgv_condit": null, "cycleway_l": null, "cycleway_r": null, "motorcycle": null, "destinatio": null, "destinat_1": null, "motor_vehi": null, "sidewalk": null, "wikidata": "Q1275181", "bridge_nam": "Ponte Suramadu", "bridge_n_1": "Pont Suramadu", "bridge_n_2": "Puente Suramadu", "bridge_n_3": "Suramadu Bridge", "bridge_n_4": "Suramadu-Brücke", "name_it": null, "name_fr": null, "name_es": null, "name_en": null, "name_de": null, "minspeed_m": null, "maxspeed_m": null, "layer": "1", "bridge_n_5": "Jembatan Suramadu", "bridge": "yes", "toll": "no", "start_date": "2003-08-20", "short_name": "Tol Suramadu", "motorcar": "yes", "minspeed": "60", "maxspeed": "80", "maxaxleloa": "10", "lit": "yes", "horse": "no", "emergency": "designated", "bicycle": "no", "alt_name_f": "Pont Surabaya–Madura", "alt_name_e": "Puente Surabaya–Madura", "alt_name_1": "Surabaya–Madura Bridge", "alt_name_d": "Surabaya–Madura-Brücke", "alt_name": "Jembatan Surabaya–Madura", "access": "yes", "hgv": null, "ref": null, "junction": null, "width": null, "surface": null, "smoothness": null, "oneway": "yes", "name": "Jalan Haji Mohammad Noer", "motorcyc_1": "no", "lanes": "2", "foot": "no" }, "geometry": { "type": "MultiLineString", "coordinates": [ [ [ 112.7820189, -7.1594979 ], [ 112.7810667, -7.1736554 ], [ 112.7808733, -7.1764952 ], [ 112.7806891, -7.1789744 ], [ 112.7805953, -7.1802159 ], [ 112.7805524, -7.1808519 ], [ 112.7805112, -7.1814846 ], [ 112.7804477, -7.1825085 ], [ 112.7803833, -7.1835217 ], [ 112.78026, -7.1851683 ], [ 112.7802064, -7.1859906 ], [ 112.7801446, -7.1868211 ], [ 112.7800816, -7.1878946 ], [ 112.7800494, -7.1883803 ], [ 112.7800024, -7.1891602 ], [ 112.7798899, -7.1909137 ], [ 112.7798375, -7.1917932 ], [ 112.7797884, -7.1926537 ], [ 112.779737, -7.1935601 ], [ 112.7796789, -7.1944723 ], [ 112.7795542, -7.1968662 ], [ 112.7794356, -7.1986661 ], [ 112.7793045, -7.2006284 ], [ 112.7788746, -7.2072872 ], [ 112.7787798, -7.2086622 ] ] ] } },
{ "type": "Feature", "properties": { "full_id": "w35153926", "osm_id": "35153926", "osm_type": "way", "highway": "trunk", "turn_lanes": null, "tunnel": null, "hgv_condit": null, "cycleway_l": null, "cycleway_r": null, "motorcycle": null, "destinatio": null, "destinat_1": null, "motor_vehi": null, "sidewalk": null, "wikidata": null, "bridge_nam": null, "bridge_n_1": null, "bridge_n_2": null, "bridge_n_3": null, "bridge_n_4": null, "name_it": null, "name_fr": null, "name_es": null, "name_en": null, "name_de": null, "minspeed_m": null, "maxspeed_m": null, "layer": null, "bridge_n_5": null, "bridge": null, "toll": null, "start_date": null, "short_name": null, "motorcar": null, "minspeed": null, "maxspeed": null, "maxaxleloa": null, "lit": null, "horse": null, "emergency": null, "bicycle": null, "alt_name_f": null, "alt_name_e": null, "alt_name_1": null, "alt_name_d": null, "alt_name": null, "access": null, "hgv": null, "ref": null, "junction": null, "width": "5", "surface": "asphalt", "smoothness": "good", "oneway": "yes", "name": "Jalan Ngagel", "motorcyc_1": "yes", "lanes": "2", "foot": null }, "geometry": { "type": "MultiLineString", "coordinates": [ [ [ 112.7398743, -7.3001229 ], [ 112.7398812, -7.3000913 ], [ 112.7399255, -7.2998989 ], [ 112.7399528, -7.2997864 ], [ 112.7400066, -7.2996772 ], [ 112.7400327, -7.2996367 ], [ 112.7400724, -7.2995771 ] ] ] } },
{ "type": "Feature", "properties": { "full_id": "w35153927", "osm_id": "35153927", "osm_type": "way", "highway": "trunk", "turn_lanes": null, "tunnel": null, "hgv_condit": null, "cycleway_l": null, "cycleway_r": null, "motorcycle": null, "destinatio": null, "destinat_1": null, "motor_vehi": null, "sidewalk": null, "wikidata": null, "bridge_nam": null, "bridge_n_1": null, "bridge_n_2": null, "bridge_n_3": null, "bridge_n_4": null, "name_it": null, "name_fr": null, "name_es": null, "name_en": null, "name_de": null, "minspeed_m": null, "maxspeed_m": null, "layer": null, "bridge_n_5": null, "bridge": null, "toll": null, "start_date": null, "short_name": null, "motorcar": null, "minspeed": null, "maxspeed": null, "maxaxleloa": null, "lit": null, "horse": null, "emergency": null, "bicycle": null, "alt_name_f": null, "alt_name_e": null, "alt_name_1": null, "alt_name_d": null, "alt_name": null, "access": null, "hgv": null, "ref": null, "junction": null, "width": null, "surface": null, "smoothness": null, "oneway": "yes", "name": "Jalan Ngagel", "motorcyc_1": null, "lanes": null, "foot": null }, "geometry": { "type": "MultiLineString", "coordinates": [ [ [ 112.7397712, -7.3007116 ], [ 112.7397917, -7.3006015 ] ] ] } },
{ "type": "Feature", "properties": { "full_id": "w35927314", "osm_id": "35927314", "osm_type": "way", "highway": "trunk", "turn_lanes": null, "tunnel": null, "hgv_condit": null, "cycleway_l": null, "cycleway_r": null, "motorcycle": null, "destinatio": null, "destinat_1": null, "motor_vehi": null, "sidewalk": null, "wikidata": null, "bridge_nam": null, "bridge_n_1": null, "bridge_n_2": null, "bridge_n_3": null, "bridge_n_4": null, "name_it": null, "name_fr": null, "name_es": null, "name_en": null, "name_de": null, "minspeed_m": null, "maxspeed_m": null, "layer": null, "bridge_n_5": null, "bridge": null, "toll": null, "start_date": null, "short_name": null, "motorcar": null, "minspeed": null, "maxspeed": null, "maxaxleloa": null, "lit": null, "horse": null, "emergency": null, "bicycle": null, "alt_name_f": null, "alt_name_e": null, "alt_name_1": null, "alt_name_d": null, "alt_name": null, "access": null, "hgv": null, "ref": null, "junction": null, "width": "5", "surface": "asphalt", "smoothness": "good", "oneway": "yes", "name": "Jalan Ngagel", "motorcyc_1": "yes", "lanes": "3", "foot": null }, "geometry": { "type": "MultiLineString", "coordinates": [ [ [ 112.7434313, -7.2905647 ], [ 112.7435628, -7.2903725 ] ] ] } },
{ "type": "Feature", "properties": { "full_id": "w35927315", "osm_id": "35927315", "osm_type": "way", "highway": "trunk", "turn_lanes": null, "tunnel": null, "hgv_condit": null, "cycleway_l": null, "cycleway_r": null, "motorcycle": null, "destinatio": null, "destinat_1": null, "motor_vehi": null, "sidewalk": "left", "wikidata": null, "bridge_nam": null, "bridge_n_1": null, "bridge_n_2": null, "bridge_n_3": null, "bridge_n_4": null, "name_it": null, "name_fr": null, "name_es": null, "name_en": null, "name_de": null, "minspeed_m": null, "maxspeed_m": null, "layer": "1", "bridge_n_5": null, "bridge": "yes", "toll": null, "start_date": null, "short_name": null, "motorcar": null, "minspeed": null, "maxspeed": null, "maxaxleloa": null, "lit": null, "horse": null, "emergency": null, "bicycle": null, "alt_name_f": null, "alt_name_e": null, "alt_name_1": null, "alt_name_d": null, "alt_name": "Jalan Gubeng", "access": null, "hgv": null, "ref": null, "junction": null, "width": "3", "surface": "asphalt", "smoothness": "good", "oneway": "yes", "name": "Jalan Sumatera", "motorcyc_1": "yes", "lanes": "2", "foot": "yes" }, "geometry": { "type": "MultiLineString", "coordinates": [ [ [ 112.751069, -7.2679378 ], [ 112.7510361, -7.2680369 ] ] ] } },
{ "type": "Feature", "properties": { "full_id": "w35927316", "osm_id": "35927316", "osm_type": "way", "highway": "trunk", "turn_lanes": null, "tunnel": null, "hgv_condit": null, "cycleway_l": null, "cycleway_r": null, "motorcycle": null, "destinatio": null, "destinat_1": null, "motor_vehi": null, "sidewalk": null, "wikidata": null, "bridge_nam": null, "bridge_n_1": null, "bridge_n_2": null, "bridge_n_3": null, "bridge_n_4": null, "name_it": null, "name_fr": null, "name_es": null, "name_en": null, "name_de": null, "minspeed_m": null, "maxspeed_m": null, "layer": null, "bridge_n_5": null, "bridge": null, "toll": null, "start_date": null, "short_name": null, "motorcar": null, "minspeed": null, "maxspeed": null, "maxaxleloa": null, "lit": null, "horse": null, "emergency": null, "bicycle": null, "alt_name_f": null, "alt_name_e": null, "alt_name_1": null, "alt_name_d": null, "alt_name": null, "access": null, "hgv": null, "ref": null, "junction": null, "width": "4", "surface": "asphalt", "smoothness": "good", "oneway": "yes", "name": "Jalan Kusuma Bangsa", "motorcyc_1": "yes", "lanes": "3", "foot": null }, "geometry": { "type": "MultiLineString", "coordinates": [ [ [ 112.7497689, -7.2523904 ], [ 112.7497695, -7.2524238 ], [ 112.7497713, -7.252634 ], [ 112.7497795, -7.2527286 ], [ 112.7498465, -7.2530559 ], [ 112.7498756, -7.2531923 ], [ 112.7499255, -7.2534101 ], [ 112.7499443, -7.2534919 ], [ 112.7499555, -7.253545 ], [ 112.7499703, -7.2536293 ], [ 112.7500958, -7.2541663 ], [ 112.7501414, -7.2543756 ], [ 112.7501809, -7.2545439 ], [ 112.7502141, -7.254672 ], [ 112.7502496, -7.2548138 ], [ 112.7502979, -7.2550214 ], [ 112.7503561, -7.2552671 ], [ 112.750522, -7.255979 ] ] ] } },
{ "type": "Feature", "properties": { "full_id": "w35927319", "osm_id": "35927319", "osm_type": "way", "highway": "trunk", "turn_lanes": null, "tunnel": null, "hgv_condit": null, "cycleway_l": null, "cycleway_r": null, "motorcycle": null, "destinatio": null, "destinat_1": null, "motor_vehi": null, "sidewalk": null, "wikidata": null, "bridge_nam": null, "bridge_n_1": null, "bridge_n_2": null, "bridge_n_3": null, "bridge_n_4": null, "name_it": null, "name_fr": null, "name_es": null, "name_en": null, "name_de": null, "minspeed_m": null, "maxspeed_m": null, "layer": null, "bridge_n_5": null, "bridge": null, "toll": null, "start_date": null, "short_name": null, "motorcar": null, "minspeed": null, "maxspeed": null, "maxaxleloa": null, "lit": null, "horse": null, "emergency": null, "bicycle": null, "alt_name_f": null, "alt_name_e": null, "alt_name_1": null, "alt_name_d": null, "alt_name": "Jalan Gubeng", "access": null, "hgv": null, "ref": null, "junction": null, "width": null, "surface": null, "smoothness": null, "oneway": "yes", "name": "Jalan Sumatera", "motorcyc_1": null, "lanes": null, "foot": "yes" }, "geometry": { "type": "MultiLineString", "coordinates": [ [ [ 112.7502321, -7.2706362 ], [ 112.7504499, -7.2704078 ], [ 112.7507389, -7.2701061 ], [ 112.7507704, -7.2700682 ], [ 112.7508073, -7.2700143 ], [ 112.7508295, -7.2699658 ], [ 112.7508402, -7.2699132 ], [ 112.7508402, -7.269862 ], [ 112.7508308, -7.2698015 ], [ 112.7508167, -7.2697276 ], [ 112.7507631, -7.269519 ], [ 112.7507126, -7.2693144 ], [ 112.7506757, -7.269175 ], [ 112.7506482, -7.2690585 ], [ 112.750608, -7.2688086 ], [ 112.7505894, -7.2687126 ], [ 112.7505857, -7.2686454 ], [ 112.7505887, -7.2685895 ], [ 112.7505995, -7.2685423 ], [ 112.7506229, -7.2684864 ] ] ] } },
{ "type": "Feature", "properties": { "full_id": "w35966434", "osm_id": "35966434", "osm_type": "way", "highway": "trunk", "turn_lanes": null, "tunnel": null, "hgv_condit": null, "cycleway_l": null, "cycleway_r": null, "motorcycle": null, "destinatio": null, "destinat_1": null, "motor_vehi": null, "sidewalk": null, "wikidata": null, "bridge_nam": null, "bridge_n_1": null, "bridge_n_2": null, "bridge_n_3": null, "bridge_n_4": null, "name_it": null, "name_fr": null, "name_es": null, "name_en": null, "name_de": null, "minspeed_m": null, "maxspeed_m": null, "layer": null, "bridge_n_5": null, "bridge": null, "toll": null, "start_date": null, "short_name": null, "motorcar": null, "minspeed": null, "maxspeed": null, "maxaxleloa": null, "lit": null, "horse": null, "emergency": null, "bicycle": null, "alt_name_f": null, "alt_name_e": null, "alt_name_1": null, "alt_name_d": null, "alt_name": "Jalan Gubeng", "access": null, "hgv": null, "ref": null, "junction": null, "width": null, "surface": null, "smoothness": null, "oneway": "yes", "name": "Jalan Sumatera", "motorcyc_1": null, "lanes": null, "foot": "yes" }, "geometry": { "type": "MultiLineString", "coordinates": [ [ [ 112.7510147, -7.26809 ], [ 112.7509678, -7.2681693 ], [ 112.7508295, -7.2683344 ], [ 112.750753, -7.2684213 ], [ 112.7507151, -7.2684741 ], [ 112.7506917, -7.268531 ], [ 112.7506779, -7.2685855 ], [ 112.7506712, -7.2686494 ], [ 112.7506772, -7.2687545 ], [ 112.7507034, -7.2688922 ], [ 112.7507651, -7.2691802 ], [ 112.7508501, -7.2695204 ], [ 112.7509036, -7.2697243 ], [ 112.7509183, -7.2697828 ], [ 112.7509268, -7.2698413 ], [ 112.7509274, -7.2698856 ], [ 112.75092, -7.2699315 ], [ 112.7509079, -7.2699654 ], [ 112.7508875, -7.2699983 ], [ 112.7508164, -7.2701064 ], [ 112.7507416, -7.2702016 ], [ 112.7506397, -7.2703097 ], [ 112.7505552, -7.2704114 ], [ 112.7505294, -7.2704397 ], [ 112.7505042, -7.2704793 ], [ 112.7504928, -7.2705089 ], [ 112.7504845, -7.2705444 ], [ 112.7504788, -7.2705794 ], [ 112.7504643, -7.2707087 ] ] ] } },
{ "type": "Feature", "properties": { "full_id": "w36001112", "osm_id": "36001112", "osm_type": "way", "highway": "trunk", "turn_lanes": null, "tunnel": null, "hgv_condit": null, "cycleway_l": null, "cycleway_r": null, "motorcycle": null, "destinatio": null, "destinat_1": null, "motor_vehi": null, "sidewalk": null, "wikidata": null, "bridge_nam": null, "bridge_n_1": null, "bridge_n_2": null, "bridge_n_3": null, "bridge_n_4": null, "name_it": null, "name_fr": null, "name_es": null, "name_en": null, "name_de": null, "minspeed_m": null, "maxspeed_m": null, "layer": null, "bridge_n_5": null, "bridge": null, "toll": null, "start_date": null, "short_name": null, "motorcar": null, "minspeed": null, "maxspeed": null, "maxaxleloa": null, "lit": null, "horse": null, "emergency": null, "bicycle": null, "alt_name_f": null, "alt_name_e": null, "alt_name_1": null, "alt_name_d": null, "alt_name": "Jalan Sisingamangaraja", "access": null, "hgv": null, "ref": null, "junction": null, "width": null, "surface": null, "smoothness": null, "oneway": "yes", "name": "Jalan Jakarta", "motorcyc_1": null, "lanes": null, "foot": "yes" }, "geometry": { "type": "MultiLineString", "coordinates": [ [ [ 112.7329591, -7.2226106 ], [ 112.7328908, -7.222643 ], [ 112.7328455, -7.2226595 ], [ 112.732804, -7.2226729 ], [ 112.732743, -7.2226932 ], [ 112.7326676, -7.2227232 ], [ 112.7325874, -7.2227681 ], [ 112.7325254, -7.2228113 ], [ 112.7324402, -7.2228845 ], [ 112.7323289, -7.2229809 ] ] ] } },
{ "type": "Feature", "properties": { "full_id": "w36001113", "osm_id": "36001113", "osm_type": "way", "highway": "trunk", "turn_lanes": null, "tunnel": null, "hgv_condit": null, "cycleway_l": null, "cycleway_r": null, "motorcycle": null, "destinatio": null, "destinat_1": null, "motor_vehi": null, "sidewalk": null, "wikidata": null, "bridge_nam": null, "bridge_n_1": null, "bridge_n_2": null, "bridge_n_3": null, "bridge_n_4": null, "name_it": null, "name_fr": null, "name_es": null, "name_en": null, "name_de": null, "minspeed_m": null, "maxspeed_m": null, "layer": null, "bridge_n_5": null, "bridge": null, "toll": null, "start_date": null, "short_name": null, "motorcar": null, "minspeed": null, "maxspeed": null, "maxaxleloa": null, "lit": null, "horse": null, "emergency": null, "bicycle": null, "alt_name_f": null, "alt_name_e": null, "alt_name_1": null, "alt_name_d": null, "alt_name": null, "access": null, "hgv": null, "ref": null, "junction": null, "width": "6", "surface": "asphalt", "smoothness": "intermediate", "oneway": "yes", "name": "Jalan Perak Timur", "motorcyc_1": "yes", "lanes": "3", "foot": "yes" }, "geometry": { "type": "MultiLineString", "coordinates": [ [ [ 112.7343651, -7.2089027 ], [ 112.7343583, -7.2091336 ], [ 112.7343415, -7.2096698 ], [ 112.7342706, -7.2102976 ], [ 112.7341425, -7.2110639 ], [ 112.7341332, -7.2111545 ], [ 112.7340693, -7.2115367 ], [ 112.73403, -7.2117543 ], [ 112.734027, -7.2117708 ], [ 112.733971, -7.2121017 ], [ 112.7338559, -7.2128561 ], [ 112.7336664, -7.2138462 ], [ 112.7334172, -7.2151484 ], [ 112.7333803, -7.2153573 ], [ 112.7331507, -7.2165089 ], [ 112.7331379, -7.2165834 ], [ 112.7330384, -7.217085 ], [ 112.7329324, -7.2178234 ], [ 112.7328345, -7.2187826 ], [ 112.7328084, -7.219066 ] ] ] } },
{ "type": "Feature", "properties": { "full_id": "w36001138", "osm_id": "36001138", "osm_type": "way", "highway": "trunk", "turn_lanes": null, "tunnel": null, "hgv_condit": null, "cycleway_l": null, "cycleway_r": null, "motorcycle": null, "destinatio": null, "destinat_1": null, "motor_vehi": null, "sidewalk": null, "wikidata": null, "bridge_nam": null, "bridge_n_1": null, "bridge_n_2": null, "bridge_n_3": null, "bridge_n_4": null, "name_it": null, "name_fr": null, "name_es": null, "name_en": null, "name_de": null, "minspeed_m": null, "maxspeed_m": null, "layer": null, "bridge_n_5": null, "bridge": null, "toll": null, "start_date": null, "short_name": null, "motorcar": null, "minspeed": null, "maxspeed": null, "maxaxleloa": null, "lit": null, "horse": null, "emergency": null, "bicycle": null, "alt_name_f": null, "alt_name_e": null, "alt_name_1": null, "alt_name_d": null, "alt_name": null, "access": null, "hgv": null, "ref": "1", "junction": null, "width": "6", "surface": "asphalt", "smoothness": "intermediate", "oneway": "no", "name": "Jalan Gresik Gadukan Timur", "motorcyc_1": "yes", "lanes": "4", "foot": null }, "geometry": { "type": "MultiLineString", "coordinates": [ [ [ 112.7193019, -7.2319251 ], [ 112.7192687, -7.2319163 ], [ 112.7191868, -7.2319013 ], [ 112.7187662, -7.2318167 ], [ 112.7183992, -7.2317418 ], [ 112.7179893, -7.2316581 ], [ 112.7176683, -7.2315925 ], [ 112.7172478, -7.2315067 ], [ 112.7170635, -7.2314675 ], [ 112.7169887, -7.2314538 ], [ 112.716756, -7.2314066 ], [ 112.7163316, -7.2313204 ], [ 112.7162506, -7.231304 ], [ 112.7156103, -7.231174 ], [ 112.7155341, -7.2311585 ], [ 112.7153754, -7.2311259 ], [ 112.7150427, -7.2310608 ], [ 112.7147889, -7.2310091 ], [ 112.7141563, -7.2308856 ], [ 112.7138947, -7.2308345 ], [ 112.7135315, -7.2307636 ], [ 112.7129762, -7.2306551 ], [ 112.7124854, -7.2305593 ], [ 112.7120251, -7.2304736 ], [ 112.7119591, -7.2304541 ], [ 112.7115673, -7.230367 ], [ 112.7114599, -7.2303423 ] ] ] } },
{ "type": "Feature", "properties": { "full_id": "w36001139", "osm_id": "36001139", "osm_type": "way", "highway": "trunk", "turn_lanes": null, "tunnel": null, "hgv_condit": null, "cycleway_l": null, "cycleway_r": null, "motorcycle": null, "destinatio": null, "destinat_1": null, "motor_vehi": null, "sidewalk": null, "wikidata": null, "bridge_nam": null, "bridge_n_1": null, "bridge_n_2": null, "bridge_n_3": null, "bridge_n_4": null, "name_it": null, "name_fr": null, "name_es": null, "name_en": null, "name_de": null, "minspeed_m": null, "maxspeed_m": null, "layer": "1", "bridge_n_5": null, "bridge": "yes", "toll": null, "start_date": null, "short_name": null, "motorcar": null, "minspeed": null, "maxspeed": null, "maxaxleloa": null, "lit": null, "horse": null, "emergency": null, "bicycle": null, "alt_name_f": null, "alt_name_e": null, "alt_name_1": null, "alt_name_d": null, "alt_name": null, "access": null, "hgv": null, "ref": "1", "junction": null, "width": "6", "surface": "asphalt", "smoothness": "intermediate", "oneway": "no", "name": "Jalan Gresik", "motorcyc_1": "yes", "lanes": "4", "foot": null }, "geometry": { "type": "MultiLineString", "coordinates": [ [ [ 112.7196809, -7.2320127 ], [ 112.7193019, -7.2319251 ] ] ] } },
{ "type": "Feature", "properties": { "full_id": "w36007600", "osm_id": "36007600", "osm_type": "way", "highway": "trunk", "turn_lanes": null, "tunnel": null, "hgv_condit": null, "cycleway_l": null, "cycleway_r": null, "motorcycle": null, "destinatio": null, "destinat_1": null, "motor_vehi": "yes", "sidewalk": null, "wikidata": null, "bridge_nam": null, "bridge_n_1": null, "bridge_n_2": null, "bridge_n_3": null, "bridge_n_4": null, "name_it": null, "name_fr": null, "name_es": null, "name_en": null, "name_de": null, "minspeed_m": null, "maxspeed_m": null, "layer": null, "bridge_n_5": null, "bridge": null, "toll": null, "start_date": null, "short_name": null, "motorcar": null, "minspeed": null, "maxspeed": null, "maxaxleloa": null, "lit": null, "horse": null, "emergency": null, "bicycle": null, "alt_name_f": null, "alt_name_e": null, "alt_name_1": null, "alt_name_d": null, "alt_name": null, "access": null, "hgv": null, "ref": null, "junction": null, "width": "4", "surface": "asphalt", "smoothness": "good", "oneway": "yes", "name": "Jalan Bung Tomo", "motorcyc_1": null, "lanes": "4", "foot": null }, "geometry": { "type": "MultiLineString", "coordinates": [ [ [ 112.7447128, -7.2889087 ], [ 112.7448289, -7.2889812 ], [ 112.745242, -7.2892782 ], [ 112.745455, -7.2894433 ], [ 112.7454885, -7.2894712 ], [ 112.7455274, -7.2895091 ], [ 112.7461243, -7.2902322 ], [ 112.7461886, -7.2902993 ] ] ] } },
{ "type": "Feature", "properties": { "full_id": "w36007602", "osm_id": "36007602", "osm_type": "way", "highway": "trunk", "turn_lanes": null, "tunnel": null, "hgv_condit": null, "cycleway_l": null, "cycleway_r": null, "motorcycle": null, "destinatio": null, "destinat_1": null, "motor_vehi": null, "sidewalk": null, "wikidata": null, "bridge_nam": null, "bridge_n_1": null, "bridge_n_2": null, "bridge_n_3": null, "bridge_n_4": null, "name_it": null, "name_fr": null, "name_es": null, "name_en": null, "name_de": null, "minspeed_m": null, "maxspeed_m": null, "layer": null, "bridge_n_5": null, "bridge": null, "toll": null, "start_date": null, "short_name": null, "motorcar": null, "minspeed": null, "maxspeed": null, "maxaxleloa": null, "lit": null, "horse": null, "emergency": null, "bicycle": null, "alt_name_f": null, "alt_name_e": null, "alt_name_1": null, "alt_name_d": null, "alt_name": null, "access": null, "hgv": null, "ref": null, "junction": null, "width": "3", "surface": "asphalt", "smoothness": "good", "oneway": "no", "name": "Jalan Upa Jiwa", "motorcyc_1": "yes", "lanes": "2", "foot": "no" }, "geometry": { "type": "MultiLineString", "coordinates": [ [ [ 112.7462677, -7.2903794 ], [ 112.7462278, -7.2904536 ] ] ] } },
{ "type": "Feature", "properties": { "full_id": "w36977489", "osm_id": "36977489", "osm_type": "way", "highway": "trunk", "turn_lanes": null, "tunnel": null, "hgv_condit": null, "cycleway_l": null, "cycleway_r": null, "motorcycle": null, "destinatio": null, "destinat_1": null, "motor_vehi": null, "sidewalk": null, "wikidata": null, "bridge_nam": null, "bridge_n_1": null, "bridge_n_2": null, "bridge_n_3": null, "bridge_n_4": null, "name_it": null, "name_fr": null, "name_es": null, "name_en": null, "name_de": null, "minspeed_m": null, "maxspeed_m": null, "layer": null, "bridge_n_5": null, "bridge": null, "toll": null, "start_date": null, "short_name": null, "motorcar": null, "minspeed": null, "maxspeed": null, "maxaxleloa": null, "lit": null, "horse": null, "emergency": null, "bicycle": null, "alt_name_f": null, "alt_name_e": null, "alt_name_1": null, "alt_name_d": null, "alt_name": null, "access": null, "hgv": null, "ref": null, "junction": null, "width": "5", "surface": "asphalt", "smoothness": "good", "oneway": "no", "name": "Jalan Ngagel", "motorcyc_1": "yes", "lanes": "4", "foot": "yes" }, "geometry": { "type": "MultiLineString", "coordinates": [ [ [ 112.7428016, -7.291855 ], [ 112.7427828, -7.292002 ], [ 112.7426379, -7.2925956 ], [ 112.7425455, -7.2930888 ], [ 112.7425367, -7.2931673 ], [ 112.7425314, -7.2932312 ], [ 112.7425039, -7.2937094 ], [ 112.7424958, -7.2939242 ], [ 112.7424791, -7.2942528 ], [ 112.7424613, -7.2944109 ], [ 112.7424321, -7.2946369 ], [ 112.7424077, -7.2948118 ], [ 112.7423906, -7.2949262 ], [ 112.7423429, -7.2951647 ], [ 112.7422544, -7.2957467 ], [ 112.7422445, -7.2957918 ], [ 112.7421735, -7.2962417 ], [ 112.7421511, -7.2963839 ], [ 112.742072, -7.2966845 ], [ 112.7420307, -7.2968529 ], [ 112.7419969, -7.2969905 ], [ 112.7419808, -7.2970729 ], [ 112.7419272, -7.2972565 ], [ 112.741891, -7.2973722 ], [ 112.7418481, -7.2974946 ], [ 112.7417985, -7.2976529 ], [ 112.7417207, -7.2978245 ], [ 112.7416563, -7.2979589 ], [ 112.7415946, -7.2980759 ], [ 112.7415128, -7.2981983 ], [ 112.741431, -7.2982994 ], [ 112.7411775, -7.2985415 ], [ 112.7409522, -7.2987544 ], [ 112.7404741, -7.2992519 ], [ 112.7403564, -7.2993565 ], [ 112.7402931, -7.2994128 ] ] ] } },
{ "type": "Feature", "properties": { "full_id": "w36978404", "osm_id": "36978404", "osm_type": "way", "highway": "trunk", "turn_lanes": null, "tunnel": null, "hgv_condit": null, "cycleway_l": null, "cycleway_r": null, "motorcycle": null, "destinatio": null, "destinat_1": null, "motor_vehi": null, "sidewalk": null, "wikidata": null, "bridge_nam": null, "bridge_n_1": null, "bridge_n_2": null, "bridge_n_3": null, "bridge_n_4": null, "name_it": null, "name_fr": null, "name_es": null, "name_en": null, "name_de": null, "minspeed_m": null, "maxspeed_m": null, "layer": null, "bridge_n_5": null, "bridge": null, "toll": null, "start_date": null, "short_name": null, "motorcar": null, "minspeed": null, "maxspeed": null, "maxaxleloa": null, "lit": null, "horse": null, "emergency": null, "bicycle": null, "alt_name_f": null, "alt_name_e": null, "alt_name_1": null, "alt_name_d": null, "alt_name": null, "access": null, "hgv": null, "ref": null, "junction": null, "width": "5", "surface": "asphalt", "smoothness": "good", "oneway": "yes", "name": "Jalan Kedung Cowek", "motorcyc_1": "permit", "lanes": "2", "foot": null }, "geometry": { "type": "MultiLineString", "coordinates": [ [ [ 112.7774529, -7.2175709 ], [ 112.7774439, -7.2176667 ], [ 112.7774043, -7.2186921 ], [ 112.7773494, -7.219308 ], [ 112.777268, -7.219845 ], [ 112.7772354, -7.2201422 ], [ 112.7771735, -7.2205229 ], [ 112.7770816, -7.2210844 ], [ 112.7770172, -7.2213664 ], [ 112.7769593, -7.2216464 ], [ 112.7769113, -7.22186 ], [ 112.7768473, -7.2221022 ], [ 112.7767523, -7.2224307 ], [ 112.776702, -7.222649 ], [ 112.7766573, -7.2228215 ], [ 112.7765778, -7.2231816 ], [ 112.7765411, -7.2232863 ], [ 112.7764886, -7.2233936 ], [ 112.7763757, -7.2236244 ], [ 112.7761247, -7.2241158 ], [ 112.7761137, -7.2241393 ], [ 112.7760616, -7.2242537 ], [ 112.7758457, -7.2246837 ], [ 112.7755569, -7.2253155 ], [ 112.7754138, -7.2258208 ], [ 112.7752216, -7.2265554 ], [ 112.7750906, -7.227034 ], [ 112.7749451, -7.2275553 ], [ 112.7748051, -7.2279925 ], [ 112.7743923, -7.2292097 ], [ 112.7742124, -7.2296669 ], [ 112.7741188, -7.2298997 ], [ 112.7739746, -7.2302563 ], [ 112.7739165, -7.2304002 ], [ 112.7738811, -7.2304877 ], [ 112.7731428, -7.232314 ], [ 112.7723607, -7.2342574 ], [ 112.7719896, -7.2351138 ], [ 112.7716327, -7.2360576 ] ] ] } },
{ "type": "Feature", "properties": { "full_id": "w67814148", "osm_id": "67814148", "osm_type": "way", "highway": "trunk", "turn_lanes": null, "tunnel": null, "hgv_condit": null, "cycleway_l": null, "cycleway_r": null, "motorcycle": null, "destinatio": null, "destinat_1": null, "motor_vehi": null, "sidewalk": null, "wikidata": null, "bridge_nam": null, "bridge_n_1": null, "bridge_n_2": null, "bridge_n_3": null, "bridge_n_4": null, "name_it": null, "name_fr": null, "name_es": null, "name_en": null, "name_de": null, "minspeed_m": null, "maxspeed_m": null, "layer": "1", "bridge_n_5": null, "bridge": "yes", "toll": null, "start_date": null, "short_name": null, "motorcar": null, "minspeed": null, "maxspeed": null, "maxaxleloa": null, "lit": null, "horse": null, "emergency": null, "bicycle": null, "alt_name_f": null, "alt_name_e": null, "alt_name_1": null, "alt_name_d": null, "alt_name": null, "access": null, "hgv": null, "ref": "AH2", "junction": null, "width": null, "surface": "asphalt", "smoothness": null, "oneway": "yes", "name": "Jalan Bypass Waru", "motorcyc_1": null, "lanes": null, "foot": null }, "geometry": { "type": "MultiLineString", "coordinates": [ [ [ 112.7117631, -7.3507603 ], [ 112.7118915, -7.3507018 ], [ 112.7119797, -7.3506615 ], [ 112.7120487, -7.3506263 ] ] ] } },
{ "type": "Feature", "properties": { "full_id": "w67826877", "osm_id": "67826877", "osm_type": "way", "highway": "trunk", "turn_lanes": null, "tunnel": null, "hgv_condit": null, "cycleway_l": null, "cycleway_r": null, "motorcycle": null, "destinatio": null, "destinat_1": null, "motor_vehi": null, "sidewalk": null, "wikidata": null, "bridge_nam": null, "bridge_n_1": null, "bridge_n_2": null, "bridge_n_3": null, "bridge_n_4": null, "name_it": null, "name_fr": null, "name_es": null, "name_en": null, "name_de": null, "minspeed_m": null, "maxspeed_m": null, "layer": null, "bridge_n_5": null, "bridge": null, "toll": null, "start_date": null, "short_name": null, "motorcar": null, "minspeed": null, "maxspeed": null, "maxaxleloa": null, "lit": null, "horse": null, "emergency": null, "bicycle": null, "alt_name_f": null, "alt_name_e": null, "alt_name_1": null, "alt_name_d": null, "alt_name": null, "access": null, "hgv": null, "ref": null, "junction": null, "width": null, "surface": null, "smoothness": null, "oneway": "yes", "name": "Jalan Letnan Jenderal Sutoyo", "motorcyc_1": null, "lanes": null, "foot": null }, "geometry": { "type": "MultiLineString", "coordinates": [ [ [ 112.7121711, -7.3512358 ], [ 112.7121101, -7.351242 ], [ 112.7120912, -7.3512425 ], [ 112.7120672, -7.3512375 ], [ 112.7106677, -7.3509219 ] ] ] } },
{ "type": "Feature", "properties": { "full_id": "w70357638", "osm_id": "70357638", "osm_type": "way", "highway": "trunk", "turn_lanes": null, "tunnel": null, "hgv_condit": null, "cycleway_l": null, "cycleway_r": null, "motorcycle": null, "destinatio": null, "destinat_1": null, "motor_vehi": null, "sidewalk": null, "wikidata": null, "bridge_nam": null, "bridge_n_1": null, "bridge_n_2": null, "bridge_n_3": null, "bridge_n_4": null, "name_it": null, "name_fr": null, "name_es": null, "name_en": null, "name_de": null, "minspeed_m": null, "maxspeed_m": null, "layer": null, "bridge_n_5": null, "bridge": null, "toll": null, "start_date": null, "short_name": null, "motorcar": null, "minspeed": null, "maxspeed": null, "maxaxleloa": null, "lit": null, "horse": null, "emergency": null, "bicycle": null, "alt_name_f": null, "alt_name_e": null, "alt_name_1": null, "alt_name_d": null, "alt_name": null, "access": null, "hgv": null, "ref": "1", "junction": null, "width": null, "surface": "asphalt", "smoothness": null, "oneway": "yes", "name": null, "motorcyc_1": null, "lanes": "1", "foot": null }, "geometry": { "type": "MultiLineString", "coordinates": [ [ [ 112.6832261, -7.2296097 ], [ 112.6830956, -7.2296804 ], [ 112.6830533, -7.2297149 ], [ 112.6830061, -7.22977 ], [ 112.6829679, -7.2298205 ], [ 112.6829195, -7.2299179 ] ] ] } },
{ "type": "Feature", "properties": { "full_id": "w70357662", "osm_id": "70357662", "osm_type": "way", "highway": "trunk", "turn_lanes": null, "tunnel": null, "hgv_condit": null, "cycleway_l": null, "cycleway_r": null, "motorcycle": null, "destinatio": null, "destinat_1": "1", "motor_vehi": null, "sidewalk": null, "wikidata": null, "bridge_nam": null, "bridge_n_1": null, "bridge_n_2": null, "bridge_n_3": null, "bridge_n_4": null, "name_it": null, "name_fr": null, "name_es": null, "name_en": null, "name_de": null, "minspeed_m": null, "maxspeed_m": null, "layer": "1", "bridge_n_5": null, "bridge": "yes", "toll": null, "start_date": null, "short_name": null, "motorcar": null, "minspeed": null, "maxspeed": null, "maxaxleloa": null, "lit": null, "horse": null, "emergency": null, "bicycle": null, "alt_name_f": null, "alt_name_e": null, "alt_name_1": null, "alt_name_d": null, "alt_name": null, "access": null, "hgv": null, "ref": "1", "junction": null, "width": null, "surface": "asphalt", "smoothness": null, "oneway": "yes", "name": null, "motorcyc_1": null, "lanes": "1", "foot": null }, "geometry": { "type": "MultiLineString", "coordinates": [ [ [ 112.6826987, -7.2355203 ], [ 112.6826356, -7.2355416 ], [ 112.6825847, -7.2355456 ], [ 112.6825431, -7.2355363 ], [ 112.6825062, -7.2355257 ] ] ] } },
{ "type": "Feature", "properties": { "full_id": "w72389912", "osm_id": "72389912", "osm_type": "way", "highway": "trunk", "turn_lanes": null, "tunnel": null, "hgv_condit": null, "cycleway_l": null, "cycleway_r": null, "motorcycle": null, "destinatio": null, "destinat_1": null, "motor_vehi": null, "sidewalk": null, "wikidata": null, "bridge_nam": null, "bridge_n_1": null, "bridge_n_2": null, "bridge_n_3": null, "bridge_n_4": null, "name_it": null, "name_fr": null, "name_es": null, "name_en": null, "name_de": null, "minspeed_m": null, "maxspeed_m": null, "layer": "1", "bridge_n_5": null, "bridge": "yes", "toll": null, "start_date": null, "short_name": null, "motorcar": null, "minspeed": null, "maxspeed": null, "maxaxleloa": null, "lit": null, "horse": null, "emergency": null, "bicycle": null, "alt_name_f": null, "alt_name_e": null, "alt_name_1": null, "alt_name_d": null, "alt_name": null, "access": null, "hgv": null, "ref": "1", "junction": null, "width": null, "surface": "asphalt", "smoothness": null, "oneway": null, "name": "Jalan Tambak Oso Wilangon", "motorcyc_1": null, "lanes": "2", "foot": null }, "geometry": { "type": "MultiLineString", "coordinates": [ [ [ 112.6641745, -7.2249227 ], [ 112.6637949, -7.2247099 ] ] ] } },
{ "type": "Feature", "properties": { "full_id": "w72389913", "osm_id": "72389913", "osm_type": "way", "highway": "trunk", "turn_lanes": null, "tunnel": null, "hgv_condit": null, "cycleway_l": null, "cycleway_r": null, "motorcycle": null, "destinatio": null, "destinat_1": null, "motor_vehi": null, "sidewalk": null, "wikidata": null, "bridge_nam": null, "bridge_n_1": null, "bridge_n_2": null, "bridge_n_3": null, "bridge_n_4": null, "name_it": null, "name_fr": null, "name_es": null, "name_en": null, "name_de": null, "minspeed_m": null, "maxspeed_m": null, "layer": null, "bridge_n_5": null, "bridge": null, "toll": null, "start_date": null, "short_name": null, "motorcar": null, "minspeed": null, "maxspeed": null, "maxaxleloa": null, "lit": null, "horse": null, "emergency": null, "bicycle": null, "alt_name_f": null, "alt_name_e": null, "alt_name_1": null, "alt_name_d": null, "alt_name": null, "access": null, "hgv": null, "ref": "1", "junction": null, "width": "6", "surface": "asphalt", "smoothness": "good", "oneway": "no", "name": "Jalan Tambak Oso Wilangon", "motorcyc_1": "yes", "lanes": "1", "foot": null }, "geometry": { "type": "MultiLineString", "coordinates": [ [ [ 112.6637949, -7.2247099 ], [ 112.6636291, -7.2246162 ], [ 112.6634919, -7.2245409 ], [ 112.663399, -7.2244932 ], [ 112.6628246, -7.2242151 ], [ 112.6627474, -7.2241715 ], [ 112.6626851, -7.2241382 ], [ 112.6625357, -7.2240633 ] ] ] } },
{ "type": "Feature", "properties": { "full_id": "w93865173", "osm_id": "93865173", "osm_type": "way", "highway": "trunk", "turn_lanes": null, "tunnel": null, "hgv_condit": null, "cycleway_l": null, "cycleway_r": null, "motorcycle": null, "destinatio": null, "destinat_1": null, "motor_vehi": null, "sidewalk": null, "wikidata": null, "bridge_nam": null, "bridge_n_1": null, "bridge_n_2": null, "bridge_n_3": null, "bridge_n_4": null, "name_it": null, "name_fr": null, "name_es": null, "name_en": null, "name_de": null, "minspeed_m": null, "maxspeed_m": null, "layer": null, "bridge_n_5": null, "bridge": null, "toll": null, "start_date": null, "short_name": null, "motorcar": null, "minspeed": null, "maxspeed": null, "maxaxleloa": null, "lit": null, "horse": null, "emergency": null, "bicycle": null, "alt_name_f": null, "alt_name_e": null, "alt_name_1": null, "alt_name_d": null, "alt_name": null, "access": null, "hgv": null, "ref": null, "junction": null, "width": null, "surface": null, "smoothness": null, "oneway": "yes", "name": "Jalan Romokalisari", "motorcyc_1": null, "lanes": "2", "foot": null }, "geometry": { "type": "MultiLineString", "coordinates": [ [ [ 112.6458804, -7.2004033 ], [ 112.6458369, -7.1991407 ], [ 112.6458326, -7.1990025 ], [ 112.6457974, -7.19787 ], [ 112.6457666, -7.197138 ], [ 112.6457438, -7.1968141 ] ] ] } },
{ "type": "Feature", "properties": { "full_id": "w94251106", "osm_id": "94251106", "osm_type": "way", "highway": "trunk", "turn_lanes": null, "tunnel": null, "hgv_condit": null, "cycleway_l": null, "cycleway_r": null, "motorcycle": null, "destinatio": null, "destinat_1": null, "motor_vehi": null, "sidewalk": null, "wikidata": null, "bridge_nam": null, "bridge_n_1": null, "bridge_n_2": null, "bridge_n_3": null, "bridge_n_4": null, "name_it": null, "name_fr": null, "name_es": null, "name_en": null, "name_de": null, "minspeed_m": null, "maxspeed_m": null, "layer": null, "bridge_n_5": null, "bridge": null, "toll": null, "start_date": null, "short_name": null, "motorcar": null, "minspeed": null, "maxspeed": null, "maxaxleloa": null, "lit": null, "horse": null, "emergency": null, "bicycle": null, "alt_name_f": null, "alt_name_e": null, "alt_name_1": null, "alt_name_d": null, "alt_name": null, "access": null, "hgv": null, "ref": null, "junction": null, "width": "6", "surface": "asphalt", "smoothness": "intermediate", "oneway": "yes", "name": "Jalan Jakarta", "motorcyc_1": "yes", "lanes": "3", "foot": null }, "geometry": { "type": "MultiLineString", "coordinates": [ [ [ 112.7384028, -7.2222472 ], [ 112.7386046, -7.2223174 ], [ 112.7386388, -7.222326 ], [ 112.738672, -7.222329 ], [ 112.7390005, -7.2223307 ], [ 112.7393664, -7.2223164 ], [ 112.7403125, -7.2222864 ], [ 112.7405769, -7.2222785 ] ] ] } },
{ "type": "Feature", "properties": { "full_id": "w94251131", "osm_id": "94251131", "osm_type": "way", "highway": "trunk", "turn_lanes": null, "tunnel": null, "hgv_condit": null, "cycleway_l": null, "cycleway_r": null, "motorcycle": null, "destinatio": null, "destinat_1": null, "motor_vehi": null, "sidewalk": null, "wikidata": null, "bridge_nam": null, "bridge_n_1": null, "bridge_n_2": null, "bridge_n_3": null, "bridge_n_4": null, "name_it": null, "name_fr": null, "name_es": null, "name_en": null, "name_de": null, "minspeed_m": null, "maxspeed_m": null, "layer": null, "bridge_n_5": null, "bridge": null, "toll": null, "start_date": null, "short_name": null, "motorcar": null, "minspeed": null, "maxspeed": null, "maxaxleloa": null, "lit": null, "horse": null, "emergency": null, "bicycle": null, "alt_name_f": null, "alt_name_e": null, "alt_name_1": null, "alt_name_d": null, "alt_name": "Jalan Sisingamangaraja", "access": null, "hgv": null, "ref": null, "junction": null, "width": null, "surface": null, "smoothness": null, "oneway": "yes", "name": "Jalan Jakarta", "motorcyc_1": null, "lanes": null, "foot": "yes" }, "geometry": { "type": "MultiLineString", "coordinates": [ [ [ 112.7324306, -7.2220779 ], [ 112.7324818, -7.2222306 ], [ 112.732522, -7.222317 ], [ 112.7325576, -7.2223749 ], [ 112.7325985, -7.2224301 ], [ 112.7326468, -7.2224714 ], [ 112.7327239, -7.2225179 ], [ 112.7328234, -7.2225599 ], [ 112.7328573, -7.2225768 ], [ 112.7329591, -7.2226106 ] ] ] } },
{ "type": "Feature", "properties": { "full_id": "w137460680", "osm_id": "137460680", "osm_type": "way", "highway": "trunk", "turn_lanes": null, "tunnel": null, "hgv_condit": null, "cycleway_l": null, "cycleway_r": null, "motorcycle": null, "destinatio": null, "destinat_1": null, "motor_vehi": null, "sidewalk": null, "wikidata": null, "bridge_nam": null, "bridge_n_1": null, "bridge_n_2": null, "bridge_n_3": null, "bridge_n_4": null, "name_it": null, "name_fr": null, "name_es": null, "name_en": null, "name_de": null, "minspeed_m": null, "maxspeed_m": null, "layer": null, "bridge_n_5": null, "bridge": null, "toll": null, "start_date": null, "short_name": null, "motorcar": null, "minspeed": null, "maxspeed": null, "maxaxleloa": null, "lit": null, "horse": null, "emergency": null, "bicycle": null, "alt_name_f": null, "alt_name_e": null, "alt_name_1": null, "alt_name_d": null, "alt_name": "Jalan Sisingamangaraja", "access": null, "hgv": null, "ref": null, "junction": null, "width": null, "surface": null, "smoothness": null, "oneway": null, "name": "Jalan Jakarta", "motorcyc_1": null, "lanes": null, "foot": "yes" }, "geometry": { "type": "MultiLineString", "coordinates": [ [ [ 112.7361083, -7.2225054 ], [ 112.7351666, -7.2225463 ], [ 112.7340491, -7.222584 ], [ 112.733872, -7.2225896 ], [ 112.7338299, -7.2225923 ], [ 112.7336007, -7.222598 ], [ 112.7335666, -7.2225998 ], [ 112.7335192, -7.2226004 ], [ 112.7333971, -7.2226026 ], [ 112.7332614, -7.2226051 ], [ 112.7331295, -7.2226075 ], [ 112.7330515, -7.2226089 ], [ 112.7329591, -7.2226106 ] ] ] } },
{ "type": "Feature", "properties": { "full_id": "w137460686", "osm_id": "137460686", "osm_type": "way", "highway": "trunk", "turn_lanes": null, "tunnel": null, "hgv_condit": null, "cycleway_l": null, "cycleway_r": null, "motorcycle": null, "destinatio": null, "destinat_1": null, "motor_vehi": null, "sidewalk": null, "wikidata": null, "bridge_nam": null, "bridge_n_1": null, "bridge_n_2": null, "bridge_n_3": null, "bridge_n_4": null, "name_it": null, "name_fr": null, "name_es": null, "name_en": null, "name_de": null, "minspeed_m": null, "maxspeed_m": null, "layer": null, "bridge_n_5": null, "bridge": null, "toll": null, "start_date": null, "short_name": null, "motorcar": null, "minspeed": null, "maxspeed": null, "maxaxleloa": null, "lit": null, "horse": null, "emergency": null, "bicycle": null, "alt_name_f": null, "alt_name_e": null, "alt_name_1": null, "alt_name_d": null, "alt_name": null, "access": null, "hgv": null, "ref": null, "junction": null, "width": "6", "surface": "asphalt", "smoothness": "intermediate", "oneway": "yes", "name": "Jalan Jakarta", "motorcyc_1": "yes", "lanes": "3", "foot": null }, "geometry": { "type": "MultiLineString", "coordinates": [ [ [ 112.7405702, -7.2223879 ], [ 112.7401992, -7.2223942 ], [ 112.739361, -7.2224055 ], [ 112.7391645, -7.2224147 ], [ 112.7389689, -7.2224238 ], [ 112.7386573, -7.2224384 ], [ 112.7386133, -7.2224488 ], [ 112.7385855, -7.2224551 ], [ 112.7385573, -7.2224641 ], [ 112.7385339, -7.2224744 ], [ 112.7384226, -7.2225239 ] ] ] } },
{ "type": "Feature", "properties": { "full_id": "w137463543", "osm_id": "137463543", "osm_type": "way", "highway": "trunk", "turn_lanes": null, "tunnel": null, "hgv_condit": null, "cycleway_l": null, "cycleway_r": null, "motorcycle": null, "destinatio": null, "destinat_1": null, "motor_vehi": null, "sidewalk": null, "wikidata": null, "bridge_nam": null, "bridge_n_1": null, "bridge_n_2": null, "bridge_n_3": null, "bridge_n_4": null, "name_it": null, "name_fr": null, "name_es": null, "name_en": null, "name_de": null, "minspeed_m": null, "maxspeed_m": null, "layer": null, "bridge_n_5": null, "bridge": null, "toll": null, "start_date": null, "short_name": null, "motorcar": null, "minspeed": null, "maxspeed": null, "maxaxleloa": null, "lit": null, "horse": null, "emergency": null, "bicycle": null, "alt_name_f": null, "alt_name_e": null, "alt_name_1": null, "alt_name_d": null, "alt_name": null, "access": null, "hgv": null, "ref": null, "junction": null, "width": "6", "surface": "asphalt", "smoothness": "intermediate", "oneway": "yes", "name": "Jalan Perak Barat", "motorcyc_1": "yes", "lanes": "3", "foot": null }, "geometry": { "type": "MultiLineString", "coordinates": [ [ [ 112.733979, -7.2064847 ], [ 112.7338519, -7.2055552 ], [ 112.7337252, -7.2048412 ], [ 112.733515, -7.2037483 ], [ 112.7331164, -7.2016756 ], [ 112.733071, -7.2014431 ], [ 112.7328788, -7.2003147 ], [ 112.7328553, -7.2001767 ] ] ] } },
{ "type": "Feature", "properties": { "full_id": "w137774795", "osm_id": "137774795", "osm_type": "way", "highway": "trunk", "turn_lanes": null, "tunnel": null, "hgv_condit": null, "cycleway_l": null, "cycleway_r": null, "motorcycle": null, "destinatio": null, "destinat_1": null, "motor_vehi": null, "sidewalk": null, "wikidata": null, "bridge_nam": null, "bridge_n_1": null, "bridge_n_2": null, "bridge_n_3": null, "bridge_n_4": null, "name_it": null, "name_fr": null, "name_es": null, "name_en": null, "name_de": null, "minspeed_m": null, "maxspeed_m": null, "layer": null, "bridge_n_5": null, "bridge": null, "toll": null, "start_date": null, "short_name": null, "motorcar": null, "minspeed": null, "maxspeed": null, "maxaxleloa": null, "lit": null, "horse": null, "emergency": null, "bicycle": null, "alt_name_f": null, "alt_name_e": null, "alt_name_1": null, "alt_name_d": null, "alt_name": null, "access": null, "hgv": null, "ref": "1", "junction": null, "width": null, "surface": null, "smoothness": null, "oneway": "yes", "name": "Jalan Ikan Dorang", "motorcyc_1": null, "lanes": null, "foot": null }, "geometry": { "type": "MultiLineString", "coordinates": [ [ [ 112.7262169, -7.2333057 ], [ 112.7262915, -7.2332057 ], [ 112.7263184, -7.2330955 ] ] ] } },
{ "type": "Feature", "properties": { "full_id": "w138888514", "osm_id": "138888514", "osm_type": "way", "highway": "trunk", "turn_lanes": null, "tunnel": null, "hgv_condit": null, "cycleway_l": null, "cycleway_r": null, "motorcycle": null, "destinatio": null, "destinat_1": null, "motor_vehi": null, "sidewalk": null, "wikidata": null, "bridge_nam": null, "bridge_n_1": null, "bridge_n_2": null, "bridge_n_3": null, "bridge_n_4": null, "name_it": null, "name_fr": null, "name_es": null, "name_en": null, "name_de": null, "minspeed_m": null, "maxspeed_m": null, "layer": null, "bridge_n_5": null, "bridge": null, "toll": null, "start_date": null, "short_name": null, "motorcar": null, "minspeed": null, "maxspeed": null, "maxaxleloa": null, "lit": null, "horse": null, "emergency": null, "bicycle": null, "alt_name_f": null, "alt_name_e": null, "alt_name_1": null, "alt_name_d": null, "alt_name": null, "access": null, "hgv": null, "ref": "1", "junction": null, "width": null, "surface": "asphalt", "smoothness": null, "oneway": null, "name": "Jalan Greges", "motorcyc_1": null, "lanes": "4", "foot": null }, "geometry": { "type": "MultiLineString", "coordinates": [ [ [ 112.6951133, -7.2295181 ], [ 112.694196, -7.2295274 ], [ 112.6938902, -7.2295354 ], [ 112.6934369, -7.2295407 ], [ 112.6933658, -7.2295421 ], [ 112.693048, -7.2295514 ], [ 112.6926632, -7.2295384 ], [ 112.6925343, -7.2295341 ], [ 112.6923707, -7.2295367 ], [ 112.6916867, -7.2295328 ], [ 112.6915178, -7.2295407 ], [ 112.6913542, -7.2295447 ], [ 112.6906487, -7.2295394 ], [ 112.689604, -7.229518 ], [ 112.6894739, -7.2295171 ], [ 112.689116, -7.2295145 ], [ 112.6885352, -7.2295102 ], [ 112.688303, -7.2295086 ], [ 112.6877082, -7.2295137 ] ] ] } },
{ "type": "Feature", "properties": { "full_id": "w138888515", "osm_id": "138888515", "osm_type": "way", "highway": "trunk", "turn_lanes": null, "tunnel": null, "hgv_condit": null, "cycleway_l": null, "cycleway_r": null, "motorcycle": null, "destinatio": null, "destinat_1": null, "motor_vehi": null, "sidewalk": null, "wikidata": null, "bridge_nam": null, "bridge_n_1": null, "bridge_n_2": null, "bridge_n_3": null, "bridge_n_4": null, "name_it": null, "name_fr": null, "name_es": null, "name_en": null, "name_de": null, "minspeed_m": null, "maxspeed_m": null, "layer": "1", "bridge_n_5": null, "bridge": "yes", "toll": null, "start_date": null, "short_name": null, "motorcar": null, "minspeed": null, "maxspeed": null, "maxaxleloa": null, "lit": null, "horse": null, "emergency": null, "bicycle": null, "alt_name_f": null, "alt_name_e": null, "alt_name_1": null, "alt_name_d": null, "alt_name": null, "access": null, "hgv": null, "ref": "1", "junction": null, "width": null, "surface": "asphalt", "smoothness": null, "oneway": "yes", "name": null, "motorcyc_1": null, "lanes": "2", "foot": null }, "geometry": { "type": "MultiLineString", "coordinates": [ [ [ 112.6774596, -7.2296718 ], [ 112.6778217, -7.2296718 ] ] ] } },
{ "type": "Feature", "properties": { "full_id": "w156235656", "osm_id": "156235656", "osm_type": "way", "highway": "trunk", "turn_lanes": null, "tunnel": null, "hgv_condit": null, "cycleway_l": null, "cycleway_r": null, "motorcycle": null, "destinatio": null, "destinat_1": null, "motor_vehi": null, "sidewalk": null, "wikidata": null, "bridge_nam": null, "bridge_n_1": null, "bridge_n_2": null, "bridge_n_3": null, "bridge_n_4": null, "name_it": null, "name_fr": null, "name_es": null, "name_en": null, "name_de": null, "minspeed_m": null, "maxspeed_m": null, "layer": null, "bridge_n_5": null, "bridge": null, "toll": null, "start_date": null, "short_name": null, "motorcar": null, "minspeed": null, "maxspeed": null, "maxaxleloa": null, "lit": null, "horse": null, "emergency": null, "bicycle": null, "alt_name_f": null, "alt_name_e": null, "alt_name_1": null, "alt_name_d": null, "alt_name": null, "access": null, "hgv": null, "ref": null, "junction": null, "width": "7", "surface": "asphalt", "smoothness": "good", "oneway": "yes", "name": "Jalan Pasar Keputran", "motorcyc_1": "yes", "lanes": "2", "foot": "yes" }, "geometry": { "type": "MultiLineString", "coordinates": [ [ [ 112.7465577, -7.2765095 ], [ 112.7464007, -7.2765038 ], [ 112.7462918, -7.2764883 ], [ 112.7462208, -7.276477 ], [ 112.7461309, -7.276475 ] ] ] } },
{ "type": "Feature", "properties": { "full_id": "w156569018", "osm_id": "156569018", "osm_type": "way", "highway": "trunk", "turn_lanes": null, "tunnel": null, "hgv_condit": null, "cycleway_l": null, "cycleway_r": null, "motorcycle": null, "destinatio": "Tol Romokalisari", "destinat_1": null, "motor_vehi": null, "sidewalk": null, "wikidata": null, "bridge_nam": null, "bridge_n_1": null, "bridge_n_2": null, "bridge_n_3": null, "bridge_n_4": null, "name_it": null, "name_fr": null, "name_es": null, "name_en": null, "name_de": null, "minspeed_m": null, "maxspeed_m": null, "layer": null, "bridge_n_5": null, "bridge": null, "toll": null, "start_date": null, "short_name": null, "motorcar": null, "minspeed": null, "maxspeed": null, "maxaxleloa": null, "lit": null, "horse": null, "emergency": null, "bicycle": null, "alt_name_f": null, "alt_name_e": null, "alt_name_1": null, "alt_name_d": null, "alt_name": null, "access": null, "hgv": null, "ref": null, "junction": null, "width": null, "surface": null, "smoothness": null, "oneway": "yes", "name": "Jalan Romokalisari", "motorcyc_1": null, "lanes": "2", "foot": null }, "geometry": { "type": "MultiLineString", "coordinates": [ [ [ 112.6458953, -7.1957969 ], [ 112.6458672, -7.1962936 ], [ 112.6458602, -7.1964755 ] ] ] } },
{ "type": "Feature", "properties": { "full_id": "w156569021", "osm_id": "156569021", "osm_type": "way", "highway": "trunk", "turn_lanes": null, "tunnel": null, "hgv_condit": null, "cycleway_l": null, "cycleway_r": null, "motorcycle": null, "destinatio": null, "destinat_1": null, "motor_vehi": null, "sidewalk": null, "wikidata": null, "bridge_nam": null, "bridge_n_1": null, "bridge_n_2": null, "bridge_n_3": null, "bridge_n_4": null, "name_it": null, "name_fr": null, "name_es": null, "name_en": null, "name_de": null, "minspeed_m": null, "maxspeed_m": null, "layer": null, "bridge_n_5": null, "bridge": null, "toll": null, "start_date": null, "short_name": null, "motorcar": null, "minspeed": null, "maxspeed": null, "maxaxleloa": null, "lit": null, "horse": null, "emergency": null, "bicycle": null, "alt_name_f": null, "alt_name_e": null, "alt_name_1": null, "alt_name_d": null, "alt_name": null, "access": null, "hgv": null, "ref": "1", "junction": null, "width": null, "surface": null, "smoothness": null, "oneway": "yes", "name": "Jalan Veteran", "motorcyc_1": null, "lanes": "2", "foot": null }, "geometry": { "type": "MultiLineString", "coordinates": [ [ [ 112.6453151, -7.194055 ], [ 112.6456858, -7.192826 ], [ 112.6457261, -7.1927049 ], [ 112.6458264, -7.1923547 ], [ 112.6458725, -7.1922068 ], [ 112.6459489, -7.1919484 ] ] ] } },
{ "type": "Feature", "properties": { "full_id": "w221179816", "osm_id": "221179816", "osm_type": "way", "highway": "trunk", "turn_lanes": null, "tunnel": null, "hgv_condit": null, "cycleway_l": null, "cycleway_r": null, "motorcycle": null, "destinatio": null, "destinat_1": null, "motor_vehi": null, "sidewalk": null, "wikidata": null, "bridge_nam": null, "bridge_n_1": null, "bridge_n_2": null, "bridge_n_3": null, "bridge_n_4": null, "name_it": null, "name_fr": null, "name_es": null, "name_en": null, "name_de": null, "minspeed_m": null, "maxspeed_m": null, "layer": null, "bridge_n_5": null, "bridge": null, "toll": null, "start_date": null, "short_name": null, "motorcar": null, "minspeed": null, "maxspeed": null, "maxaxleloa": null, "lit": null, "horse": null, "emergency": null, "bicycle": null, "alt_name_f": null, "alt_name_e": null, "alt_name_1": null, "alt_name_d": null, "alt_name": null, "access": null, "hgv": null, "ref": "1", "junction": null, "width": null, "surface": "asphalt", "smoothness": null, "oneway": "yes", "name": "Jalan Raya Demak", "motorcyc_1": null, "lanes": null, "foot": null }, "geometry": { "type": "MultiLineString", "coordinates": [ [ [ 112.7202362, -7.2548743 ], [ 112.7202424, -7.2547841 ] ] ] } },
{ "type": "Feature", "properties": { "full_id": "w221420885", "osm_id": "221420885", "osm_type": "way", "highway": "trunk", "turn_lanes": null, "tunnel": null, "hgv_condit": null, "cycleway_l": null, "cycleway_r": null, "motorcycle": null, "destinatio": null, "destinat_1": null, "motor_vehi": null, "sidewalk": null, "wikidata": null, "bridge_nam": null, "bridge_n_1": null, "bridge_n_2": null, "bridge_n_3": null, "bridge_n_4": null, "name_it": null, "name_fr": null, "name_es": null, "name_en": null, "name_de": null, "minspeed_m": null, "maxspeed_m": null, "layer": null, "bridge_n_5": null, "bridge": null, "toll": null, "start_date": null, "short_name": null, "motorcar": null, "minspeed": null, "maxspeed": null, "maxaxleloa": null, "lit": null, "horse": null, "emergency": null, "bicycle": null, "alt_name_f": null, "alt_name_e": null, "alt_name_1": null, "alt_name_d": null, "alt_name": null, "access": null, "hgv": null, "ref": null, "junction": null, "width": "4", "surface": "asphalt", "smoothness": "intermediate", "oneway": "yes", "name": "Jalan Kapasari", "motorcyc_1": "yes", "lanes": "2", "foot": "yes" }, "geometry": { "type": "MultiLineString", "coordinates": [ [ [ 112.751391, -7.2456282 ], [ 112.7513129, -7.2460193 ], [ 112.7512965, -7.2461091 ], [ 112.7512767, -7.2462095 ], [ 112.7512402, -7.2463772 ], [ 112.7512241, -7.246468 ], [ 112.7511885, -7.2466246 ], [ 112.7511764, -7.2466658 ], [ 112.7511094, -7.2469037 ], [ 112.7510702, -7.2470484 ], [ 112.7509388, -7.2474315 ], [ 112.7508764, -7.2476218 ], [ 112.7507991, -7.2478624 ], [ 112.7507798, -7.2479217 ], [ 112.7506625, -7.2482816 ], [ 112.7505599, -7.2486461 ] ] ] } },
{ "type": "Feature", "properties": { "full_id": "w221420886", "osm_id": "221420886", "osm_type": "way", "highway": "trunk", "turn_lanes": null, "tunnel": null, "hgv_condit": null, "cycleway_l": null, "cycleway_r": null, "motorcycle": null, "destinatio": null, "destinat_1": null, "motor_vehi": null, "sidewalk": null, "wikidata": null, "bridge_nam": null, "bridge_n_1": null, "bridge_n_2": null, "bridge_n_3": null, "bridge_n_4": null, "name_it": null, "name_fr": null, "name_es": null, "name_en": null, "name_de": null, "minspeed_m": null, "maxspeed_m": null, "layer": null, "bridge_n_5": null, "bridge": null, "toll": null, "start_date": null, "short_name": null, "motorcar": null, "minspeed": null, "maxspeed": null, "maxaxleloa": null, "lit": null, "horse": null, "emergency": null, "bicycle": "yes", "alt_name_f": null, "alt_name_e": null, "alt_name_1": null, "alt_name_d": null, "alt_name": null, "access": null, "hgv": null, "ref": null, "junction": null, "width": "4", "surface": "asphalt", "smoothness": "good", "oneway": "yes", "name": "Jalan Kusuma Bangsa", "motorcyc_1": "yes", "lanes": "3", "foot": "yes" }, "geometry": { "type": "MultiLineString", "coordinates": [ [ [ 112.7502803, -7.2489368 ], [ 112.7503094, -7.2488783 ] ] ] } },
{ "type": "Feature", "properties": { "full_id": "w221420890", "osm_id": "221420890", "osm_type": "way", "highway": "trunk", "turn_lanes": null, "tunnel": null, "hgv_condit": null, "cycleway_l": null, "cycleway_r": null, "motorcycle": null, "destinatio": null, "destinat_1": null, "motor_vehi": null, "sidewalk": null, "wikidata": null, "bridge_nam": null, "bridge_n_1": null, "bridge_n_2": null, "bridge_n_3": null, "bridge_n_4": null, "name_it": null, "name_fr": null, "name_es": null, "name_en": null, "name_de": null, "minspeed_m": null, "maxspeed_m": null, "layer": null, "bridge_n_5": null, "bridge": null, "toll": null, "start_date": null, "short_name": null, "motorcar": null, "minspeed": null, "maxspeed": null, "maxaxleloa": null, "lit": null, "horse": null, "emergency": null, "bicycle": null, "alt_name_f": null, "alt_name_e": null, "alt_name_1": null, "alt_name_d": null, "alt_name": null, "access": null, "hgv": null, "ref": null, "junction": null, "width": "4", "surface": "asphalt", "smoothness": "intermediate", "oneway": "yes", "name": "Jalan Kapasari", "motorcyc_1": "yes", "lanes": "2", "foot": "yes" }, "geometry": { "type": "MultiLineString", "coordinates": [ [ [ 112.7503094, -7.2488783 ], [ 112.750411, -7.2487646 ], [ 112.7504456, -7.2487113 ], [ 112.7504697, -7.2486608 ], [ 112.7504885, -7.2486126 ], [ 112.7505391, -7.2484253 ], [ 112.750627, -7.2481466 ], [ 112.7507155, -7.2479022 ], [ 112.7508026, -7.2476617 ], [ 112.7509166, -7.2473165 ], [ 112.7510023, -7.2470267 ], [ 112.7510346, -7.2469173 ], [ 112.751158, -7.2464876 ], [ 112.7512036, -7.2462807 ], [ 112.7512351, -7.2460865 ], [ 112.7513002, -7.2457718 ], [ 112.7513092, -7.2457161 ], [ 112.7513243, -7.2456225 ] ] ] } },
{ "type": "Feature", "properties": { "full_id": "w221951816", "osm_id": "221951816", "osm_type": "way", "highway": "trunk", "turn_lanes": null, "tunnel": null, "hgv_condit": null, "cycleway_l": null, "cycleway_r": null, "motorcycle": null, "destinatio": null, "destinat_1": null, "motor_vehi": null, "sidewalk": null, "wikidata": null, "bridge_nam": null, "bridge_n_1": null, "bridge_n_2": null, "bridge_n_3": null, "bridge_n_4": null, "name_it": null, "name_fr": null, "name_es": null, "name_en": null, "name_de": null, "minspeed_m": null, "maxspeed_m": null, "layer": null, "bridge_n_5": null, "bridge": null, "toll": null, "start_date": null, "short_name": null, "motorcar": null, "minspeed": null, "maxspeed": null, "maxaxleloa": null, "lit": null, "horse": null, "emergency": null, "bicycle": null, "alt_name_f": null, "alt_name_e": null, "alt_name_1": null, "alt_name_d": null, "alt_name": "Jalan Arjuno", "access": null, "hgv": null, "ref": "1", "junction": null, "width": null, "surface": "asphalt", "smoothness": null, "oneway": "yes", "name": "Jalan Raya Arjuno", "motorcyc_1": null, "lanes": null, "foot": null }, "geometry": { "type": "MultiLineString", "coordinates": [ [ [ 112.7277192, -7.2559788 ], [ 112.727679, -7.2561102 ] ] ] } },
{ "type": "Feature", "properties": { "full_id": "w222090092", "osm_id": "222090092", "osm_type": "way", "highway": "trunk", "turn_lanes": null, "tunnel": null, "hgv_condit": null, "cycleway_l": null, "cycleway_r": null, "motorcycle": null, "destinatio": null, "destinat_1": null, "motor_vehi": null, "sidewalk": null, "wikidata": null, "bridge_nam": null, "bridge_n_1": null, "bridge_n_2": null, "bridge_n_3": null, "bridge_n_4": null, "name_it": null, "name_fr": null, "name_es": null, "name_en": null, "name_de": null, "minspeed_m": null, "maxspeed_m": null, "layer": null, "bridge_n_5": null, "bridge": null, "toll": null, "start_date": null, "short_name": null, "motorcar": null, "minspeed": null, "maxspeed": null, "maxaxleloa": null, "lit": null, "horse": null, "emergency": null, "bicycle": null, "alt_name_f": null, "alt_name_e": null, "alt_name_1": null, "alt_name_d": null, "alt_name": null, "access": null, "hgv": null, "ref": null, "junction": null, "width": null, "surface": null, "smoothness": null, "oneway": "yes", "name": "Jalan Ngagel", "motorcyc_1": null, "lanes": null, "foot": null }, "geometry": { "type": "MultiLineString", "coordinates": [ [ [ 112.7446493, -7.2889844 ], [ 112.7447128, -7.2889087 ] ] ] } },
{ "type": "Feature", "properties": { "full_id": "w222090832", "osm_id": "222090832", "osm_type": "way", "highway": "trunk", "turn_lanes": null, "tunnel": null, "hgv_condit": null, "cycleway_l": null, "cycleway_r": null, "motorcycle": null, "destinatio": null, "destinat_1": null, "motor_vehi": null, "sidewalk": null, "wikidata": null, "bridge_nam": null, "bridge_n_1": null, "bridge_n_2": null, "bridge_n_3": null, "bridge_n_4": null, "name_it": null, "name_fr": null, "name_es": null, "name_en": null, "name_de": null, "minspeed_m": null, "maxspeed_m": null, "layer": "1", "bridge_n_5": null, "bridge": "yes", "toll": null, "start_date": null, "short_name": null, "motorcar": null, "minspeed": null, "maxspeed": null, "maxaxleloa": null, "lit": null, "horse": null, "emergency": null, "bicycle": null, "alt_name_f": null, "alt_name_e": null, "alt_name_1": null, "alt_name_d": null, "alt_name": null, "access": null, "hgv": null, "ref": null, "junction": null, "width": null, "surface": null, "smoothness": null, "oneway": "yes", "name": "Jalan Ngagel", "motorcyc_1": null, "lanes": null, "foot": null }, "geometry": { "type": "MultiLineString", "coordinates": [ [ [ 112.7399977, -7.3001461 ], [ 112.7399173, -7.3006111 ] ] ] } },
{ "type": "Feature", "properties": { "full_id": "w222660140", "osm_id": "222660140", "osm_type": "way", "highway": "trunk", "turn_lanes": null, "tunnel": null, "hgv_condit": null, "cycleway_l": null, "cycleway_r": null, "motorcycle": null, "destinatio": null, "destinat_1": null, "motor_vehi": null, "sidewalk": null, "wikidata": null, "bridge_nam": null, "bridge_n_1": null, "bridge_n_2": null, "bridge_n_3": null, "bridge_n_4": null, "name_it": null, "name_fr": null, "name_es": null, "name_en": null, "name_de": null, "minspeed_m": null, "maxspeed_m": null, "layer": null, "bridge_n_5": null, "bridge": null, "toll": null, "start_date": null, "short_name": null, "motorcar": null, "minspeed": null, "maxspeed": null, "maxaxleloa": null, "lit": null, "horse": null, "emergency": null, "bicycle": null, "alt_name_f": null, "alt_name_e": null, "alt_name_1": null, "alt_name_d": null, "alt_name": null, "access": null, "hgv": null, "ref": null, "junction": null, "width": "4", "surface": "asphalt", "smoothness": "good", "oneway": "yes", "name": "Jalan Stasiun Wonokromo", "motorcyc_1": "yes", "lanes": "2", "foot": null }, "geometry": { "type": "MultiLineString", "coordinates": [ [ [ 112.7361881, -7.3052951 ], [ 112.736386, -7.3049961 ], [ 112.7365074, -7.3048161 ] ] ] } },
{ "type": "Feature", "properties": { "full_id": "w222718044", "osm_id": "222718044", "osm_type": "way", "highway": "trunk", "turn_lanes": null, "tunnel": null, "hgv_condit": null, "cycleway_l": null, "cycleway_r": null, "motorcycle": null, "destinatio": null, "destinat_1": null, "motor_vehi": null, "sidewalk": null, "wikidata": null, "bridge_nam": null, "bridge_n_1": null, "bridge_n_2": null, "bridge_n_3": null, "bridge_n_4": null, "name_it": null, "name_fr": null, "name_es": null, "name_en": null, "name_de": null, "minspeed_m": null, "maxspeed_m": null, "layer": null, "bridge_n_5": null, "bridge": null, "toll": null, "start_date": null, "short_name": null, "motorcar": null, "minspeed": null, "maxspeed": null, "maxaxleloa": null, "lit": null, "horse": null, "emergency": null, "bicycle": null, "alt_name_f": null, "alt_name_e": null, "alt_name_1": null, "alt_name_d": null, "alt_name": null, "access": null, "hgv": null, "ref": "1", "junction": null, "width": null, "surface": "asphalt", "smoothness": null, "oneway": "yes", "name": "Jalan Raya Diponegoro", "motorcyc_1": null, "lanes": null, "foot": "yes" }, "geometry": { "type": "MultiLineString", "coordinates": [ [ [ 112.7391397, -7.2955312 ], [ 112.7393465, -7.2955948 ] ] ] } },
{ "type": "Feature", "properties": { "full_id": "w229871700", "osm_id": "229871700", "osm_type": "way", "highway": "trunk", "turn_lanes": null, "tunnel": null, "hgv_condit": null, "cycleway_l": null, "cycleway_r": null, "motorcycle": null, "destinatio": null, "destinat_1": null, "motor_vehi": null, "sidewalk": null, "wikidata": null, "bridge_nam": null, "bridge_n_1": null, "bridge_n_2": null, "bridge_n_3": null, "bridge_n_4": null, "name_it": null, "name_fr": null, "name_es": null, "name_en": null, "name_de": null, "minspeed_m": null, "maxspeed_m": null, "layer": null, "bridge_n_5": null, "bridge": null, "toll": null, "start_date": null, "short_name": null, "motorcar": null, "minspeed": null, "maxspeed": null, "maxaxleloa": null, "lit": null, "horse": null, "emergency": null, "bicycle": null, "alt_name_f": null, "alt_name_e": null, "alt_name_1": null, "alt_name_d": null, "alt_name": null, "access": null, "hgv": null, "ref": "1", "junction": null, "width": "4", "surface": "asphalt", "smoothness": "good", "oneway": "yes", "name": "Jalan Tambak Osowilangun", "motorcyc_1": "yes", "lanes": "1", "foot": null }, "geometry": { "type": "MultiLineString", "coordinates": [ [ [ 112.6774661, -7.229759 ], [ 112.6769111, -7.2297849 ], [ 112.6767482, -7.2297902 ], [ 112.6765738, -7.2298015 ], [ 112.6762359, -7.2298108 ], [ 112.6760535, -7.2298095 ], [ 112.6755948, -7.2298215 ], [ 112.6746427, -7.2298334 ], [ 112.6739097, -7.2298334 ], [ 112.6737354, -7.2298341 ], [ 112.6735557, -7.2298294 ], [ 112.6733096, -7.2297988 ], [ 112.6730977, -7.2297549 ], [ 112.6728992, -7.2296977 ], [ 112.6726113, -7.2295687 ], [ 112.6724709, -7.2295109 ], [ 112.6723425, -7.2294491 ], [ 112.6722425, -7.2293984 ], [ 112.6721567, -7.2293412 ], [ 112.6716311, -7.2290624 ], [ 112.6712532, -7.2288474 ], [ 112.6709104, -7.2286662 ], [ 112.6707549, -7.2285834 ], [ 112.6705192, -7.2284578 ], [ 112.6698558, -7.2281262 ], [ 112.669449, -7.2278923 ], [ 112.6691308, -7.2277116 ], [ 112.6686211, -7.2274332 ], [ 112.6683949, -7.2272936 ], [ 112.6676534, -7.2268769 ], [ 112.6676057, -7.2268504 ], [ 112.6674879, -7.2267874 ], [ 112.6670674, -7.2265553 ], [ 112.6668342, -7.2264266 ], [ 112.6665129, -7.2262502 ], [ 112.6664682, -7.2262257 ], [ 112.6663716, -7.2261727 ], [ 112.666225, -7.2260922 ], [ 112.6661016, -7.2259738 ] ] ] } },
{ "type": "Feature", "properties": { "full_id": "w254757770", "osm_id": "254757770", "osm_type": "way", "highway": "trunk", "turn_lanes": null, "tunnel": null, "hgv_condit": null, "cycleway_l": null, "cycleway_r": null, "motorcycle": null, "destinatio": null, "destinat_1": null, "motor_vehi": null, "sidewalk": null, "wikidata": null, "bridge_nam": null, "bridge_n_1": null, "bridge_n_2": null, "bridge_n_3": null, "bridge_n_4": null, "name_it": null, "name_fr": null, "name_es": null, "name_en": null, "name_de": null, "minspeed_m": null, "maxspeed_m": null, "layer": "1", "bridge_n_5": null, "bridge": "yes", "toll": null, "start_date": null, "short_name": null, "motorcar": null, "minspeed": null, "maxspeed": null, "maxaxleloa": null, "lit": null, "horse": null, "emergency": null, "bicycle": null, "alt_name_f": null, "alt_name_e": null, "alt_name_1": null, "alt_name_d": null, "alt_name": null, "access": null, "hgv": null, "ref": "1", "junction": null, "width": "8", "surface": "asphalt", "smoothness": "intermediate", "oneway": "yes", "name": "Jalan Raya Arjuno", "motorcyc_1": "yes", "lanes": "3", "foot": "yes" }, "geometry": { "type": "MultiLineString", "coordinates": [ [ [ 112.7271517, -7.2596979 ], [ 112.7271377, -7.2598305 ] ] ] } },
{ "type": "Feature", "properties": { "full_id": "w254757773", "osm_id": "254757773", "osm_type": "way", "highway": "trunk", "turn_lanes": null, "tunnel": null, "hgv_condit": null, "cycleway_l": null, "cycleway_r": null, "motorcycle": null, "destinatio": null, "destinat_1": null, "motor_vehi": null, "sidewalk": null, "wikidata": null, "bridge_nam": null, "bridge_n_1": null, "bridge_n_2": null, "bridge_n_3": null, "bridge_n_4": null, "name_it": null, "name_fr": null, "name_es": null, "name_en": null, "name_de": null, "minspeed_m": null, "maxspeed_m": null, "layer": "1", "bridge_n_5": null, "bridge": "yes", "toll": null, "start_date": null, "short_name": null, "motorcar": null, "minspeed": null, "maxspeed": null, "maxaxleloa": null, "lit": null, "horse": null, "emergency": null, "bicycle": null, "alt_name_f": null, "alt_name_e": null, "alt_name_1": null, "alt_name_d": null, "alt_name": null, "access": null, "hgv": null, "ref": "1", "junction": null, "width": "8", "surface": "asphalt", "smoothness": "intermediate", "oneway": "yes", "name": "Jalan Raya Arjuno", "motorcyc_1": "yes", "lanes": "3", "foot": "yes" }, "geometry": { "type": "MultiLineString", "coordinates": [ [ [ 112.7269833, -7.2598266 ], [ 112.7270006, -7.2596851 ] ] ] } },
{ "type": "Feature", "properties": { "full_id": "w254757797", "osm_id": "254757797", "osm_type": "way", "highway": "trunk", "turn_lanes": null, "tunnel": null, "hgv_condit": null, "cycleway_l": null, "cycleway_r": null, "motorcycle": null, "destinatio": null, "destinat_1": null, "motor_vehi": null, "sidewalk": null, "wikidata": null, "bridge_nam": null, "bridge_n_1": null, "bridge_n_2": null, "bridge_n_3": null, "bridge_n_4": null, "name_it": null, "name_fr": null, "name_es": null, "name_en": null, "name_de": null, "minspeed_m": null, "maxspeed_m": null, "layer": null, "bridge_n_5": null, "bridge": null, "toll": null, "start_date": null, "short_name": null, "motorcar": null, "minspeed": null, "maxspeed": null, "maxaxleloa": null, "lit": null, "horse": null, "emergency": null, "bicycle": null, "alt_name_f": null, "alt_name_e": null, "alt_name_1": null, "alt_name_d": null, "alt_name": null, "access": null, "hgv": null, "ref": "1", "junction": null, "width": "4", "surface": "asphalt", "smoothness": "intermediate", "oneway": "yes", "name": "Jalan Tembok Dukuh", "motorcyc_1": "yes", "lanes": "2", "foot": "yes" }, "geometry": { "type": "MultiLineString", "coordinates": [ [ [ 112.7260868, -7.255776 ], [ 112.7255188, -7.2556958 ], [ 112.7253241, -7.2556686 ], [ 112.7251433, -7.2556433 ], [ 112.7247517, -7.2555821 ], [ 112.7243789, -7.2555262 ], [ 112.7239859, -7.2554776 ], [ 112.7236654, -7.255441 ], [ 112.7232698, -7.2553971 ] ] ] } },
{ "type": "Feature", "properties": { "full_id": "w254757798", "osm_id": "254757798", "osm_type": "way", "highway": "trunk", "turn_lanes": null, "tunnel": null, "hgv_condit": null, "cycleway_l": null, "cycleway_r": null, "motorcycle": null, "destinatio": null, "destinat_1": null, "motor_vehi": null, "sidewalk": null, "wikidata": null, "bridge_nam": null, "bridge_n_1": null, "bridge_n_2": null, "bridge_n_3": null, "bridge_n_4": null, "name_it": null, "name_fr": null, "name_es": null, "name_en": null, "name_de": null, "minspeed_m": null, "maxspeed_m": null, "layer": null, "bridge_n_5": null, "bridge": null, "toll": null, "start_date": null, "short_name": null, "motorcar": null, "minspeed": null, "maxspeed": null, "maxaxleloa": null, "lit": null, "horse": null, "emergency": null, "bicycle": null, "alt_name_f": null, "alt_name_e": null, "alt_name_1": null, "alt_name_d": null, "alt_name": null, "access": null, "hgv": null, "ref": "1", "junction": null, "width": "12", "surface": "asphalt", "smoothness": "good", "oneway": "yes", "name": "Jalan Kranggan", "motorcyc_1": "yes", "lanes": "4", "foot": null }, "geometry": { "type": "MultiLineString", "coordinates": [ [ [ 112.7276525, -7.2558774 ], [ 112.7277604, -7.255896 ] ] ] } },
{ "type": "Feature", "properties": { "full_id": "w254757800", "osm_id": "254757800", "osm_type": "way", "highway": "trunk", "turn_lanes": null, "tunnel": null, "hgv_condit": null, "cycleway_l": null, "cycleway_r": null, "motorcycle": null, "destinatio": null, "destinat_1": null, "motor_vehi": null, "sidewalk": null, "wikidata": null, "bridge_nam": null, "bridge_n_1": null, "bridge_n_2": null, "bridge_n_3": null, "bridge_n_4": null, "name_it": null, "name_fr": null, "name_es": null, "name_en": null, "name_de": null, "minspeed_m": null, "maxspeed_m": null, "layer": null, "bridge_n_5": null, "bridge": null, "toll": null, "start_date": null, "short_name": null, "motorcar": null, "minspeed": null, "maxspeed": null, "maxaxleloa": null, "lit": null, "horse": null, "emergency": null, "bicycle": null, "alt_name_f": null, "alt_name_e": null, "alt_name_1": null, "alt_name_d": null, "alt_name": null, "access": null, "hgv": null, "ref": null, "junction": null, "width": "4", "surface": "asphalt", "smoothness": "intermediate", "oneway": "yes", "name": "Jalan Kalibutuh", "motorcyc_1": "yes", "lanes": "2", "foot": null }, "geometry": { "type": "MultiLineString", "coordinates": [ [ [ 112.7277192, -7.2559788 ], [ 112.7275975, -7.2559672 ] ] ] } },
{ "type": "Feature", "properties": { "full_id": "w256684602", "osm_id": "256684602", "osm_type": "way", "highway": "trunk", "turn_lanes": null, "tunnel": null, "hgv_condit": null, "cycleway_l": null, "cycleway_r": null, "motorcycle": null, "destinatio": null, "destinat_1": null, "motor_vehi": null, "sidewalk": null, "wikidata": null, "bridge_nam": null, "bridge_n_1": null, "bridge_n_2": null, "bridge_n_3": null, "bridge_n_4": null, "name_it": null, "name_fr": null, "name_es": null, "name_en": null, "name_de": null, "minspeed_m": null, "maxspeed_m": null, "layer": null, "bridge_n_5": null, "bridge": null, "toll": null, "start_date": null, "short_name": null, "motorcar": null, "minspeed": null, "maxspeed": null, "maxaxleloa": null, "lit": null, "horse": null, "emergency": null, "bicycle": null, "alt_name_f": null, "alt_name_e": null, "alt_name_1": null, "alt_name_d": null, "alt_name": null, "access": null, "hgv": null, "ref": null, "junction": null, "width": null, "surface": null, "smoothness": null, "oneway": null, "name": "Jalan Letnan Jenderal Sutoyo", "motorcyc_1": null, "lanes": null, "foot": null }, "geometry": { "type": "MultiLineString", "coordinates": [ [ [ 112.7121711, -7.3512358 ], [ 112.7121854, -7.35124 ], [ 112.7122715, -7.3512548 ], [ 112.7124169, -7.3512797 ], [ 112.7126589, -7.3513262 ], [ 112.7130966, -7.3513892 ], [ 112.7133705, -7.3514174 ], [ 112.7142128, -7.351509 ], [ 112.7144251, -7.3515348 ], [ 112.7148946, -7.3516219 ], [ 112.7152796, -7.3517417 ], [ 112.7157239, -7.351908 ], [ 112.7162928, -7.3521179 ], [ 112.7164617, -7.352173 ], [ 112.7165949, -7.3522184 ], [ 112.7167731, -7.3522792 ], [ 112.7169003, -7.3523183 ], [ 112.717104, -7.3523646 ], [ 112.7171667, -7.3523772 ], [ 112.7172313, -7.3523826 ], [ 112.7173964, -7.3523963 ], [ 112.7176941, -7.3524134 ], [ 112.7179642, -7.3524309 ], [ 112.7183036, -7.3524409 ], [ 112.7183571, -7.352446 ], [ 112.7184647, -7.3524581 ], [ 112.7186738, -7.3524916 ], [ 112.7188408, -7.352534 ], [ 112.7188723, -7.3525412 ], [ 112.7190757, -7.3526043 ], [ 112.7191036, -7.3526144 ], [ 112.7191705, -7.3526351 ], [ 112.7196349, -7.352779 ], [ 112.7197772, -7.3528219 ], [ 112.7214177, -7.353324 ], [ 112.7217169, -7.3534165 ] ] ] } },
{ "type": "Feature", "properties": { "full_id": "w256684605", "osm_id": "256684605", "osm_type": "way", "highway": "trunk", "turn_lanes": null, "tunnel": null, "hgv_condit": null, "cycleway_l": null, "cycleway_r": null, "motorcycle": null, "destinatio": null, "destinat_1": null, "motor_vehi": null, "sidewalk": null, "wikidata": null, "bridge_nam": null, "bridge_n_1": null, "bridge_n_2": null, "bridge_n_3": null, "bridge_n_4": null, "name_it": null, "name_fr": null, "name_es": null, "name_en": null, "name_de": null, "minspeed_m": null, "maxspeed_m": null, "layer": "1", "bridge_n_5": null, "bridge": "yes", "toll": null, "start_date": null, "short_name": null, "motorcar": null, "minspeed": null, "maxspeed": null, "maxaxleloa": null, "lit": null, "horse": null, "emergency": null, "bicycle": null, "alt_name_f": null, "alt_name_e": null, "alt_name_1": null, "alt_name_d": null, "alt_name": null, "access": null, "hgv": null, "ref": "AH2", "junction": null, "width": null, "surface": "asphalt", "smoothness": null, "oneway": "yes", "name": "Jalan Bypass Waru", "motorcyc_1": null, "lanes": null, "foot": null }, "geometry": { "type": "MultiLineString", "coordinates": [ [ [ 112.7123471, -7.3505827 ], [ 112.7121527, -7.3506852 ], [ 112.7120356, -7.3507439 ] ] ] } },
{ "type": "Feature", "properties": { "full_id": "w256684650", "osm_id": "256684650", "osm_type": "way", "highway": "trunk", "turn_lanes": null, "tunnel": null, "hgv_condit": null, "cycleway_l": null, "cycleway_r": null, "motorcycle": null, "destinatio": "Gresik;Gempol;Mojokerto", "destinat_1": null, "motor_vehi": null, "sidewalk": null, "wikidata": null, "bridge_nam": null, "bridge_n_1": null, "bridge_n_2": null, "bridge_n_3": null, "bridge_n_4": null, "name_it": null, "name_fr": null, "name_es": null, "name_en": null, "name_de": null, "minspeed_m": null, "maxspeed_m": null, "layer": null, "bridge_n_5": null, "bridge": null, "toll": null, "start_date": null, "short_name": null, "motorcar": null, "minspeed": null, "maxspeed": null, "maxaxleloa": null, "lit": null, "horse": null, "emergency": null, "bicycle": null, "alt_name_f": null, "alt_name_e": null, "alt_name_1": null, "alt_name_d": null, "alt_name": null, "access": null, "hgv": null, "ref": null, "junction": null, "width": null, "surface": "asphalt", "smoothness": null, "oneway": "yes", "name": null, "motorcyc_1": null, "lanes": null, "foot": null }, "geometry": { "type": "MultiLineString", "coordinates": [ [ [ 112.7292837, -7.3471946 ], [ 112.7292124, -7.3476546 ], [ 112.7291995, -7.3477158 ], [ 112.7291761, -7.3477834 ], [ 112.7291521, -7.3478358 ], [ 112.7291183, -7.3478947 ], [ 112.7290617, -7.3479704 ], [ 112.7289935, -7.3480248 ], [ 112.7289156, -7.3480511 ], [ 112.7288107, -7.3480661 ], [ 112.7287032, -7.3480662 ], [ 112.7285339, -7.348051 ], [ 112.7283488, -7.3480111 ] ] ] } },
{ "type": "Feature", "properties": { "full_id": "w256684651", "osm_id": "256684651", "osm_type": "way", "highway": "trunk", "turn_lanes": null, "tunnel": null, "hgv_condit": null, "cycleway_l": null, "cycleway_r": null, "motorcycle": null, "destinatio": "Bandara;Juanda;Waru", "destinat_1": null, "motor_vehi": null, "sidewalk": null, "wikidata": null, "bridge_nam": null, "bridge_n_1": null, "bridge_n_2": null, "bridge_n_3": null, "bridge_n_4": null, "name_it": null, "name_fr": null, "name_es": null, "name_en": null, "name_de": null, "minspeed_m": null, "maxspeed_m": null, "layer": null, "bridge_n_5": null, "bridge": null, "toll": null, "start_date": null, "short_name": null, "motorcar": null, "minspeed": null, "maxspeed": null, "maxaxleloa": null, "lit": null, "horse": null, "emergency": null, "bicycle": null, "alt_name_f": null, "alt_name_e": null, "alt_name_1": null, "alt_name_d": null, "alt_name": null, "access": null, "hgv": null, "ref": "AH2;1", "junction": null, "width": null, "surface": "asphalt", "smoothness": null, "oneway": "yes", "name": null, "motorcyc_1": null, "lanes": null, "foot": null }, "geometry": { "type": "MultiLineString", "coordinates": [ [ [ 112.7284652, -7.3456634 ], [ 112.7288031, -7.3456967 ], [ 112.7289064, -7.3457246 ], [ 112.7290519, -7.3457922 ], [ 112.7291652, -7.3459076 ], [ 112.7291995, -7.3459876 ], [ 112.729224, -7.3460671 ], [ 112.7292748, -7.3462602 ] ] ] } },
{ "type": "Feature", "properties": { "full_id": "w256684652", "osm_id": "256684652", "osm_type": "way", "highway": "trunk", "turn_lanes": null, "tunnel": null, "hgv_condit": null, "cycleway_l": null, "cycleway_r": null, "motorcycle": null, "destinatio": null, "destinat_1": null, "motor_vehi": null, "sidewalk": null, "wikidata": null, "bridge_nam": null, "bridge_n_1": null, "bridge_n_2": null, "bridge_n_3": null, "bridge_n_4": null, "name_it": null, "name_fr": null, "name_es": null, "name_en": null, "name_de": null, "minspeed_m": null, "maxspeed_m": null, "layer": null, "bridge_n_5": null, "bridge": null, "toll": null, "start_date": null, "short_name": null, "motorcar": null, "minspeed": null, "maxspeed": null, "maxaxleloa": null, "lit": null, "horse": null, "emergency": null, "bicycle": null, "alt_name_f": null, "alt_name_e": null, "alt_name_1": null, "alt_name_d": null, "alt_name": null, "access": null, "hgv": null, "ref": null, "junction": null, "width": "4", "surface": "asphalt", "smoothness": "good", "oneway": "yes", "name": "Jalan Stasiun Wonokromo", "motorcyc_1": "yes", "lanes": "2", "foot": "yes" }, "geometry": { "type": "MultiLineString", "coordinates": [ [ [ 112.739892, -7.3007256 ], [ 112.7397735, -7.3009166 ], [ 112.7395895, -7.3011824 ], [ 112.7395155, -7.3012778 ], [ 112.7395046, -7.3012919 ], [ 112.7394639, -7.3013388 ], [ 112.7393806, -7.3014167 ], [ 112.7392648, -7.301509 ], [ 112.7392408, -7.3015295 ], [ 112.7391514, -7.3016061 ], [ 112.7390399, -7.3017343 ], [ 112.7389468, -7.301865 ], [ 112.7388151, -7.3020249 ], [ 112.7385745, -7.3023261 ], [ 112.7383798, -7.3025696 ], [ 112.7383004, -7.3026685 ], [ 112.738138, -7.3028688 ], [ 112.7378708, -7.3032035 ], [ 112.7377092, -7.3034114 ], [ 112.7375583, -7.3035948 ], [ 112.7373634, -7.3038424 ], [ 112.7372997, -7.3039217 ], [ 112.7372701, -7.3039585 ], [ 112.7370368, -7.3042641 ], [ 112.7367072, -7.3047014 ], [ 112.7364478, -7.3050839 ] ] ] } },
{ "type": "Feature", "properties": { "full_id": "w256684653", "osm_id": "256684653", "osm_type": "way", "highway": "trunk", "turn_lanes": null, "tunnel": null, "hgv_condit": null, "cycleway_l": null, "cycleway_r": null, "motorcycle": null, "destinatio": null, "destinat_1": null, "motor_vehi": null, "sidewalk": null, "wikidata": null, "bridge_nam": null, "bridge_n_1": null, "bridge_n_2": null, "bridge_n_3": null, "bridge_n_4": null, "name_it": null, "name_fr": null, "name_es": null, "name_en": null, "name_de": null, "minspeed_m": null, "maxspeed_m": null, "layer": null, "bridge_n_5": null, "bridge": null, "toll": null, "start_date": null, "short_name": null, "motorcar": null, "minspeed": null, "maxspeed": null, "maxaxleloa": null, "lit": null, "horse": null, "emergency": null, "bicycle": null, "alt_name_f": null, "alt_name_e": null, "alt_name_1": null, "alt_name_d": null, "alt_name": null, "access": null, "hgv": null, "ref": null, "junction": null, "width": null, "surface": null, "smoothness": null, "oneway": "yes", "name": "Jalan Jenderal Achmad Yani", "motorcyc_1": null, "lanes": null, "foot": null }, "geometry": { "type": "MultiLineString", "coordinates": [ [ [ 112.7364478, -7.3050839 ], [ 112.7363481, -7.3054974 ], [ 112.7363137, -7.3056206 ] ] ] } },
{ "type": "Feature", "properties": { "full_id": "w256684657", "osm_id": "256684657", "osm_type": "way", "highway": "trunk", "turn_lanes": null, "tunnel": null, "hgv_condit": null, "cycleway_l": null, "cycleway_r": null, "motorcycle": "no @ (09:00-06:00)", "destinatio": null, "destinat_1": null, "motor_vehi": null, "sidewalk": null, "wikidata": null, "bridge_nam": null, "bridge_n_1": null, "bridge_n_2": null, "bridge_n_3": null, "bridge_n_4": null, "name_it": null, "name_fr": null, "name_es": null, "name_en": null, "name_de": null, "minspeed_m": null, "maxspeed_m": null, "layer": null, "bridge_n_5": null, "bridge": null, "toll": null, "start_date": null, "short_name": null, "motorcar": null, "minspeed": null, "maxspeed": null, "maxaxleloa": null, "lit": null, "horse": null, "emergency": null, "bicycle": null, "alt_name_f": null, "alt_name_e": null, "alt_name_1": null, "alt_name_d": null, "alt_name": null, "access": null, "hgv": null, "ref": "1", "junction": null, "width": null, "surface": null, "smoothness": null, "oneway": "yes", "name": "Jalan Layang Wonokromo", "motorcyc_1": null, "lanes": "3", "foot": null }, "geometry": { "type": "MultiLineString", "coordinates": [ [ [ 112.73544, -7.3082015 ], [ 112.7354356, -7.3081322 ], [ 112.7354269, -7.3080573 ], [ 112.7354228, -7.3079948 ], [ 112.7354242, -7.3079542 ], [ 112.7354316, -7.3079136 ], [ 112.735441, -7.3078724 ], [ 112.7354577, -7.3078305 ], [ 112.7354819, -7.3077813 ], [ 112.7357601, -7.3072545 ], [ 112.735797, -7.30719 ], [ 112.7358434, -7.3071134 ] ] ] } },
{ "type": "Feature", "properties": { "full_id": "w256684658", "osm_id": "256684658", "osm_type": "way", "highway": "trunk", "turn_lanes": null, "tunnel": null, "hgv_condit": null, "cycleway_l": null, "cycleway_r": null, "motorcycle": "no @ (16:00-19:00)", "destinatio": null, "destinat_1": null, "motor_vehi": null, "sidewalk": null, "wikidata": null, "bridge_nam": null, "bridge_n_1": null, "bridge_n_2": null, "bridge_n_3": null, "bridge_n_4": null, "name_it": null, "name_fr": null, "name_es": null, "name_en": null, "name_de": null, "minspeed_m": null, "maxspeed_m": null, "layer": null, "bridge_n_5": null, "bridge": null, "toll": null, "start_date": null, "short_name": null, "motorcar": null, "minspeed": null, "maxspeed": null, "maxaxleloa": null, "lit": null, "horse": null, "emergency": null, "bicycle": null, "alt_name_f": null, "alt_name_e": null, "alt_name_1": null, "alt_name_d": null, "alt_name": null, "access": null, "hgv": null, "ref": "1", "junction": null, "width": null, "surface": "asphalt", "smoothness": null, "oneway": "yes", "name": "Jalan Layang Wonokromo", "motorcyc_1": null, "lanes": null, "foot": null }, "geometry": { "type": "MultiLineString", "coordinates": [ [ [ 112.7369008, -7.302951 ], [ 112.7367758, -7.3032664 ] ] ] } },
{ "type": "Feature", "properties": { "full_id": "w256684659", "osm_id": "256684659", "osm_type": "way", "highway": "trunk", "turn_lanes": null, "tunnel": null, "hgv_condit": null, "cycleway_l": null, "cycleway_r": null, "motorcycle": null, "destinatio": null, "destinat_1": null, "motor_vehi": null, "sidewalk": null, "wikidata": null, "bridge_nam": null, "bridge_n_1": null, "bridge_n_2": null, "bridge_n_3": null, "bridge_n_4": null, "name_it": null, "name_fr": null, "name_es": null, "name_en": null, "name_de": null, "minspeed_m": null, "maxspeed_m": null, "layer": "1", "bridge_n_5": null, "bridge": "yes", "toll": null, "start_date": null, "short_name": null, "motorcar": null, "minspeed": null, "maxspeed": null, "maxaxleloa": null, "lit": null, "horse": null, "emergency": null, "bicycle": null, "alt_name_f": null, "alt_name_e": null, "alt_name_1": null, "alt_name_d": null, "alt_name": null, "access": null, "hgv": null, "ref": "1", "junction": null, "width": null, "surface": "asphalt", "smoothness": null, "oneway": "no", "name": "Jalan Layang Wonokromo", "motorcyc_1": null, "lanes": null, "foot": null }, "geometry": { "type": "MultiLineString", "coordinates": [ [ [ 112.7358872, -7.3069655 ], [ 112.736143, -7.3058508 ], [ 112.7362972, -7.3052206 ], [ 112.7364112, -7.3047723 ], [ 112.7366131, -7.3039995 ], [ 112.7366867, -7.30366 ] ] ] } },
{ "type": "Feature", "properties": { "full_id": "w256684660", "osm_id": "256684660", "osm_type": "way", "highway": "trunk", "turn_lanes": null, "tunnel": null, "hgv_condit": null, "cycleway_l": null, "cycleway_r": null, "motorcycle": null, "destinatio": null, "destinat_1": null, "motor_vehi": null, "sidewalk": null, "wikidata": null, "bridge_nam": null, "bridge_n_1": null, "bridge_n_2": null, "bridge_n_3": null, "bridge_n_4": null, "name_it": null, "name_fr": null, "name_es": null, "name_en": null, "name_de": null, "minspeed_m": null, "maxspeed_m": null, "layer": null, "bridge_n_5": null, "bridge": null, "toll": null, "start_date": null, "short_name": null, "motorcar": null, "minspeed": null, "maxspeed": null, "maxaxleloa": null, "lit": null, "horse": null, "emergency": null, "bicycle": null, "alt_name_f": null, "alt_name_e": null, "alt_name_1": null, "alt_name_d": null, "alt_name": null, "access": null, "hgv": null, "ref": "1", "junction": null, "width": null, "surface": "asphalt", "smoothness": null, "oneway": "yes", "name": "Jalan Wonokromo", "motorcyc_1": null, "lanes": null, "foot": null }, "geometry": { "type": "MultiLineString", "coordinates": [ [ [ 112.7373079, -7.3006566 ], [ 112.7372125, -7.3011531 ], [ 112.7371578, -7.301462 ], [ 112.7370845, -7.3018751 ], [ 112.7370257, -7.3022072 ], [ 112.7369842, -7.30245 ], [ 112.7369109, -7.3028906 ], [ 112.7369008, -7.302951 ] ] ] } },
{ "type": "Feature", "properties": { "full_id": "w256684662", "osm_id": "256684662", "osm_type": "way", "highway": "trunk", "turn_lanes": null, "tunnel": null, "hgv_condit": null, "cycleway_l": null, "cycleway_r": null, "motorcycle": null, "destinatio": null, "destinat_1": null, "motor_vehi": null, "sidewalk": null, "wikidata": null, "bridge_nam": null, "bridge_n_1": null, "bridge_n_2": null, "bridge_n_3": null, "bridge_n_4": null, "name_it": null, "name_fr": null, "name_es": null, "name_en": null, "name_de": null, "minspeed_m": null, "maxspeed_m": null, "layer": null, "bridge_n_5": null, "bridge": null, "toll": null, "start_date": null, "short_name": null, "motorcar": null, "minspeed": null, "maxspeed": null, "maxaxleloa": null, "lit": null, "horse": null, "emergency": null, "bicycle": null, "alt_name_f": null, "alt_name_e": null, "alt_name_1": null, "alt_name_d": null, "alt_name": null, "access": null, "hgv": null, "ref": null, "junction": null, "width": null, "surface": null, "smoothness": null, "oneway": "yes", "name": "Jalan Wonokromo", "motorcyc_1": null, "lanes": null, "foot": "yes" }, "geometry": { "type": "MultiLineString", "coordinates": [ [ [ 112.7361881, -7.3052951 ], [ 112.7363361, -7.3047291 ], [ 112.7364314, -7.3043599 ], [ 112.736493, -7.3041138 ], [ 112.7365849, -7.3037627 ], [ 112.7366325, -7.3035605 ], [ 112.7366768, -7.3033623 ], [ 112.7367385, -7.3030437 ], [ 112.7367559, -7.3029778 ], [ 112.7367814, -7.3029173 ], [ 112.7368377, -7.3028295 ] ] ] } },
{ "type": "Feature", "properties": { "full_id": "w256684663", "osm_id": "256684663", "osm_type": "way", "highway": "trunk", "turn_lanes": null, "tunnel": null, "hgv_condit": null, "cycleway_l": null, "cycleway_r": null, "motorcycle": null, "destinatio": null, "destinat_1": null, "motor_vehi": null, "sidewalk": null, "wikidata": null, "bridge_nam": null, "bridge_n_1": null, "bridge_n_2": null, "bridge_n_3": null, "bridge_n_4": null, "name_it": null, "name_fr": null, "name_es": null, "name_en": null, "name_de": null, "minspeed_m": null, "maxspeed_m": null, "layer": null, "bridge_n_5": null, "bridge": null, "toll": null, "start_date": null, "short_name": null, "motorcar": null, "minspeed": null, "maxspeed": null, "maxaxleloa": null, "lit": null, "horse": null, "emergency": null, "bicycle": null, "alt_name_f": null, "alt_name_e": null, "alt_name_1": null, "alt_name_d": null, "alt_name": null, "access": null, "hgv": null, "ref": null, "junction": null, "width": "4", "surface": "asphalt", "smoothness": "good", "oneway": "yes", "name": "Jalan Stasiun Wonokromo", "motorcyc_1": "yes", "lanes": "2", "foot": "yes" }, "geometry": { "type": "MultiLineString", "coordinates": [ [ [ 112.7365074, -7.3048161 ], [ 112.7366713, -7.3045901 ], [ 112.7369741, -7.3042153 ], [ 112.7371409, -7.3040061 ], [ 112.7371776, -7.3039598 ], [ 112.7372142, -7.3039135 ], [ 112.7375546, -7.3034667 ], [ 112.737658, -7.3033409 ], [ 112.7377184, -7.3032683 ], [ 112.7379874, -7.302945 ], [ 112.7380967, -7.3028135 ], [ 112.7381502, -7.3027492 ], [ 112.7382069, -7.3026751 ], [ 112.7382854, -7.3025774 ], [ 112.7383656, -7.3024755 ], [ 112.7384321, -7.3023917 ], [ 112.7385927, -7.3021894 ], [ 112.7387072, -7.3020372 ], [ 112.7390532, -7.3015904 ], [ 112.7391287, -7.3015181 ], [ 112.739164, -7.301486 ], [ 112.7392355, -7.3014212 ], [ 112.739433, -7.301232 ], [ 112.7395321, -7.3011068 ], [ 112.7396899, -7.3008667 ], [ 112.7397712, -7.3007116 ] ] ] } },
{ "type": "Feature", "properties": { "full_id": "w256684670", "osm_id": "256684670", "osm_type": "way", "highway": "trunk", "turn_lanes": null, "tunnel": null, "hgv_condit": null, "cycleway_l": null, "cycleway_r": null, "motorcycle": null, "destinatio": null, "destinat_1": null, "motor_vehi": null, "sidewalk": null, "wikidata": null, "bridge_nam": null, "bridge_n_1": null, "bridge_n_2": null, "bridge_n_3": null, "bridge_n_4": null, "name_it": null, "name_fr": null, "name_es": null, "name_en": null, "name_de": null, "minspeed_m": null, "maxspeed_m": null, "layer": "1", "bridge_n_5": null, "bridge": "yes", "toll": null, "start_date": null, "short_name": null, "motorcar": null, "minspeed": null, "maxspeed": null, "maxaxleloa": null, "lit": null, "horse": null, "emergency": null, "bicycle": null, "alt_name_f": null, "alt_name_e": null, "alt_name_1": null, "alt_name_d": null, "alt_name": null, "access": null, "hgv": null, "ref": "1", "junction": null, "width": null, "surface": "asphalt", "smoothness": null, "oneway": "yes", "name": "Jalan Wonokromo", "motorcyc_1": null, "lanes": null, "foot": "no" }, "geometry": { "type": "MultiLineString", "coordinates": [ [ [ 112.7375711, -7.2993587 ], [ 112.7374313, -7.3000553 ] ] ] } },
{ "type": "Feature", "properties": { "full_id": "w272807685", "osm_id": "272807685", "osm_type": "way", "highway": "trunk", "turn_lanes": null, "tunnel": null, "hgv_condit": null, "cycleway_l": null, "cycleway_r": null, "motorcycle": null, "destinatio": null, "destinat_1": null, "motor_vehi": null, "sidewalk": null, "wikidata": null, "bridge_nam": null, "bridge_n_1": null, "bridge_n_2": null, "bridge_n_3": null, "bridge_n_4": null, "name_it": null, "name_fr": null, "name_es": null, "name_en": null, "name_de": null, "minspeed_m": null, "maxspeed_m": null, "layer": null, "bridge_n_5": null, "bridge": null, "toll": null, "start_date": null, "short_name": null, "motorcar": null, "minspeed": null, "maxspeed": null, "maxaxleloa": null, "lit": null, "horse": null, "emergency": null, "bicycle": null, "alt_name_f": null, "alt_name_e": null, "alt_name_1": null, "alt_name_d": null, "alt_name": null, "access": null, "hgv": null, "ref": "AH2", "junction": null, "width": null, "surface": "asphalt", "smoothness": null, "oneway": "yes", "name": "Jalan Bypass Waru", "motorcyc_1": null, "lanes": null, "foot": null }, "geometry": { "type": "MultiLineString", "coordinates": [ [ [ 112.7104307, -7.3507517 ], [ 112.7105293, -7.3507663 ], [ 112.7107237, -7.3508055 ], [ 112.7109926, -7.3508401 ], [ 112.7111596, -7.3508468 ], [ 112.7114178, -7.3508275 ], [ 112.7115089, -7.3508248 ], [ 112.7116424, -7.3508029 ], [ 112.7117631, -7.3507603 ] ] ] } },
{ "type": "Feature", "properties": { "full_id": "w272807686", "osm_id": "272807686", "osm_type": "way", "highway": "trunk", "turn_lanes": null, "tunnel": null, "hgv_condit": null, "cycleway_l": null, "cycleway_r": null, "motorcycle": null, "destinatio": null, "destinat_1": null, "motor_vehi": null, "sidewalk": null, "wikidata": null, "bridge_nam": null, "bridge_n_1": null, "bridge_n_2": null, "bridge_n_3": null, "bridge_n_4": null, "name_it": null, "name_fr": null, "name_es": null, "name_en": null, "name_de": null, "minspeed_m": null, "maxspeed_m": null, "layer": null, "bridge_n_5": null, "bridge": null, "toll": null, "start_date": null, "short_name": null, "motorcar": null, "minspeed": null, "maxspeed": null, "maxaxleloa": null, "lit": null, "horse": null, "emergency": null, "bicycle": null, "alt_name_f": null, "alt_name_e": null, "alt_name_1": null, "alt_name_d": null, "alt_name": null, "access": null, "hgv": null, "ref": "AH2", "junction": null, "width": null, "surface": "asphalt", "smoothness": null, "oneway": "yes", "name": "Jalan Raya Taman", "motorcyc_1": null, "lanes": "3", "foot": null }, "geometry": { "type": "MultiLineString", "coordinates": [ [ [ 112.7106677, -7.3509219 ], [ 112.710529, -7.3508936 ], [ 112.7102689, -7.3508434 ], [ 112.7100535, -7.3507972 ], [ 112.7094898, -7.3506714 ], [ 112.7085639, -7.3504511 ], [ 112.7080349, -7.3503354 ], [ 112.70775, -7.3502708 ], [ 112.7076778, -7.3502574 ], [ 112.7073242, -7.3501783 ], [ 112.7058983, -7.3498357 ], [ 112.7053596, -7.3497099 ], [ 112.705251, -7.3496968 ], [ 112.7051496, -7.3496954 ], [ 112.7050783, -7.3496995 ], [ 112.7049885, -7.3497153 ], [ 112.7048966, -7.3497431 ], [ 112.7047977, -7.3497777 ], [ 112.7042911, -7.3499988 ], [ 112.7042181, -7.3500269 ] ] ] } },
{ "type": "Feature", "properties": { "full_id": "w272807704", "osm_id": "272807704", "osm_type": "way", "highway": "trunk", "turn_lanes": null, "tunnel": null, "hgv_condit": null, "cycleway_l": null, "cycleway_r": null, "motorcycle": null, "destinatio": null, "destinat_1": null, "motor_vehi": null, "sidewalk": null, "wikidata": null, "bridge_nam": null, "bridge_n_1": null, "bridge_n_2": null, "bridge_n_3": null, "bridge_n_4": null, "name_it": null, "name_fr": null, "name_es": null, "name_en": null, "name_de": null, "minspeed_m": null, "maxspeed_m": null, "layer": null, "bridge_n_5": null, "bridge": null, "toll": null, "start_date": null, "short_name": null, "motorcar": null, "minspeed": null, "maxspeed": null, "maxaxleloa": null, "lit": null, "horse": null, "emergency": null, "bicycle": null, "alt_name_f": null, "alt_name_e": null, "alt_name_1": null, "alt_name_d": null, "alt_name": null, "access": null, "hgv": null, "ref": null, "junction": null, "width": "6", "surface": "asphalt", "smoothness": "intermediate", "oneway": "no", "name": "Jalan Gresik", "motorcyc_1": "yes", "lanes": "4", "foot": null }, "geometry": { "type": "MultiLineString", "coordinates": [ [ [ 112.7262169, -7.2333057 ], [ 112.7261254, -7.233319 ], [ 112.7260184, -7.2333232 ], [ 112.7259634, -7.2333165 ], [ 112.7258054, -7.2332893 ], [ 112.7257147, -7.2332721 ], [ 112.7250087, -7.2331191 ], [ 112.7248081, -7.2330756 ], [ 112.7242858, -7.2329717 ], [ 112.7240821, -7.2329258 ], [ 112.7236896, -7.2328366 ] ] ] } },
{ "type": "Feature", "properties": { "full_id": "w286011724", "osm_id": "286011724", "osm_type": "way", "highway": "trunk", "turn_lanes": null, "tunnel": null, "hgv_condit": null, "cycleway_l": null, "cycleway_r": null, "motorcycle": null, "destinatio": null, "destinat_1": null, "motor_vehi": null, "sidewalk": null, "wikidata": null, "bridge_nam": null, "bridge_n_1": null, "bridge_n_2": null, "bridge_n_3": null, "bridge_n_4": null, "name_it": null, "name_fr": null, "name_es": null, "name_en": null, "name_de": null, "minspeed_m": null, "maxspeed_m": null, "layer": null, "bridge_n_5": null, "bridge": null, "toll": null, "start_date": null, "short_name": null, "motorcar": null, "minspeed": null, "maxspeed": null, "maxaxleloa": null, "lit": null, "horse": null, "emergency": null, "bicycle": null, "alt_name_f": null, "alt_name_e": null, "alt_name_1": null, "alt_name_d": null, "alt_name": null, "access": null, "hgv": null, "ref": null, "junction": null, "width": null, "surface": null, "smoothness": null, "oneway": "yes", "name": "Jalan Pasar Keputran", "motorcyc_1": null, "lanes": "3", "foot": null }, "geometry": { "type": "MultiLineString", "coordinates": [ [ [ 112.7452643, -7.2768439 ], [ 112.7452749, -7.2767543 ] ] ] } },
{ "type": "Feature", "properties": { "full_id": "w286011727", "osm_id": "286011727", "osm_type": "way", "highway": "trunk", "turn_lanes": null, "tunnel": null, "hgv_condit": null, "cycleway_l": null, "cycleway_r": null, "motorcycle": null, "destinatio": null, "destinat_1": null, "motor_vehi": "yes", "sidewalk": null, "wikidata": null, "bridge_nam": null, "bridge_n_1": null, "bridge_n_2": null, "bridge_n_3": null, "bridge_n_4": null, "name_it": null, "name_fr": null, "name_es": null, "name_en": null, "name_de": null, "minspeed_m": null, "maxspeed_m": null, "layer": null, "bridge_n_5": null, "bridge": null, "toll": null, "start_date": null, "short_name": null, "motorcar": null, "minspeed": null, "maxspeed": null, "maxaxleloa": null, "lit": null, "horse": null, "emergency": null, "bicycle": null, "alt_name_f": null, "alt_name_e": null, "alt_name_1": null, "alt_name_d": null, "alt_name": null, "access": null, "hgv": null, "ref": null, "junction": null, "width": "5", "surface": "asphalt", "smoothness": "good", "oneway": "yes", "name": "Jalan Kedung Cowek", "motorcyc_1": "permit", "lanes": "2", "foot": null }, "geometry": { "type": "MultiLineString", "coordinates": [ [ [ 112.7690565, -7.2426572 ], [ 112.7690643, -7.2426121 ], [ 112.7691101, -7.2424325 ], [ 112.7691476, -7.2422807 ], [ 112.7691648, -7.2422262 ], [ 112.7693716, -7.2415691 ], [ 112.7694909, -7.2412179 ], [ 112.7695513, -7.2410343 ], [ 112.7696103, -7.2408678 ], [ 112.7697958, -7.2403865 ], [ 112.7700627, -7.2396365 ], [ 112.7700681, -7.2396228 ], [ 112.7701198, -7.239481 ], [ 112.7704038, -7.2387403 ], [ 112.7707717, -7.2378207 ], [ 112.7712909, -7.2364754 ], [ 112.7713741, -7.2362559 ], [ 112.7716383, -7.2355723 ], [ 112.7720725, -7.2345144 ], [ 112.7725959, -7.233227 ], [ 112.7727626, -7.2328326 ], [ 112.7730468, -7.232168 ], [ 112.7734088, -7.2312609 ], [ 112.7735226, -7.2309742 ], [ 112.7737749, -7.2303387 ], [ 112.7738297, -7.2302004 ], [ 112.7738815, -7.23007 ], [ 112.7741289, -7.2294464 ], [ 112.7742141, -7.2292324 ], [ 112.7745221, -7.2283573 ], [ 112.7748957, -7.2271712 ], [ 112.7751467, -7.2261864 ], [ 112.7753702, -7.2253999 ], [ 112.7757334, -7.2244957 ], [ 112.776149, -7.2236608 ], [ 112.7763095, -7.2233591 ], [ 112.776355, -7.2232706 ], [ 112.7764013, -7.2231716 ], [ 112.7764419, -7.2230388 ], [ 112.7764681, -7.2229143 ], [ 112.7765127, -7.2227029 ], [ 112.7765673, -7.2224342 ], [ 112.7766568, -7.2220703 ], [ 112.7767665, -7.2215741 ], [ 112.7769694, -7.2206397 ], [ 112.7770471, -7.2201159 ], [ 112.7770761, -7.2198363 ], [ 112.7770885, -7.2197343 ], [ 112.7771749, -7.2188396 ] ] ] } },
{ "type": "Feature", "properties": { "full_id": "w290339912", "osm_id": "290339912", "osm_type": "way", "highway": "trunk", "turn_lanes": null, "tunnel": null, "hgv_condit": null, "cycleway_l": null, "cycleway_r": null, "motorcycle": null, "destinatio": null, "destinat_1": null, "motor_vehi": null, "sidewalk": null, "wikidata": null, "bridge_nam": null, "bridge_n_1": null, "bridge_n_2": null, "bridge_n_3": null, "bridge_n_4": null, "name_it": null, "name_fr": null, "name_es": null, "name_en": null, "name_de": null, "minspeed_m": null, "maxspeed_m": null, "layer": null, "bridge_n_5": null, "bridge": null, "toll": null, "start_date": null, "short_name": null, "motorcar": null, "minspeed": null, "maxspeed": null, "maxaxleloa": null, "lit": null, "horse": null, "emergency": null, "bicycle": null, "alt_name_f": null, "alt_name_e": null, "alt_name_1": null, "alt_name_d": null, "alt_name": null, "access": null, "hgv": null, "ref": null, "junction": null, "width": "4", "surface": "asphalt", "smoothness": "intermediate", "oneway": "yes", "name": "Jalan Kenjeran", "motorcyc_1": "yes", "lanes": "3", "foot": null }, "geometry": { "type": "MultiLineString", "coordinates": [ [ [ 112.7612474, -7.2431713 ], [ 112.7613007, -7.2431842 ], [ 112.7629392, -7.2436321 ], [ 112.7630425, -7.2436614 ], [ 112.7640643, -7.2439435 ], [ 112.7649947, -7.2442077 ], [ 112.7670864, -7.244793 ], [ 112.7677675, -7.2449844 ], [ 112.7687072, -7.2452486 ], [ 112.7688474, -7.2452776 ] ] ] } },
{ "type": "Feature", "properties": { "full_id": "w290340197", "osm_id": "290340197", "osm_type": "way", "highway": "trunk", "turn_lanes": null, "tunnel": null, "hgv_condit": null, "cycleway_l": null, "cycleway_r": null, "motorcycle": null, "destinatio": null, "destinat_1": null, "motor_vehi": null, "sidewalk": null, "wikidata": null, "bridge_nam": null, "bridge_n_1": null, "bridge_n_2": null, "bridge_n_3": null, "bridge_n_4": null, "name_it": null, "name_fr": null, "name_es": null, "name_en": null, "name_de": null, "minspeed_m": null, "maxspeed_m": null, "layer": null, "bridge_n_5": null, "bridge": null, "toll": null, "start_date": null, "short_name": null, "motorcar": null, "minspeed": null, "maxspeed": null, "maxaxleloa": null, "lit": null, "horse": null, "emergency": null, "bicycle": null, "alt_name_f": null, "alt_name_e": null, "alt_name_1": null, "alt_name_d": null, "alt_name": null, "access": null, "hgv": null, "ref": null, "junction": null, "width": "4", "surface": "asphalt", "smoothness": "intermediate", "oneway": "yes", "name": "Jalan Kenjeran", "motorcyc_1": "yes", "lanes": "3", "foot": "yes" }, "geometry": { "type": "MultiLineString", "coordinates": [ [ [ 112.760706, -7.243131 ], [ 112.760466, -7.2430642 ], [ 112.7596647, -7.2428577 ], [ 112.7594701, -7.2428001 ], [ 112.7592628, -7.2427448 ], [ 112.7592331, -7.2427376 ], [ 112.7590998, -7.242705 ] ] ] } },
{ "type": "Feature", "properties": { "full_id": "w290340420", "osm_id": "290340420", "osm_type": "way", "highway": "trunk", "turn_lanes": null, "tunnel": null, "hgv_condit": null, "cycleway_l": null, "cycleway_r": null, "motorcycle": null, "destinatio": null, "destinat_1": null, "motor_vehi": null, "sidewalk": null, "wikidata": null, "bridge_nam": null, "bridge_n_1": null, "bridge_n_2": null, "bridge_n_3": null, "bridge_n_4": null, "name_it": null, "name_fr": null, "name_es": null, "name_en": null, "name_de": null, "minspeed_m": null, "maxspeed_m": null, "layer": null, "bridge_n_5": null, "bridge": null, "toll": null, "start_date": null, "short_name": null, "motorcar": null, "minspeed": null, "maxspeed": null, "maxaxleloa": null, "lit": null, "horse": null, "emergency": null, "bicycle": null, "alt_name_f": null, "alt_name_e": null, "alt_name_1": null, "alt_name_d": null, "alt_name": null, "access": null, "hgv": null, "ref": null, "junction": null, "width": null, "surface": null, "smoothness": null, "oneway": "yes", "name": "Jalan Kenjeran", "motorcyc_1": null, "lanes": null, "foot": null }, "geometry": { "type": "MultiLineString", "coordinates": [ [ [ 112.7529762, -7.2407027 ], [ 112.7530466, -7.2407212 ] ] ] } },
{ "type": "Feature", "properties": { "full_id": "w295320778", "osm_id": "295320778", "osm_type": "way", "highway": "trunk", "turn_lanes": null, "tunnel": null, "hgv_condit": null, "cycleway_l": null, "cycleway_r": null, "motorcycle": null, "destinatio": "Gresik", "destinat_1": null, "motor_vehi": null, "sidewalk": null, "wikidata": null, "bridge_nam": null, "bridge_n_1": null, "bridge_n_2": null, "bridge_n_3": null, "bridge_n_4": null, "name_it": null, "name_fr": null, "name_es": null, "name_en": null, "name_de": null, "minspeed_m": null, "maxspeed_m": null, "layer": null, "bridge_n_5": null, "bridge": null, "toll": null, "start_date": null, "short_name": null, "motorcar": null, "minspeed": null, "maxspeed": null, "maxaxleloa": null, "lit": null, "horse": null, "emergency": null, "bicycle": null, "alt_name_f": null, "alt_name_e": null, "alt_name_1": null, "alt_name_d": null, "alt_name": null, "access": null, "hgv": null, "ref": null, "junction": null, "width": null, "surface": null, "smoothness": null, "oneway": "yes", "name": "Jalan Romokalisari", "motorcyc_1": null, "lanes": "1", "foot": null }, "geometry": { "type": "MultiLineString", "coordinates": [ [ [ 112.6457438, -7.1968141 ], [ 112.6456929, -7.196472 ], [ 112.6456667, -7.1963569 ], [ 112.6456004, -7.1961946 ] ] ] } },
{ "type": "Feature", "properties": { "full_id": "w295320779", "osm_id": "295320779", "osm_type": "way", "highway": "trunk", "turn_lanes": null, "tunnel": null, "hgv_condit": null, "cycleway_l": null, "cycleway_r": null, "motorcycle": null, "destinatio": null, "destinat_1": null, "motor_vehi": null, "sidewalk": null, "wikidata": null, "bridge_nam": null, "bridge_n_1": null, "bridge_n_2": null, "bridge_n_3": null, "bridge_n_4": null, "name_it": null, "name_fr": null, "name_es": null, "name_en": null, "name_de": null, "minspeed_m": null, "maxspeed_m": null, "layer": null, "bridge_n_5": null, "bridge": null, "toll": null, "start_date": null, "short_name": null, "motorcar": null, "minspeed": null, "maxspeed": null, "maxaxleloa": null, "lit": null, "horse": null, "emergency": null, "bicycle": null, "alt_name_f": null, "alt_name_e": null, "alt_name_1": null, "alt_name_d": null, "alt_name": null, "access": null, "hgv": null, "ref": "AH2", "junction": null, "width": null, "surface": null, "smoothness": null, "oneway": "yes", "name": "Jalan Romokalisari", "motorcyc_1": null, "lanes": "2", "foot": null }, "geometry": { "type": "MultiLineString", "coordinates": [ [ [ 112.6459328, -7.1990527 ], [ 112.6459785, -7.199177 ], [ 112.6460429, -7.199312 ], [ 112.6463393, -7.1998189 ], [ 112.6464037, -7.199976 ], [ 112.6464668, -7.2002074 ], [ 112.6464841, -7.2003472 ] ] ] } },
{ "type": "Feature", "properties": { "full_id": "w295320780", "osm_id": "295320780", "osm_type": "way", "highway": "trunk", "turn_lanes": null, "tunnel": null, "hgv_condit": null, "cycleway_l": null, "cycleway_r": null, "motorcycle": null, "destinatio": null, "destinat_1": null, "motor_vehi": null, "sidewalk": null, "wikidata": null, "bridge_nam": null, "bridge_n_1": null, "bridge_n_2": null, "bridge_n_3": null, "bridge_n_4": null, "name_it": null, "name_fr": null, "name_es": null, "name_en": null, "name_de": null, "minspeed_m": null, "maxspeed_m": null, "layer": null, "bridge_n_5": null, "bridge": null, "toll": null, "start_date": null, "short_name": null, "motorcar": null, "minspeed": null, "maxspeed": null, "maxaxleloa": null, "lit": null, "horse": null, "emergency": null, "bicycle": null, "alt_name_f": null, "alt_name_e": null, "alt_name_1": null, "alt_name_d": null, "alt_name": null, "access": null, "hgv": null, "ref": "1", "junction": null, "width": null, "surface": "asphalt", "smoothness": null, "oneway": "yes", "name": null, "motorcyc_1": null, "lanes": "2", "foot": null }, "geometry": { "type": "MultiLineString", "coordinates": [ [ [ 112.646343, -7.196978 ], [ 112.6459706, -7.1965977 ], [ 112.6458602, -7.1964755 ] ] ] } },
{ "type": "Feature", "properties": { "full_id": "w297134753", "osm_id": "297134753", "osm_type": "way", "highway": "trunk", "turn_lanes": null, "tunnel": null, "hgv_condit": null, "cycleway_l": null, "cycleway_r": null, "motorcycle": null, "destinatio": null, "destinat_1": null, "motor_vehi": null, "sidewalk": null, "wikidata": null, "bridge_nam": null, "bridge_n_1": null, "bridge_n_2": null, "bridge_n_3": null, "bridge_n_4": null, "name_it": null, "name_fr": null, "name_es": null, "name_en": null, "name_de": null, "minspeed_m": null, "maxspeed_m": null, "layer": null, "bridge_n_5": null, "bridge": null, "toll": null, "start_date": null, "short_name": null, "motorcar": null, "minspeed": null, "maxspeed": null, "maxaxleloa": null, "lit": null, "horse": null, "emergency": null, "bicycle": null, "alt_name_f": null, "alt_name_e": null, "alt_name_1": null, "alt_name_d": null, "alt_name": null, "access": null, "hgv": null, "ref": null, "junction": null, "width": null, "surface": null, "smoothness": null, "oneway": "yes", "name": "Jalan Haji Mohammad Noer", "motorcyc_1": null, "lanes": "2", "foot": null }, "geometry": { "type": "MultiLineString", "coordinates": [ [ [ 112.7688528, -7.2454282 ], [ 112.7688474, -7.2452776 ] ] ] } },
{ "type": "Feature", "properties": { "full_id": "w297150532", "osm_id": "297150532", "osm_type": "way", "highway": "trunk", "turn_lanes": null, "tunnel": null, "hgv_condit": null, "cycleway_l": null, "cycleway_r": null, "motorcycle": null, "destinatio": null, "destinat_1": null, "motor_vehi": null, "sidewalk": null, "wikidata": null, "bridge_nam": null, "bridge_n_1": null, "bridge_n_2": null, "bridge_n_3": null, "bridge_n_4": null, "name_it": null, "name_fr": null, "name_es": null, "name_en": null, "name_de": null, "minspeed_m": null, "maxspeed_m": null, "layer": null, "bridge_n_5": null, "bridge": null, "toll": null, "start_date": null, "short_name": null, "motorcar": null, "minspeed": null, "maxspeed": null, "maxaxleloa": null, "lit": null, "horse": null, "emergency": null, "bicycle": null, "alt_name_f": null, "alt_name_e": null, "alt_name_1": null, "alt_name_d": null, "alt_name": null, "access": null, "hgv": null, "ref": null, "junction": null, "width": null, "surface": null, "smoothness": null, "oneway": "yes", "name": "Jalan Pasar Keputran", "motorcyc_1": null, "lanes": "3", "foot": "yes" }, "geometry": { "type": "MultiLineString", "coordinates": [ [ [ 112.7461309, -7.276475 ], [ 112.7460464, -7.2764916 ], [ 112.7459592, -7.2765206 ], [ 112.7454784, -7.2767423 ], [ 112.745369, -7.2767941 ] ] ] } },
{ "type": "Feature", "properties": { "full_id": "w297150533", "osm_id": "297150533", "osm_type": "way", "highway": "trunk", "turn_lanes": null, "tunnel": null, "hgv_condit": null, "cycleway_l": null, "cycleway_r": "shared_lane", "motorcycle": null, "destinatio": null, "destinat_1": null, "motor_vehi": null, "sidewalk": null, "wikidata": null, "bridge_nam": null, "bridge_n_1": null, "bridge_n_2": null, "bridge_n_3": null, "bridge_n_4": null, "name_it": null, "name_fr": null, "name_es": null, "name_en": null, "name_de": null, "minspeed_m": null, "maxspeed_m": null, "layer": null, "bridge_n_5": null, "bridge": null, "toll": null, "start_date": null, "short_name": null, "motorcar": null, "minspeed": null, "maxspeed": null, "maxaxleloa": null, "lit": null, "horse": null, "emergency": null, "bicycle": null, "alt_name_f": null, "alt_name_e": null, "alt_name_1": null, "alt_name_d": null, "alt_name": null, "access": null, "hgv": null, "ref": null, "junction": null, "width": "7", "surface": "asphalt", "smoothness": "good", "oneway": "yes", "name": "Jalan Raya Sulawesi", "motorcyc_1": "yes", "lanes": "4", "foot": "yes" }, "geometry": { "type": "MultiLineString", "coordinates": [ [ [ 112.7465577, -7.2765095 ], [ 112.7464045, -7.2764539 ], [ 112.7462996, -7.2764106 ], [ 112.7462634, -7.2763739 ], [ 112.7462356, -7.276332 ], [ 112.7461997, -7.2762216 ] ] ] } },
{ "type": "Feature", "properties": { "full_id": "w297747545", "osm_id": "297747545", "osm_type": "way", "highway": "trunk", "turn_lanes": null, "tunnel": null, "hgv_condit": null, "cycleway_l": null, "cycleway_r": null, "motorcycle": null, "destinatio": null, "destinat_1": null, "motor_vehi": null, "sidewalk": null, "wikidata": null, "bridge_nam": null, "bridge_n_1": null, "bridge_n_2": null, "bridge_n_3": null, "bridge_n_4": null, "name_it": null, "name_fr": null, "name_es": null, "name_en": null, "name_de": null, "minspeed_m": null, "maxspeed_m": null, "layer": null, "bridge_n_5": null, "bridge": null, "toll": null, "start_date": null, "short_name": null, "motorcar": null, "minspeed": null, "maxspeed": null, "maxaxleloa": null, "lit": null, "horse": null, "emergency": null, "bicycle": null, "alt_name_f": null, "alt_name_e": null, "alt_name_1": null, "alt_name_d": null, "alt_name": "Bundaran Waru", "access": null, "hgv": null, "ref": "AH2;1", "junction": null, "width": null, "surface": "asphalt", "smoothness": null, "oneway": "yes", "name": "Jalan Raya Waru", "motorcyc_1": null, "lanes": null, "foot": null }, "geometry": { "type": "MultiLineString", "coordinates": [ [ [ 112.7277504, -7.3460823 ], [ 112.7277866, -7.3460364 ], [ 112.7278606, -7.3459441 ], [ 112.7279476, -7.3458658 ], [ 112.7280507, -7.3457904 ], [ 112.7281426, -7.3457392 ], [ 112.7282364, -7.3457032 ], [ 112.728308, -7.3456798 ] ] ] } },
{ "type": "Feature", "properties": { "full_id": "w297747549", "osm_id": "297747549", "osm_type": "way", "highway": "trunk", "turn_lanes": null, "tunnel": null, "hgv_condit": null, "cycleway_l": null, "cycleway_r": null, "motorcycle": null, "destinatio": null, "destinat_1": null, "motor_vehi": null, "sidewalk": null, "wikidata": null, "bridge_nam": null, "bridge_n_1": null, "bridge_n_2": null, "bridge_n_3": null, "bridge_n_4": null, "name_it": null, "name_fr": null, "name_es": null, "name_en": null, "name_de": null, "minspeed_m": null, "maxspeed_m": null, "layer": null, "bridge_n_5": null, "bridge": null, "toll": null, "start_date": null, "short_name": null, "motorcar": null, "minspeed": null, "maxspeed": null, "maxaxleloa": null, "lit": null, "horse": null, "emergency": null, "bicycle": null, "alt_name_f": null, "alt_name_e": null, "alt_name_1": null, "alt_name_d": null, "alt_name": "Bundaran Waru", "access": null, "hgv": null, "ref": "1", "junction": null, "width": null, "surface": "asphalt", "smoothness": null, "oneway": "yes", "name": "Jalan Raya Waru", "motorcyc_1": null, "lanes": null, "foot": null }, "geometry": { "type": "MultiLineString", "coordinates": [ [ [ 112.7278321, -7.347686 ], [ 112.7277306, -7.347529 ], [ 112.7276673, -7.3474285 ], [ 112.7275993, -7.3472902 ], [ 112.7275459, -7.3471724 ], [ 112.7275209, -7.3470689 ], [ 112.7275095, -7.3469587 ], [ 112.727511, -7.3468345 ], [ 112.7275291, -7.3466982 ], [ 112.7275553, -7.3465971 ], [ 112.7276149, -7.3463989 ], [ 112.7276686, -7.3462599 ], [ 112.7277504, -7.3460823 ] ] ] } },
{ "type": "Feature", "properties": { "full_id": "w297747572", "osm_id": "297747572", "osm_type": "way", "highway": "trunk", "turn_lanes": null, "tunnel": null, "hgv_condit": null, "cycleway_l": null, "cycleway_r": null, "motorcycle": null, "destinatio": null, "destinat_1": null, "motor_vehi": null, "sidewalk": null, "wikidata": null, "bridge_nam": null, "bridge_n_1": null, "bridge_n_2": null, "bridge_n_3": null, "bridge_n_4": null, "name_it": null, "name_fr": null, "name_es": null, "name_en": null, "name_de": null, "minspeed_m": null, "maxspeed_m": null, "layer": null, "bridge_n_5": null, "bridge": null, "toll": null, "start_date": null, "short_name": null, "motorcar": null, "minspeed": null, "maxspeed": null, "maxaxleloa": null, "lit": null, "horse": null, "emergency": null, "bicycle": null, "alt_name_f": null, "alt_name_e": null, "alt_name_1": null, "alt_name_d": null, "alt_name": "Bundaran Waru", "access": null, "hgv": null, "ref": "AH2;1", "junction": null, "width": null, "surface": "asphalt", "smoothness": null, "oneway": "yes", "name": "Jalan Raya Waru", "motorcyc_1": null, "lanes": null, "foot": null }, "geometry": { "type": "MultiLineString", "coordinates": [ [ [ 112.7283488, -7.3480111 ], [ 112.7281836, -7.347953 ], [ 112.7280645, -7.347894 ], [ 112.7279599, -7.3478062 ], [ 112.7278321, -7.347686 ] ] ] } },
{ "type": "Feature", "properties": { "full_id": "w297747575", "osm_id": "297747575", "osm_type": "way", "highway": "trunk", "turn_lanes": null, "tunnel": null, "hgv_condit": null, "cycleway_l": null, "cycleway_r": null, "motorcycle": null, "destinatio": null, "destinat_1": null, "motor_vehi": null, "sidewalk": null, "wikidata": null, "bridge_nam": null, "bridge_n_1": null, "bridge_n_2": null, "bridge_n_3": null, "bridge_n_4": null, "name_it": null, "name_fr": null, "name_es": null, "name_en": null, "name_de": null, "minspeed_m": null, "maxspeed_m": null, "layer": null, "bridge_n_5": null, "bridge": null, "toll": null, "start_date": null, "short_name": null, "motorcar": null, "minspeed": null, "maxspeed": null, "maxaxleloa": null, "lit": null, "horse": null, "emergency": null, "bicycle": null, "alt_name_f": null, "alt_name_e": null, "alt_name_1": null, "alt_name_d": null, "alt_name": "Bundaran Waru", "access": null, "hgv": null, "ref": "AH2;1", "junction": null, "width": null, "surface": "asphalt", "smoothness": null, "oneway": "yes", "name": "Jalan Raya Waru", "motorcyc_1": null, "lanes": null, "foot": null }, "geometry": { "type": "MultiLineString", "coordinates": [ [ [ 112.7292748, -7.3462602 ], [ 112.7292789, -7.3466855 ], [ 112.7292837, -7.3471946 ] ] ] } },
{ "type": "Feature", "properties": { "full_id": "w297747590", "osm_id": "297747590", "osm_type": "way", "highway": "trunk", "turn_lanes": null, "tunnel": null, "hgv_condit": null, "cycleway_l": null, "cycleway_r": null, "motorcycle": null, "destinatio": null, "destinat_1": null, "motor_vehi": null, "sidewalk": null, "wikidata": null, "bridge_nam": null, "bridge_n_1": null, "bridge_n_2": null, "bridge_n_3": null, "bridge_n_4": null, "name_it": null, "name_fr": null, "name_es": null, "name_en": null, "name_de": null, "minspeed_m": null, "maxspeed_m": null, "layer": null, "bridge_n_5": null, "bridge": null, "toll": null, "start_date": null, "short_name": null, "motorcar": null, "minspeed": null, "maxspeed": null, "maxaxleloa": null, "lit": null, "horse": null, "emergency": null, "bicycle": null, "alt_name_f": null, "alt_name_e": null, "alt_name_1": null, "alt_name_d": null, "alt_name": null, "access": null, "hgv": null, "ref": "AH2;1", "junction": null, "width": null, "surface": "asphalt", "smoothness": null, "oneway": "yes", "name": "Jalan Raya Waru", "motorcyc_1": null, "lanes": null, "foot": "yes" }, "geometry": { "type": "MultiLineString", "coordinates": [ [ [ 112.7293222, -7.3483615 ], [ 112.7293179, -7.3489649 ], [ 112.7292401, -7.3509784 ], [ 112.7292192, -7.3512335 ], [ 112.7292012, -7.3514352 ], [ 112.7291204, -7.3523414 ] ] ] } },
{ "type": "Feature", "properties": { "full_id": "w298798461", "osm_id": "298798461", "osm_type": "way", "highway": "trunk", "turn_lanes": null, "tunnel": null, "hgv_condit": null, "cycleway_l": null, "cycleway_r": null, "motorcycle": null, "destinatio": "Semarang", "destinat_1": null, "motor_vehi": null, "sidewalk": null, "wikidata": null, "bridge_nam": null, "bridge_n_1": null, "bridge_n_2": null, "bridge_n_3": null, "bridge_n_4": null, "name_it": null, "name_fr": null, "name_es": null, "name_en": null, "name_de": null, "minspeed_m": null, "maxspeed_m": null, "layer": null, "bridge_n_5": null, "bridge": null, "toll": null, "start_date": null, "short_name": null, "motorcar": null, "minspeed": null, "maxspeed": null, "maxaxleloa": null, "lit": null, "horse": null, "emergency": null, "bicycle": null, "alt_name_f": null, "alt_name_e": null, "alt_name_1": null, "alt_name_d": null, "alt_name": null, "access": null, "hgv": null, "ref": "1", "junction": null, "width": "6", "surface": "asphalt", "smoothness": "intermediate", "oneway": "yes", "name": "Jalan Gresik", "motorcyc_1": "yes", "lanes": "2", "foot": null }, "geometry": { "type": "MultiLineString", "coordinates": [ [ [ 112.7213462, -7.2324428 ], [ 112.7210305, -7.2323804 ], [ 112.7207769, -7.2323117 ], [ 112.7206479, -7.2322767 ], [ 112.7205939, -7.2322588 ], [ 112.7205691, -7.2322498 ], [ 112.7205487, -7.2322415 ], [ 112.7204574, -7.2321862 ] ] ] } },
{ "type": "Feature", "properties": { "full_id": "w298798468", "osm_id": "298798468", "osm_type": "way", "highway": "trunk", "turn_lanes": null, "tunnel": null, "hgv_condit": null, "cycleway_l": null, "cycleway_r": null, "motorcycle": null, "destinatio": null, "destinat_1": null, "motor_vehi": null, "sidewalk": null, "wikidata": null, "bridge_nam": null, "bridge_n_1": null, "bridge_n_2": null, "bridge_n_3": null, "bridge_n_4": null, "name_it": null, "name_fr": null, "name_es": null, "name_en": null, "name_de": null, "minspeed_m": null, "maxspeed_m": null, "layer": null, "bridge_n_5": null, "bridge": null, "toll": null, "start_date": null, "short_name": null, "motorcar": null, "minspeed": null, "maxspeed": null, "maxaxleloa": null, "lit": null, "horse": null, "emergency": null, "bicycle": null, "alt_name_f": null, "alt_name_e": null, "alt_name_1": null, "alt_name_d": null, "alt_name": null, "access": null, "hgv": null, "ref": "1", "junction": null, "width": null, "surface": "asphalt", "smoothness": null, "oneway": "yes", "name": "Jalan Raya Demak", "motorcyc_1": null, "lanes": null, "foot": null }, "geometry": { "type": "MultiLineString", "coordinates": [ [ [ 112.7202424, -7.2547841 ], [ 112.720255, -7.2546136 ] ] ] } },
{ "type": "Feature", "properties": { "full_id": "w298798473", "osm_id": "298798473", "osm_type": "way", "highway": "trunk", "turn_lanes": null, "tunnel": null, "hgv_condit": null, "cycleway_l": null, "cycleway_r": null, "motorcycle": null, "destinatio": null, "destinat_1": null, "motor_vehi": null, "sidewalk": null, "wikidata": null, "bridge_nam": null, "bridge_n_1": null, "bridge_n_2": null, "bridge_n_3": null, "bridge_n_4": null, "name_it": null, "name_fr": null, "name_es": null, "name_en": null, "name_de": null, "minspeed_m": null, "maxspeed_m": null, "layer": null, "bridge_n_5": null, "bridge": null, "toll": null, "start_date": null, "short_name": null, "motorcar": null, "minspeed": null, "maxspeed": null, "maxaxleloa": null, "lit": null, "horse": null, "emergency": null, "bicycle": null, "alt_name_f": null, "alt_name_e": null, "alt_name_1": null, "alt_name_d": null, "alt_name": null, "access": null, "hgv": null, "ref": null, "junction": null, "width": null, "surface": "asphalt", "smoothness": null, "oneway": "yes", "name": "Jalan Tembok Dukuh", "motorcyc_1": null, "lanes": null, "foot": null }, "geometry": { "type": "MultiLineString", "coordinates": [ [ [ 112.7202424, -7.2547841 ], [ 112.7203517, -7.2547907 ] ] ] } },
{ "type": "Feature", "properties": { "full_id": "w298798476", "osm_id": "298798476", "osm_type": "way", "highway": "trunk", "turn_lanes": null, "tunnel": null, "hgv_condit": null, "cycleway_l": null, "cycleway_r": null, "motorcycle": null, "destinatio": null, "destinat_1": null, "motor_vehi": null, "sidewalk": null, "wikidata": null, "bridge_nam": null, "bridge_n_1": null, "bridge_n_2": null, "bridge_n_3": null, "bridge_n_4": null, "name_it": null, "name_fr": null, "name_es": null, "name_en": null, "name_de": null, "minspeed_m": null, "maxspeed_m": null, "layer": null, "bridge_n_5": null, "bridge": null, "toll": null, "start_date": null, "short_name": null, "motorcar": null, "minspeed": null, "maxspeed": null, "maxaxleloa": null, "lit": null, "horse": null, "emergency": null, "bicycle": null, "alt_name_f": null, "alt_name_e": null, "alt_name_1": null, "alt_name_d": null, "alt_name": null, "access": null, "hgv": null, "ref": "1", "junction": null, "width": "8", "surface": "asphalt", "smoothness": "intermediate", "oneway": "yes", "name": "Jalan Raya Arjuno", "motorcyc_1": "yes", "lanes": "3", "foot": "yes" }, "geometry": { "type": "MultiLineString", "coordinates": [ [ [ 112.7270161, -7.2595549 ], [ 112.727069, -7.2591828 ], [ 112.7271, -7.2589652 ], [ 112.7271348, -7.2587382 ], [ 112.7271962, -7.258334 ], [ 112.7272332, -7.2580901 ], [ 112.7272388, -7.2580492 ] ] ] } },
{ "type": "Feature", "properties": { "full_id": "w298798486", "osm_id": "298798486", "osm_type": "way", "highway": "trunk", "turn_lanes": null, "tunnel": null, "hgv_condit": null, "cycleway_l": null, "cycleway_r": null, "motorcycle": null, "destinatio": null, "destinat_1": null, "motor_vehi": null, "sidewalk": null, "wikidata": null, "bridge_nam": null, "bridge_n_1": null, "bridge_n_2": null, "bridge_n_3": null, "bridge_n_4": null, "name_it": null, "name_fr": null, "name_es": null, "name_en": null, "name_de": null, "minspeed_m": null, "maxspeed_m": null, "layer": null, "bridge_n_5": null, "bridge": null, "toll": null, "start_date": null, "short_name": null, "motorcar": null, "minspeed": null, "maxspeed": null, "maxaxleloa": null, "lit": null, "horse": null, "emergency": null, "bicycle": null, "alt_name_f": null, "alt_name_e": null, "alt_name_1": null, "alt_name_d": null, "alt_name": null, "access": null, "hgv": null, "ref": "1", "junction": null, "width": "8", "surface": "asphalt", "smoothness": "intermediate", "oneway": "yes", "name": "Jalan Raya Arjuno", "motorcyc_1": "yes", "lanes": "3", "foot": "yes" }, "geometry": { "type": "MultiLineString", "coordinates": [ [ [ 112.7271377, -7.2598305 ], [ 112.7271361, -7.2598413 ], [ 112.7271158, -7.2599573 ], [ 112.7270658, -7.2602865 ], [ 112.7270436, -7.2604352 ], [ 112.7268711, -7.2615888 ], [ 112.7268384, -7.2618078 ], [ 112.7268254, -7.2618878 ], [ 112.7268048, -7.2620386 ], [ 112.7266988, -7.2627852 ], [ 112.7266532, -7.2631151 ], [ 112.7266201, -7.263495 ], [ 112.7266539, -7.2638395 ], [ 112.7266612, -7.2638662 ], [ 112.7267575, -7.2642187 ], [ 112.7268555, -7.264425 ], [ 112.726972, -7.26467 ], [ 112.7270912, -7.2649008 ], [ 112.7272268, -7.2651747 ], [ 112.7272692, -7.2652455 ], [ 112.7275128, -7.2657172 ], [ 112.7275366, -7.2657626 ], [ 112.727603, -7.265889 ], [ 112.7276184, -7.2659183 ], [ 112.7279219, -7.2665284 ], [ 112.7279501, -7.2665851 ], [ 112.7280071, -7.2666855 ], [ 112.7281121, -7.2668747 ], [ 112.7283622, -7.2673448 ], [ 112.7287058, -7.2679905 ], [ 112.7288457, -7.2683071 ] ] ] } },
{ "type": "Feature", "properties": { "full_id": "w298811678", "osm_id": "298811678", "osm_type": "way", "highway": "trunk", "turn_lanes": null, "tunnel": null, "hgv_condit": null, "cycleway_l": null, "cycleway_r": null, "motorcycle": null, "destinatio": null, "destinat_1": null, "motor_vehi": null, "sidewalk": null, "wikidata": null, "bridge_nam": null, "bridge_n_1": null, "bridge_n_2": null, "bridge_n_3": null, "bridge_n_4": null, "name_it": null, "name_fr": null, "name_es": null, "name_en": null, "name_de": null, "minspeed_m": null, "maxspeed_m": null, "layer": null, "bridge_n_5": null, "bridge": null, "toll": null, "start_date": null, "short_name": null, "motorcar": null, "minspeed": null, "maxspeed": null, "maxaxleloa": null, "lit": null, "horse": null, "emergency": null, "bicycle": null, "alt_name_f": null, "alt_name_e": null, "alt_name_1": null, "alt_name_d": null, "alt_name": "Jalan Ahmad Yani", "access": null, "hgv": null, "ref": "1", "junction": null, "width": "16", "surface": "asphalt", "smoothness": "good", "oneway": "yes", "name": "Jalan Jenderal Ahmad Yani", "motorcyc_1": "yes", "lanes": "4", "foot": "yes" }, "geometry": { "type": "MultiLineString", "coordinates": [ [ [ 112.7334198, -7.3192157 ], [ 112.7333964, -7.3193316 ], [ 112.732496, -7.3234989 ], [ 112.7322385, -7.3246909 ], [ 112.73183, -7.3265016 ], [ 112.7317417, -7.3268429 ] ] ] } },
{ "type": "Feature", "properties": { "full_id": "w298811682", "osm_id": "298811682", "osm_type": "way", "highway": "trunk", "turn_lanes": null, "tunnel": null, "hgv_condit": null, "cycleway_l": null, "cycleway_r": null, "motorcycle": null, "destinatio": null, "destinat_1": null, "motor_vehi": null, "sidewalk": null, "wikidata": null, "bridge_nam": null, "bridge_n_1": null, "bridge_n_2": null, "bridge_n_3": null, "bridge_n_4": null, "name_it": null, "name_fr": null, "name_es": null, "name_en": null, "name_de": null, "minspeed_m": null, "maxspeed_m": null, "layer": null, "bridge_n_5": null, "bridge": null, "toll": null, "start_date": null, "short_name": null, "motorcar": null, "minspeed": null, "maxspeed": null, "maxaxleloa": null, "lit": null, "horse": null, "emergency": null, "bicycle": null, "alt_name_f": null, "alt_name_e": null, "alt_name_1": null, "alt_name_d": null, "alt_name": null, "access": null, "hgv": null, "ref": null, "junction": null, "width": "16", "surface": "asphalt", "smoothness": "good", "oneway": "yes", "name": "Jalan Jenderal Achmad Yani", "motorcyc_1": "yes", "lanes": "4", "foot": null }, "geometry": { "type": "MultiLineString", "coordinates": [ [ [ 112.7350802, -7.3075183 ], [ 112.7350742, -7.3074667 ], [ 112.7350582, -7.3073785 ], [ 112.7350598, -7.3073161 ], [ 112.7350646, -7.3071274 ], [ 112.735082, -7.3069979 ], [ 112.735093, -7.3069164 ] ] ] } },
{ "type": "Feature", "properties": { "full_id": "w298811683", "osm_id": "298811683", "osm_type": "way", "highway": "trunk", "turn_lanes": null, "tunnel": null, "hgv_condit": null, "cycleway_l": null, "cycleway_r": null, "motorcycle": null, "destinatio": null, "destinat_1": null, "motor_vehi": null, "sidewalk": null, "wikidata": null, "bridge_nam": null, "bridge_n_1": null, "bridge_n_2": null, "bridge_n_3": null, "bridge_n_4": null, "name_it": null, "name_fr": null, "name_es": null, "name_en": null, "name_de": null, "minspeed_m": null, "maxspeed_m": null, "layer": null, "bridge_n_5": null, "bridge": null, "toll": null, "start_date": null, "short_name": null, "motorcar": null, "minspeed": null, "maxspeed": null, "maxaxleloa": null, "lit": null, "horse": null, "emergency": null, "bicycle": null, "alt_name_f": null, "alt_name_e": null, "alt_name_1": null, "alt_name_d": null, "alt_name": null, "access": null, "hgv": null, "ref": null, "junction": null, "width": "5", "surface": "asphalt", "smoothness": "good", "oneway": "yes", "name": "Jalan Semarang", "motorcyc_1": "yes", "lanes": "1", "foot": null }, "geometry": { "type": "MultiLineString", "coordinates": [ [ [ 112.7275975, -7.2559672 ], [ 112.7276525, -7.2558774 ] ] ] } },
{ "type": "Feature", "properties": { "full_id": "w298811685", "osm_id": "298811685", "osm_type": "way", "highway": "trunk", "turn_lanes": null, "tunnel": null, "hgv_condit": null, "cycleway_l": null, "cycleway_r": null, "motorcycle": null, "destinatio": null, "destinat_1": null, "motor_vehi": null, "sidewalk": null, "wikidata": null, "bridge_nam": null, "bridge_n_1": null, "bridge_n_2": null, "bridge_n_3": null, "bridge_n_4": null, "name_it": null, "name_fr": null, "name_es": null, "name_en": null, "name_de": null, "minspeed_m": null, "maxspeed_m": null, "layer": null, "bridge_n_5": null, "bridge": null, "toll": null, "start_date": null, "short_name": null, "motorcar": null, "minspeed": null, "maxspeed": null, "maxaxleloa": null, "lit": null, "horse": null, "emergency": null, "bicycle": null, "alt_name_f": null, "alt_name_e": null, "alt_name_1": null, "alt_name_d": null, "alt_name": null, "access": null, "hgv": null, "ref": "1", "junction": null, "width": "5", "surface": "asphalt", "smoothness": "good", "oneway": "yes", "name": "Jalan Semarang", "motorcyc_1": "yes", "lanes": "1", "foot": null }, "geometry": { "type": "MultiLineString", "coordinates": [ [ [ 112.7277604, -7.255896 ], [ 112.7277192, -7.2559788 ] ] ] } },
{ "type": "Feature", "properties": { "full_id": "w298811694", "osm_id": "298811694", "osm_type": "way", "highway": "trunk", "turn_lanes": null, "tunnel": null, "hgv_condit": null, "cycleway_l": null, "cycleway_r": null, "motorcycle": null, "destinatio": null, "destinat_1": null, "motor_vehi": null, "sidewalk": null, "wikidata": null, "bridge_nam": null, "bridge_n_1": null, "bridge_n_2": null, "bridge_n_3": null, "bridge_n_4": null, "name_it": null, "name_fr": null, "name_es": null, "name_en": null, "name_de": null, "minspeed_m": null, "maxspeed_m": null, "layer": null, "bridge_n_5": null, "bridge": null, "toll": null, "start_date": null, "short_name": null, "motorcar": null, "minspeed": null, "maxspeed": null, "maxaxleloa": null, "lit": null, "horse": null, "emergency": null, "bicycle": null, "alt_name_f": null, "alt_name_e": null, "alt_name_1": null, "alt_name_d": null, "alt_name": null, "access": null, "hgv": null, "ref": "1", "junction": null, "width": "8", "surface": "asphalt", "smoothness": "intermediate", "oneway": "yes", "name": "Jalan Raya Arjuno", "motorcyc_1": "yes", "lanes": "3", "foot": "yes" }, "geometry": { "type": "MultiLineString", "coordinates": [ [ [ 112.7288916, -7.2688534 ], [ 112.7288812, -7.2687757 ], [ 112.7288619, -7.2686985 ], [ 112.7288305, -7.2686378 ], [ 112.7287702, -7.2685216 ], [ 112.7286763, -7.2682768 ], [ 112.7285529, -7.2680134 ], [ 112.7284835, -7.2678774 ], [ 112.7281577, -7.2672384 ], [ 112.7278583, -7.2666971 ], [ 112.7278298, -7.2666432 ], [ 112.7278011, -7.2665868 ], [ 112.727416, -7.2658252 ], [ 112.7271178, -7.2652536 ], [ 112.7269793, -7.2649908 ], [ 112.7269245, -7.2648868 ], [ 112.7266831, -7.2644185 ], [ 112.7265702, -7.2641176 ], [ 112.7265168, -7.2638958 ], [ 112.7264927, -7.2637959 ], [ 112.7264709, -7.263511 ], [ 112.7265014, -7.2631448 ], [ 112.7265043, -7.2631099 ], [ 112.726536, -7.262888 ], [ 112.726572, -7.2626233 ], [ 112.7266011, -7.2623902 ], [ 112.7266377, -7.2620712 ], [ 112.7266575, -7.2619058 ], [ 112.7266611, -7.2618712 ], [ 112.7266755, -7.2617789 ], [ 112.7266896, -7.2616379 ], [ 112.7267021, -7.2615614 ], [ 112.7268773, -7.2604858 ], [ 112.7269283, -7.2601944 ], [ 112.7269833, -7.2598266 ] ] ] } },
{ "type": "Feature", "properties": { "full_id": "w298811699", "osm_id": "298811699", "osm_type": "way", "highway": "trunk", "turn_lanes": null, "tunnel": null, "hgv_condit": null, "cycleway_l": null, "cycleway_r": null, "motorcycle": null, "destinatio": null, "destinat_1": null, "motor_vehi": null, "sidewalk": null, "wikidata": null, "bridge_nam": null, "bridge_n_1": null, "bridge_n_2": null, "bridge_n_3": null, "bridge_n_4": null, "name_it": null, "name_fr": null, "name_es": null, "name_en": null, "name_de": null, "minspeed_m": null, "maxspeed_m": null, "layer": null, "bridge_n_5": null, "bridge": null, "toll": null, "start_date": null, "short_name": null, "motorcar": null, "minspeed": null, "maxspeed": null, "maxaxleloa": null, "lit": null, "horse": null, "emergency": null, "bicycle": null, "alt_name_f": null, "alt_name_e": null, "alt_name_1": null, "alt_name_d": null, "alt_name": null, "access": null, "hgv": null, "ref": null, "junction": null, "width": null, "surface": null, "smoothness": null, "oneway": "yes", "name": "Jalan Wonokromo", "motorcyc_1": null, "lanes": null, "foot": "yes" }, "geometry": { "type": "MultiLineString", "coordinates": [ [ [ 112.7369008, -7.302951 ], [ 112.7368777, -7.3031734 ], [ 112.7368646, -7.3032637 ], [ 112.7368485, -7.30335 ], [ 112.7368313, -7.3034371 ], [ 112.7367927, -7.3036045 ], [ 112.7367369, -7.3038418 ], [ 112.7366785, -7.3040846 ], [ 112.736604, -7.3044005 ], [ 112.7365926, -7.3044487 ], [ 112.7365667, -7.3045604 ], [ 112.7365074, -7.3048161 ] ] ] } },
{ "type": "Feature", "properties": { "full_id": "w299803064", "osm_id": "299803064", "osm_type": "way", "highway": "trunk", "turn_lanes": null, "tunnel": null, "hgv_condit": null, "cycleway_l": null, "cycleway_r": null, "motorcycle": null, "destinatio": null, "destinat_1": null, "motor_vehi": null, "sidewalk": null, "wikidata": null, "bridge_nam": null, "bridge_n_1": null, "bridge_n_2": null, "bridge_n_3": null, "bridge_n_4": null, "name_it": null, "name_fr": null, "name_es": null, "name_en": null, "name_de": null, "minspeed_m": null, "maxspeed_m": null, "layer": null, "bridge_n_5": null, "bridge": null, "toll": null, "start_date": null, "short_name": null, "motorcar": null, "minspeed": null, "maxspeed": null, "maxaxleloa": null, "lit": null, "horse": null, "emergency": null, "bicycle": null, "alt_name_f": null, "alt_name_e": null, "alt_name_1": null, "alt_name_d": null, "alt_name": null, "access": null, "hgv": null, "ref": "1", "junction": null, "width": null, "surface": "asphalt", "smoothness": null, "oneway": "yes", "name": null, "motorcyc_1": null, "lanes": "1", "foot": null }, "geometry": { "type": "MultiLineString", "coordinates": [ [ [ 112.6458953, -7.1957969 ], [ 112.6459503, -7.1960259 ], [ 112.6460236, -7.1962744 ], [ 112.6460991, -7.1964694 ], [ 112.646343, -7.196978 ] ] ] } },
{ "type": "Feature", "properties": { "full_id": "w307395963", "osm_id": "307395963", "osm_type": "way", "highway": "trunk", "turn_lanes": null, "tunnel": null, "hgv_condit": null, "cycleway_l": null, "cycleway_r": null, "motorcycle": null, "destinatio": null, "destinat_1": null, "motor_vehi": null, "sidewalk": null, "wikidata": null, "bridge_nam": null, "bridge_n_1": null, "bridge_n_2": null, "bridge_n_3": null, "bridge_n_4": null, "name_it": null, "name_fr": null, "name_es": null, "name_en": null, "name_de": null, "minspeed_m": null, "maxspeed_m": null, "layer": null, "bridge_n_5": null, "bridge": null, "toll": null, "start_date": null, "short_name": null, "motorcar": null, "minspeed": null, "maxspeed": null, "maxaxleloa": null, "lit": null, "horse": null, "emergency": null, "bicycle": null, "alt_name_f": null, "alt_name_e": null, "alt_name_1": null, "alt_name_d": null, "alt_name": null, "access": null, "hgv": null, "ref": "1", "junction": null, "width": null, "surface": "asphalt", "smoothness": null, "oneway": "yes", "name": "Jalan Raya Diponegoro", "motorcyc_1": null, "lanes": null, "foot": null }, "geometry": { "type": "MultiLineString", "coordinates": [ [ [ 112.7360561, -7.2896738 ], [ 112.7360668, -7.2896952 ], [ 112.7362253, -7.290013 ], [ 112.736276, -7.2901146 ] ] ] } },
{ "type": "Feature", "properties": { "full_id": "w307395964", "osm_id": "307395964", "osm_type": "way", "highway": "trunk", "turn_lanes": null, "tunnel": null, "hgv_condit": null, "cycleway_l": null, "cycleway_r": null, "motorcycle": null, "destinatio": null, "destinat_1": null, "motor_vehi": null, "sidewalk": null, "wikidata": null, "bridge_nam": null, "bridge_n_1": null, "bridge_n_2": null, "bridge_n_3": null, "bridge_n_4": null, "name_it": null, "name_fr": null, "name_es": null, "name_en": null, "name_de": null, "minspeed_m": null, "maxspeed_m": null, "layer": "1", "bridge_n_5": null, "bridge": "yes", "toll": null, "start_date": null, "short_name": null, "motorcar": null, "minspeed": null, "maxspeed": null, "maxaxleloa": null, "lit": null, "horse": null, "emergency": null, "bicycle": null, "alt_name_f": null, "alt_name_e": null, "alt_name_1": null, "alt_name_d": null, "alt_name": null, "access": null, "hgv": null, "ref": "1", "junction": null, "width": null, "surface": "asphalt", "smoothness": null, "oneway": "yes", "name": "Jalan Raya Diponegoro", "motorcyc_1": null, "lanes": null, "foot": null }, "geometry": { "type": "MultiLineString", "coordinates": [ [ [ 112.7358769, -7.2897731 ], [ 112.7358097, -7.2896412 ] ] ] } },
{ "type": "Feature", "properties": { "full_id": "w307395966", "osm_id": "307395966", "osm_type": "way", "highway": "trunk", "turn_lanes": null, "tunnel": null, "hgv_condit": null, "cycleway_l": null, "cycleway_r": null, "motorcycle": null, "destinatio": null, "destinat_1": null, "motor_vehi": null, "sidewalk": null, "wikidata": null, "bridge_nam": null, "bridge_n_1": null, "bridge_n_2": null, "bridge_n_3": null, "bridge_n_4": null, "name_it": null, "name_fr": null, "name_es": null, "name_en": null, "name_de": null, "minspeed_m": null, "maxspeed_m": null, "layer": "1", "bridge_n_5": null, "bridge": "yes", "toll": null, "start_date": null, "short_name": null, "motorcar": null, "minspeed": null, "maxspeed": null, "maxaxleloa": null, "lit": null, "horse": null, "emergency": null, "bicycle": null, "alt_name_f": null, "alt_name_e": null, "alt_name_1": null, "alt_name_d": null, "alt_name": null, "access": null, "hgv": null, "ref": "1", "junction": null, "width": null, "surface": "asphalt", "smoothness": null, "oneway": "yes", "name": "Jalan Raya Diponegoro", "motorcyc_1": null, "lanes": null, "foot": null }, "geometry": { "type": "MultiLineString", "coordinates": [ [ [ 112.7360025, -7.2895663 ], [ 112.7360561, -7.2896738 ] ] ] } },
{ "type": "Feature", "properties": { "full_id": "w307395967", "osm_id": "307395967", "osm_type": "way", "highway": "trunk", "turn_lanes": null, "tunnel": null, "hgv_condit": null, "cycleway_l": null, "cycleway_r": null, "motorcycle": null, "destinatio": null, "destinat_1": null, "motor_vehi": null, "sidewalk": null, "wikidata": null, "bridge_nam": null, "bridge_n_1": null, "bridge_n_2": null, "bridge_n_3": null, "bridge_n_4": null, "name_it": null, "name_fr": null, "name_es": null, "name_en": null, "name_de": null, "minspeed_m": null, "maxspeed_m": null, "layer": null, "bridge_n_5": null, "bridge": null, "toll": null, "start_date": null, "short_name": null, "motorcar": null, "minspeed": null, "maxspeed": null, "maxaxleloa": null, "lit": null, "horse": null, "emergency": null, "bicycle": null, "alt_name_f": null, "alt_name_e": null, "alt_name_1": null, "alt_name_d": null, "alt_name": null, "access": null, "hgv": null, "ref": "1", "junction": null, "width": null, "surface": "asphalt", "smoothness": null, "oneway": "yes", "name": "Jalan Raya Diponegoro", "motorcyc_1": null, "lanes": null, "foot": "yes" }, "geometry": { "type": "MultiLineString", "coordinates": [ [ [ 112.7358097, -7.2896412 ], [ 112.7355865, -7.2892031 ], [ 112.735278, -7.2885899 ], [ 112.7351211, -7.2882666 ], [ 112.7350656, -7.2881531 ], [ 112.7350222, -7.2880643 ] ] ] } },
{ "type": "Feature", "properties": { "full_id": "w310948644", "osm_id": "310948644", "osm_type": "way", "highway": "trunk", "turn_lanes": null, "tunnel": null, "hgv_condit": null, "cycleway_l": null, "cycleway_r": null, "motorcycle": null, "destinatio": "Taman;Bungurasih;Mojokerto", "destinat_1": null, "motor_vehi": null, "sidewalk": null, "wikidata": null, "bridge_nam": null, "bridge_n_1": null, "bridge_n_2": null, "bridge_n_3": null, "bridge_n_4": null, "name_it": null, "name_fr": null, "name_es": null, "name_en": null, "name_de": null, "minspeed_m": null, "maxspeed_m": null, "layer": null, "bridge_n_5": null, "bridge": null, "toll": null, "start_date": null, "short_name": null, "motorcar": null, "minspeed": null, "maxspeed": null, "maxaxleloa": null, "lit": null, "horse": null, "emergency": null, "bicycle": null, "alt_name_f": null, "alt_name_e": null, "alt_name_1": null, "alt_name_d": null, "alt_name": null, "access": null, "hgv": null, "ref": "AH2", "junction": null, "width": null, "surface": "asphalt", "smoothness": null, "oneway": "yes", "name": "Jalan Bypass Waru", "motorcyc_1": null, "lanes": null, "foot": null }, "geometry": { "type": "MultiLineString", "coordinates": [ [ [ 112.716231, -7.3477776 ], [ 112.7161874, -7.3478068 ], [ 112.7141168, -7.3493211 ] ] ] } },
{ "type": "Feature", "properties": { "full_id": "w313526148", "osm_id": "313526148", "osm_type": "way", "highway": "trunk", "turn_lanes": null, "tunnel": null, "hgv_condit": null, "cycleway_l": null, "cycleway_r": null, "motorcycle": null, "destinatio": null, "destinat_1": null, "motor_vehi": null, "sidewalk": null, "wikidata": null, "bridge_nam": null, "bridge_n_1": null, "bridge_n_2": null, "bridge_n_3": null, "bridge_n_4": null, "name_it": null, "name_fr": null, "name_es": null, "name_en": null, "name_de": null, "minspeed_m": null, "maxspeed_m": null, "layer": "1", "bridge_n_5": null, "bridge": "yes", "toll": null, "start_date": null, "short_name": null, "motorcar": null, "minspeed": null, "maxspeed": null, "maxaxleloa": null, "lit": null, "horse": null, "emergency": null, "bicycle": null, "alt_name_f": null, "alt_name_e": null, "alt_name_1": null, "alt_name_d": null, "alt_name": null, "access": null, "hgv": null, "ref": "1", "junction": null, "width": null, "surface": "asphalt", "smoothness": null, "oneway": "yes", "name": "Fly Over Pasar Kembang", "motorcyc_1": null, "lanes": "2", "foot": "no" }, "geometry": { "type": "MultiLineString", "coordinates": [ [ [ 112.7272444, -7.2736028 ], [ 112.7270315, -7.274143 ], [ 112.7269272, -7.2744094 ], [ 112.7268787, -7.2745634 ], [ 112.7268549, -7.2747121 ], [ 112.7268619, -7.2749371 ], [ 112.7268801, -7.2750503 ], [ 112.7269342, -7.27521 ], [ 112.7269937, -7.2753089 ], [ 112.7270557, -7.2754099 ], [ 112.7272645, -7.2757133 ], [ 112.7275881, -7.2761252 ] ] ] } },
{ "type": "Feature", "properties": { "full_id": "w313526156", "osm_id": "313526156", "osm_type": "way", "highway": "trunk", "turn_lanes": null, "tunnel": null, "hgv_condit": null, "cycleway_l": null, "cycleway_r": null, "motorcycle": null, "destinatio": null, "destinat_1": null, "motor_vehi": null, "sidewalk": null, "wikidata": null, "bridge_nam": null, "bridge_n_1": null, "bridge_n_2": null, "bridge_n_3": null, "bridge_n_4": null, "name_it": null, "name_fr": null, "name_es": null, "name_en": null, "name_de": null, "minspeed_m": null, "maxspeed_m": null, "layer": null, "bridge_n_5": null, "bridge": null, "toll": null, "start_date": null, "short_name": null, "motorcar": null, "minspeed": null, "maxspeed": null, "maxaxleloa": null, "lit": null, "horse": null, "emergency": null, "bicycle": null, "alt_name_f": null, "alt_name_e": null, "alt_name_1": null, "alt_name_d": null, "alt_name": null, "access": null, "hgv": null, "ref": "1", "junction": null, "width": null, "surface": "asphalt", "smoothness": null, "oneway": "yes", "name": "Fly Over Pasar Kembang", "motorcyc_1": null, "lanes": "2", "foot": "no" }, "geometry": { "type": "MultiLineString", "coordinates": [ [ [ 112.7276759, -7.2723156 ], [ 112.7278878, -7.2717367 ] ] ] } },
{ "type": "Feature", "properties": { "full_id": "w313526157", "osm_id": "313526157", "osm_type": "way", "highway": "trunk", "turn_lanes": null, "tunnel": null, "hgv_condit": null, "cycleway_l": null, "cycleway_r": null, "motorcycle": null, "destinatio": null, "destinat_1": null, "motor_vehi": null, "sidewalk": null, "wikidata": null, "bridge_nam": null, "bridge_n_1": null, "bridge_n_2": null, "bridge_n_3": null, "bridge_n_4": null, "name_it": null, "name_fr": null, "name_es": null, "name_en": null, "name_de": null, "minspeed_m": null, "maxspeed_m": null, "layer": "1", "bridge_n_5": null, "bridge": "yes", "toll": null, "start_date": null, "short_name": null, "motorcar": null, "minspeed": null, "maxspeed": null, "maxaxleloa": null, "lit": null, "horse": null, "emergency": null, "bicycle": null, "alt_name_f": null, "alt_name_e": null, "alt_name_1": null, "alt_name_d": null, "alt_name": null, "access": null, "hgv": null, "ref": "1", "junction": null, "width": null, "surface": "asphalt", "smoothness": null, "oneway": "yes", "name": "Fly Over Pasar Kembang", "motorcyc_1": null, "lanes": "2", "foot": "no" }, "geometry": { "type": "MultiLineString", "coordinates": [ [ [ 112.7275546, -7.2761545 ], [ 112.7272202, -7.2757562 ], [ 112.7270579, -7.2755281 ], [ 112.7269668, -7.2754089 ], [ 112.7269053, -7.2753235 ], [ 112.7268408, -7.2751761 ], [ 112.7267901, -7.2749931 ], [ 112.7267767, -7.274734 ], [ 112.7267983, -7.2745812 ], [ 112.7268548, -7.2743638 ], [ 112.7269337, -7.2741377 ], [ 112.7271285, -7.2736721 ], [ 112.727167, -7.2735766 ] ] ] } },
{ "type": "Feature", "properties": { "full_id": "w313526159", "osm_id": "313526159", "osm_type": "way", "highway": "trunk", "turn_lanes": null, "tunnel": null, "hgv_condit": null, "cycleway_l": null, "cycleway_r": null, "motorcycle": null, "destinatio": null, "destinat_1": null, "motor_vehi": null, "sidewalk": null, "wikidata": null, "bridge_nam": null, "bridge_n_1": null, "bridge_n_2": null, "bridge_n_3": null, "bridge_n_4": null, "name_it": null, "name_fr": null, "name_es": null, "name_en": null, "name_de": null, "minspeed_m": null, "maxspeed_m": null, "layer": null, "bridge_n_5": null, "bridge": null, "toll": null, "start_date": null, "short_name": null, "motorcar": null, "minspeed": null, "maxspeed": null, "maxaxleloa": null, "lit": null, "horse": null, "emergency": null, "bicycle": null, "alt_name_f": null, "alt_name_e": null, "alt_name_1": null, "alt_name_d": null, "alt_name": null, "access": null, "hgv": null, "ref": "1", "junction": null, "width": "8", "surface": "asphalt", "smoothness": "intermediate", "oneway": "yes", "name": "Jalan Pasar Kembang", "motorcyc_1": "yes", "lanes": "3", "foot": "yes" }, "geometry": { "type": "MultiLineString", "coordinates": [ [ [ 112.7278878, -7.2717367 ], [ 112.7279062, -7.2716865 ], [ 112.7279237, -7.2716387 ], [ 112.7281865, -7.2709217 ], [ 112.7283247, -7.2705832 ], [ 112.728669, -7.2697316 ], [ 112.7287045, -7.2696242 ], [ 112.728748, -7.2694923 ], [ 112.7288469, -7.2691757 ], [ 112.728866, -7.269087 ] ] ] } },
{ "type": "Feature", "properties": { "full_id": "w313526160", "osm_id": "313526160", "osm_type": "way", "highway": "trunk", "turn_lanes": null, "tunnel": null, "hgv_condit": null, "cycleway_l": null, "cycleway_r": null, "motorcycle": null, "destinatio": null, "destinat_1": null, "motor_vehi": null, "sidewalk": null, "wikidata": null, "bridge_nam": null, "bridge_n_1": null, "bridge_n_2": null, "bridge_n_3": null, "bridge_n_4": null, "name_it": null, "name_fr": null, "name_es": null, "name_en": null, "name_de": null, "minspeed_m": null, "maxspeed_m": null, "layer": null, "bridge_n_5": null, "bridge": null, "toll": null, "start_date": null, "short_name": null, "motorcar": null, "minspeed": null, "maxspeed": null, "maxaxleloa": null, "lit": null, "horse": null, "emergency": null, "bicycle": null, "alt_name_f": null, "alt_name_e": null, "alt_name_1": null, "alt_name_d": null, "alt_name": null, "access": null, "hgv": null, "ref": "1", "junction": null, "width": null, "surface": "asphalt", "smoothness": null, "oneway": "yes", "name": "Fly Over Pasar Kembang", "motorcyc_1": null, "lanes": "2", "foot": "no" }, "geometry": { "type": "MultiLineString", "coordinates": [ [ [ 112.7279895, -7.2717675 ], [ 112.7277414, -7.2723412 ] ] ] } },
{ "type": "Feature", "properties": { "full_id": "w313526164", "osm_id": "313526164", "osm_type": "way", "highway": "trunk", "turn_lanes": null, "tunnel": null, "hgv_condit": null, "cycleway_l": null, "cycleway_r": null, "motorcycle": null, "destinatio": null, "destinat_1": null, "motor_vehi": null, "sidewalk": null, "wikidata": null, "bridge_nam": null, "bridge_n_1": null, "bridge_n_2": null, "bridge_n_3": null, "bridge_n_4": null, "name_it": null, "name_fr": null, "name_es": null, "name_en": null, "name_de": null, "minspeed_m": null, "maxspeed_m": null, "layer": "1", "bridge_n_5": null, "bridge": "yes", "toll": null, "start_date": null, "short_name": null, "motorcar": null, "minspeed": null, "maxspeed": null, "maxaxleloa": null, "lit": null, "horse": null, "emergency": null, "bicycle": null, "alt_name_f": null, "alt_name_e": null, "alt_name_1": null, "alt_name_d": null, "alt_name": null, "access": null, "hgv": null, "ref": "1", "junction": null, "width": null, "surface": "asphalt", "smoothness": null, "oneway": "yes", "name": "Fly Over Pasar Kembang", "motorcyc_1": null, "lanes": "2", "foot": "no" }, "geometry": { "type": "MultiLineString", "coordinates": [ [ [ 112.7285805, -7.2774498 ], [ 112.7285297, -7.2773881 ], [ 112.7275546, -7.2761545 ] ] ] } },
{ "type": "Feature", "properties": { "full_id": "w313527012", "osm_id": "313527012", "osm_type": "way", "highway": "trunk", "turn_lanes": null, "tunnel": null, "hgv_condit": null, "cycleway_l": null, "cycleway_r": null, "motorcycle": null, "destinatio": null, "destinat_1": null, "motor_vehi": null, "sidewalk": null, "wikidata": null, "bridge_nam": null, "bridge_n_1": null, "bridge_n_2": null, "bridge_n_3": null, "bridge_n_4": null, "name_it": null, "name_fr": null, "name_es": null, "name_en": null, "name_de": null, "minspeed_m": null, "maxspeed_m": null, "layer": null, "bridge_n_5": null, "bridge": null, "toll": null, "start_date": null, "short_name": null, "motorcar": null, "minspeed": null, "maxspeed": null, "maxaxleloa": null, "lit": null, "horse": null, "emergency": null, "bicycle": null, "alt_name_f": null, "alt_name_e": null, "alt_name_1": null, "alt_name_d": null, "alt_name": null, "access": null, "hgv": null, "ref": null, "junction": null, "width": "6", "surface": "asphalt", "smoothness": "intermediate", "oneway": "yes", "name": "Jalan Gresik", "motorcyc_1": "yes", "lanes": "2", "foot": null }, "geometry": { "type": "MultiLineString", "coordinates": [ [ [ 112.7214499, -7.2324734 ], [ 112.7213462, -7.2324428 ] ] ] } },
{ "type": "Feature", "properties": { "full_id": "w313527013", "osm_id": "313527013", "osm_type": "way", "highway": "trunk", "turn_lanes": null, "tunnel": null, "hgv_condit": null, "cycleway_l": null, "cycleway_r": null, "motorcycle": null, "destinatio": null, "destinat_1": null, "motor_vehi": null, "sidewalk": null, "wikidata": null, "bridge_nam": null, "bridge_n_1": null, "bridge_n_2": null, "bridge_n_3": null, "bridge_n_4": null, "name_it": null, "name_fr": null, "name_es": null, "name_en": null, "name_de": null, "minspeed_m": null, "maxspeed_m": null, "layer": null, "bridge_n_5": null, "bridge": null, "toll": null, "start_date": null, "short_name": null, "motorcar": null, "minspeed": null, "maxspeed": null, "maxaxleloa": null, "lit": null, "horse": null, "emergency": null, "bicycle": null, "alt_name_f": null, "alt_name_e": null, "alt_name_1": null, "alt_name_d": null, "alt_name": null, "access": null, "hgv": null, "ref": null, "junction": null, "width": null, "surface": "asphalt", "smoothness": null, "oneway": "yes", "name": "Jalan Raya Demak", "motorcyc_1": null, "lanes": null, "foot": null }, "geometry": { "type": "MultiLineString", "coordinates": [ [ [ 112.7203517, -7.2547907 ], [ 112.7203462, -7.2548833 ] ] ] } },
{ "type": "Feature", "properties": { "full_id": "w313527014", "osm_id": "313527014", "osm_type": "way", "highway": "trunk", "turn_lanes": null, "tunnel": null, "hgv_condit": null, "cycleway_l": null, "cycleway_r": null, "motorcycle": null, "destinatio": "Tanjung Perak;Jembatan Merah", "destinat_1": null, "motor_vehi": null, "sidewalk": null, "wikidata": null, "bridge_nam": null, "bridge_n_1": null, "bridge_n_2": null, "bridge_n_3": null, "bridge_n_4": null, "name_it": null, "name_fr": null, "name_es": null, "name_en": null, "name_de": null, "minspeed_m": null, "maxspeed_m": null, "layer": null, "bridge_n_5": null, "bridge": null, "toll": null, "start_date": null, "short_name": null, "motorcar": null, "minspeed": null, "maxspeed": null, "maxaxleloa": null, "lit": null, "horse": null, "emergency": null, "bicycle": null, "alt_name_f": null, "alt_name_e": null, "alt_name_1": null, "alt_name_d": null, "alt_name": null, "access": null, "hgv": null, "ref": null, "junction": null, "width": "6", "surface": "asphalt", "smoothness": "intermediate", "oneway": "yes", "name": "Jalan Gresik", "motorcyc_1": "yes", "lanes": "2", "foot": null }, "geometry": { "type": "MultiLineString", "coordinates": [ [ [ 112.7214754, -7.2323579 ], [ 112.721835, -7.2324258 ], [ 112.7219819, -7.232456 ], [ 112.7222161, -7.2324938 ], [ 112.7222683, -7.2325037 ], [ 112.7229051, -7.2326159 ], [ 112.7234859, -7.2327241 ], [ 112.7235728, -7.2327683 ], [ 112.7235985, -7.2327814 ], [ 112.7236896, -7.2328366 ] ] ] } },
{ "type": "Feature", "properties": { "full_id": "w313527015", "osm_id": "313527015", "osm_type": "way", "highway": "trunk", "turn_lanes": null, "tunnel": null, "hgv_condit": null, "cycleway_l": null, "cycleway_r": null, "motorcycle": null, "destinatio": null, "destinat_1": null, "motor_vehi": null, "sidewalk": null, "wikidata": null, "bridge_nam": null, "bridge_n_1": null, "bridge_n_2": null, "bridge_n_3": null, "bridge_n_4": null, "name_it": null, "name_fr": null, "name_es": null, "name_en": null, "name_de": null, "minspeed_m": null, "maxspeed_m": null, "layer": null, "bridge_n_5": null, "bridge": null, "toll": null, "start_date": null, "short_name": null, "motorcar": null, "minspeed": null, "maxspeed": null, "maxaxleloa": null, "lit": null, "horse": null, "emergency": null, "bicycle": null, "alt_name_f": null, "alt_name_e": null, "alt_name_1": null, "alt_name_d": null, "alt_name": null, "access": null, "hgv": null, "ref": null, "junction": null, "width": null, "surface": "asphalt", "smoothness": null, "oneway": "yes", "name": "Jalan Raya Demak", "motorcyc_1": null, "lanes": null, "foot": null }, "geometry": { "type": "MultiLineString", "coordinates": [ [ [ 112.7213462, -7.2324428 ], [ 112.7213744, -7.2323328 ] ] ] } },
{ "type": "Feature", "properties": { "full_id": "w313527017", "osm_id": "313527017", "osm_type": "way", "highway": "trunk", "turn_lanes": null, "tunnel": null, "hgv_condit": null, "cycleway_l": null, "cycleway_r": null, "motorcycle": null, "destinatio": null, "destinat_1": null, "motor_vehi": null, "sidewalk": null, "wikidata": null, "bridge_nam": null, "bridge_n_1": null, "bridge_n_2": null, "bridge_n_3": null, "bridge_n_4": null, "name_it": null, "name_fr": null, "name_es": null, "name_en": null, "name_de": null, "minspeed_m": null, "maxspeed_m": null, "layer": null, "bridge_n_5": null, "bridge": null, "toll": null, "start_date": null, "short_name": null, "motorcar": null, "minspeed": null, "maxspeed": null, "maxaxleloa": null, "lit": null, "horse": null, "emergency": null, "bicycle": null, "alt_name_f": null, "alt_name_e": null, "alt_name_1": null, "alt_name_d": null, "alt_name": null, "access": null, "hgv": null, "ref": "1", "junction": null, "width": "6", "surface": "asphalt", "smoothness": "intermediate", "oneway": "no", "name": "Jalan Gresik", "motorcyc_1": "yes", "lanes": "4", "foot": null }, "geometry": { "type": "MultiLineString", "coordinates": [ [ [ 112.7204574, -7.2321862 ], [ 112.7199994, -7.2320792 ], [ 112.7198072, -7.2320442 ], [ 112.7197595, -7.2320344 ], [ 112.7197329, -7.2320264 ], [ 112.7197187, -7.2320228 ], [ 112.7196809, -7.2320127 ] ] ] } },
{ "type": "Feature", "properties": { "full_id": "w313527020", "osm_id": "313527020", "osm_type": "way", "highway": "trunk", "turn_lanes": null, "tunnel": null, "hgv_condit": null, "cycleway_l": null, "cycleway_r": null, "motorcycle": null, "destinatio": null, "destinat_1": null, "motor_vehi": null, "sidewalk": null, "wikidata": null, "bridge_nam": null, "bridge_n_1": null, "bridge_n_2": null, "bridge_n_3": null, "bridge_n_4": null, "name_it": null, "name_fr": null, "name_es": null, "name_en": null, "name_de": null, "minspeed_m": null, "maxspeed_m": null, "layer": null, "bridge_n_5": null, "bridge": null, "toll": null, "start_date": null, "short_name": null, "motorcar": null, "minspeed": null, "maxspeed": null, "maxaxleloa": null, "lit": null, "horse": null, "emergency": null, "bicycle": null, "alt_name_f": null, "alt_name_e": null, "alt_name_1": null, "alt_name_d": null, "alt_name": null, "access": null, "hgv": null, "ref": "1", "junction": null, "width": "6", "surface": "asphalt", "smoothness": "good", "oneway": "yes", "name": "Jalan Raya Demak", "motorcyc_1": "yes", "lanes": "3", "foot": "yes" }, "geometry": { "type": "MultiLineString", "coordinates": [ [ [ 112.7206503, -7.2362112 ], [ 112.7206018, -7.2364524 ], [ 112.7205177, -7.2368361 ], [ 112.7204956, -7.2369883 ], [ 112.7204932, -7.2371771 ], [ 112.7205329, -7.2378577 ], [ 112.7206073, -7.239087 ], [ 112.7206181, -7.2392362 ], [ 112.720622, -7.2392896 ], [ 112.7207025, -7.2403191 ] ] ] } },
{ "type": "Feature", "properties": { "full_id": "w313527021", "osm_id": "313527021", "osm_type": "way", "highway": "trunk", "turn_lanes": null, "tunnel": null, "hgv_condit": null, "cycleway_l": null, "cycleway_r": null, "motorcycle": null, "destinatio": null, "destinat_1": null, "motor_vehi": null, "sidewalk": null, "wikidata": null, "bridge_nam": null, "bridge_n_1": null, "bridge_n_2": null, "bridge_n_3": null, "bridge_n_4": null, "name_it": null, "name_fr": null, "name_es": null, "name_en": null, "name_de": null, "minspeed_m": null, "maxspeed_m": null, "layer": null, "bridge_n_5": null, "bridge": null, "toll": null, "start_date": null, "short_name": null, "motorcar": null, "minspeed": null, "maxspeed": null, "maxaxleloa": null, "lit": null, "horse": null, "emergency": null, "bicycle": null, "alt_name_f": null, "alt_name_e": null, "alt_name_1": null, "alt_name_d": null, "alt_name": null, "access": null, "hgv": null, "ref": "1", "junction": null, "width": "6", "surface": "asphalt", "smoothness": "intermediate", "oneway": "yes", "name": "Jalan Gresik", "motorcyc_1": "yes", "lanes": "2", "foot": null }, "geometry": { "type": "MultiLineString", "coordinates": [ [ [ 112.7213744, -7.2323328 ], [ 112.7214754, -7.2323579 ] ] ] } },
{ "type": "Feature", "properties": { "full_id": "w317370537", "osm_id": "317370537", "osm_type": "way", "highway": "trunk", "turn_lanes": null, "tunnel": null, "hgv_condit": null, "cycleway_l": null, "cycleway_r": null, "motorcycle": null, "destinatio": null, "destinat_1": null, "motor_vehi": null, "sidewalk": null, "wikidata": null, "bridge_nam": null, "bridge_n_1": null, "bridge_n_2": null, "bridge_n_3": null, "bridge_n_4": null, "name_it": null, "name_fr": null, "name_es": null, "name_en": null, "name_de": null, "minspeed_m": null, "maxspeed_m": null, "layer": null, "bridge_n_5": null, "bridge": null, "toll": null, "start_date": null, "short_name": null, "motorcar": null, "minspeed": null, "maxspeed": null, "maxaxleloa": null, "lit": null, "horse": null, "emergency": null, "bicycle": null, "alt_name_f": null, "alt_name_e": null, "alt_name_1": null, "alt_name_d": null, "alt_name": null, "access": null, "hgv": null, "ref": null, "junction": null, "width": "6", "surface": "asphalt", "smoothness": "intermediate", "oneway": "yes", "name": "Jalan Perak", "motorcyc_1": "yes", "lanes": "3", "foot": null }, "geometry": { "type": "MultiLineString", "coordinates": [ [ [ 112.7330487, -7.2001463 ], [ 112.7332171, -7.2010624 ], [ 112.7332877, -7.2014348 ], [ 112.7333145, -7.2015763 ], [ 112.7333238, -7.2016169 ], [ 112.7334566, -7.2023058 ], [ 112.733621, -7.2031582 ], [ 112.7336411, -7.203256 ], [ 112.7337275, -7.2037279 ], [ 112.7338643, -7.2043947 ], [ 112.7339324, -7.2047904 ], [ 112.7339759, -7.2050505 ], [ 112.7340019, -7.205194 ], [ 112.7341833, -7.2062486 ], [ 112.7342197, -7.2064605 ] ] ] } },
{ "type": "Feature", "properties": { "full_id": "w321463544", "osm_id": "321463544", "osm_type": "way", "highway": "trunk", "turn_lanes": null, "tunnel": null, "hgv_condit": null, "cycleway_l": null, "cycleway_r": null, "motorcycle": null, "destinatio": null, "destinat_1": null, "motor_vehi": null, "sidewalk": null, "wikidata": null, "bridge_nam": null, "bridge_n_1": null, "bridge_n_2": null, "bridge_n_3": null, "bridge_n_4": null, "name_it": null, "name_fr": null, "name_es": null, "name_en": null, "name_de": null, "minspeed_m": null, "maxspeed_m": null, "layer": null, "bridge_n_5": null, "bridge": null, "toll": null, "start_date": null, "short_name": null, "motorcar": null, "minspeed": null, "maxspeed": null, "maxaxleloa": null, "lit": null, "horse": null, "emergency": null, "bicycle": null, "alt_name_f": null, "alt_name_e": null, "alt_name_1": null, "alt_name_d": null, "alt_name": null, "access": null, "hgv": null, "ref": "1", "junction": null, "width": "8", "surface": "asphalt", "smoothness": "intermediate", "oneway": "yes", "name": "Jalan Tambak Osowilangun", "motorcyc_1": "yes", "lanes": "2", "foot": "yes" }, "geometry": { "type": "MultiLineString", "coordinates": [ [ [ 112.6821788, -7.2297018 ], [ 112.6820724, -7.2296997 ], [ 112.6819577, -7.2296957 ], [ 112.6814372, -7.2296965 ], [ 112.6810437, -7.2296991 ], [ 112.6803276, -7.2297243 ], [ 112.6799552, -7.2297164 ], [ 112.6795148, -7.2297275 ], [ 112.6790857, -7.2297348 ], [ 112.6790361, -7.2297356 ], [ 112.6786662, -7.2297461 ], [ 112.6786009, -7.2297443 ], [ 112.6778942, -7.2297589 ], [ 112.6778295, -7.229755 ] ] ] } },
{ "type": "Feature", "properties": { "full_id": "w321463545", "osm_id": "321463545", "osm_type": "way", "highway": "trunk", "turn_lanes": null, "tunnel": null, "hgv_condit": null, "cycleway_l": null, "cycleway_r": null, "motorcycle": null, "destinatio": null, "destinat_1": null, "motor_vehi": null, "sidewalk": null, "wikidata": null, "bridge_nam": null, "bridge_n_1": null, "bridge_n_2": null, "bridge_n_3": null, "bridge_n_4": null, "name_it": null, "name_fr": null, "name_es": null, "name_en": null, "name_de": null, "minspeed_m": null, "maxspeed_m": null, "layer": null, "bridge_n_5": null, "bridge": null, "toll": null, "start_date": null, "short_name": null, "motorcar": null, "minspeed": null, "maxspeed": null, "maxaxleloa": null, "lit": null, "horse": null, "emergency": null, "bicycle": null, "alt_name_f": null, "alt_name_e": null, "alt_name_1": null, "alt_name_d": null, "alt_name": null, "access": null, "hgv": null, "ref": "1", "junction": null, "width": null, "surface": "asphalt", "smoothness": "intermediate", "oneway": "yes", "name": "Jalan Margomulyo", "motorcyc_1": "yes", "lanes": "2", "foot": "yes" }, "geometry": { "type": "MultiLineString", "coordinates": [ [ [ 112.6829218, -7.2300384 ], [ 112.6829247, -7.2307719 ], [ 112.6828695, -7.232445 ], [ 112.6827871, -7.2349412 ], [ 112.6827821, -7.2353868 ] ] ] } },
{ "type": "Feature", "properties": { "full_id": "w321463546", "osm_id": "321463546", "osm_type": "way", "highway": "trunk", "turn_lanes": null, "tunnel": null, "hgv_condit": null, "cycleway_l": null, "cycleway_r": null, "motorcycle": null, "destinatio": null, "destinat_1": null, "motor_vehi": null, "sidewalk": null, "wikidata": null, "bridge_nam": null, "bridge_n_1": null, "bridge_n_2": null, "bridge_n_3": null, "bridge_n_4": null, "name_it": null, "name_fr": null, "name_es": null, "name_en": null, "name_de": null, "minspeed_m": null, "maxspeed_m": null, "layer": null, "bridge_n_5": null, "bridge": null, "toll": null, "start_date": null, "short_name": null, "motorcar": null, "minspeed": null, "maxspeed": null, "maxaxleloa": null, "lit": null, "horse": null, "emergency": null, "bicycle": null, "alt_name_f": null, "alt_name_e": null, "alt_name_1": null, "alt_name_d": null, "alt_name": null, "access": null, "hgv": null, "ref": "1", "junction": null, "width": null, "surface": "asphalt", "smoothness": null, "oneway": "yes", "name": "Jalan Margomulyo", "motorcyc_1": null, "lanes": "1", "foot": null }, "geometry": { "type": "MultiLineString", "coordinates": [ [ [ 112.6829123, -7.2296179 ], [ 112.682915, -7.2297164 ], [ 112.6829195, -7.2299179 ] ] ] } },
{ "type": "Feature", "properties": { "full_id": "w321463548", "osm_id": "321463548", "osm_type": "way", "highway": "trunk", "turn_lanes": null, "tunnel": null, "hgv_condit": null, "cycleway_l": null, "cycleway_r": null, "motorcycle": null, "destinatio": null, "destinat_1": null, "motor_vehi": null, "sidewalk": null, "wikidata": null, "bridge_nam": null, "bridge_n_1": null, "bridge_n_2": null, "bridge_n_3": null, "bridge_n_4": null, "name_it": null, "name_fr": null, "name_es": null, "name_en": null, "name_de": null, "minspeed_m": null, "maxspeed_m": null, "layer": null, "bridge_n_5": null, "bridge": null, "toll": null, "start_date": null, "short_name": null, "motorcar": null, "minspeed": null, "maxspeed": null, "maxaxleloa": null, "lit": null, "horse": null, "emergency": null, "bicycle": null, "alt_name_f": null, "alt_name_e": null, "alt_name_1": null, "alt_name_d": null, "alt_name": null, "access": null, "hgv": null, "ref": "1", "junction": null, "width": null, "surface": "asphalt", "smoothness": null, "oneway": "yes", "name": "Jalan Tambak Oso", "motorcyc_1": null, "lanes": "1", "foot": null }, "geometry": { "type": "MultiLineString", "coordinates": [ [ [ 112.682566, -7.2300997 ], [ 112.6825314, -7.2300131 ], [ 112.6825129, -7.2299725 ] ] ] } },
{ "type": "Feature", "properties": { "full_id": "w321463549", "osm_id": "321463549", "osm_type": "way", "highway": "trunk", "turn_lanes": null, "tunnel": null, "hgv_condit": null, "cycleway_l": null, "cycleway_r": null, "motorcycle": null, "destinatio": null, "destinat_1": null, "motor_vehi": null, "sidewalk": null, "wikidata": null, "bridge_nam": null, "bridge_n_1": null, "bridge_n_2": null, "bridge_n_3": null, "bridge_n_4": null, "name_it": null, "name_fr": null, "name_es": null, "name_en": null, "name_de": null, "minspeed_m": null, "maxspeed_m": null, "layer": null, "bridge_n_5": null, "bridge": null, "toll": null, "start_date": null, "short_name": null, "motorcar": null, "minspeed": null, "maxspeed": null, "maxaxleloa": null, "lit": null, "horse": null, "emergency": null, "bicycle": null, "alt_name_f": null, "alt_name_e": null, "alt_name_1": null, "alt_name_d": null, "alt_name": null, "access": null, "hgv": null, "ref": "1", "junction": null, "width": null, "surface": "asphalt", "smoothness": null, "oneway": "yes", "name": "Jalan Margomulyo", "motorcyc_1": null, "lanes": "1", "foot": null }, "geometry": { "type": "MultiLineString", "coordinates": [ [ [ 112.6825747, -7.2298298 ], [ 112.6825744, -7.2297368 ], [ 112.6825744, -7.2296126 ] ] ] } },
{ "type": "Feature", "properties": { "full_id": "w321463550", "osm_id": "321463550", "osm_type": "way", "highway": "trunk", "turn_lanes": null, "tunnel": null, "hgv_condit": null, "cycleway_l": null, "cycleway_r": null, "motorcycle": null, "destinatio": null, "destinat_1": null, "motor_vehi": null, "sidewalk": null, "wikidata": null, "bridge_nam": null, "bridge_n_1": null, "bridge_n_2": null, "bridge_n_3": null, "bridge_n_4": null, "name_it": null, "name_fr": null, "name_es": null, "name_en": null, "name_de": null, "minspeed_m": null, "maxspeed_m": null, "layer": null, "bridge_n_5": null, "bridge": null, "toll": null, "start_date": null, "short_name": null, "motorcar": null, "minspeed": null, "maxspeed": null, "maxaxleloa": null, "lit": null, "horse": null, "emergency": null, "bicycle": null, "alt_name_f": null, "alt_name_e": null, "alt_name_1": null, "alt_name_d": null, "alt_name": null, "access": null, "hgv": null, "ref": "1", "junction": null, "width": null, "surface": "asphalt", "smoothness": null, "oneway": "yes", "name": null, "motorcyc_1": null, "lanes": "1", "foot": null }, "geometry": { "type": "MultiLineString", "coordinates": [ [ [ 112.6826567, -7.2298704 ], [ 112.6826815, -7.2298472 ], [ 112.6827127, -7.2298307 ], [ 112.6827496, -7.2298267 ], [ 112.6828099, -7.2298313 ], [ 112.6828489, -7.2298486 ], [ 112.6829195, -7.2299179 ] ] ] } },
{ "type": "Feature", "properties": { "full_id": "w321463551", "osm_id": "321463551", "osm_type": "way", "highway": "trunk", "turn_lanes": null, "tunnel": null, "hgv_condit": null, "cycleway_l": null, "cycleway_r": null, "motorcycle": null, "destinatio": null, "destinat_1": null, "motor_vehi": null, "sidewalk": null, "wikidata": null, "bridge_nam": null, "bridge_n_1": null, "bridge_n_2": null, "bridge_n_3": null, "bridge_n_4": null, "name_it": null, "name_fr": null, "name_es": null, "name_en": null, "name_de": null, "minspeed_m": null, "maxspeed_m": null, "layer": null, "bridge_n_5": null, "bridge": null, "toll": null, "start_date": null, "short_name": null, "motorcar": null, "minspeed": null, "maxspeed": null, "maxaxleloa": null, "lit": null, "horse": null, "emergency": null, "bicycle": null, "alt_name_f": null, "alt_name_e": null, "alt_name_1": null, "alt_name_d": null, "alt_name": null, "access": null, "hgv": null, "ref": "1", "junction": null, "width": null, "surface": "asphalt", "smoothness": "intermediate", "oneway": "yes", "name": "Jalan Margomulyo", "motorcyc_1": "yes", "lanes": "2", "foot": "yes" }, "geometry": { "type": "MultiLineString", "coordinates": [ [ [ 112.6824072, -7.2354431 ], [ 112.6824108, -7.2352483 ], [ 112.6824157, -7.2350862 ], [ 112.6824325, -7.2343768 ], [ 112.6824627, -7.2335246 ], [ 112.6824823, -7.2328765 ], [ 112.6824958, -7.2324278 ], [ 112.6825003, -7.2322784 ], [ 112.682566, -7.2300997 ] ] ] } },
{ "type": "Feature", "properties": { "full_id": "w321470161", "osm_id": "321470161", "osm_type": "way", "highway": "trunk", "turn_lanes": null, "tunnel": null, "hgv_condit": null, "cycleway_l": null, "cycleway_r": null, "motorcycle": null, "destinatio": null, "destinat_1": null, "motor_vehi": null, "sidewalk": null, "wikidata": null, "bridge_nam": null, "bridge_n_1": null, "bridge_n_2": null, "bridge_n_3": null, "bridge_n_4": null, "name_it": null, "name_fr": null, "name_es": null, "name_en": null, "name_de": null, "minspeed_m": null, "maxspeed_m": null, "layer": null, "bridge_n_5": null, "bridge": null, "toll": null, "start_date": null, "short_name": null, "motorcar": null, "minspeed": null, "maxspeed": null, "maxaxleloa": null, "lit": null, "horse": null, "emergency": null, "bicycle": null, "alt_name_f": null, "alt_name_e": null, "alt_name_1": null, "alt_name_d": null, "alt_name": null, "access": null, "hgv": null, "ref": null, "junction": null, "width": "4", "surface": "asphalt", "smoothness": "intermediate", "oneway": "yes", "name": "Jalan Simokerto", "motorcyc_1": "yes", "lanes": "2", "foot": "yes" }, "geometry": { "type": "MultiLineString", "coordinates": [ [ [ 112.7529762, -7.2407027 ], [ 112.7530659, -7.2405019 ], [ 112.7532639, -7.2400922 ], [ 112.7533887, -7.239784 ], [ 112.7534305, -7.2396831 ], [ 112.753526, -7.239431 ], [ 112.7535757, -7.2392992 ], [ 112.7536394, -7.2391381 ], [ 112.7537332, -7.238871 ], [ 112.7537666, -7.2387633 ], [ 112.7539469, -7.2382355 ], [ 112.7540158, -7.2380104 ], [ 112.7540827, -7.2377838 ], [ 112.7541624, -7.2375315 ], [ 112.7542044, -7.237412 ], [ 112.7542863, -7.2371628 ], [ 112.7543626, -7.2369978 ], [ 112.7544732, -7.2368122 ], [ 112.7546098, -7.2365943 ], [ 112.7546297, -7.2365591 ], [ 112.7547173, -7.2363625 ], [ 112.7547435, -7.2362288 ], [ 112.7547529, -7.2360718 ], [ 112.7547431, -7.2359365 ], [ 112.754664, -7.2353457 ] ] ] } },
{ "type": "Feature", "properties": { "full_id": "w321470162", "osm_id": "321470162", "osm_type": "way", "highway": "trunk", "turn_lanes": null, "tunnel": null, "hgv_condit": null, "cycleway_l": null, "cycleway_r": null, "motorcycle": null, "destinatio": null, "destinat_1": null, "motor_vehi": null, "sidewalk": null, "wikidata": null, "bridge_nam": null, "bridge_n_1": null, "bridge_n_2": null, "bridge_n_3": null, "bridge_n_4": null, "name_it": null, "name_fr": null, "name_es": null, "name_en": null, "name_de": null, "minspeed_m": null, "maxspeed_m": null, "layer": null, "bridge_n_5": null, "bridge": null, "toll": null, "start_date": null, "short_name": null, "motorcar": null, "minspeed": null, "maxspeed": null, "maxaxleloa": null, "lit": null, "horse": null, "emergency": null, "bicycle": null, "alt_name_f": null, "alt_name_e": null, "alt_name_1": null, "alt_name_d": null, "alt_name": null, "access": null, "hgv": null, "ref": null, "junction": null, "width": null, "surface": null, "smoothness": null, "oneway": "yes", "name": "Jalan Kapasari", "motorcyc_1": null, "lanes": null, "foot": "yes" }, "geometry": { "type": "MultiLineString", "coordinates": [ [ [ 112.7530466, -7.2407212 ], [ 112.753007, -7.2407984 ] ] ] } },
{ "type": "Feature", "properties": { "full_id": "w321470163", "osm_id": "321470163", "osm_type": "way", "highway": "trunk", "turn_lanes": null, "tunnel": null, "hgv_condit": null, "cycleway_l": null, "cycleway_r": null, "motorcycle": null, "destinatio": null, "destinat_1": null, "motor_vehi": null, "sidewalk": null, "wikidata": null, "bridge_nam": null, "bridge_n_1": null, "bridge_n_2": null, "bridge_n_3": null, "bridge_n_4": null, "name_it": null, "name_fr": null, "name_es": null, "name_en": null, "name_de": null, "minspeed_m": null, "maxspeed_m": null, "layer": null, "bridge_n_5": null, "bridge": null, "toll": null, "start_date": null, "short_name": null, "motorcar": null, "minspeed": null, "maxspeed": null, "maxaxleloa": null, "lit": null, "horse": null, "emergency": null, "bicycle": null, "alt_name_f": null, "alt_name_e": null, "alt_name_1": null, "alt_name_d": null, "alt_name": null, "access": null, "hgv": null, "ref": null, "junction": null, "width": null, "surface": null, "smoothness": null, "oneway": "yes", "name": "Jalan Kapasari", "motorcyc_1": null, "lanes": null, "foot": "yes" }, "geometry": { "type": "MultiLineString", "coordinates": [ [ [ 112.7529466, -7.2407738 ], [ 112.7529762, -7.2407027 ] ] ] } },
{ "type": "Feature", "properties": { "full_id": "w326479620", "osm_id": "326479620", "osm_type": "way", "highway": "trunk", "turn_lanes": null, "tunnel": null, "hgv_condit": null, "cycleway_l": null, "cycleway_r": null, "motorcycle": null, "destinatio": null, "destinat_1": null, "motor_vehi": null, "sidewalk": null, "wikidata": null, "bridge_nam": null, "bridge_n_1": null, "bridge_n_2": null, "bridge_n_3": null, "bridge_n_4": null, "name_it": null, "name_fr": null, "name_es": null, "name_en": null, "name_de": null, "minspeed_m": null, "maxspeed_m": null, "layer": null, "bridge_n_5": null, "bridge": null, "toll": null, "start_date": null, "short_name": null, "motorcar": null, "minspeed": null, "maxspeed": null, "maxaxleloa": null, "lit": null, "horse": null, "emergency": null, "bicycle": null, "alt_name_f": null, "alt_name_e": null, "alt_name_1": null, "alt_name_d": null, "alt_name": null, "access": null, "hgv": null, "ref": "1", "junction": null, "width": "6", "surface": "asphalt", "smoothness": "good", "oneway": "no", "name": "Jalan Tambak Oso Wilangon", "motorcyc_1": "yes", "lanes": "1", "foot": null }, "geometry": { "type": "MultiLineString", "coordinates": [ [ [ 112.653881, -7.2151345 ], [ 112.6537992, -7.2148976 ], [ 112.6537735, -7.2148183 ], [ 112.6536421, -7.2144263 ], [ 112.6536187, -7.2143555 ], [ 112.6535673, -7.2142005 ], [ 112.6535531, -7.2141617 ], [ 112.6533307, -7.2135105 ], [ 112.6532936, -7.213402 ], [ 112.6532587, -7.2132997 ], [ 112.6532225, -7.2131817 ], [ 112.6531688, -7.2130477 ], [ 112.6529865, -7.2124816 ], [ 112.6529365, -7.2123475 ], [ 112.6526968, -7.2116606 ], [ 112.6526219, -7.2114583 ], [ 112.6524721, -7.211065 ], [ 112.6522234, -7.2103301 ], [ 112.6522087, -7.2102858 ], [ 112.6521482, -7.210124 ] ] ] } },
{ "type": "Feature", "properties": { "full_id": "w327728880", "osm_id": "327728880", "osm_type": "way", "highway": "trunk", "turn_lanes": null, "tunnel": null, "hgv_condit": null, "cycleway_l": null, "cycleway_r": null, "motorcycle": null, "destinatio": null, "destinat_1": null, "motor_vehi": null, "sidewalk": null, "wikidata": null, "bridge_nam": null, "bridge_n_1": null, "bridge_n_2": null, "bridge_n_3": null, "bridge_n_4": null, "name_it": null, "name_fr": null, "name_es": null, "name_en": null, "name_de": null, "minspeed_m": null, "maxspeed_m": null, "layer": "1", "bridge_n_5": null, "bridge": "yes", "toll": null, "start_date": null, "short_name": null, "motorcar": null, "minspeed": null, "maxspeed": null, "maxaxleloa": null, "lit": null, "horse": null, "emergency": null, "bicycle": null, "alt_name_f": null, "alt_name_e": null, "alt_name_1": null, "alt_name_d": null, "alt_name": null, "access": null, "hgv": null, "ref": "1", "junction": null, "width": null, "surface": "asphalt", "smoothness": null, "oneway": "yes", "name": "Fly Over Pasar Kembang", "motorcyc_1": null, "lanes": "2", "foot": "no" }, "geometry": { "type": "MultiLineString", "coordinates": [ [ [ 112.7275881, -7.2761252 ], [ 112.7286085, -7.2773214 ], [ 112.7286693, -7.2773915 ] ] ] } },
{ "type": "Feature", "properties": { "full_id": "w327728881", "osm_id": "327728881", "osm_type": "way", "highway": "trunk", "turn_lanes": null, "tunnel": null, "hgv_condit": null, "cycleway_l": null, "cycleway_r": null, "motorcycle": null, "destinatio": null, "destinat_1": null, "motor_vehi": null, "sidewalk": null, "wikidata": null, "bridge_nam": null, "bridge_n_1": null, "bridge_n_2": null, "bridge_n_3": null, "bridge_n_4": null, "name_it": null, "name_fr": null, "name_es": null, "name_en": null, "name_de": null, "minspeed_m": null, "maxspeed_m": null, "layer": null, "bridge_n_5": null, "bridge": null, "toll": null, "start_date": null, "short_name": null, "motorcar": null, "minspeed": null, "maxspeed": null, "maxaxleloa": null, "lit": null, "horse": null, "emergency": null, "bicycle": null, "alt_name_f": null, "alt_name_e": null, "alt_name_1": null, "alt_name_d": null, "alt_name": null, "access": null, "hgv": null, "ref": "1", "junction": null, "width": null, "surface": "asphalt", "smoothness": null, "oneway": "yes", "name": "Jalan Raya Diponegoro", "motorcyc_1": null, "lanes": "3", "foot": null }, "geometry": { "type": "MultiLineString", "coordinates": [ [ [ 112.7287848, -7.2775146 ], [ 112.7288146, -7.2775459 ], [ 112.7292115, -7.2779498 ], [ 112.7292864, -7.2780288 ] ] ] } },
{ "type": "Feature", "properties": { "full_id": "w360643409", "osm_id": "360643409", "osm_type": "way", "highway": "trunk", "turn_lanes": null, "tunnel": null, "hgv_condit": null, "cycleway_l": null, "cycleway_r": null, "motorcycle": null, "destinatio": null, "destinat_1": null, "motor_vehi": null, "sidewalk": "left", "wikidata": null, "bridge_nam": null, "bridge_n_1": null, "bridge_n_2": null, "bridge_n_3": null, "bridge_n_4": null, "name_it": null, "name_fr": null, "name_es": null, "name_en": null, "name_de": null, "minspeed_m": null, "maxspeed_m": null, "layer": null, "bridge_n_5": null, "bridge": null, "toll": null, "start_date": null, "short_name": null, "motorcar": null, "minspeed": null, "maxspeed": null, "maxaxleloa": null, "lit": null, "horse": null, "emergency": null, "bicycle": null, "alt_name_f": null, "alt_name_e": null, "alt_name_1": null, "alt_name_d": null, "alt_name": null, "access": null, "hgv": null, "ref": null, "junction": null, "width": "3", "surface": "asphalt", "smoothness": "good", "oneway": "yes", "name": "Jalan Stasiun Gubeng", "motorcyc_1": "yes", "lanes": "2", "foot": null }, "geometry": { "type": "MultiLineString", "coordinates": [ [ [ 112.7517756, -7.2660459 ], [ 112.7517347, -7.2661544 ], [ 112.7516858, -7.2662362 ], [ 112.7515875, -7.2663666 ], [ 112.7515168, -7.266447 ], [ 112.7514839, -7.2664916 ], [ 112.7514618, -7.2665348 ], [ 112.7514369, -7.2666055 ] ] ] } },
{ "type": "Feature", "properties": { "full_id": "w360643410", "osm_id": "360643410", "osm_type": "way", "highway": "trunk", "turn_lanes": null, "tunnel": null, "hgv_condit": null, "cycleway_l": null, "cycleway_r": null, "motorcycle": null, "destinatio": null, "destinat_1": null, "motor_vehi": null, "sidewalk": "right", "wikidata": null, "bridge_nam": null, "bridge_n_1": null, "bridge_n_2": null, "bridge_n_3": null, "bridge_n_4": null, "name_it": null, "name_fr": null, "name_es": null, "name_en": null, "name_de": null, "minspeed_m": null, "maxspeed_m": null, "layer": null, "bridge_n_5": null, "bridge": null, "toll": null, "start_date": null, "short_name": null, "motorcar": null, "minspeed": null, "maxspeed": null, "maxaxleloa": null, "lit": null, "horse": null, "emergency": null, "bicycle": null, "alt_name_f": null, "alt_name_e": null, "alt_name_1": null, "alt_name_d": null, "alt_name": null, "access": null, "hgv": null, "ref": null, "junction": null, "width": "3", "surface": "asphalt", "smoothness": "good", "oneway": "yes", "name": "Jalan Stasiun Gubeng", "motorcyc_1": "yes", "lanes": "2", "foot": null }, "geometry": { "type": "MultiLineString", "coordinates": [ [ [ 112.751399, -7.2664559 ], [ 112.7514956, -7.266288 ], [ 112.7515079, -7.2662699 ] ] ] } },
{ "type": "Feature", "properties": { "full_id": "w360643411", "osm_id": "360643411", "osm_type": "way", "highway": "trunk", "turn_lanes": null, "tunnel": null, "hgv_condit": null, "cycleway_l": "shared_lane", "cycleway_r": null, "motorcycle": null, "destinatio": null, "destinat_1": null, "motor_vehi": null, "sidewalk": null, "wikidata": null, "bridge_nam": null, "bridge_n_1": null, "bridge_n_2": null, "bridge_n_3": null, "bridge_n_4": null, "name_it": null, "name_fr": null, "name_es": null, "name_en": null, "name_de": null, "minspeed_m": null, "maxspeed_m": null, "layer": "1", "bridge_n_5": null, "bridge": "yes", "toll": null, "start_date": null, "short_name": null, "motorcar": null, "minspeed": null, "maxspeed": null, "maxaxleloa": null, "lit": null, "horse": null, "emergency": null, "bicycle": null, "alt_name_f": null, "alt_name_e": null, "alt_name_1": null, "alt_name_d": null, "alt_name": "Jalan Gubeng", "access": null, "hgv": null, "ref": null, "junction": null, "width": "3", "surface": "asphalt", "smoothness": "good", "oneway": "yes", "name": "Jalan Sumatera", "motorcyc_1": "yes", "lanes": "2", "foot": "yes" }, "geometry": { "type": "MultiLineString", "coordinates": [ [ [ 112.7508947, -7.2680601 ], [ 112.7509593, -7.2679184 ] ] ] } },
{ "type": "Feature", "properties": { "full_id": "w360643414", "osm_id": "360643414", "osm_type": "way", "highway": "trunk", "turn_lanes": null, "tunnel": null, "hgv_condit": null, "cycleway_l": "shared_lane", "cycleway_r": null, "motorcycle": null, "destinatio": null, "destinat_1": null, "motor_vehi": null, "sidewalk": null, "wikidata": null, "bridge_nam": null, "bridge_n_1": null, "bridge_n_2": null, "bridge_n_3": null, "bridge_n_4": null, "name_it": null, "name_fr": null, "name_es": null, "name_en": null, "name_de": null, "minspeed_m": null, "maxspeed_m": null, "layer": null, "bridge_n_5": null, "bridge": null, "toll": null, "start_date": null, "short_name": null, "motorcar": null, "minspeed": null, "maxspeed": null, "maxaxleloa": null, "lit": null, "horse": null, "emergency": null, "bicycle": null, "alt_name_f": null, "alt_name_e": null, "alt_name_1": null, "alt_name_d": null, "alt_name": "Jalan Gubeng", "access": null, "hgv": null, "ref": null, "junction": null, "width": "3", "surface": "asphalt", "smoothness": "good", "oneway": "yes", "name": "Jalan Sumatera", "motorcyc_1": "yes", "lanes": "2", "foot": "yes" }, "geometry": { "type": "MultiLineString", "coordinates": [ [ [ 112.7509593, -7.2679184 ], [ 112.7510345, -7.2676762 ], [ 112.751103, -7.2674631 ], [ 112.7511611, -7.2672377 ], [ 112.7512055, -7.2670656 ], [ 112.7512676, -7.2667286 ] ] ] } },
{ "type": "Feature", "properties": { "full_id": "w360643416", "osm_id": "360643416", "osm_type": "way", "highway": "trunk", "turn_lanes": null, "tunnel": null, "hgv_condit": null, "cycleway_l": null, "cycleway_r": null, "motorcycle": null, "destinatio": null, "destinat_1": null, "motor_vehi": null, "sidewalk": null, "wikidata": null, "bridge_nam": null, "bridge_n_1": null, "bridge_n_2": null, "bridge_n_3": null, "bridge_n_4": null, "name_it": null, "name_fr": null, "name_es": null, "name_en": null, "name_de": null, "minspeed_m": null, "maxspeed_m": null, "layer": null, "bridge_n_5": null, "bridge": null, "toll": null, "start_date": null, "short_name": null, "motorcar": null, "minspeed": null, "maxspeed": null, "maxaxleloa": null, "lit": null, "horse": null, "emergency": null, "bicycle": null, "alt_name_f": null, "alt_name_e": null, "alt_name_1": null, "alt_name_d": null, "alt_name": null, "access": null, "hgv": null, "ref": null, "junction": null, "width": null, "surface": null, "smoothness": null, "oneway": "yes", "name": "Jalan Kenjeran", "motorcyc_1": null, "lanes": null, "foot": null }, "geometry": { "type": "MultiLineString", "coordinates": [ [ [ 112.753007, -7.2407984 ], [ 112.7529466, -7.2407738 ] ] ] } },
{ "type": "Feature", "properties": { "full_id": "w360645063", "osm_id": "360645063", "osm_type": "way", "highway": "trunk", "turn_lanes": null, "tunnel": null, "hgv_condit": null, "cycleway_l": null, "cycleway_r": null, "motorcycle": null, "destinatio": null, "destinat_1": null, "motor_vehi": null, "sidewalk": null, "wikidata": null, "bridge_nam": null, "bridge_n_1": null, "bridge_n_2": null, "bridge_n_3": null, "bridge_n_4": null, "name_it": null, "name_fr": null, "name_es": null, "name_en": null, "name_de": null, "minspeed_m": null, "maxspeed_m": null, "layer": null, "bridge_n_5": null, "bridge": null, "toll": null, "start_date": null, "short_name": null, "motorcar": null, "minspeed": null, "maxspeed": null, "maxaxleloa": null, "lit": null, "horse": null, "emergency": null, "bicycle": null, "alt_name_f": null, "alt_name_e": null, "alt_name_1": null, "alt_name_d": null, "alt_name": null, "access": null, "hgv": null, "ref": null, "junction": null, "width": null, "surface": null, "smoothness": null, "oneway": "yes", "name": "Jalan Ngagel", "motorcyc_1": null, "lanes": "3", "foot": "yes" }, "geometry": { "type": "MultiLineString", "coordinates": [ [ [ 112.7451754, -7.2773619 ], [ 112.7451974, -7.2772222 ], [ 112.7452098, -7.2771352 ], [ 112.745255, -7.2768939 ], [ 112.7452643, -7.2768439 ] ] ] } },
{ "type": "Feature", "properties": { "full_id": "w360645064", "osm_id": "360645064", "osm_type": "way", "highway": "trunk", "turn_lanes": null, "tunnel": null, "hgv_condit": null, "cycleway_l": "shared_lane", "cycleway_r": "shared_lane", "motorcycle": null, "destinatio": null, "destinat_1": null, "motor_vehi": null, "sidewalk": null, "wikidata": null, "bridge_nam": null, "bridge_n_1": null, "bridge_n_2": null, "bridge_n_3": null, "bridge_n_4": null, "name_it": null, "name_fr": null, "name_es": null, "name_en": null, "name_de": null, "minspeed_m": null, "maxspeed_m": null, "layer": null, "bridge_n_5": null, "bridge": null, "toll": null, "start_date": null, "short_name": null, "motorcar": null, "minspeed": null, "maxspeed": null, "maxaxleloa": null, "lit": null, "horse": null, "emergency": null, "bicycle": null, "alt_name_f": null, "alt_name_e": null, "alt_name_1": null, "alt_name_d": null, "alt_name": null, "access": null, "hgv": null, "ref": null, "junction": null, "width": "7", "surface": "asphalt", "smoothness": "good", "oneway": "yes", "name": "Jalan Raya Sulawesi", "motorcyc_1": "yes", "lanes": "4", "foot": null }, "geometry": { "type": "MultiLineString", "coordinates": [ [ [ 112.7489782, -7.2770399 ], [ 112.7469218, -7.2765886 ] ] ] } },
{ "type": "Feature", "properties": { "full_id": "w360646241", "osm_id": "360646241", "osm_type": "way", "highway": "trunk", "turn_lanes": null, "tunnel": null, "hgv_condit": null, "cycleway_l": null, "cycleway_r": null, "motorcycle": null, "destinatio": null, "destinat_1": null, "motor_vehi": null, "sidewalk": null, "wikidata": null, "bridge_nam": null, "bridge_n_1": null, "bridge_n_2": null, "bridge_n_3": null, "bridge_n_4": null, "name_it": null, "name_fr": null, "name_es": null, "name_en": null, "name_de": null, "minspeed_m": null, "maxspeed_m": null, "layer": null, "bridge_n_5": null, "bridge": null, "toll": null, "start_date": null, "short_name": null, "motorcar": null, "minspeed": null, "maxspeed": null, "maxaxleloa": null, "lit": null, "horse": null, "emergency": null, "bicycle": null, "alt_name_f": null, "alt_name_e": null, "alt_name_1": null, "alt_name_d": null, "alt_name": null, "access": "yes", "hgv": null, "ref": "1", "junction": null, "width": null, "surface": null, "smoothness": null, "oneway": "yes", "name": "Jalan Layang Wonokromo", "motorcyc_1": null, "lanes": null, "foot": null }, "geometry": { "type": "MultiLineString", "coordinates": [ [ [ 112.7358434, -7.3071134 ], [ 112.7358366, -7.3072232 ], [ 112.7358292, -7.3072858 ], [ 112.7358027, -7.307475 ], [ 112.7357627, -7.3076683 ], [ 112.7356787, -7.3080839 ], [ 112.7354115, -7.3094639 ], [ 112.7354133, -7.3095792 ] ] ] } },
{ "type": "Feature", "properties": { "full_id": "w360646242", "osm_id": "360646242", "osm_type": "way", "highway": "trunk", "turn_lanes": null, "tunnel": null, "hgv_condit": null, "cycleway_l": null, "cycleway_r": null, "motorcycle": null, "destinatio": null, "destinat_1": null, "motor_vehi": null, "sidewalk": null, "wikidata": null, "bridge_nam": null, "bridge_n_1": null, "bridge_n_2": null, "bridge_n_3": null, "bridge_n_4": null, "name_it": null, "name_fr": null, "name_es": null, "name_en": null, "name_de": null, "minspeed_m": null, "maxspeed_m": null, "layer": null, "bridge_n_5": null, "bridge": null, "toll": null, "start_date": null, "short_name": null, "motorcar": null, "minspeed": null, "maxspeed": null, "maxaxleloa": null, "lit": null, "horse": null, "emergency": null, "bicycle": null, "alt_name_f": null, "alt_name_e": null, "alt_name_1": null, "alt_name_d": null, "alt_name": null, "access": "yes", "hgv": null, "ref": "1", "junction": null, "width": null, "surface": "asphalt", "smoothness": null, "oneway": "yes", "name": "Jalan Layang Wonokromo", "motorcyc_1": "no", "lanes": null, "foot": null }, "geometry": { "type": "MultiLineString", "coordinates": [ [ [ 112.7367758, -7.3032664 ], [ 112.7368377, -7.3028295 ] ] ] } },
{ "type": "Feature", "properties": { "full_id": "w360946629", "osm_id": "360946629", "osm_type": "way", "highway": "trunk", "turn_lanes": null, "tunnel": null, "hgv_condit": null, "cycleway_l": null, "cycleway_r": null, "motorcycle": null, "destinatio": null, "destinat_1": null, "motor_vehi": null, "sidewalk": null, "wikidata": null, "bridge_nam": null, "bridge_n_1": null, "bridge_n_2": null, "bridge_n_3": null, "bridge_n_4": null, "name_it": null, "name_fr": null, "name_es": null, "name_en": null, "name_de": null, "minspeed_m": null, "maxspeed_m": null, "layer": null, "bridge_n_5": null, "bridge": null, "toll": null, "start_date": null, "short_name": null, "motorcar": null, "minspeed": null, "maxspeed": null, "maxaxleloa": null, "lit": null, "horse": null, "emergency": null, "bicycle": null, "alt_name_f": null, "alt_name_e": null, "alt_name_1": null, "alt_name_d": null, "alt_name": null, "access": null, "hgv": null, "ref": null, "junction": null, "width": "6", "surface": "asphalt", "smoothness": "intermediate", "oneway": "yes", "name": "Jalan Perak Barat", "motorcyc_1": "yes", "lanes": "2", "foot": "yes" }, "geometry": { "type": "MultiLineString", "coordinates": [ [ [ 112.7287552, -7.2310212 ], [ 112.7294186, -7.2298106 ], [ 112.7295456, -7.2295708 ], [ 112.7301837, -7.2282108 ], [ 112.7306842, -7.227111 ], [ 112.7311086, -7.2261753 ], [ 112.7312101, -7.2259518 ], [ 112.7314344, -7.2254388 ], [ 112.7317972, -7.2245276 ], [ 112.7319315, -7.2240252 ], [ 112.732003, -7.2234852 ] ] ] } },
{ "type": "Feature", "properties": { "full_id": "w360950136", "osm_id": "360950136", "osm_type": "way", "highway": "trunk", "turn_lanes": null, "tunnel": null, "hgv_condit": null, "cycleway_l": null, "cycleway_r": null, "motorcycle": null, "destinatio": null, "destinat_1": null, "motor_vehi": null, "sidewalk": null, "wikidata": null, "bridge_nam": null, "bridge_n_1": null, "bridge_n_2": null, "bridge_n_3": null, "bridge_n_4": null, "name_it": null, "name_fr": null, "name_es": null, "name_en": null, "name_de": null, "minspeed_m": null, "maxspeed_m": null, "layer": null, "bridge_n_5": null, "bridge": null, "toll": null, "start_date": null, "short_name": null, "motorcar": null, "minspeed": null, "maxspeed": null, "maxaxleloa": null, "lit": null, "horse": null, "emergency": null, "bicycle": null, "alt_name_f": null, "alt_name_e": null, "alt_name_1": null, "alt_name_d": null, "alt_name": null, "access": null, "hgv": null, "ref": null, "junction": null, "width": null, "surface": null, "smoothness": null, "oneway": "yes", "name": "Jalan Kenjeran", "motorcyc_1": null, "lanes": "3", "foot": null }, "geometry": { "type": "MultiLineString", "coordinates": [ [ [ 112.7690861, -7.2454647 ], [ 112.769038, -7.2454569 ] ] ] } },
{ "type": "Feature", "properties": { "full_id": "w361505907", "osm_id": "361505907", "osm_type": "way", "highway": "trunk", "turn_lanes": null, "tunnel": null, "hgv_condit": null, "cycleway_l": null, "cycleway_r": null, "motorcycle": null, "destinatio": null, "destinat_1": null, "motor_vehi": null, "sidewalk": null, "wikidata": null, "bridge_nam": null, "bridge_n_1": null, "bridge_n_2": null, "bridge_n_3": null, "bridge_n_4": null, "name_it": null, "name_fr": null, "name_es": null, "name_en": null, "name_de": null, "minspeed_m": null, "maxspeed_m": null, "layer": null, "bridge_n_5": null, "bridge": null, "toll": null, "start_date": null, "short_name": null, "motorcar": null, "minspeed": null, "maxspeed": null, "maxaxleloa": null, "lit": null, "horse": null, "emergency": null, "bicycle": null, "alt_name_f": null, "alt_name_e": null, "alt_name_1": null, "alt_name_d": null, "alt_name": null, "access": null, "hgv": null, "ref": null, "junction": null, "width": null, "surface": null, "smoothness": null, "oneway": "yes", "name": "Jalan Sidotopo Lor", "motorcyc_1": null, "lanes": null, "foot": null }, "geometry": { "type": "MultiLineString", "coordinates": [ [ [ 112.7544666, -7.2342551 ], [ 112.7543995, -7.2340862 ] ] ] } },
{ "type": "Feature", "properties": { "full_id": "w361505919", "osm_id": "361505919", "osm_type": "way", "highway": "trunk", "turn_lanes": null, "tunnel": null, "hgv_condit": null, "cycleway_l": null, "cycleway_r": null, "motorcycle": null, "destinatio": null, "destinat_1": null, "motor_vehi": null, "sidewalk": null, "wikidata": null, "bridge_nam": null, "bridge_n_1": null, "bridge_n_2": null, "bridge_n_3": null, "bridge_n_4": null, "name_it": null, "name_fr": null, "name_es": null, "name_en": null, "name_de": null, "minspeed_m": null, "maxspeed_m": null, "layer": null, "bridge_n_5": null, "bridge": null, "toll": null, "start_date": null, "short_name": null, "motorcar": null, "minspeed": null, "maxspeed": null, "maxaxleloa": null, "lit": null, "horse": null, "emergency": null, "bicycle": null, "alt_name_f": null, "alt_name_e": null, "alt_name_1": null, "alt_name_d": null, "alt_name": null, "access": null, "hgv": null, "ref": null, "junction": null, "width": null, "surface": null, "smoothness": null, "oneway": "yes", "name": "Jalan Sidorame", "motorcyc_1": null, "lanes": "2", "foot": null }, "geometry": { "type": "MultiLineString", "coordinates": [ [ [ 112.7512848, -7.2288013 ], [ 112.7511849, -7.2287425 ], [ 112.7510373, -7.2286793 ], [ 112.7508737, -7.2286274 ], [ 112.7507121, -7.2285961 ], [ 112.7502695, -7.2285163 ], [ 112.7495138, -7.2283713 ], [ 112.7491987, -7.2283141 ], [ 112.7490176, -7.2282449 ], [ 112.748874, -7.2281637 ], [ 112.7487836, -7.2280922 ], [ 112.7486911, -7.2279746 ], [ 112.7486025, -7.227862 ], [ 112.7483831, -7.2275596 ], [ 112.7481734, -7.2273212 ], [ 112.7478353, -7.2270498 ], [ 112.7476281, -7.2269271 ], [ 112.7473549, -7.2268083 ], [ 112.7462839, -7.2264968 ] ] ] } },
{ "type": "Feature", "properties": { "full_id": "w361505926", "osm_id": "361505926", "osm_type": "way", "highway": "trunk", "turn_lanes": null, "tunnel": null, "hgv_condit": null, "cycleway_l": null, "cycleway_r": null, "motorcycle": null, "destinatio": null, "destinat_1": null, "motor_vehi": null, "sidewalk": null, "wikidata": null, "bridge_nam": null, "bridge_n_1": null, "bridge_n_2": null, "bridge_n_3": null, "bridge_n_4": null, "name_it": null, "name_fr": null, "name_es": null, "name_en": null, "name_de": null, "minspeed_m": null, "maxspeed_m": null, "layer": null, "bridge_n_5": null, "bridge": null, "toll": null, "start_date": null, "short_name": null, "motorcar": null, "minspeed": null, "maxspeed": null, "maxaxleloa": null, "lit": null, "horse": null, "emergency": null, "bicycle": null, "alt_name_f": null, "alt_name_e": null, "alt_name_1": null, "alt_name_d": null, "alt_name": null, "access": null, "hgv": null, "ref": null, "junction": null, "width": null, "surface": null, "smoothness": null, "oneway": "yes", "name": "Jalan Sidotopo Lor", "motorcyc_1": null, "lanes": null, "foot": "yes" }, "geometry": { "type": "MultiLineString", "coordinates": [ [ [ 112.7524776, -7.2307031 ], [ 112.7521512, -7.2301368 ], [ 112.7519292, -7.2297563 ], [ 112.7517468, -7.2294416 ], [ 112.7515818, -7.2291655 ], [ 112.7515402, -7.229095 ], [ 112.7514625, -7.2289726 ], [ 112.7513659, -7.2288609 ], [ 112.7512848, -7.2288013 ] ] ] } },
{ "type": "Feature", "properties": { "full_id": "w361505927", "osm_id": "361505927", "osm_type": "way", "highway": "trunk", "turn_lanes": null, "tunnel": null, "hgv_condit": null, "cycleway_l": null, "cycleway_r": null, "motorcycle": null, "destinatio": null, "destinat_1": null, "motor_vehi": null, "sidewalk": null, "wikidata": null, "bridge_nam": null, "bridge_n_1": null, "bridge_n_2": null, "bridge_n_3": null, "bridge_n_4": null, "name_it": null, "name_fr": null, "name_es": null, "name_en": null, "name_de": null, "minspeed_m": null, "maxspeed_m": null, "layer": null, "bridge_n_5": null, "bridge": null, "toll": null, "start_date": null, "short_name": null, "motorcar": null, "minspeed": null, "maxspeed": null, "maxaxleloa": null, "lit": null, "horse": null, "emergency": null, "bicycle": null, "alt_name_f": null, "alt_name_e": null, "alt_name_1": null, "alt_name_d": null, "alt_name": null, "access": null, "hgv": null, "ref": null, "junction": null, "width": null, "surface": null, "smoothness": null, "oneway": "yes", "name": "Jalan Sidotopo Lor", "motorcyc_1": null, "lanes": null, "foot": null }, "geometry": { "type": "MultiLineString", "coordinates": [ [ [ 112.7544133, -7.2339353 ], [ 112.7545081, -7.2341607 ], [ 112.754551, -7.2342748 ] ] ] } },
{ "type": "Feature", "properties": { "full_id": "w361505928", "osm_id": "361505928", "osm_type": "way", "highway": "trunk", "turn_lanes": null, "tunnel": null, "hgv_condit": null, "cycleway_l": null, "cycleway_r": null, "motorcycle": null, "destinatio": null, "destinat_1": null, "motor_vehi": null, "sidewalk": null, "wikidata": null, "bridge_nam": null, "bridge_n_1": null, "bridge_n_2": null, "bridge_n_3": null, "bridge_n_4": null, "name_it": null, "name_fr": null, "name_es": null, "name_en": null, "name_de": null, "minspeed_m": null, "maxspeed_m": null, "layer": null, "bridge_n_5": null, "bridge": null, "toll": null, "start_date": null, "short_name": null, "motorcar": null, "minspeed": null, "maxspeed": null, "maxaxleloa": null, "lit": null, "horse": null, "emergency": null, "bicycle": null, "alt_name_f": null, "alt_name_e": null, "alt_name_1": null, "alt_name_d": null, "alt_name": null, "access": null, "hgv": null, "ref": null, "junction": null, "width": null, "surface": null, "smoothness": null, "oneway": "yes", "name": "Jalan Raya Hang Tuah", "motorcyc_1": null, "lanes": "3", "foot": null }, "geometry": { "type": "MultiLineString", "coordinates": [ [ [ 112.7407016, -7.2223787 ], [ 112.7407309, -7.2225964 ], [ 112.7408736, -7.2236567 ], [ 112.7409465, -7.2241983 ], [ 112.7409491, -7.2242177 ], [ 112.7409729, -7.2244221 ], [ 112.7409747, -7.2244363 ], [ 112.7410031, -7.2246649 ], [ 112.7410498, -7.2251109 ] ] ] } },
{ "type": "Feature", "properties": { "full_id": "w361505930", "osm_id": "361505930", "osm_type": "way", "highway": "trunk", "turn_lanes": null, "tunnel": null, "hgv_condit": null, "cycleway_l": null, "cycleway_r": null, "motorcycle": null, "destinatio": null, "destinat_1": null, "motor_vehi": null, "sidewalk": null, "wikidata": null, "bridge_nam": null, "bridge_n_1": null, "bridge_n_2": null, "bridge_n_3": null, "bridge_n_4": null, "name_it": null, "name_fr": null, "name_es": null, "name_en": null, "name_de": null, "minspeed_m": null, "maxspeed_m": null, "layer": null, "bridge_n_5": null, "bridge": null, "toll": null, "start_date": null, "short_name": null, "motorcar": null, "minspeed": null, "maxspeed": null, "maxaxleloa": null, "lit": null, "horse": null, "emergency": null, "bicycle": null, "alt_name_f": null, "alt_name_e": null, "alt_name_1": null, "alt_name_d": null, "alt_name": null, "access": null, "hgv": null, "ref": null, "junction": null, "width": null, "surface": null, "smoothness": null, "oneway": "yes", "name": "Jalan Sidorame", "motorcyc_1": null, "lanes": "2", "foot": null }, "geometry": { "type": "MultiLineString", "coordinates": [ [ [ 112.7463204, -7.2264082 ], [ 112.7468253, -7.226561 ], [ 112.7473203, -7.2267045 ], [ 112.7476102, -7.2268296 ], [ 112.7479046, -7.2269734 ], [ 112.7482217, -7.2272371 ], [ 112.7483009, -7.2273172 ], [ 112.7484695, -7.2275033 ], [ 112.7486529, -7.2277862 ], [ 112.7487564, -7.2279244 ], [ 112.7487982, -7.2279802 ], [ 112.7488131, -7.2279968 ], [ 112.748923, -7.228089 ], [ 112.7490608, -7.2281523 ], [ 112.7492119, -7.2282099 ], [ 112.7505692, -7.2284555 ], [ 112.7507365, -7.2284858 ], [ 112.7509116, -7.2285318 ], [ 112.7509974, -7.228559 ], [ 112.7512118, -7.2286475 ], [ 112.7513448, -7.2287177 ] ] ] } },
{ "type": "Feature", "properties": { "full_id": "w361505931", "osm_id": "361505931", "osm_type": "way", "highway": "trunk", "turn_lanes": null, "tunnel": null, "hgv_condit": null, "cycleway_l": null, "cycleway_r": null, "motorcycle": null, "destinatio": null, "destinat_1": null, "motor_vehi": null, "sidewalk": null, "wikidata": null, "bridge_nam": null, "bridge_n_1": null, "bridge_n_2": null, "bridge_n_3": null, "bridge_n_4": null, "name_it": null, "name_fr": null, "name_es": null, "name_en": null, "name_de": null, "minspeed_m": null, "maxspeed_m": null, "layer": null, "bridge_n_5": null, "bridge": null, "toll": null, "start_date": null, "short_name": null, "motorcar": null, "minspeed": null, "maxspeed": null, "maxaxleloa": null, "lit": null, "horse": null, "emergency": null, "bicycle": null, "alt_name_f": null, "alt_name_e": null, "alt_name_1": null, "alt_name_d": null, "alt_name": null, "access": null, "hgv": null, "ref": null, "junction": null, "width": null, "surface": null, "smoothness": null, "oneway": "yes", "name": "Jalan Sultan Iskandar Muda", "motorcyc_1": null, "lanes": "2", "foot": null }, "geometry": { "type": "MultiLineString", "coordinates": [ [ [ 112.746083, -7.2264028 ], [ 112.7459842, -7.2263566 ], [ 112.7459043, -7.2262998 ] ] ] } },
{ "type": "Feature", "properties": { "full_id": "w361505933", "osm_id": "361505933", "osm_type": "way", "highway": "trunk", "turn_lanes": null, "tunnel": null, "hgv_condit": null, "cycleway_l": null, "cycleway_r": null, "motorcycle": null, "destinatio": null, "destinat_1": null, "motor_vehi": null, "sidewalk": null, "wikidata": null, "bridge_nam": null, "bridge_n_1": null, "bridge_n_2": null, "bridge_n_3": null, "bridge_n_4": null, "name_it": null, "name_fr": null, "name_es": null, "name_en": null, "name_de": null, "minspeed_m": null, "maxspeed_m": null, "layer": null, "bridge_n_5": null, "bridge": null, "toll": null, "start_date": null, "short_name": null, "motorcar": null, "minspeed": null, "maxspeed": null, "maxaxleloa": null, "lit": null, "horse": null, "emergency": null, "bicycle": null, "alt_name_f": null, "alt_name_e": null, "alt_name_1": null, "alt_name_d": null, "alt_name": null, "access": null, "hgv": null, "ref": null, "junction": null, "width": null, "surface": null, "smoothness": null, "oneway": "yes", "name": "Jalan Sultan Iskandar Muda", "motorcyc_1": null, "lanes": "2", "foot": "yes" }, "geometry": { "type": "MultiLineString", "coordinates": [ [ [ 112.7459043, -7.2262998 ], [ 112.7458338, -7.2262356 ], [ 112.7457728, -7.2261783 ], [ 112.7452799, -7.225652 ], [ 112.7451959, -7.2255914 ], [ 112.7450992, -7.2255469 ], [ 112.7449529, -7.2255184 ], [ 112.7448307, -7.2255232 ], [ 112.7445222, -7.225534 ], [ 112.7442931, -7.225542 ], [ 112.7437812, -7.2255608 ], [ 112.7433191, -7.2255669 ], [ 112.7429047, -7.225573 ], [ 112.7426224, -7.2255768 ], [ 112.7424615, -7.2255706 ], [ 112.7422905, -7.2255279 ], [ 112.7421368, -7.2254688 ], [ 112.7417748, -7.2253015 ], [ 112.7416988, -7.2252836 ], [ 112.7415154, -7.2252648 ], [ 112.7413449, -7.2252696 ], [ 112.7412412, -7.2252761 ], [ 112.7411133, -7.2252854 ] ] ] } },
{ "type": "Feature", "properties": { "full_id": "w361505934", "osm_id": "361505934", "osm_type": "way", "highway": "trunk", "turn_lanes": null, "tunnel": null, "hgv_condit": null, "cycleway_l": null, "cycleway_r": null, "motorcycle": null, "destinatio": null, "destinat_1": null, "motor_vehi": null, "sidewalk": null, "wikidata": null, "bridge_nam": null, "bridge_n_1": null, "bridge_n_2": null, "bridge_n_3": null, "bridge_n_4": null, "name_it": null, "name_fr": null, "name_es": null, "name_en": null, "name_de": null, "minspeed_m": null, "maxspeed_m": null, "layer": null, "bridge_n_5": null, "bridge": null, "toll": null, "start_date": null, "short_name": null, "motorcar": null, "minspeed": null, "maxspeed": null, "maxaxleloa": null, "lit": null, "horse": null, "emergency": null, "bicycle": null, "alt_name_f": null, "alt_name_e": null, "alt_name_1": null, "alt_name_d": null, "alt_name": null, "access": null, "hgv": null, "ref": null, "junction": null, "width": null, "surface": null, "smoothness": null, "oneway": "yes", "name": "Jalan Jakarta", "motorcyc_1": null, "lanes": "3", "foot": null }, "geometry": { "type": "MultiLineString", "coordinates": [ [ [ 112.7405769, -7.2222785 ], [ 112.7407123, -7.2222786 ] ] ] } },
{ "type": "Feature", "properties": { "full_id": "w361645105", "osm_id": "361645105", "osm_type": "way", "highway": "trunk", "turn_lanes": null, "tunnel": null, "hgv_condit": null, "cycleway_l": null, "cycleway_r": null, "motorcycle": null, "destinatio": null, "destinat_1": null, "motor_vehi": null, "sidewalk": null, "wikidata": null, "bridge_nam": null, "bridge_n_1": null, "bridge_n_2": null, "bridge_n_3": null, "bridge_n_4": null, "name_it": null, "name_fr": null, "name_es": null, "name_en": null, "name_de": null, "minspeed_m": null, "maxspeed_m": null, "layer": "1", "bridge_n_5": null, "bridge": "yes", "toll": null, "start_date": null, "short_name": null, "motorcar": null, "minspeed": null, "maxspeed": null, "maxaxleloa": null, "lit": null, "horse": null, "emergency": null, "bicycle": null, "alt_name_f": null, "alt_name_e": null, "alt_name_1": null, "alt_name_d": null, "alt_name": null, "access": null, "hgv": null, "ref": null, "junction": null, "width": null, "surface": null, "smoothness": null, "oneway": "yes", "name": "Jalan Ngagel", "motorcyc_1": null, "lanes": null, "foot": null }, "geometry": { "type": "MultiLineString", "coordinates": [ [ [ 112.7397917, -7.3006015 ], [ 112.7398743, -7.3001229 ] ] ] } },
{ "type": "Feature", "properties": { "full_id": "w361645109", "osm_id": "361645109", "osm_type": "way", "highway": "trunk", "turn_lanes": null, "tunnel": null, "hgv_condit": null, "cycleway_l": null, "cycleway_r": null, "motorcycle": null, "destinatio": null, "destinat_1": null, "motor_vehi": null, "sidewalk": null, "wikidata": null, "bridge_nam": null, "bridge_n_1": null, "bridge_n_2": null, "bridge_n_3": null, "bridge_n_4": null, "name_it": null, "name_fr": null, "name_es": null, "name_en": null, "name_de": null, "minspeed_m": null, "maxspeed_m": null, "layer": null, "bridge_n_5": null, "bridge": null, "toll": null, "start_date": null, "short_name": null, "motorcar": null, "minspeed": null, "maxspeed": null, "maxaxleloa": null, "lit": null, "horse": null, "emergency": null, "bicycle": null, "alt_name_f": null, "alt_name_e": null, "alt_name_1": null, "alt_name_d": null, "alt_name": null, "access": null, "hgv": null, "ref": null, "junction": null, "width": "5", "surface": "asphalt", "smoothness": "good", "oneway": "yes", "name": "Jalan Sulawesi", "motorcyc_1": "yes", "lanes": "2", "foot": "yes" }, "geometry": { "type": "MultiLineString", "coordinates": [ [ [ 112.7469218, -7.2765886 ], [ 112.7467736, -7.2766172 ], [ 112.7466817, -7.2766332 ], [ 112.7465945, -7.2766665 ], [ 112.7464429, -7.2767403 ], [ 112.7461339, -7.2768813 ], [ 112.7458526, -7.2770177 ], [ 112.745559, -7.2771648 ], [ 112.7454078, -7.2772409 ], [ 112.7452753, -7.2773076 ], [ 112.7451754, -7.2773619 ] ] ] } },
{ "type": "Feature", "properties": { "full_id": "w361645110", "osm_id": "361645110", "osm_type": "way", "highway": "trunk", "turn_lanes": null, "tunnel": null, "hgv_condit": null, "cycleway_l": null, "cycleway_r": null, "motorcycle": null, "destinatio": null, "destinat_1": null, "motor_vehi": null, "sidewalk": null, "wikidata": null, "bridge_nam": null, "bridge_n_1": null, "bridge_n_2": null, "bridge_n_3": null, "bridge_n_4": null, "name_it": null, "name_fr": null, "name_es": null, "name_en": null, "name_de": null, "minspeed_m": null, "maxspeed_m": null, "layer": null, "bridge_n_5": null, "bridge": null, "toll": null, "start_date": null, "short_name": null, "motorcar": null, "minspeed": null, "maxspeed": null, "maxaxleloa": null, "lit": null, "horse": null, "emergency": null, "bicycle": null, "alt_name_f": null, "alt_name_e": null, "alt_name_1": null, "alt_name_d": null, "alt_name": null, "access": null, "hgv": null, "ref": null, "junction": null, "width": null, "surface": null, "smoothness": null, "oneway": "yes", "name": "Jalan Ngagel", "motorcyc_1": null, "lanes": null, "foot": null }, "geometry": { "type": "MultiLineString", "coordinates": [ [ [ 112.7399173, -7.3006111 ], [ 112.739892, -7.3007256 ] ] ] } },
{ "type": "Feature", "properties": { "full_id": "w361696305", "osm_id": "361696305", "osm_type": "way", "highway": "trunk", "turn_lanes": null, "tunnel": null, "hgv_condit": null, "cycleway_l": null, "cycleway_r": null, "motorcycle": null, "destinatio": null, "destinat_1": null, "motor_vehi": null, "sidewalk": null, "wikidata": null, "bridge_nam": null, "bridge_n_1": null, "bridge_n_2": null, "bridge_n_3": null, "bridge_n_4": null, "name_it": null, "name_fr": null, "name_es": null, "name_en": null, "name_de": null, "minspeed_m": null, "maxspeed_m": null, "layer": null, "bridge_n_5": null, "bridge": null, "toll": null, "start_date": null, "short_name": null, "motorcar": null, "minspeed": null, "maxspeed": null, "maxaxleloa": null, "lit": null, "horse": null, "emergency": null, "bicycle": null, "alt_name_f": null, "alt_name_e": null, "alt_name_1": null, "alt_name_d": null, "alt_name": null, "access": null, "hgv": null, "ref": null, "junction": null, "width": null, "surface": null, "smoothness": null, "oneway": "yes", "name": "Jalan Wonokromo", "motorcyc_1": null, "lanes": null, "foot": null }, "geometry": { "type": "MultiLineString", "coordinates": [ [ [ 112.7365074, -7.3048161 ], [ 112.7364478, -7.3050839 ] ] ] } },
{ "type": "Feature", "properties": { "full_id": "w364444706", "osm_id": "364444706", "osm_type": "way", "highway": "trunk", "turn_lanes": null, "tunnel": null, "hgv_condit": null, "cycleway_l": null, "cycleway_r": null, "motorcycle": null, "destinatio": null, "destinat_1": null, "motor_vehi": null, "sidewalk": null, "wikidata": null, "bridge_nam": null, "bridge_n_1": null, "bridge_n_2": null, "bridge_n_3": null, "bridge_n_4": null, "name_it": null, "name_fr": null, "name_es": null, "name_en": null, "name_de": null, "minspeed_m": null, "maxspeed_m": null, "layer": null, "bridge_n_5": null, "bridge": null, "toll": null, "start_date": null, "short_name": null, "motorcar": null, "minspeed": null, "maxspeed": null, "maxaxleloa": null, "lit": null, "horse": null, "emergency": null, "bicycle": null, "alt_name_f": null, "alt_name_e": null, "alt_name_1": null, "alt_name_d": null, "alt_name": null, "access": null, "hgv": null, "ref": null, "junction": null, "width": "3", "surface": "asphalt", "smoothness": "good", "oneway": "yes", "name": "Jalan Upa Jiwa", "motorcyc_1": "yes", "lanes": "2", "foot": null }, "geometry": { "type": "MultiLineString", "coordinates": [ [ [ 112.7462278, -7.2904536 ], [ 112.7460551, -7.2908214 ], [ 112.7459967, -7.2909372 ], [ 112.7459016, -7.291126 ], [ 112.7457886, -7.2913322 ], [ 112.745742, -7.291418 ] ] ] } },
{ "type": "Feature", "properties": { "full_id": "w364447342", "osm_id": "364447342", "osm_type": "way", "highway": "trunk", "turn_lanes": null, "tunnel": null, "hgv_condit": null, "cycleway_l": null, "cycleway_r": null, "motorcycle": null, "destinatio": null, "destinat_1": null, "motor_vehi": null, "sidewalk": null, "wikidata": null, "bridge_nam": null, "bridge_n_1": null, "bridge_n_2": null, "bridge_n_3": null, "bridge_n_4": null, "name_it": null, "name_fr": null, "name_es": null, "name_en": null, "name_de": null, "minspeed_m": null, "maxspeed_m": null, "layer": null, "bridge_n_5": null, "bridge": null, "toll": null, "start_date": null, "short_name": null, "motorcar": null, "minspeed": null, "maxspeed": null, "maxaxleloa": null, "lit": null, "horse": null, "emergency": null, "bicycle": null, "alt_name_f": null, "alt_name_e": null, "alt_name_1": null, "alt_name_d": null, "alt_name": null, "access": null, "hgv": null, "ref": null, "junction": null, "width": null, "surface": null, "smoothness": null, "oneway": "yes", "name": "Jalan Pasar Keputran", "motorcyc_1": null, "lanes": "3", "foot": "yes" }, "geometry": { "type": "MultiLineString", "coordinates": [ [ [ 112.7452749, -7.2767543 ], [ 112.7454483, -7.2766705 ], [ 112.7459274, -7.2764407 ], [ 112.7460028, -7.2763975 ] ] ] } },
{ "type": "Feature", "properties": { "full_id": "w364447343", "osm_id": "364447343", "osm_type": "way", "highway": "trunk", "turn_lanes": null, "tunnel": null, "hgv_condit": null, "cycleway_l": null, "cycleway_r": null, "motorcycle": null, "destinatio": null, "destinat_1": null, "motor_vehi": null, "sidewalk": "left", "wikidata": null, "bridge_nam": null, "bridge_n_1": null, "bridge_n_2": null, "bridge_n_3": null, "bridge_n_4": null, "name_it": null, "name_fr": null, "name_es": null, "name_en": null, "name_de": null, "minspeed_m": null, "maxspeed_m": null, "layer": null, "bridge_n_5": null, "bridge": null, "toll": null, "start_date": null, "short_name": null, "motorcar": null, "minspeed": null, "maxspeed": null, "maxaxleloa": null, "lit": null, "horse": null, "emergency": null, "bicycle": null, "alt_name_f": null, "alt_name_e": null, "alt_name_1": null, "alt_name_d": null, "alt_name": "Jalan Gubeng", "access": null, "hgv": null, "ref": null, "junction": null, "width": "3", "surface": "asphalt", "smoothness": "good", "oneway": "yes", "name": "Jalan Sumatera", "motorcyc_1": "yes", "lanes": "2", "foot": "yes" }, "geometry": { "type": "MultiLineString", "coordinates": [ [ [ 112.7514369, -7.2666055 ], [ 112.75141, -7.2667846 ], [ 112.7513213, -7.2671205 ], [ 112.7512992, -7.2672023 ], [ 112.7512805, -7.2672702 ], [ 112.7512276, -7.267449 ], [ 112.7511697, -7.2676623 ], [ 112.751069, -7.2679378 ] ] ] } },
{ "type": "Feature", "properties": { "full_id": "w367749839", "osm_id": "367749839", "osm_type": "way", "highway": "trunk", "turn_lanes": null, "tunnel": null, "hgv_condit": null, "cycleway_l": null, "cycleway_r": null, "motorcycle": null, "destinatio": null, "destinat_1": null, "motor_vehi": null, "sidewalk": "left", "wikidata": null, "bridge_nam": null, "bridge_n_1": null, "bridge_n_2": null, "bridge_n_3": null, "bridge_n_4": null, "name_it": null, "name_fr": null, "name_es": null, "name_en": null, "name_de": null, "minspeed_m": null, "maxspeed_m": null, "layer": null, "bridge_n_5": null, "bridge": null, "toll": null, "start_date": null, "short_name": null, "motorcar": null, "minspeed": null, "maxspeed": null, "maxaxleloa": null, "lit": null, "horse": null, "emergency": null, "bicycle": null, "alt_name_f": null, "alt_name_e": null, "alt_name_1": null, "alt_name_d": null, "alt_name": null, "access": null, "hgv": null, "ref": null, "junction": null, "width": "3", "surface": "asphalt", "smoothness": "good", "oneway": "yes", "name": "Jalan Stasiun Gubeng", "motorcyc_1": "yes", "lanes": "2", "foot": null }, "geometry": { "type": "MultiLineString", "coordinates": [ [ [ 112.7519405, -7.2644411 ], [ 112.7519205, -7.264711 ], [ 112.7518165, -7.2657839 ], [ 112.7517984, -7.2659309 ], [ 112.7517756, -7.2660459 ] ] ] } },
{ "type": "Feature", "properties": { "full_id": "w367749842", "osm_id": "367749842", "osm_type": "way", "highway": "trunk", "turn_lanes": null, "tunnel": null, "hgv_condit": null, "cycleway_l": null, "cycleway_r": null, "motorcycle": null, "destinatio": null, "destinat_1": null, "motor_vehi": null, "sidewalk": null, "wikidata": null, "bridge_nam": null, "bridge_n_1": null, "bridge_n_2": null, "bridge_n_3": null, "bridge_n_4": null, "name_it": null, "name_fr": null, "name_es": null, "name_en": null, "name_de": null, "minspeed_m": null, "maxspeed_m": null, "layer": null, "bridge_n_5": null, "bridge": null, "toll": null, "start_date": null, "short_name": null, "motorcar": null, "minspeed": null, "maxspeed": null, "maxaxleloa": null, "lit": null, "horse": null, "emergency": null, "bicycle": null, "alt_name_f": null, "alt_name_e": null, "alt_name_1": null, "alt_name_d": null, "alt_name": null, "access": null, "hgv": null, "ref": null, "junction": null, "width": "3", "surface": "asphalt", "smoothness": "good", "oneway": "yes", "name": "Jalan Anggrek", "motorcyc_1": "yes", "lanes": "2", "foot": null }, "geometry": { "type": "MultiLineString", "coordinates": [ [ [ 112.7519643, -7.2640239 ], [ 112.7519405, -7.2644411 ] ] ] } },
{ "type": "Feature", "properties": { "full_id": "w367749843", "osm_id": "367749843", "osm_type": "way", "highway": "trunk", "turn_lanes": null, "tunnel": null, "hgv_condit": null, "cycleway_l": null, "cycleway_r": null, "motorcycle": null, "destinatio": null, "destinat_1": null, "motor_vehi": null, "sidewalk": null, "wikidata": null, "bridge_nam": null, "bridge_n_1": null, "bridge_n_2": null, "bridge_n_3": null, "bridge_n_4": null, "name_it": null, "name_fr": null, "name_es": null, "name_en": null, "name_de": null, "minspeed_m": null, "maxspeed_m": null, "layer": null, "bridge_n_5": null, "bridge": null, "toll": null, "start_date": null, "short_name": null, "motorcar": null, "minspeed": null, "maxspeed": null, "maxaxleloa": null, "lit": null, "horse": null, "emergency": null, "bicycle": null, "alt_name_f": null, "alt_name_e": null, "alt_name_1": null, "alt_name_d": null, "alt_name": null, "access": null, "hgv": null, "ref": null, "junction": null, "width": null, "surface": null, "smoothness": null, "oneway": "yes", "name": "Jalan Anggrek", "motorcyc_1": null, "lanes": null, "foot": "yes" }, "geometry": { "type": "MultiLineString", "coordinates": [ [ [ 112.75183, -7.2640635 ], [ 112.7518407, -7.2631227 ], [ 112.7518507, -7.2629655 ], [ 112.7518541, -7.2628731 ], [ 112.7518628, -7.2626775 ], [ 112.7518601, -7.2625245 ], [ 112.7518527, -7.262464 ], [ 112.75184, -7.2624061 ], [ 112.7518192, -7.2623649 ], [ 112.7517951, -7.2623323 ], [ 112.7517676, -7.2622891 ], [ 112.751736, -7.2622578 ], [ 112.7515899, -7.2621214 ], [ 112.7514592, -7.2619797 ], [ 112.7514243, -7.2619282 ], [ 112.7514108, -7.2618933 ], [ 112.7513894, -7.2618155 ], [ 112.7513686, -7.2617117 ], [ 112.7513485, -7.261552 ], [ 112.7512908, -7.2612926 ], [ 112.7512592, -7.2611037 ], [ 112.7512112, -7.2606827 ] ] ] } },
{ "type": "Feature", "properties": { "full_id": "w367749849", "osm_id": "367749849", "osm_type": "way", "highway": "trunk", "turn_lanes": null, "tunnel": null, "hgv_condit": null, "cycleway_l": null, "cycleway_r": null, "motorcycle": null, "destinatio": null, "destinat_1": null, "motor_vehi": null, "sidewalk": "left", "wikidata": null, "bridge_nam": null, "bridge_n_1": null, "bridge_n_2": null, "bridge_n_3": null, "bridge_n_4": null, "name_it": null, "name_fr": null, "name_es": null, "name_en": null, "name_de": null, "minspeed_m": null, "maxspeed_m": null, "layer": null, "bridge_n_5": null, "bridge": null, "toll": null, "start_date": null, "short_name": null, "motorcar": null, "minspeed": null, "maxspeed": null, "maxaxleloa": null, "lit": null, "horse": null, "emergency": null, "bicycle": null, "alt_name_f": null, "alt_name_e": null, "alt_name_1": null, "alt_name_d": null, "alt_name": null, "access": null, "hgv": null, "ref": null, "junction": null, "width": null, "surface": null, "smoothness": null, "oneway": "yes", "name": "Jalan Anggrek", "motorcyc_1": null, "lanes": null, "foot": null }, "geometry": { "type": "MultiLineString", "coordinates": [ [ [ 112.7518232, -7.2644322 ], [ 112.751822, -7.264345 ], [ 112.75183, -7.2640635 ] ] ] } },
{ "type": "Feature", "properties": { "full_id": "w367749854", "osm_id": "367749854", "osm_type": "way", "highway": "trunk", "turn_lanes": null, "tunnel": null, "hgv_condit": null, "cycleway_l": null, "cycleway_r": null, "motorcycle": null, "destinatio": null, "destinat_1": null, "motor_vehi": null, "sidewalk": null, "wikidata": null, "bridge_nam": null, "bridge_n_1": null, "bridge_n_2": null, "bridge_n_3": null, "bridge_n_4": null, "name_it": null, "name_fr": null, "name_es": null, "name_en": null, "name_de": null, "minspeed_m": null, "maxspeed_m": null, "layer": null, "bridge_n_5": null, "bridge": null, "toll": null, "start_date": null, "short_name": null, "motorcar": null, "minspeed": null, "maxspeed": null, "maxaxleloa": null, "lit": null, "horse": null, "emergency": null, "bicycle": null, "alt_name_f": null, "alt_name_e": null, "alt_name_1": null, "alt_name_d": null, "alt_name": null, "access": null, "hgv": null, "ref": null, "junction": null, "width": null, "surface": null, "smoothness": null, "oneway": "yes", "name": "Jalan Anggrek", "motorcyc_1": null, "lanes": null, "foot": "yes" }, "geometry": { "type": "MultiLineString", "coordinates": [ [ [ 112.7513346, -7.2607034 ], [ 112.7514209, -7.2613328 ], [ 112.7514764, -7.2616797 ], [ 112.7515054, -7.2618162 ], [ 112.7515248, -7.261866 ], [ 112.7515382, -7.2618919 ], [ 112.7515506, -7.2619112 ], [ 112.751606, -7.2619724 ], [ 112.7516919, -7.2620535 ], [ 112.7518299, -7.262184 ], [ 112.7518889, -7.2622452 ], [ 112.7519372, -7.2623276 ], [ 112.7519621, -7.2623995 ], [ 112.7519748, -7.2624587 ], [ 112.7519862, -7.2625358 ], [ 112.751991, -7.2626217 ], [ 112.7519914, -7.2626756 ], [ 112.75198, -7.262871 ], [ 112.7519785, -7.2629201 ], [ 112.7519771, -7.2629669 ], [ 112.7519687, -7.263237 ], [ 112.7519609, -7.2634882 ], [ 112.7519643, -7.2640239 ] ] ] } },
{ "type": "Feature", "properties": { "full_id": "w367749860", "osm_id": "367749860", "osm_type": "way", "highway": "trunk", "turn_lanes": null, "tunnel": null, "hgv_condit": null, "cycleway_l": null, "cycleway_r": null, "motorcycle": null, "destinatio": null, "destinat_1": null, "motor_vehi": null, "sidewalk": null, "wikidata": null, "bridge_nam": null, "bridge_n_1": null, "bridge_n_2": null, "bridge_n_3": null, "bridge_n_4": null, "name_it": null, "name_fr": null, "name_es": null, "name_en": null, "name_de": null, "minspeed_m": null, "maxspeed_m": null, "layer": null, "bridge_n_5": null, "bridge": null, "toll": null, "start_date": null, "short_name": null, "motorcar": null, "minspeed": null, "maxspeed": null, "maxaxleloa": null, "lit": null, "horse": null, "emergency": null, "bicycle": "yes", "alt_name_f": null, "alt_name_e": null, "alt_name_1": null, "alt_name_d": null, "alt_name": null, "access": null, "hgv": null, "ref": null, "junction": null, "width": "4", "surface": "asphalt", "smoothness": "good", "oneway": "yes", "name": "Jalan Kusuma Bangsa", "motorcyc_1": "yes", "lanes": "3", "foot": "yes" }, "geometry": { "type": "MultiLineString", "coordinates": [ [ [ 112.7496433, -7.2516145 ], [ 112.749654, -7.2514489 ], [ 112.7496761, -7.2511045 ], [ 112.7497519, -7.2507069 ], [ 112.7497867, -7.2505479 ], [ 112.7497977, -7.2505074 ], [ 112.7498303, -7.2504089 ], [ 112.7499443, -7.2500045 ], [ 112.7500623, -7.2495651 ], [ 112.7501824, -7.2491756 ], [ 112.7502213, -7.2490672 ], [ 112.7502451, -7.249013 ], [ 112.7502803, -7.2489368 ] ] ] } },
{ "type": "Feature", "properties": { "full_id": "w367752788", "osm_id": "367752788", "osm_type": "way", "highway": "trunk", "turn_lanes": null, "tunnel": null, "hgv_condit": null, "cycleway_l": null, "cycleway_r": null, "motorcycle": null, "destinatio": null, "destinat_1": null, "motor_vehi": null, "sidewalk": null, "wikidata": null, "bridge_nam": null, "bridge_n_1": null, "bridge_n_2": null, "bridge_n_3": null, "bridge_n_4": null, "name_it": null, "name_fr": null, "name_es": null, "name_en": null, "name_de": null, "minspeed_m": null, "maxspeed_m": null, "layer": null, "bridge_n_5": null, "bridge": null, "toll": null, "start_date": null, "short_name": null, "motorcar": null, "minspeed": null, "maxspeed": null, "maxaxleloa": null, "lit": null, "horse": null, "emergency": null, "bicycle": "yes", "alt_name_f": null, "alt_name_e": null, "alt_name_1": null, "alt_name_d": null, "alt_name": null, "access": null, "hgv": null, "ref": null, "junction": null, "width": "4", "surface": "asphalt", "smoothness": "good", "oneway": "yes", "name": "Jalan Kusuma Bangsa", "motorcyc_1": "yes", "lanes": "3", "foot": "yes" }, "geometry": { "type": "MultiLineString", "coordinates": [ [ [ 112.7503902, -7.2489497 ], [ 112.7503286, -7.2490672 ] ] ] } },
{ "type": "Feature", "properties": { "full_id": "w369243445", "osm_id": "369243445", "osm_type": "way", "highway": "trunk", "turn_lanes": null, "tunnel": null, "hgv_condit": null, "cycleway_l": null, "cycleway_r": null, "motorcycle": null, "destinatio": null, "destinat_1": null, "motor_vehi": null, "sidewalk": null, "wikidata": null, "bridge_nam": null, "bridge_n_1": null, "bridge_n_2": null, "bridge_n_3": null, "bridge_n_4": null, "name_it": null, "name_fr": null, "name_es": null, "name_en": null, "name_de": null, "minspeed_m": null, "maxspeed_m": null, "layer": null, "bridge_n_5": null, "bridge": null, "toll": null, "start_date": null, "short_name": null, "motorcar": null, "minspeed": null, "maxspeed": null, "maxaxleloa": null, "lit": null, "horse": null, "emergency": null, "bicycle": null, "alt_name_f": null, "alt_name_e": null, "alt_name_1": null, "alt_name_d": null, "alt_name": null, "access": null, "hgv": null, "ref": null, "junction": null, "width": "4", "surface": "asphalt", "smoothness": "good", "oneway": "yes", "name": "Jalan Ratna", "motorcyc_1": "yes", "lanes": "2", "foot": null }, "geometry": { "type": "MultiLineString", "coordinates": [ [ [ 112.7436472, -7.2905347 ], [ 112.743568, -7.2905314 ], [ 112.7435422, -7.2905337 ], [ 112.7435077, -7.2905414 ], [ 112.7434313, -7.2905647 ] ] ] } },
{ "type": "Feature", "properties": { "full_id": "w369243450", "osm_id": "369243450", "osm_type": "way", "highway": "trunk", "turn_lanes": null, "tunnel": null, "hgv_condit": null, "cycleway_l": null, "cycleway_r": null, "motorcycle": null, "destinatio": null, "destinat_1": null, "motor_vehi": null, "sidewalk": null, "wikidata": null, "bridge_nam": null, "bridge_n_1": null, "bridge_n_2": null, "bridge_n_3": null, "bridge_n_4": null, "name_it": null, "name_fr": null, "name_es": null, "name_en": null, "name_de": null, "minspeed_m": null, "maxspeed_m": null, "layer": null, "bridge_n_5": null, "bridge": null, "toll": null, "start_date": null, "short_name": null, "motorcar": null, "minspeed": null, "maxspeed": null, "maxaxleloa": null, "lit": null, "horse": null, "emergency": null, "bicycle": null, "alt_name_f": null, "alt_name_e": null, "alt_name_1": null, "alt_name_d": null, "alt_name": null, "access": null, "hgv": null, "ref": null, "junction": null, "width": "3", "surface": "asphalt", "smoothness": "good", "oneway": "yes", "name": "Jalan Upa Jiwa", "motorcyc_1": "yes", "lanes": "2", "foot": null }, "geometry": { "type": "MultiLineString", "coordinates": [ [ [ 112.745742, -7.291418 ], [ 112.7457178, -7.2914623 ], [ 112.7457041, -7.2914902 ], [ 112.7456885, -7.2915135 ], [ 112.7456741, -7.2915356 ], [ 112.7456612, -7.2915557 ], [ 112.7456458, -7.2915777 ] ] ] } },
{ "type": "Feature", "properties": { "full_id": "w369445121", "osm_id": "369445121", "osm_type": "way", "highway": "trunk", "turn_lanes": null, "tunnel": null, "hgv_condit": null, "cycleway_l": null, "cycleway_r": null, "motorcycle": null, "destinatio": null, "destinat_1": null, "motor_vehi": null, "sidewalk": null, "wikidata": null, "bridge_nam": null, "bridge_n_1": null, "bridge_n_2": null, "bridge_n_3": null, "bridge_n_4": null, "name_it": null, "name_fr": null, "name_es": null, "name_en": null, "name_de": null, "minspeed_m": null, "maxspeed_m": null, "layer": null, "bridge_n_5": null, "bridge": null, "toll": null, "start_date": null, "short_name": null, "motorcar": null, "minspeed": null, "maxspeed": null, "maxaxleloa": null, "lit": null, "horse": null, "emergency": null, "bicycle": null, "alt_name_f": null, "alt_name_e": null, "alt_name_1": null, "alt_name_d": null, "alt_name": null, "access": null, "hgv": null, "ref": "AH2", "junction": null, "width": null, "surface": "asphalt", "smoothness": null, "oneway": "yes", "name": "Jalan Raya Taman", "motorcyc_1": null, "lanes": "2", "foot": null }, "geometry": { "type": "MultiLineString", "coordinates": [ [ [ 112.7028038, -7.35035 ], [ 112.7029554, -7.3503207 ], [ 112.7031431, -7.35028 ] ] ] } },
{ "type": "Feature", "properties": { "full_id": "w369445122", "osm_id": "369445122", "osm_type": "way", "highway": "trunk", "turn_lanes": null, "tunnel": null, "hgv_condit": null, "cycleway_l": null, "cycleway_r": null, "motorcycle": null, "destinatio": null, "destinat_1": null, "motor_vehi": null, "sidewalk": null, "wikidata": null, "bridge_nam": null, "bridge_n_1": null, "bridge_n_2": null, "bridge_n_3": null, "bridge_n_4": null, "name_it": null, "name_fr": null, "name_es": null, "name_en": null, "name_de": null, "minspeed_m": null, "maxspeed_m": null, "layer": null, "bridge_n_5": null, "bridge": null, "toll": null, "start_date": null, "short_name": null, "motorcar": null, "minspeed": null, "maxspeed": null, "maxaxleloa": null, "lit": null, "horse": null, "emergency": null, "bicycle": null, "alt_name_f": null, "alt_name_e": null, "alt_name_1": null, "alt_name_d": null, "alt_name": null, "access": null, "hgv": null, "ref": null, "junction": null, "width": null, "surface": null, "smoothness": null, "oneway": "yes", "name": "Jalan Letnan Jenderal Sutoyo", "motorcyc_1": null, "lanes": null, "foot": null }, "geometry": { "type": "MultiLineString", "coordinates": [ [ [ 112.7104307, -7.3507517 ], [ 112.7104703, -7.3507822 ], [ 112.7105279, -7.3508029 ], [ 112.7106614, -7.3508368 ], [ 112.7108327, -7.3508781 ], [ 112.7110729, -7.350938 ] ] ] } },
{ "type": "Feature", "properties": { "full_id": "w369538865", "osm_id": "369538865", "osm_type": "way", "highway": "trunk", "turn_lanes": null, "tunnel": null, "hgv_condit": null, "cycleway_l": null, "cycleway_r": null, "motorcycle": null, "destinatio": null, "destinat_1": null, "motor_vehi": null, "sidewalk": null, "wikidata": null, "bridge_nam": null, "bridge_n_1": null, "bridge_n_2": null, "bridge_n_3": null, "bridge_n_4": null, "name_it": null, "name_fr": null, "name_es": null, "name_en": null, "name_de": null, "minspeed_m": null, "maxspeed_m": null, "layer": null, "bridge_n_5": null, "bridge": null, "toll": null, "start_date": null, "short_name": null, "motorcar": null, "minspeed": null, "maxspeed": null, "maxaxleloa": null, "lit": null, "horse": null, "emergency": null, "bicycle": null, "alt_name_f": null, "alt_name_e": null, "alt_name_1": null, "alt_name_d": null, "alt_name": null, "access": null, "hgv": null, "ref": "1", "junction": null, "width": null, "surface": "asphalt", "smoothness": null, "oneway": "no", "name": "Jalan Layang Wonokromo", "motorcyc_1": null, "lanes": null, "foot": null }, "geometry": { "type": "MultiLineString", "coordinates": [ [ [ 112.7366867, -7.30366 ], [ 112.7367758, -7.3032664 ] ] ] } },
{ "type": "Feature", "properties": { "full_id": "w369538867", "osm_id": "369538867", "osm_type": "way", "highway": "trunk", "turn_lanes": null, "tunnel": null, "hgv_condit": null, "cycleway_l": null, "cycleway_r": null, "motorcycle": null, "destinatio": null, "destinat_1": null, "motor_vehi": null, "sidewalk": null, "wikidata": null, "bridge_nam": null, "bridge_n_1": null, "bridge_n_2": null, "bridge_n_3": null, "bridge_n_4": null, "name_it": null, "name_fr": null, "name_es": null, "name_en": null, "name_de": null, "minspeed_m": null, "maxspeed_m": null, "layer": "1", "bridge_n_5": null, "bridge": "yes", "toll": null, "start_date": null, "short_name": null, "motorcar": null, "minspeed": null, "maxspeed": null, "maxaxleloa": null, "lit": null, "horse": null, "emergency": null, "bicycle": null, "alt_name_f": null, "alt_name_e": null, "alt_name_1": null, "alt_name_d": null, "alt_name": null, "access": null, "hgv": null, "ref": "1", "junction": null, "width": null, "surface": "asphalt", "smoothness": null, "oneway": "yes", "name": "Jalan Wonokromo", "motorcyc_1": null, "lanes": null, "foot": "no" }, "geometry": { "type": "MultiLineString", "coordinates": [ [ [ 112.7373576, -7.300046 ], [ 112.7374783, -7.2993356 ] ] ] } },
{ "type": "Feature", "properties": { "full_id": "w369538873", "osm_id": "369538873", "osm_type": "way", "highway": "trunk", "turn_lanes": null, "tunnel": null, "hgv_condit": null, "cycleway_l": null, "cycleway_r": null, "motorcycle": null, "destinatio": null, "destinat_1": null, "motor_vehi": null, "sidewalk": null, "wikidata": null, "bridge_nam": null, "bridge_n_1": null, "bridge_n_2": null, "bridge_n_3": null, "bridge_n_4": null, "name_it": null, "name_fr": null, "name_es": null, "name_en": null, "name_de": null, "minspeed_m": null, "maxspeed_m": null, "layer": null, "bridge_n_5": null, "bridge": null, "toll": null, "start_date": null, "short_name": null, "motorcar": null, "minspeed": null, "maxspeed": null, "maxaxleloa": null, "lit": null, "horse": null, "emergency": null, "bicycle": null, "alt_name_f": null, "alt_name_e": null, "alt_name_1": null, "alt_name_d": null, "alt_name": null, "access": null, "hgv": null, "ref": "1", "junction": null, "width": null, "surface": "asphalt", "smoothness": null, "oneway": "yes", "name": "Jalan Raya Diponegoro", "motorcyc_1": null, "lanes": null, "foot": null }, "geometry": { "type": "MultiLineString", "coordinates": [ [ [ 112.7371472, -7.2923289 ], [ 112.7370598, -7.2921465 ], [ 112.7370288, -7.2920817 ], [ 112.7369557, -7.2919289 ], [ 112.7366652, -7.2913433 ], [ 112.7366178, -7.2912478 ], [ 112.7364052, -7.2908257 ], [ 112.7363385, -7.2906934 ], [ 112.7361853, -7.2903641 ], [ 112.7361487, -7.290285 ] ] ] } },
{ "type": "Feature", "properties": { "full_id": "w369538878", "osm_id": "369538878", "osm_type": "way", "highway": "trunk", "turn_lanes": null, "tunnel": null, "hgv_condit": null, "cycleway_l": null, "cycleway_r": null, "motorcycle": null, "destinatio": null, "destinat_1": null, "motor_vehi": null, "sidewalk": null, "wikidata": null, "bridge_nam": null, "bridge_n_1": null, "bridge_n_2": null, "bridge_n_3": null, "bridge_n_4": null, "name_it": null, "name_fr": null, "name_es": null, "name_en": null, "name_de": null, "minspeed_m": null, "maxspeed_m": null, "layer": null, "bridge_n_5": null, "bridge": null, "toll": null, "start_date": null, "short_name": null, "motorcar": null, "minspeed": null, "maxspeed": null, "maxaxleloa": null, "lit": null, "horse": null, "emergency": null, "bicycle": null, "alt_name_f": null, "alt_name_e": null, "alt_name_1": null, "alt_name_d": null, "alt_name": null, "access": null, "hgv": null, "ref": "1", "junction": null, "width": null, "surface": "asphalt", "smoothness": null, "oneway": "yes", "name": "Jalan Raya Diponegoro", "motorcyc_1": null, "lanes": null, "foot": "yes" }, "geometry": { "type": "MultiLineString", "coordinates": [ [ [ 112.7363237, -7.2902122 ], [ 112.7364068, -7.2903863 ], [ 112.7365975, -7.2907823 ], [ 112.7368958, -7.2914035 ], [ 112.7369485, -7.2915133 ], [ 112.7371175, -7.2918652 ], [ 112.7371971, -7.2920286 ], [ 112.7373169, -7.2922637 ] ] ] } },
{ "type": "Feature", "properties": { "full_id": "w369538879", "osm_id": "369538879", "osm_type": "way", "highway": "trunk", "turn_lanes": null, "tunnel": null, "hgv_condit": null, "cycleway_l": null, "cycleway_r": null, "motorcycle": null, "destinatio": null, "destinat_1": null, "motor_vehi": null, "sidewalk": null, "wikidata": null, "bridge_nam": null, "bridge_n_1": null, "bridge_n_2": null, "bridge_n_3": null, "bridge_n_4": null, "name_it": null, "name_fr": null, "name_es": null, "name_en": null, "name_de": null, "minspeed_m": null, "maxspeed_m": null, "layer": null, "bridge_n_5": null, "bridge": null, "toll": null, "start_date": null, "short_name": null, "motorcar": null, "minspeed": null, "maxspeed": null, "maxaxleloa": null, "lit": null, "horse": null, "emergency": null, "bicycle": null, "alt_name_f": null, "alt_name_e": null, "alt_name_1": null, "alt_name_d": null, "alt_name": null, "access": null, "hgv": null, "ref": "1", "junction": null, "width": null, "surface": "asphalt", "smoothness": null, "oneway": "yes", "name": "Jalan Raya Diponegoro", "motorcyc_1": null, "lanes": null, "foot": null }, "geometry": { "type": "MultiLineString", "coordinates": [ [ [ 112.736088, -7.2901875 ], [ 112.7358769, -7.2897731 ] ] ] } },
{ "type": "Feature", "properties": { "full_id": "w369538882", "osm_id": "369538882", "osm_type": "way", "highway": "trunk", "turn_lanes": null, "tunnel": null, "hgv_condit": null, "cycleway_l": null, "cycleway_r": null, "motorcycle": null, "destinatio": null, "destinat_1": null, "motor_vehi": null, "sidewalk": null, "wikidata": null, "bridge_nam": null, "bridge_n_1": null, "bridge_n_2": null, "bridge_n_3": null, "bridge_n_4": null, "name_it": null, "name_fr": null, "name_es": null, "name_en": null, "name_de": null, "minspeed_m": null, "maxspeed_m": null, "layer": null, "bridge_n_5": null, "bridge": null, "toll": null, "start_date": null, "short_name": null, "motorcar": null, "minspeed": null, "maxspeed": null, "maxaxleloa": null, "lit": null, "horse": null, "emergency": null, "bicycle": null, "alt_name_f": null, "alt_name_e": null, "alt_name_1": null, "alt_name_d": null, "alt_name": null, "access": null, "hgv": null, "ref": "1", "junction": null, "width": "4", "surface": "asphalt", "smoothness": "excellent", "oneway": "yes", "name": "Jalan Raya Diponegoro", "motorcyc_1": "yes", "lanes": "3", "foot": "yes" }, "geometry": { "type": "MultiLineString", "coordinates": [ [ [ 112.732947, -7.2838231 ], [ 112.7328372, -7.283604 ], [ 112.7327281, -7.2833861 ], [ 112.7325359, -7.2830025 ], [ 112.7324297, -7.2827954 ], [ 112.7323802, -7.2826993 ], [ 112.7322579, -7.282461 ], [ 112.7318563, -7.2816784 ], [ 112.7316138, -7.2812245 ], [ 112.7315015, -7.2810645 ], [ 112.7313414, -7.2808366 ], [ 112.7312042, -7.2806627 ], [ 112.7307476, -7.2801379 ], [ 112.7305013, -7.2798394 ], [ 112.7303915, -7.2796975 ], [ 112.7301283, -7.2793807 ], [ 112.7299997, -7.2792144 ], [ 112.7298344, -7.2790006 ], [ 112.7297314, -7.2788674 ], [ 112.7296368, -7.2787451 ], [ 112.7295539, -7.2786511 ], [ 112.7294934, -7.2785754 ], [ 112.7291096, -7.278113 ], [ 112.7290278, -7.2780157 ] ] ] } },
{ "type": "Feature", "properties": { "full_id": "w369538883", "osm_id": "369538883", "osm_type": "way", "highway": "trunk", "turn_lanes": null, "tunnel": null, "hgv_condit": null, "cycleway_l": null, "cycleway_r": null, "motorcycle": null, "destinatio": null, "destinat_1": null, "motor_vehi": null, "sidewalk": null, "wikidata": null, "bridge_nam": null, "bridge_n_1": null, "bridge_n_2": null, "bridge_n_3": null, "bridge_n_4": null, "name_it": null, "name_fr": null, "name_es": null, "name_en": null, "name_de": null, "minspeed_m": null, "maxspeed_m": null, "layer": null, "bridge_n_5": null, "bridge": null, "toll": null, "start_date": null, "short_name": null, "motorcar": null, "minspeed": null, "maxspeed": null, "maxaxleloa": null, "lit": null, "horse": null, "emergency": null, "bicycle": null, "alt_name_f": null, "alt_name_e": null, "alt_name_1": null, "alt_name_d": null, "alt_name": null, "access": null, "hgv": null, "ref": "1", "junction": null, "width": null, "surface": "asphalt", "smoothness": null, "oneway": "yes", "name": "Jalan Raya Diponegoro", "motorcyc_1": null, "lanes": "3", "foot": "yes" }, "geometry": { "type": "MultiLineString", "coordinates": [ [ [ 112.7334809, -7.2845066 ], [ 112.7335856, -7.2847114 ], [ 112.7336169, -7.2847801 ], [ 112.7336437, -7.2848323 ], [ 112.7339871, -7.285525 ], [ 112.7340812, -7.2857148 ], [ 112.7342928, -7.2861417 ], [ 112.7343798, -7.286298 ] ] ] } },
{ "type": "Feature", "properties": { "full_id": "w369538884", "osm_id": "369538884", "osm_type": "way", "highway": "trunk", "turn_lanes": null, "tunnel": null, "hgv_condit": null, "cycleway_l": null, "cycleway_r": null, "motorcycle": null, "destinatio": null, "destinat_1": null, "motor_vehi": null, "sidewalk": null, "wikidata": null, "bridge_nam": null, "bridge_n_1": null, "bridge_n_2": null, "bridge_n_3": null, "bridge_n_4": null, "name_it": null, "name_fr": null, "name_es": null, "name_en": null, "name_de": null, "minspeed_m": null, "maxspeed_m": null, "layer": null, "bridge_n_5": null, "bridge": null, "toll": null, "start_date": null, "short_name": null, "motorcar": null, "minspeed": null, "maxspeed": null, "maxaxleloa": null, "lit": null, "horse": null, "emergency": null, "bicycle": null, "alt_name_f": null, "alt_name_e": null, "alt_name_1": null, "alt_name_d": null, "alt_name": null, "access": null, "hgv": null, "ref": "1", "junction": null, "width": null, "surface": "asphalt", "smoothness": null, "oneway": "yes", "name": "Jalan Raya Diponegoro", "motorcyc_1": null, "lanes": "3", "foot": "yes" }, "geometry": { "type": "MultiLineString", "coordinates": [ [ [ 112.7333147, -7.2845831 ], [ 112.7332513, -7.2844474 ] ] ] } },
{ "type": "Feature", "properties": { "full_id": "w369538885", "osm_id": "369538885", "osm_type": "way", "highway": "trunk", "turn_lanes": null, "tunnel": null, "hgv_condit": null, "cycleway_l": null, "cycleway_r": null, "motorcycle": null, "destinatio": null, "destinat_1": null, "motor_vehi": null, "sidewalk": null, "wikidata": null, "bridge_nam": null, "bridge_n_1": null, "bridge_n_2": null, "bridge_n_3": null, "bridge_n_4": null, "name_it": null, "name_fr": null, "name_es": null, "name_en": null, "name_de": null, "minspeed_m": null, "maxspeed_m": null, "layer": null, "bridge_n_5": null, "bridge": null, "toll": null, "start_date": null, "short_name": null, "motorcar": null, "minspeed": null, "maxspeed": null, "maxaxleloa": null, "lit": null, "horse": null, "emergency": null, "bicycle": null, "alt_name_f": null, "alt_name_e": null, "alt_name_1": null, "alt_name_d": null, "alt_name": null, "access": null, "hgv": null, "ref": "1", "junction": null, "width": null, "surface": "asphalt", "smoothness": null, "oneway": "yes", "name": "Jalan Raya Diponegoro", "motorcyc_1": null, "lanes": "3", "foot": "yes" }, "geometry": { "type": "MultiLineString", "coordinates": [ [ [ 112.7334175, -7.284371 ], [ 112.7334809, -7.2845066 ] ] ] } },
{ "type": "Feature", "properties": { "full_id": "w369538887", "osm_id": "369538887", "osm_type": "way", "highway": "trunk", "turn_lanes": null, "tunnel": null, "hgv_condit": null, "cycleway_l": null, "cycleway_r": null, "motorcycle": null, "destinatio": null, "destinat_1": null, "motor_vehi": null, "sidewalk": null, "wikidata": null, "bridge_nam": null, "bridge_n_1": null, "bridge_n_2": null, "bridge_n_3": null, "bridge_n_4": null, "name_it": null, "name_fr": null, "name_es": null, "name_en": null, "name_de": null, "minspeed_m": null, "maxspeed_m": null, "layer": null, "bridge_n_5": null, "bridge": null, "toll": null, "start_date": null, "short_name": null, "motorcar": null, "minspeed": null, "maxspeed": null, "maxaxleloa": null, "lit": null, "horse": null, "emergency": null, "bicycle": null, "alt_name_f": null, "alt_name_e": null, "alt_name_1": null, "alt_name_d": null, "alt_name": null, "access": null, "hgv": null, "ref": "1", "junction": null, "width": "4", "surface": "asphalt", "smoothness": "excellent", "oneway": "yes", "name": "Jalan Raya Diponegoro", "motorcyc_1": "yes", "lanes": "3", "foot": "yes" }, "geometry": { "type": "MultiLineString", "coordinates": [ [ [ 112.7292864, -7.2780288 ], [ 112.7295159, -7.2783116 ], [ 112.7305413, -7.2795861 ], [ 112.7306528, -7.2797161 ], [ 112.7315314, -7.2807448 ], [ 112.7315823, -7.2808102 ], [ 112.7316291, -7.2808817 ], [ 112.7316683, -7.2809444 ], [ 112.7318271, -7.2811985 ], [ 112.7330999, -7.28373 ] ] ] } },
{ "type": "Feature", "properties": { "full_id": "w369652633", "osm_id": "369652633", "osm_type": "way", "highway": "trunk", "turn_lanes": null, "tunnel": null, "hgv_condit": null, "cycleway_l": null, "cycleway_r": null, "motorcycle": null, "destinatio": null, "destinat_1": null, "motor_vehi": null, "sidewalk": null, "wikidata": null, "bridge_nam": null, "bridge_n_1": null, "bridge_n_2": null, "bridge_n_3": null, "bridge_n_4": null, "name_it": null, "name_fr": null, "name_es": null, "name_en": null, "name_de": null, "minspeed_m": null, "maxspeed_m": null, "layer": null, "bridge_n_5": null, "bridge": null, "toll": null, "start_date": null, "short_name": null, "motorcar": null, "minspeed": null, "maxspeed": null, "maxaxleloa": null, "lit": null, "horse": null, "emergency": null, "bicycle": null, "alt_name_f": null, "alt_name_e": null, "alt_name_1": null, "alt_name_d": null, "alt_name": null, "access": null, "hgv": null, "ref": null, "junction": null, "width": null, "surface": null, "smoothness": null, "oneway": "yes", "name": "Jalan Pasar Keputran", "motorcyc_1": null, "lanes": "3", "foot": null }, "geometry": { "type": "MultiLineString", "coordinates": [ [ [ 112.745369, -7.2767941 ], [ 112.7452643, -7.2768439 ] ] ] } },
{ "type": "Feature", "properties": { "full_id": "w369658241", "osm_id": "369658241", "osm_type": "way", "highway": "trunk", "turn_lanes": null, "tunnel": null, "hgv_condit": null, "cycleway_l": "shared_lane", "cycleway_r": "shared_lane", "motorcycle": null, "destinatio": null, "destinat_1": null, "motor_vehi": null, "sidewalk": null, "wikidata": null, "bridge_nam": null, "bridge_n_1": null, "bridge_n_2": null, "bridge_n_3": null, "bridge_n_4": null, "name_it": null, "name_fr": null, "name_es": null, "name_en": null, "name_de": null, "minspeed_m": null, "maxspeed_m": null, "layer": null, "bridge_n_5": null, "bridge": null, "toll": null, "start_date": null, "short_name": null, "motorcar": null, "minspeed": null, "maxspeed": null, "maxaxleloa": null, "lit": null, "horse": null, "emergency": null, "bicycle": null, "alt_name_f": null, "alt_name_e": null, "alt_name_1": null, "alt_name_d": null, "alt_name": null, "access": null, "hgv": null, "ref": null, "junction": null, "width": null, "surface": null, "smoothness": null, "oneway": "yes", "name": "Jalan Raya Gubeng", "motorcyc_1": null, "lanes": null, "foot": null }, "geometry": { "type": "MultiLineString", "coordinates": [ [ [ 112.7496029, -7.2712623 ], [ 112.7497961, -7.2710891 ], [ 112.7501172, -7.2707464 ], [ 112.7502321, -7.2706362 ] ] ] } },
{ "type": "Feature", "properties": { "full_id": "w369658242", "osm_id": "369658242", "osm_type": "way", "highway": "trunk", "turn_lanes": null, "tunnel": null, "hgv_condit": null, "cycleway_l": null, "cycleway_r": null, "motorcycle": null, "destinatio": null, "destinat_1": null, "motor_vehi": null, "sidewalk": null, "wikidata": null, "bridge_nam": null, "bridge_n_1": null, "bridge_n_2": null, "bridge_n_3": null, "bridge_n_4": null, "name_it": null, "name_fr": null, "name_es": null, "name_en": null, "name_de": null, "minspeed_m": null, "maxspeed_m": null, "layer": null, "bridge_n_5": null, "bridge": null, "toll": null, "start_date": null, "short_name": null, "motorcar": null, "minspeed": null, "maxspeed": null, "maxaxleloa": null, "lit": null, "horse": null, "emergency": null, "bicycle": null, "alt_name_f": null, "alt_name_e": null, "alt_name_1": null, "alt_name_d": null, "alt_name": null, "access": null, "hgv": null, "ref": null, "junction": null, "width": "3", "surface": "asphalt", "smoothness": "good", "oneway": "yes", "name": "Jalan Stasiun Gubeng", "motorcyc_1": "yes", "lanes": "2", "foot": null }, "geometry": { "type": "MultiLineString", "coordinates": [ [ [ 112.7515079, -7.2662699 ], [ 112.7515617, -7.2661661 ] ] ] } },
{ "type": "Feature", "properties": { "full_id": "w369661668", "osm_id": "369661668", "osm_type": "way", "highway": "trunk", "turn_lanes": null, "tunnel": null, "hgv_condit": null, "cycleway_l": null, "cycleway_r": null, "motorcycle": null, "destinatio": null, "destinat_1": null, "motor_vehi": null, "sidewalk": null, "wikidata": null, "bridge_nam": null, "bridge_n_1": null, "bridge_n_2": null, "bridge_n_3": null, "bridge_n_4": null, "name_it": null, "name_fr": null, "name_es": null, "name_en": null, "name_de": null, "minspeed_m": null, "maxspeed_m": null, "layer": null, "bridge_n_5": null, "bridge": null, "toll": null, "start_date": null, "short_name": null, "motorcar": null, "minspeed": null, "maxspeed": null, "maxaxleloa": null, "lit": null, "horse": null, "emergency": null, "bicycle": null, "alt_name_f": null, "alt_name_e": null, "alt_name_1": null, "alt_name_d": null, "alt_name": null, "access": null, "hgv": null, "ref": null, "junction": null, "width": "4", "surface": "asphalt", "smoothness": "intermediate", "oneway": "yes", "name": "Jalan Kenjeran", "motorcyc_1": "yes", "lanes": "3", "foot": null }, "geometry": { "type": "MultiLineString", "coordinates": [ [ [ 112.7688528, -7.2454282 ], [ 112.7686579, -7.2453666 ], [ 112.7684571, -7.2453115 ], [ 112.7675191, -7.2450397 ], [ 112.7658783, -7.2445781 ], [ 112.7655235, -7.2444783 ], [ 112.7649644, -7.2443247 ], [ 112.7640289, -7.2440452 ], [ 112.7627722, -7.2436767 ], [ 112.7623369, -7.2435537 ], [ 112.7616271, -7.2433685 ], [ 112.7612083, -7.2432625 ] ] ] } },
{ "type": "Feature", "properties": { "full_id": "w369661672", "osm_id": "369661672", "osm_type": "way", "highway": "trunk", "turn_lanes": null, "tunnel": null, "hgv_condit": null, "cycleway_l": null, "cycleway_r": null, "motorcycle": null, "destinatio": null, "destinat_1": null, "motor_vehi": null, "sidewalk": null, "wikidata": null, "bridge_nam": null, "bridge_n_1": null, "bridge_n_2": null, "bridge_n_3": null, "bridge_n_4": null, "name_it": null, "name_fr": null, "name_es": null, "name_en": null, "name_de": null, "minspeed_m": null, "maxspeed_m": null, "layer": null, "bridge_n_5": null, "bridge": null, "toll": null, "start_date": null, "short_name": null, "motorcar": null, "minspeed": null, "maxspeed": null, "maxaxleloa": null, "lit": null, "horse": null, "emergency": null, "bicycle": null, "alt_name_f": null, "alt_name_e": null, "alt_name_1": null, "alt_name_d": null, "alt_name": null, "access": null, "hgv": null, "ref": null, "junction": null, "width": null, "surface": null, "smoothness": null, "oneway": "yes", "name": "Jalan Kenjeran", "motorcyc_1": null, "lanes": "3", "foot": null }, "geometry": { "type": "MultiLineString", "coordinates": [ [ [ 112.7688474, -7.2452776 ], [ 112.7688918, -7.2452806 ] ] ] } },
{ "type": "Feature", "properties": { "full_id": "w369677858", "osm_id": "369677858", "osm_type": "way", "highway": "trunk", "turn_lanes": null, "tunnel": null, "hgv_condit": null, "cycleway_l": null, "cycleway_r": null, "motorcycle": null, "destinatio": null, "destinat_1": null, "motor_vehi": null, "sidewalk": null, "wikidata": null, "bridge_nam": null, "bridge_n_1": null, "bridge_n_2": null, "bridge_n_3": null, "bridge_n_4": null, "name_it": null, "name_fr": null, "name_es": null, "name_en": null, "name_de": null, "minspeed_m": null, "maxspeed_m": null, "layer": null, "bridge_n_5": null, "bridge": null, "toll": null, "start_date": null, "short_name": null, "motorcar": null, "minspeed": null, "maxspeed": null, "maxaxleloa": null, "lit": null, "horse": null, "emergency": null, "bicycle": null, "alt_name_f": null, "alt_name_e": null, "alt_name_1": null, "alt_name_d": null, "alt_name": null, "access": null, "hgv": null, "ref": "1", "junction": null, "width": "6", "surface": "asphalt", "smoothness": "intermediate", "oneway": "yes", "name": "Jalan Gresik", "motorcyc_1": "yes", "lanes": "2", "foot": null }, "geometry": { "type": "MultiLineString", "coordinates": [ [ [ 112.7204574, -7.2321862 ], [ 112.720558, -7.2321817 ], [ 112.7206104, -7.2321853 ], [ 112.7206743, -7.232193 ], [ 112.7212698, -7.2323098 ], [ 112.7213744, -7.2323328 ] ] ] } },
{ "type": "Feature", "properties": { "full_id": "w369677859", "osm_id": "369677859", "osm_type": "way", "highway": "trunk", "turn_lanes": null, "tunnel": null, "hgv_condit": null, "cycleway_l": null, "cycleway_r": null, "motorcycle": null, "destinatio": null, "destinat_1": null, "motor_vehi": null, "sidewalk": null, "wikidata": null, "bridge_nam": null, "bridge_n_1": null, "bridge_n_2": null, "bridge_n_3": null, "bridge_n_4": null, "name_it": null, "name_fr": null, "name_es": null, "name_en": null, "name_de": null, "minspeed_m": null, "maxspeed_m": null, "layer": null, "bridge_n_5": null, "bridge": null, "toll": null, "start_date": null, "short_name": null, "motorcar": null, "minspeed": null, "maxspeed": null, "maxaxleloa": null, "lit": null, "horse": null, "emergency": null, "bicycle": null, "alt_name_f": null, "alt_name_e": null, "alt_name_1": null, "alt_name_d": null, "alt_name": null, "access": null, "hgv": null, "ref": null, "junction": null, "width": "6", "surface": "asphalt", "smoothness": "intermediate", "oneway": "yes", "name": "Jalan Gresik", "motorcyc_1": "yes", "lanes": "2", "foot": null }, "geometry": { "type": "MultiLineString", "coordinates": [ [ [ 112.7236896, -7.2328366 ], [ 112.7235601, -7.2328348 ], [ 112.723454, -7.2328333 ], [ 112.7228816, -7.2327178 ], [ 112.7222386, -7.2326044 ], [ 112.7217002, -7.2325149 ], [ 112.7215371, -7.2324886 ], [ 112.7214499, -7.2324734 ] ] ] } },
{ "type": "Feature", "properties": { "full_id": "w369677860", "osm_id": "369677860", "osm_type": "way", "highway": "trunk", "turn_lanes": null, "tunnel": null, "hgv_condit": null, "cycleway_l": null, "cycleway_r": null, "motorcycle": null, "destinatio": null, "destinat_1": null, "motor_vehi": null, "sidewalk": null, "wikidata": null, "bridge_nam": null, "bridge_n_1": null, "bridge_n_2": null, "bridge_n_3": null, "bridge_n_4": null, "name_it": null, "name_fr": null, "name_es": null, "name_en": null, "name_de": null, "minspeed_m": null, "maxspeed_m": null, "layer": null, "bridge_n_5": null, "bridge": null, "toll": null, "start_date": null, "short_name": null, "motorcar": null, "minspeed": null, "maxspeed": null, "maxaxleloa": null, "lit": null, "horse": null, "emergency": null, "bicycle": null, "alt_name_f": null, "alt_name_e": null, "alt_name_1": null, "alt_name_d": null, "alt_name": null, "access": null, "hgv": null, "ref": null, "junction": null, "width": "6", "surface": "asphalt", "smoothness": "intermediate", "oneway": "yes", "name": "Jalan Gresik", "motorcyc_1": "yes", "lanes": "4", "foot": null }, "geometry": { "type": "MultiLineString", "coordinates": [ [ [ 112.7277523, -7.2327306 ], [ 112.727687, -7.2327511 ], [ 112.7275992, -7.2327794 ], [ 112.7275113, -7.2328098 ], [ 112.7273354, -7.2328706 ], [ 112.727228, -7.2329091 ], [ 112.7271368, -7.2329405 ], [ 112.7265934, -7.2331773 ], [ 112.726529, -7.2332053 ], [ 112.7262169, -7.2333057 ] ] ] } },
{ "type": "Feature", "properties": { "full_id": "w369677861", "osm_id": "369677861", "osm_type": "way", "highway": "trunk", "turn_lanes": null, "tunnel": null, "hgv_condit": null, "cycleway_l": null, "cycleway_r": null, "motorcycle": null, "destinatio": null, "destinat_1": null, "motor_vehi": null, "sidewalk": null, "wikidata": null, "bridge_nam": null, "bridge_n_1": null, "bridge_n_2": null, "bridge_n_3": null, "bridge_n_4": null, "name_it": null, "name_fr": null, "name_es": null, "name_en": null, "name_de": null, "minspeed_m": null, "maxspeed_m": null, "layer": null, "bridge_n_5": null, "bridge": null, "toll": null, "start_date": null, "short_name": null, "motorcar": null, "minspeed": null, "maxspeed": null, "maxaxleloa": null, "lit": null, "horse": null, "emergency": null, "bicycle": null, "alt_name_f": null, "alt_name_e": null, "alt_name_1": null, "alt_name_d": null, "alt_name": null, "access": null, "hgv": null, "ref": null, "junction": null, "width": null, "surface": null, "smoothness": null, "oneway": "yes", "name": "Jalan Perak Barat", "motorcyc_1": null, "lanes": null, "foot": null }, "geometry": { "type": "MultiLineString", "coordinates": [ [ [ 112.7283232, -7.232472 ], [ 112.7282793, -7.2323603 ], [ 112.7282278, -7.2321431 ], [ 112.7282237, -7.2320283 ] ] ] } },
{ "type": "Feature", "properties": { "full_id": "w369677863", "osm_id": "369677863", "osm_type": "way", "highway": "trunk", "turn_lanes": null, "tunnel": null, "hgv_condit": null, "cycleway_l": null, "cycleway_r": null, "motorcycle": null, "destinatio": null, "destinat_1": null, "motor_vehi": null, "sidewalk": null, "wikidata": null, "bridge_nam": null, "bridge_n_1": null, "bridge_n_2": null, "bridge_n_3": null, "bridge_n_4": null, "name_it": null, "name_fr": null, "name_es": null, "name_en": null, "name_de": null, "minspeed_m": null, "maxspeed_m": null, "layer": null, "bridge_n_5": null, "bridge": null, "toll": null, "start_date": null, "short_name": null, "motorcar": null, "minspeed": null, "maxspeed": null, "maxaxleloa": null, "lit": null, "horse": null, "emergency": null, "bicycle": null, "alt_name_f": null, "alt_name_e": null, "alt_name_1": null, "alt_name_d": null, "alt_name": null, "access": null, "hgv": null, "ref": null, "junction": null, "width": "6", "surface": "asphalt", "smoothness": "intermediate", "oneway": "yes", "name": "Jalan Ikan Dorang", "motorcyc_1": "yes", "lanes": "2", "foot": null }, "geometry": { "type": "MultiLineString", "coordinates": [ [ [ 112.7263184, -7.2330955 ], [ 112.7262318, -7.2328802 ], [ 112.7260335, -7.2323271 ], [ 112.7259851, -7.2321687 ], [ 112.7259758, -7.2320038 ], [ 112.726004, -7.2318482 ], [ 112.7260495, -7.2317244 ], [ 112.7261489, -7.231529 ], [ 112.7263352, -7.231187 ] ] ] } },
{ "type": "Feature", "properties": { "full_id": "w369677867", "osm_id": "369677867", "osm_type": "way", "highway": "trunk", "turn_lanes": null, "tunnel": null, "hgv_condit": null, "cycleway_l": null, "cycleway_r": null, "motorcycle": null, "destinatio": null, "destinat_1": null, "motor_vehi": null, "sidewalk": null, "wikidata": null, "bridge_nam": null, "bridge_n_1": null, "bridge_n_2": null, "bridge_n_3": null, "bridge_n_4": null, "name_it": null, "name_fr": null, "name_es": null, "name_en": null, "name_de": null, "minspeed_m": null, "maxspeed_m": null, "layer": null, "bridge_n_5": null, "bridge": null, "toll": null, "start_date": null, "short_name": null, "motorcar": null, "minspeed": null, "maxspeed": null, "maxaxleloa": null, "lit": null, "horse": null, "emergency": null, "bicycle": null, "alt_name_f": null, "alt_name_e": null, "alt_name_1": null, "alt_name_d": null, "alt_name": "Jalan Raya Greges Baru", "access": null, "hgv": null, "ref": "1", "junction": null, "width": "8", "surface": "asphalt", "smoothness": "bad", "oneway": "yes", "name": "Jalan Greges", "motorcyc_1": "yes", "lanes": "3", "foot": "yes" }, "geometry": { "type": "MultiLineString", "coordinates": [ [ [ 112.6778217, -7.2296718 ], [ 112.6786774, -7.2296645 ], [ 112.6790334, -7.2296605 ], [ 112.6790791, -7.2296597 ], [ 112.6795122, -7.2296525 ], [ 112.6799621, -7.2296412 ], [ 112.6809686, -7.2296246 ], [ 112.6814139, -7.2296246 ], [ 112.682, -7.2296192 ], [ 112.6824913, -7.22961 ], [ 112.6825744, -7.2296126 ], [ 112.6827353, -7.2296153 ], [ 112.6829123, -7.2296179 ], [ 112.6832261, -7.2296097 ] ] ] } },
{ "type": "Feature", "properties": { "full_id": "w369677868", "osm_id": "369677868", "osm_type": "way", "highway": "trunk", "turn_lanes": null, "tunnel": null, "hgv_condit": null, "cycleway_l": null, "cycleway_r": null, "motorcycle": null, "destinatio": null, "destinat_1": null, "motor_vehi": null, "sidewalk": null, "wikidata": null, "bridge_nam": null, "bridge_n_1": null, "bridge_n_2": null, "bridge_n_3": null, "bridge_n_4": null, "name_it": null, "name_fr": null, "name_es": null, "name_en": null, "name_de": null, "minspeed_m": null, "maxspeed_m": null, "layer": "1", "bridge_n_5": null, "bridge": "yes", "toll": null, "start_date": null, "short_name": null, "motorcar": null, "minspeed": null, "maxspeed": null, "maxaxleloa": null, "lit": null, "horse": null, "emergency": null, "bicycle": null, "alt_name_f": null, "alt_name_e": null, "alt_name_1": null, "alt_name_d": null, "alt_name": null, "access": null, "hgv": null, "ref": "1", "junction": null, "width": null, "surface": "asphalt", "smoothness": null, "oneway": "yes", "name": null, "motorcyc_1": null, "lanes": "2", "foot": null }, "geometry": { "type": "MultiLineString", "coordinates": [ [ [ 112.6778295, -7.229755 ], [ 112.6774661, -7.229759 ] ] ] } },
{ "type": "Feature", "properties": { "full_id": "w369677869", "osm_id": "369677869", "osm_type": "way", "highway": "trunk", "turn_lanes": null, "tunnel": null, "hgv_condit": null, "cycleway_l": null, "cycleway_r": null, "motorcycle": null, "destinatio": null, "destinat_1": null, "motor_vehi": null, "sidewalk": null, "wikidata": null, "bridge_nam": null, "bridge_n_1": null, "bridge_n_2": null, "bridge_n_3": null, "bridge_n_4": null, "name_it": null, "name_fr": null, "name_es": null, "name_en": null, "name_de": null, "minspeed_m": null, "maxspeed_m": null, "layer": null, "bridge_n_5": null, "bridge": null, "toll": null, "start_date": null, "short_name": null, "motorcar": null, "minspeed": null, "maxspeed": null, "maxaxleloa": null, "lit": null, "horse": null, "emergency": null, "bicycle": null, "alt_name_f": null, "alt_name_e": null, "alt_name_1": null, "alt_name_d": null, "alt_name": null, "access": null, "hgv": null, "ref": "1", "junction": null, "width": "6", "surface": "asphalt", "smoothness": "good", "oneway": "no", "name": "Jalan Tambak Oso Wilangon", "motorcyc_1": "yes", "lanes": "1", "foot": null }, "geometry": { "type": "MultiLineString", "coordinates": [ [ [ 112.6661016, -7.2259738 ], [ 112.6656624, -7.225722 ], [ 112.6650551, -7.2253749 ], [ 112.6647598, -7.2252137 ], [ 112.6641745, -7.2249227 ] ] ] } },
{ "type": "Feature", "properties": { "full_id": "w369677870", "osm_id": "369677870", "osm_type": "way", "highway": "trunk", "turn_lanes": null, "tunnel": null, "hgv_condit": null, "cycleway_l": null, "cycleway_r": null, "motorcycle": null, "destinatio": null, "destinat_1": null, "motor_vehi": null, "sidewalk": null, "wikidata": null, "bridge_nam": null, "bridge_n_1": null, "bridge_n_2": null, "bridge_n_3": null, "bridge_n_4": null, "name_it": null, "name_fr": null, "name_es": null, "name_en": null, "name_de": null, "minspeed_m": null, "maxspeed_m": null, "layer": null, "bridge_n_5": null, "bridge": null, "toll": null, "start_date": null, "short_name": null, "motorcar": null, "minspeed": null, "maxspeed": null, "maxaxleloa": null, "lit": null, "horse": null, "emergency": null, "bicycle": null, "alt_name_f": null, "alt_name_e": null, "alt_name_1": null, "alt_name_d": null, "alt_name": null, "access": null, "hgv": null, "ref": "1", "junction": null, "width": "4", "surface": "asphalt", "smoothness": "good", "oneway": "yes", "name": "Jalan Raya Tambak Langon", "motorcyc_1": "yes", "lanes": "1", "foot": null }, "geometry": { "type": "MultiLineString", "coordinates": [ [ [ 112.6661016, -7.2259738 ], [ 112.66628, -7.2260111 ], [ 112.6664229, -7.2260818 ], [ 112.6665212, -7.226142 ], [ 112.6668794, -7.2263473 ], [ 112.6676516, -7.226772 ], [ 112.6677024, -7.2268053 ], [ 112.667784, -7.226853 ], [ 112.668031, -7.2269966 ], [ 112.6684324, -7.2272138 ], [ 112.6686714, -7.2273507 ], [ 112.6687461, -7.2273924 ], [ 112.669072, -7.2275742 ], [ 112.6691957, -7.2276438 ], [ 112.6694154, -7.2277669 ], [ 112.6694973, -7.2278099 ], [ 112.6699155, -7.2280286 ], [ 112.6700827, -7.2281161 ], [ 112.6704669, -7.228317 ], [ 112.6705809, -7.2283766 ], [ 112.6709624, -7.2285833 ], [ 112.671303, -7.2287649 ], [ 112.6719144, -7.2290994 ], [ 112.672201, -7.2292547 ], [ 112.672287, -7.2292999 ], [ 112.6723875, -7.2293527 ], [ 112.6724289, -7.2293745 ], [ 112.6726462, -7.2294782 ], [ 112.6728436, -7.2295673 ], [ 112.6729643, -7.2296146 ], [ 112.6731413, -7.2296645 ], [ 112.6733357, -7.2297004 ], [ 112.6735155, -7.2297157 ], [ 112.6736978, -7.229727 ], [ 112.6739191, -7.229733 ], [ 112.6741431, -7.229727 ], [ 112.6745568, -7.2297297 ], [ 112.6747325, -7.2297323 ], [ 112.6750115, -7.229727 ], [ 112.6759811, -7.2297124 ], [ 112.6761299, -7.2297124 ], [ 112.6762399, -7.2297084 ], [ 112.6765696, -7.2296978 ], [ 112.6767388, -7.2296924 ], [ 112.6769024, -7.2296897 ], [ 112.6773939, -7.2296731 ], [ 112.6774596, -7.2296718 ] ] ] } },
{ "type": "Feature", "properties": { "full_id": "w369677871", "osm_id": "369677871", "osm_type": "way", "highway": "trunk", "turn_lanes": null, "tunnel": null, "hgv_condit": null, "cycleway_l": null, "cycleway_r": null, "motorcycle": null, "destinatio": null, "destinat_1": null, "motor_vehi": null, "sidewalk": null, "wikidata": null, "bridge_nam": null, "bridge_n_1": null, "bridge_n_2": null, "bridge_n_3": null, "bridge_n_4": null, "name_it": null, "name_fr": null, "name_es": null, "name_en": null, "name_de": null, "minspeed_m": null, "maxspeed_m": null, "layer": null, "bridge_n_5": null, "bridge": null, "toll": null, "start_date": null, "short_name": null, "motorcar": null, "minspeed": null, "maxspeed": null, "maxaxleloa": null, "lit": null, "horse": null, "emergency": null, "bicycle": null, "alt_name_f": null, "alt_name_e": null, "alt_name_1": null, "alt_name_d": null, "alt_name": null, "access": null, "hgv": null, "ref": "1", "junction": null, "width": "6", "surface": "asphalt", "smoothness": "good", "oneway": "no", "name": "Jalan Tambak Osowilangun", "motorcyc_1": "yes", "lanes": "1", "foot": null }, "geometry": { "type": "MultiLineString", "coordinates": [ [ [ 112.6541913, -7.2160193 ], [ 112.6541615, -7.2159256 ], [ 112.6540334, -7.2155461 ], [ 112.653881, -7.2151345 ] ] ] } },
{ "type": "Feature", "properties": { "full_id": "w369677872", "osm_id": "369677872", "osm_type": "way", "highway": "trunk", "turn_lanes": null, "tunnel": null, "hgv_condit": null, "cycleway_l": null, "cycleway_r": null, "motorcycle": null, "destinatio": null, "destinat_1": null, "motor_vehi": null, "sidewalk": null, "wikidata": null, "bridge_nam": null, "bridge_n_1": null, "bridge_n_2": null, "bridge_n_3": null, "bridge_n_4": null, "name_it": null, "name_fr": null, "name_es": null, "name_en": null, "name_de": null, "minspeed_m": null, "maxspeed_m": null, "layer": null, "bridge_n_5": null, "bridge": null, "toll": null, "start_date": null, "short_name": null, "motorcar": null, "minspeed": null, "maxspeed": null, "maxaxleloa": null, "lit": null, "horse": null, "emergency": null, "bicycle": null, "alt_name_f": null, "alt_name_e": null, "alt_name_1": null, "alt_name_d": null, "alt_name": null, "access": null, "hgv": null, "ref": "1", "junction": null, "width": null, "surface": "asphalt", "smoothness": "good", "oneway": "yes", "name": "Jalan Tambak Oso Wilangon", "motorcyc_1": "yes", "lanes": "2", "foot": "yes" }, "geometry": { "type": "MultiLineString", "coordinates": [ [ [ 112.6601049, -7.2227906 ], [ 112.6597386, -7.2226054 ], [ 112.6594278, -7.2224348 ], [ 112.6590711, -7.2222445 ], [ 112.6587912, -7.2220982 ], [ 112.6581972, -7.2217728 ], [ 112.6570465, -7.2211443 ], [ 112.65651, -7.220845 ], [ 112.6562727, -7.2206959 ], [ 112.6561063, -7.2205668 ], [ 112.6559521, -7.2204391 ], [ 112.6558127, -7.2202954 ], [ 112.6556839, -7.2201358 ], [ 112.6555766, -7.2199655 ], [ 112.6555262, -7.2198864 ], [ 112.655472, -7.2197872 ], [ 112.655452, -7.2197512 ], [ 112.6553433, -7.2195078 ], [ 112.6552566, -7.2192772 ], [ 112.6550819, -7.2188126 ], [ 112.654987, -7.2185415 ], [ 112.6548982, -7.218284 ], [ 112.6548765, -7.2182212 ], [ 112.6548681, -7.2181932 ], [ 112.6548068, -7.2180203 ], [ 112.6544698, -7.21707 ] ] ] } },
{ "type": "Feature", "properties": { "full_id": "w369677873", "osm_id": "369677873", "osm_type": "way", "highway": "trunk", "turn_lanes": null, "tunnel": null, "hgv_condit": null, "cycleway_l": null, "cycleway_r": null, "motorcycle": null, "destinatio": null, "destinat_1": null, "motor_vehi": null, "sidewalk": null, "wikidata": null, "bridge_nam": null, "bridge_n_1": null, "bridge_n_2": null, "bridge_n_3": null, "bridge_n_4": null, "name_it": null, "name_fr": null, "name_es": null, "name_en": null, "name_de": null, "minspeed_m": null, "maxspeed_m": null, "layer": null, "bridge_n_5": null, "bridge": null, "toll": null, "start_date": null, "short_name": null, "motorcar": null, "minspeed": null, "maxspeed": null, "maxaxleloa": null, "lit": null, "horse": null, "emergency": null, "bicycle": null, "alt_name_f": null, "alt_name_e": null, "alt_name_1": null, "alt_name_d": null, "alt_name": null, "access": null, "hgv": null, "ref": "1", "junction": null, "width": null, "surface": "asphalt", "smoothness": "good", "oneway": "yes", "name": "Jalan Tambak Oso Wilangon", "motorcyc_1": "yes", "lanes": "2", "foot": "yes" }, "geometry": { "type": "MultiLineString", "coordinates": [ [ [ 112.6544698, -7.21707 ], [ 112.6544498, -7.2170105 ], [ 112.6544299, -7.2169513 ], [ 112.6544167, -7.2169119 ], [ 112.6542914, -7.2165075 ], [ 112.6542007, -7.216175 ], [ 112.6541913, -7.2160193 ] ] ] } },
{ "type": "Feature", "properties": { "full_id": "w369677874", "osm_id": "369677874", "osm_type": "way", "highway": "trunk", "turn_lanes": null, "tunnel": null, "hgv_condit": null, "cycleway_l": null, "cycleway_r": null, "motorcycle": null, "destinatio": null, "destinat_1": null, "motor_vehi": null, "sidewalk": null, "wikidata": null, "bridge_nam": null, "bridge_n_1": null, "bridge_n_2": null, "bridge_n_3": null, "bridge_n_4": null, "name_it": null, "name_fr": null, "name_es": null, "name_en": null, "name_de": null, "minspeed_m": null, "maxspeed_m": null, "layer": null, "bridge_n_5": null, "bridge": null, "toll": null, "start_date": null, "short_name": null, "motorcar": null, "minspeed": null, "maxspeed": null, "maxaxleloa": null, "lit": null, "horse": null, "emergency": null, "bicycle": null, "alt_name_f": null, "alt_name_e": null, "alt_name_1": null, "alt_name_d": null, "alt_name": null, "access": null, "hgv": null, "ref": "1", "junction": null, "width": null, "surface": "asphalt", "smoothness": "good", "oneway": "yes", "name": "Jalan Tambak Oso Wilangon", "motorcyc_1": "yes", "lanes": "2", "foot": "yes" }, "geometry": { "type": "MultiLineString", "coordinates": [ [ [ 112.6545989, -7.2170231 ], [ 112.6546237, -7.2170963 ], [ 112.6547541, -7.2174854 ], [ 112.6549141, -7.2179804 ], [ 112.6549839, -7.2181827 ], [ 112.6553663, -7.2192506 ], [ 112.6554964, -7.2195843 ], [ 112.6555659, -7.2197366 ], [ 112.6556291, -7.2198681 ], [ 112.6557867, -7.2201031 ], [ 112.6558954, -7.2202428 ], [ 112.656, -7.2203553 ], [ 112.6561052, -7.2204531 ], [ 112.6563312, -7.220624 ], [ 112.6565465, -7.2207677 ], [ 112.6567496, -7.2208755 ], [ 112.6571251, -7.2210764 ], [ 112.6580103, -7.221558 ], [ 112.658111, -7.2216121 ], [ 112.658245, -7.2216897 ], [ 112.6588082, -7.2220011 ], [ 112.6593943, -7.2223164 ], [ 112.6601373, -7.2227341 ] ] ] } },
{ "type": "Feature", "properties": { "full_id": "w369677875", "osm_id": "369677875", "osm_type": "way", "highway": "trunk", "turn_lanes": null, "tunnel": null, "hgv_condit": null, "cycleway_l": null, "cycleway_r": null, "motorcycle": null, "destinatio": null, "destinat_1": null, "motor_vehi": null, "sidewalk": null, "wikidata": null, "bridge_nam": null, "bridge_n_1": null, "bridge_n_2": null, "bridge_n_3": null, "bridge_n_4": null, "name_it": null, "name_fr": null, "name_es": null, "name_en": null, "name_de": null, "minspeed_m": null, "maxspeed_m": null, "layer": null, "bridge_n_5": null, "bridge": null, "toll": null, "start_date": null, "short_name": null, "motorcar": null, "minspeed": null, "maxspeed": null, "maxaxleloa": null, "lit": null, "horse": null, "emergency": null, "bicycle": null, "alt_name_f": null, "alt_name_e": null, "alt_name_1": null, "alt_name_d": null, "alt_name": null, "access": null, "hgv": null, "ref": "1", "junction": null, "width": null, "surface": "asphalt", "smoothness": null, "oneway": "yes", "name": null, "motorcyc_1": null, "lanes": "2", "foot": "yes" }, "geometry": { "type": "MultiLineString", "coordinates": [ [ [ 112.6501877, -7.2047395 ], [ 112.6500766, -7.204415 ], [ 112.6499647, -7.2040851 ], [ 112.6498255, -7.2036715 ], [ 112.649666, -7.2032092 ], [ 112.6495496, -7.2028644 ], [ 112.6494668, -7.2026275 ], [ 112.6493503, -7.2022945 ], [ 112.649315, -7.2021935 ], [ 112.6487622, -7.2006114 ], [ 112.648475, -7.1997933 ], [ 112.648448, -7.1995653 ] ] ] } },
{ "type": "Feature", "properties": { "full_id": "w369677876", "osm_id": "369677876", "osm_type": "way", "highway": "trunk", "turn_lanes": null, "tunnel": null, "hgv_condit": null, "cycleway_l": null, "cycleway_r": null, "motorcycle": null, "destinatio": "Pusat Grosar;Buah Sayur", "destinat_1": null, "motor_vehi": null, "sidewalk": null, "wikidata": null, "bridge_nam": null, "bridge_n_1": null, "bridge_n_2": null, "bridge_n_3": null, "bridge_n_4": null, "name_it": null, "name_fr": null, "name_es": null, "name_en": null, "name_de": null, "minspeed_m": null, "maxspeed_m": null, "layer": null, "bridge_n_5": null, "bridge": null, "toll": null, "start_date": null, "short_name": null, "motorcar": null, "minspeed": null, "maxspeed": null, "maxaxleloa": null, "lit": null, "horse": null, "emergency": null, "bicycle": null, "alt_name_f": null, "alt_name_e": null, "alt_name_1": null, "alt_name_d": null, "alt_name": null, "access": null, "hgv": null, "ref": null, "junction": null, "width": null, "surface": null, "smoothness": null, "oneway": "yes", "name": "Jalan Romokalisari", "motorcyc_1": null, "lanes": "1", "foot": null }, "geometry": { "type": "MultiLineString", "coordinates": [ [ [ 112.6458602, -7.1964755 ], [ 112.645935, -7.1964554 ], [ 112.6460047, -7.1964554 ], [ 112.6460991, -7.1964694 ] ] ] } },
{ "type": "Feature", "properties": { "full_id": "w369677877", "osm_id": "369677877", "osm_type": "way", "highway": "trunk", "turn_lanes": null, "tunnel": null, "hgv_condit": null, "cycleway_l": null, "cycleway_r": null, "motorcycle": null, "destinatio": null, "destinat_1": null, "motor_vehi": null, "sidewalk": null, "wikidata": null, "bridge_nam": null, "bridge_n_1": null, "bridge_n_2": null, "bridge_n_3": null, "bridge_n_4": null, "name_it": null, "name_fr": null, "name_es": null, "name_en": null, "name_de": null, "minspeed_m": null, "maxspeed_m": null, "layer": null, "bridge_n_5": null, "bridge": null, "toll": null, "start_date": null, "short_name": null, "motorcar": null, "minspeed": null, "maxspeed": null, "maxaxleloa": null, "lit": null, "horse": null, "emergency": null, "bicycle": null, "alt_name_f": null, "alt_name_e": null, "alt_name_1": null, "alt_name_d": null, "alt_name": null, "access": null, "hgv": null, "ref": "1", "junction": null, "width": null, "surface": "asphalt", "smoothness": null, "oneway": null, "name": null, "motorcyc_1": null, "lanes": "2", "foot": null }, "geometry": { "type": "MultiLineString", "coordinates": [ [ [ 112.648448, -7.1995653 ], [ 112.648416, -7.1994451 ], [ 112.6483135, -7.1991661 ], [ 112.648238, -7.1990099 ], [ 112.6481945, -7.1989484 ], [ 112.6480349, -7.1987603 ], [ 112.6479478, -7.1986668 ], [ 112.6479034, -7.1986201 ], [ 112.6476823, -7.1983817 ], [ 112.6474859, -7.1981813 ], [ 112.6473677, -7.198057 ], [ 112.6470279, -7.1976976 ], [ 112.64699, -7.1976603 ], [ 112.6467084, -7.1973639 ], [ 112.646343, -7.196978 ] ] ] } },
{ "type": "Feature", "properties": { "full_id": "w369677878", "osm_id": "369677878", "osm_type": "way", "highway": "trunk", "turn_lanes": null, "tunnel": null, "hgv_condit": null, "cycleway_l": null, "cycleway_r": null, "motorcycle": null, "destinatio": null, "destinat_1": null, "motor_vehi": null, "sidewalk": null, "wikidata": null, "bridge_nam": null, "bridge_n_1": null, "bridge_n_2": null, "bridge_n_3": null, "bridge_n_4": null, "name_it": null, "name_fr": null, "name_es": null, "name_en": null, "name_de": null, "minspeed_m": null, "maxspeed_m": null, "layer": null, "bridge_n_5": null, "bridge": null, "toll": null, "start_date": null, "short_name": null, "motorcar": null, "minspeed": null, "maxspeed": null, "maxaxleloa": null, "lit": null, "horse": null, "emergency": null, "bicycle": null, "alt_name_f": null, "alt_name_e": null, "alt_name_1": null, "alt_name_d": null, "alt_name": null, "access": null, "hgv": null, "ref": "1", "junction": null, "width": null, "surface": "asphalt", "smoothness": null, "oneway": "yes", "name": null, "motorcyc_1": null, "lanes": "2", "foot": null }, "geometry": { "type": "MultiLineString", "coordinates": [ [ [ 112.6515891, -7.2083669 ], [ 112.651693, -7.2086656 ], [ 112.6517226, -7.208916 ] ] ] } },
{ "type": "Feature", "properties": { "full_id": "w369677879", "osm_id": "369677879", "osm_type": "way", "highway": "trunk", "turn_lanes": null, "tunnel": null, "hgv_condit": null, "cycleway_l": null, "cycleway_r": null, "motorcycle": null, "destinatio": null, "destinat_1": null, "motor_vehi": null, "sidewalk": null, "wikidata": null, "bridge_nam": null, "bridge_n_1": null, "bridge_n_2": null, "bridge_n_3": null, "bridge_n_4": null, "name_it": null, "name_fr": null, "name_es": null, "name_en": null, "name_de": null, "minspeed_m": null, "maxspeed_m": null, "layer": null, "bridge_n_5": null, "bridge": null, "toll": null, "start_date": null, "short_name": null, "motorcar": null, "minspeed": null, "maxspeed": null, "maxaxleloa": null, "lit": null, "horse": null, "emergency": null, "bicycle": null, "alt_name_f": null, "alt_name_e": null, "alt_name_1": null, "alt_name_d": null, "alt_name": null, "access": null, "hgv": null, "ref": "1", "junction": null, "width": null, "surface": "asphalt", "smoothness": null, "oneway": "yes", "name": null, "motorcyc_1": null, "lanes": "2", "foot": "yes" }, "geometry": { "type": "MultiLineString", "coordinates": [ [ [ 112.648448, -7.1995653 ], [ 112.6485696, -7.1997732 ], [ 112.6488569, -7.2005745 ], [ 112.6494094, -7.202166 ], [ 112.6494457, -7.2022705 ], [ 112.6495534, -7.2025927 ], [ 112.6496375, -7.2028443 ], [ 112.6499026, -7.2036097 ], [ 112.6500549, -7.2040452 ], [ 112.6500768, -7.2041083 ], [ 112.6501721, -7.2043809 ], [ 112.650282, -7.2046995 ] ] ] } },
{ "type": "Feature", "properties": { "full_id": "w374418904", "osm_id": "374418904", "osm_type": "way", "highway": "trunk", "turn_lanes": null, "tunnel": null, "hgv_condit": null, "cycleway_l": null, "cycleway_r": null, "motorcycle": null, "destinatio": null, "destinat_1": null, "motor_vehi": null, "sidewalk": null, "wikidata": null, "bridge_nam": null, "bridge_n_1": null, "bridge_n_2": null, "bridge_n_3": null, "bridge_n_4": null, "name_it": null, "name_fr": null, "name_es": null, "name_en": null, "name_de": null, "minspeed_m": null, "maxspeed_m": null, "layer": null, "bridge_n_5": null, "bridge": null, "toll": null, "start_date": null, "short_name": null, "motorcar": null, "minspeed": null, "maxspeed": null, "maxaxleloa": null, "lit": null, "horse": null, "emergency": null, "bicycle": null, "alt_name_f": null, "alt_name_e": null, "alt_name_1": null, "alt_name_d": null, "alt_name": null, "access": null, "hgv": null, "ref": null, "junction": null, "width": "4", "surface": "asphalt", "smoothness": "good", "oneway": "no", "name": "Jalan Ngagel", "motorcyc_1": "yes", "lanes": "2", "foot": "yes" }, "geometry": { "type": "MultiLineString", "coordinates": [ [ [ 112.7464804, -7.2867794 ], [ 112.7466814, -7.2864987 ], [ 112.7468276, -7.2862819 ], [ 112.7469885, -7.2860238 ], [ 112.7471133, -7.285799 ], [ 112.7471562, -7.2857112 ], [ 112.7471977, -7.2856101 ], [ 112.7472635, -7.2854278 ], [ 112.7473158, -7.2852536 ], [ 112.7473399, -7.2851618 ], [ 112.7473654, -7.2850407 ], [ 112.7473949, -7.2848917 ], [ 112.7474311, -7.2846443 ], [ 112.7474606, -7.2843077 ], [ 112.747466, -7.284035 ], [ 112.7474593, -7.2837756 ], [ 112.7474512, -7.2836772 ], [ 112.7474365, -7.2835721 ], [ 112.7473962, -7.2834111 ], [ 112.7473453, -7.2832329 ], [ 112.7472943, -7.2830812 ], [ 112.7471803, -7.2827566 ], [ 112.7471025, -7.2825358 ], [ 112.7470127, -7.2823083 ], [ 112.7468759, -7.281993 ], [ 112.7467471, -7.2817057 ], [ 112.7467029, -7.2815966 ], [ 112.7466694, -7.2814942 ], [ 112.7466472, -7.2814024 ], [ 112.7466305, -7.2813212 ], [ 112.7465788, -7.281117 ], [ 112.7465165, -7.2808876 ], [ 112.7464655, -7.2807027 ], [ 112.7464239, -7.2805736 ], [ 112.7463824, -7.2804566 ], [ 112.7463046, -7.2802677 ], [ 112.7462107, -7.2800628 ], [ 112.7461631, -7.2799493 ], [ 112.7460739, -7.2797794 ], [ 112.7459787, -7.2796118 ], [ 112.7459344, -7.2795375 ], [ 112.7458312, -7.2793644 ], [ 112.7456658, -7.2791187 ], [ 112.7455831, -7.2789959 ], [ 112.7454972, -7.2788669 ], [ 112.7453363, -7.2786221 ], [ 112.7452625, -7.2784877 ], [ 112.7452183, -7.2784013 ], [ 112.7451807, -7.2783214 ], [ 112.7451499, -7.2782217 ], [ 112.7451324, -7.2781298 ], [ 112.7451264, -7.2780547 ], [ 112.7451269, -7.277949 ], [ 112.745127, -7.2778106 ], [ 112.7451358, -7.2776862 ], [ 112.7451534, -7.2775437 ], [ 112.7451754, -7.2773619 ] ] ] } },
{ "type": "Feature", "properties": { "full_id": "w374530560", "osm_id": "374530560", "osm_type": "way", "highway": "trunk", "turn_lanes": null, "tunnel": null, "hgv_condit": null, "cycleway_l": null, "cycleway_r": null, "motorcycle": null, "destinatio": null, "destinat_1": null, "motor_vehi": null, "sidewalk": null, "wikidata": null, "bridge_nam": null, "bridge_n_1": null, "bridge_n_2": null, "bridge_n_3": null, "bridge_n_4": null, "name_it": null, "name_fr": null, "name_es": null, "name_en": null, "name_de": null, "minspeed_m": null, "maxspeed_m": null, "layer": null, "bridge_n_5": null, "bridge": null, "toll": null, "start_date": null, "short_name": null, "motorcar": null, "minspeed": null, "maxspeed": null, "maxaxleloa": null, "lit": null, "horse": null, "emergency": null, "bicycle": null, "alt_name_f": null, "alt_name_e": null, "alt_name_1": null, "alt_name_d": null, "alt_name": null, "access": null, "hgv": null, "ref": "AH2", "junction": null, "width": null, "surface": "asphalt", "smoothness": null, "oneway": "yes", "name": "Jalan Raya Taman", "motorcyc_1": null, "lanes": "3", "foot": null }, "geometry": { "type": "MultiLineString", "coordinates": [ [ [ 112.7042777, -7.3498831 ], [ 112.7048019, -7.3496312 ], [ 112.7049672, -7.3495795 ], [ 112.7050803, -7.3495599 ], [ 112.7052071, -7.3495663 ], [ 112.7053826, -7.3495876 ], [ 112.7055508, -7.349626 ], [ 112.7057543, -7.3496753 ], [ 112.7073405, -7.3500496 ], [ 112.708765, -7.3503792 ], [ 112.7090406, -7.3504477 ], [ 112.709748, -7.3506024 ], [ 112.7104307, -7.3507517 ] ] ] } },
{ "type": "Feature", "properties": { "full_id": "w374530563", "osm_id": "374530563", "osm_type": "way", "highway": "trunk", "turn_lanes": null, "tunnel": null, "hgv_condit": null, "cycleway_l": null, "cycleway_r": null, "motorcycle": null, "destinatio": null, "destinat_1": null, "motor_vehi": null, "sidewalk": null, "wikidata": null, "bridge_nam": null, "bridge_n_1": null, "bridge_n_2": null, "bridge_n_3": null, "bridge_n_4": null, "name_it": null, "name_fr": null, "name_es": null, "name_en": null, "name_de": null, "minspeed_m": null, "maxspeed_m": null, "layer": null, "bridge_n_5": null, "bridge": null, "toll": null, "start_date": null, "short_name": null, "motorcar": null, "minspeed": null, "maxspeed": null, "maxaxleloa": null, "lit": null, "horse": null, "emergency": null, "bicycle": null, "alt_name_f": null, "alt_name_e": null, "alt_name_1": null, "alt_name_d": null, "alt_name": null, "access": null, "hgv": null, "ref": "AH2", "junction": null, "width": null, "surface": "asphalt", "smoothness": null, "oneway": "yes", "name": "Jalan Raya Taman", "motorcyc_1": null, "lanes": "2", "foot": null }, "geometry": { "type": "MultiLineString", "coordinates": [ [ [ 112.7032739, -7.3503493 ], [ 112.7031799, -7.350367 ] ] ] } },
{ "type": "Feature", "properties": { "full_id": "w374530564", "osm_id": "374530564", "osm_type": "way", "highway": "trunk", "turn_lanes": null, "tunnel": null, "hgv_condit": null, "cycleway_l": null, "cycleway_r": null, "motorcycle": null, "destinatio": null, "destinat_1": null, "motor_vehi": null, "sidewalk": null, "wikidata": null, "bridge_nam": null, "bridge_n_1": null, "bridge_n_2": null, "bridge_n_3": null, "bridge_n_4": null, "name_it": null, "name_fr": null, "name_es": null, "name_en": null, "name_de": null, "minspeed_m": null, "maxspeed_m": null, "layer": null, "bridge_n_5": null, "bridge": null, "toll": null, "start_date": null, "short_name": null, "motorcar": null, "minspeed": null, "maxspeed": null, "maxaxleloa": null, "lit": null, "horse": null, "emergency": null, "bicycle": null, "alt_name_f": null, "alt_name_e": null, "alt_name_1": null, "alt_name_d": null, "alt_name": null, "access": null, "hgv": null, "ref": "AH2", "junction": null, "width": null, "surface": "asphalt", "smoothness": null, "oneway": "yes", "name": "Jalan Raya Taman", "motorcyc_1": null, "lanes": "2", "foot": null }, "geometry": { "type": "MultiLineString", "coordinates": [ [ [ 112.7027281, -7.3504577 ], [ 112.7022908, -7.3505431 ], [ 112.7014433, -7.3507071 ], [ 112.7007667, -7.3508448 ], [ 112.7005896, -7.3508829 ], [ 112.7003664, -7.350931 ], [ 112.7002605, -7.3509545 ], [ 112.7001505, -7.3509864 ], [ 112.6999889, -7.3510443 ], [ 112.6998561, -7.3511081 ], [ 112.6997347, -7.3511846 ], [ 112.6995986, -7.3512797 ], [ 112.6994866, -7.3513748 ], [ 112.6993384, -7.3515268 ], [ 112.6979665, -7.3530883 ], [ 112.6973557, -7.3537965 ], [ 112.6972282, -7.3539146 ], [ 112.6970753, -7.3540536 ], [ 112.6969653, -7.3541367 ], [ 112.696854, -7.3542192 ], [ 112.6966964, -7.3543169 ], [ 112.6965255, -7.3544107 ], [ 112.6963578, -7.3544912 ], [ 112.696099, -7.3545849 ], [ 112.6951837, -7.3548716 ], [ 112.6950362, -7.3549194 ], [ 112.6949095, -7.3549634 ], [ 112.6948109, -7.3550165 ], [ 112.6946788, -7.3550983 ], [ 112.6942851, -7.3553484 ], [ 112.6940294, -7.3555176 ], [ 112.6938814, -7.3556036 ], [ 112.6937819, -7.3556488 ], [ 112.693687, -7.3556942 ], [ 112.6933631, -7.3558285 ], [ 112.6929018, -7.3560059 ] ] ] } },
{ "type": "Feature", "properties": { "full_id": "w374530570", "osm_id": "374530570", "osm_type": "way", "highway": "trunk", "turn_lanes": null, "tunnel": null, "hgv_condit": null, "cycleway_l": null, "cycleway_r": null, "motorcycle": null, "destinatio": null, "destinat_1": null, "motor_vehi": null, "sidewalk": null, "wikidata": null, "bridge_nam": null, "bridge_n_1": null, "bridge_n_2": null, "bridge_n_3": null, "bridge_n_4": null, "name_it": null, "name_fr": null, "name_es": null, "name_en": null, "name_de": null, "minspeed_m": null, "maxspeed_m": null, "layer": null, "bridge_n_5": null, "bridge": null, "toll": null, "start_date": null, "short_name": null, "motorcar": null, "minspeed": null, "maxspeed": null, "maxaxleloa": null, "lit": null, "horse": null, "emergency": null, "bicycle": null, "alt_name_f": null, "alt_name_e": null, "alt_name_1": null, "alt_name_d": null, "alt_name": null, "access": null, "hgv": null, "ref": "AH2", "junction": null, "width": null, "surface": "asphalt", "smoothness": null, "oneway": "yes", "name": "Jalan Raya Taman", "motorcyc_1": null, "lanes": "2", "foot": null }, "geometry": { "type": "MultiLineString", "coordinates": [ [ [ 112.6928669, -7.3559389 ], [ 112.692945, -7.3559046 ], [ 112.6932693, -7.3557813 ], [ 112.6933765, -7.3557434 ], [ 112.6935851, -7.3556536 ], [ 112.6936971, -7.3556024 ], [ 112.6939508, -7.3554696 ], [ 112.6942644, -7.3552719 ], [ 112.6944568, -7.3551489 ], [ 112.6946788, -7.3549986 ], [ 112.6947995, -7.3549308 ], [ 112.6949302, -7.3548682 ], [ 112.6951428, -7.3547944 ], [ 112.6952852, -7.3547494 ], [ 112.6956926, -7.3546208 ], [ 112.6960395, -7.3545105 ], [ 112.696219, -7.3544526 ], [ 112.6963625, -7.3543914 ], [ 112.6964879, -7.3543309 ], [ 112.6966341, -7.3542478 ], [ 112.6968165, -7.3541367 ], [ 112.6970002, -7.3539964 ], [ 112.697086, -7.3539259 ], [ 112.6971974, -7.3538241 ], [ 112.6973066, -7.3537117 ], [ 112.6973529, -7.3536599 ], [ 112.6981378, -7.3527625 ], [ 112.6982722, -7.3526074 ], [ 112.6989016, -7.3518887 ], [ 112.6990588, -7.3517092 ], [ 112.6991716, -7.3515804 ], [ 112.6992753, -7.3514688 ], [ 112.6994222, -7.3513156 ], [ 112.6995114, -7.3512325 ], [ 112.6995503, -7.3512019 ], [ 112.6996891, -7.3511021 ], [ 112.6998447, -7.351007 ], [ 112.6999728, -7.3509445 ], [ 112.7001297, -7.3508847 ], [ 112.7002819, -7.3508414 ], [ 112.7004797, -7.3508022 ], [ 112.7008433, -7.3507343 ], [ 112.7016797, -7.3505694 ], [ 112.7026847, -7.3503712 ], [ 112.7026979, -7.3503686 ] ] ] } },
{ "type": "Feature", "properties": { "full_id": "w376615353", "osm_id": "376615353", "osm_type": "way", "highway": "trunk", "turn_lanes": null, "tunnel": null, "hgv_condit": null, "cycleway_l": null, "cycleway_r": null, "motorcycle": null, "destinatio": null, "destinat_1": null, "motor_vehi": null, "sidewalk": null, "wikidata": null, "bridge_nam": null, "bridge_n_1": null, "bridge_n_2": null, "bridge_n_3": null, "bridge_n_4": null, "name_it": null, "name_fr": null, "name_es": null, "name_en": null, "name_de": null, "minspeed_m": null, "maxspeed_m": null, "layer": null, "bridge_n_5": null, "bridge": null, "toll": null, "start_date": null, "short_name": null, "motorcar": null, "minspeed": null, "maxspeed": null, "maxaxleloa": null, "lit": null, "horse": null, "emergency": null, "bicycle": null, "alt_name_f": null, "alt_name_e": null, "alt_name_1": null, "alt_name_d": null, "alt_name": null, "access": null, "hgv": null, "ref": null, "junction": null, "width": "9", "surface": "asphalt", "smoothness": "intermediate", "oneway": "yes", "name": "Jalan Perak Timur", "motorcyc_1": "yes", "lanes": "3", "foot": "yes" }, "geometry": { "type": "MultiLineString", "coordinates": [ [ [ 112.7328084, -7.219066 ], [ 112.7327567, -7.2193913 ], [ 112.7326186, -7.2205249 ], [ 112.7325502, -7.221099 ], [ 112.7324306, -7.2220779 ], [ 112.7323825, -7.2225051 ], [ 112.7323466, -7.2228391 ], [ 112.7323289, -7.2229809 ], [ 112.7322699, -7.223414 ], [ 112.7322022, -7.2239575 ], [ 112.7320728, -7.2244704 ], [ 112.7318019, -7.2252806 ], [ 112.7314554, -7.2260561 ], [ 112.7313486, -7.2262967 ], [ 112.7304412, -7.228347 ], [ 112.7296433, -7.2299703 ], [ 112.7290125, -7.23118 ] ] ] } },
{ "type": "Feature", "properties": { "full_id": "w376615355", "osm_id": "376615355", "osm_type": "way", "highway": "trunk", "turn_lanes": null, "tunnel": null, "hgv_condit": null, "cycleway_l": null, "cycleway_r": null, "motorcycle": null, "destinatio": null, "destinat_1": null, "motor_vehi": null, "sidewalk": null, "wikidata": null, "bridge_nam": null, "bridge_n_1": null, "bridge_n_2": null, "bridge_n_3": null, "bridge_n_4": null, "name_it": null, "name_fr": null, "name_es": null, "name_en": null, "name_de": null, "minspeed_m": null, "maxspeed_m": null, "layer": null, "bridge_n_5": null, "bridge": null, "toll": null, "start_date": null, "short_name": null, "motorcar": null, "minspeed": null, "maxspeed": null, "maxaxleloa": null, "lit": null, "horse": null, "emergency": null, "bicycle": null, "alt_name_f": null, "alt_name_e": null, "alt_name_1": null, "alt_name_d": null, "alt_name": null, "access": null, "hgv": null, "ref": null, "junction": null, "width": "6", "surface": "asphalt", "smoothness": "intermediate", "oneway": "yes", "name": "Jalan Perak Barat", "motorcyc_1": "yes", "lanes": "3", "foot": "yes" }, "geometry": { "type": "MultiLineString", "coordinates": [ [ [ 112.7325482, -7.2190527 ], [ 112.7325723, -7.2187866 ], [ 112.7326914, -7.2178247 ], [ 112.7329177, -7.2164367 ], [ 112.7331044, -7.2154611 ], [ 112.7331306, -7.2153051 ], [ 112.7331628, -7.2151132 ], [ 112.7333344, -7.2142736 ], [ 112.7334179, -7.2138113 ], [ 112.7334556, -7.213603 ], [ 112.7336098, -7.2128185 ], [ 112.7336839, -7.2124011 ], [ 112.7338449, -7.2114942 ], [ 112.7338537, -7.2114476 ], [ 112.7338991, -7.2111473 ], [ 112.7340651, -7.210203 ], [ 112.7341301, -7.2096341 ], [ 112.7341353, -7.2091761 ], [ 112.7341307, -7.2090222 ], [ 112.7341257, -7.2088542 ] ] ] } },
{ "type": "Feature", "properties": { "full_id": "w376968360", "osm_id": "376968360", "osm_type": "way", "highway": "trunk", "turn_lanes": null, "tunnel": null, "hgv_condit": null, "cycleway_l": null, "cycleway_r": null, "motorcycle": null, "destinatio": null, "destinat_1": null, "motor_vehi": null, "sidewalk": null, "wikidata": null, "bridge_nam": null, "bridge_n_1": null, "bridge_n_2": null, "bridge_n_3": null, "bridge_n_4": null, "name_it": null, "name_fr": null, "name_es": null, "name_en": null, "name_de": null, "minspeed_m": null, "maxspeed_m": null, "layer": null, "bridge_n_5": null, "bridge": null, "toll": null, "start_date": null, "short_name": null, "motorcar": null, "minspeed": null, "maxspeed": null, "maxaxleloa": null, "lit": null, "horse": null, "emergency": null, "bicycle": null, "alt_name_f": null, "alt_name_e": null, "alt_name_1": null, "alt_name_d": null, "alt_name": null, "access": null, "hgv": null, "ref": null, "junction": null, "width": "4", "surface": "asphalt", "smoothness": "intermediate", "oneway": "yes", "name": "Jalan Ikan Kakap", "motorcyc_1": "yes", "lanes": "1", "foot": null }, "geometry": { "type": "MultiLineString", "coordinates": [ [ [ 112.7263352, -7.231187 ], [ 112.7267934, -7.2314049 ], [ 112.7272358, -7.2316098 ], [ 112.7276723, -7.231812 ], [ 112.7280275, -7.2319765 ], [ 112.7282237, -7.2320283 ] ] ] } },
{ "type": "Feature", "properties": { "full_id": "w379899401", "osm_id": "379899401", "osm_type": "way", "highway": "trunk", "turn_lanes": null, "tunnel": null, "hgv_condit": null, "cycleway_l": null, "cycleway_r": null, "motorcycle": null, "destinatio": null, "destinat_1": null, "motor_vehi": null, "sidewalk": null, "wikidata": null, "bridge_nam": null, "bridge_n_1": null, "bridge_n_2": null, "bridge_n_3": null, "bridge_n_4": null, "name_it": null, "name_fr": null, "name_es": null, "name_en": null, "name_de": null, "minspeed_m": null, "maxspeed_m": null, "layer": null, "bridge_n_5": null, "bridge": null, "toll": null, "start_date": null, "short_name": null, "motorcar": null, "minspeed": null, "maxspeed": null, "maxaxleloa": null, "lit": null, "horse": null, "emergency": null, "bicycle": null, "alt_name_f": null, "alt_name_e": null, "alt_name_1": null, "alt_name_d": null, "alt_name": null, "access": null, "hgv": null, "ref": null, "junction": null, "width": "4", "surface": "asphalt", "smoothness": "intermediate", "oneway": "yes", "name": "Jalan Kenjeran", "motorcyc_1": "yes", "lanes": "3", "foot": "yes" }, "geometry": { "type": "MultiLineString", "coordinates": [ [ [ 112.7590998, -7.242705 ], [ 112.7580889, -7.2424052 ], [ 112.7579915, -7.2423759 ], [ 112.7573898, -7.2422033 ], [ 112.7570269, -7.242087 ], [ 112.7570156, -7.2420832 ], [ 112.7568908, -7.2420418 ], [ 112.7568211, -7.2420194 ], [ 112.7562904, -7.2418509 ], [ 112.7559176, -7.2417181 ], [ 112.7553593, -7.241538 ] ] ] } },
{ "type": "Feature", "properties": { "full_id": "w383209700", "osm_id": "383209700", "osm_type": "way", "highway": "trunk", "turn_lanes": null, "tunnel": null, "hgv_condit": null, "cycleway_l": null, "cycleway_r": null, "motorcycle": null, "destinatio": null, "destinat_1": null, "motor_vehi": null, "sidewalk": null, "wikidata": null, "bridge_nam": null, "bridge_n_1": null, "bridge_n_2": null, "bridge_n_3": null, "bridge_n_4": null, "name_it": null, "name_fr": null, "name_es": null, "name_en": null, "name_de": null, "minspeed_m": null, "maxspeed_m": null, "layer": null, "bridge_n_5": null, "bridge": null, "toll": null, "start_date": null, "short_name": null, "motorcar": null, "minspeed": null, "maxspeed": null, "maxaxleloa": null, "lit": null, "horse": null, "emergency": null, "bicycle": null, "alt_name_f": null, "alt_name_e": null, "alt_name_1": null, "alt_name_d": null, "alt_name": null, "access": null, "hgv": null, "ref": "1", "junction": null, "width": null, "surface": "asphalt", "smoothness": null, "oneway": "yes", "name": "Jalan Raya Arjuno", "motorcyc_1": null, "lanes": "2", "foot": null }, "geometry": { "type": "MultiLineString", "coordinates": [ [ [ 112.7290249, -7.268712 ], [ 112.7290388, -7.2688254 ], [ 112.7290371, -7.2689551 ] ] ] } },
{ "type": "Feature", "properties": { "full_id": "w447806684", "osm_id": "447806684", "osm_type": "way", "highway": "trunk", "turn_lanes": null, "tunnel": null, "hgv_condit": null, "cycleway_l": null, "cycleway_r": null, "motorcycle": null, "destinatio": null, "destinat_1": null, "motor_vehi": null, "sidewalk": null, "wikidata": null, "bridge_nam": null, "bridge_n_1": null, "bridge_n_2": null, "bridge_n_3": null, "bridge_n_4": null, "name_it": null, "name_fr": null, "name_es": null, "name_en": null, "name_de": null, "minspeed_m": null, "maxspeed_m": null, "layer": null, "bridge_n_5": null, "bridge": null, "toll": null, "start_date": null, "short_name": null, "motorcar": null, "minspeed": null, "maxspeed": null, "maxaxleloa": null, "lit": null, "horse": null, "emergency": null, "bicycle": null, "alt_name_f": null, "alt_name_e": null, "alt_name_1": null, "alt_name_d": null, "alt_name": null, "access": null, "hgv": null, "ref": null, "junction": null, "width": "5", "surface": "asphalt", "smoothness": "good", "oneway": "yes", "name": "Jalan Ngagel", "motorcyc_1": "yes", "lanes": "2", "foot": null }, "geometry": { "type": "MultiLineString", "coordinates": [ [ [ 112.7402931, -7.2994128 ], [ 112.7402589, -7.2995023 ], [ 112.7402133, -7.2995512 ], [ 112.7401854, -7.2995854 ], [ 112.7401593, -7.2996213 ] ] ] } },
{ "type": "Feature", "properties": { "full_id": "w447807482", "osm_id": "447807482", "osm_type": "way", "highway": "trunk", "turn_lanes": null, "tunnel": null, "hgv_condit": null, "cycleway_l": null, "cycleway_r": null, "motorcycle": null, "destinatio": null, "destinat_1": null, "motor_vehi": null, "sidewalk": null, "wikidata": null, "bridge_nam": null, "bridge_n_1": null, "bridge_n_2": null, "bridge_n_3": null, "bridge_n_4": null, "name_it": null, "name_fr": null, "name_es": null, "name_en": null, "name_de": null, "minspeed_m": null, "maxspeed_m": null, "layer": null, "bridge_n_5": null, "bridge": null, "toll": null, "start_date": null, "short_name": null, "motorcar": null, "minspeed": null, "maxspeed": null, "maxaxleloa": null, "lit": null, "horse": null, "emergency": null, "bicycle": null, "alt_name_f": null, "alt_name_e": null, "alt_name_1": null, "alt_name_d": null, "alt_name": "Jalan Arjuno", "access": null, "hgv": null, "ref": "1", "junction": null, "width": null, "surface": "asphalt", "smoothness": null, "oneway": "yes", "name": "Jalan Raya Arjuno", "motorcyc_1": null, "lanes": null, "foot": null }, "geometry": { "type": "MultiLineString", "coordinates": [ [ [ 112.7275093, -7.2562083 ], [ 112.7275261, -7.2561412 ], [ 112.7275445, -7.2560876 ], [ 112.7275975, -7.2559672 ] ] ] } },
{ "type": "Feature", "properties": { "full_id": "w448287061", "osm_id": "448287061", "osm_type": "way", "highway": "trunk", "turn_lanes": null, "tunnel": null, "hgv_condit": null, "cycleway_l": null, "cycleway_r": null, "motorcycle": null, "destinatio": null, "destinat_1": null, "motor_vehi": null, "sidewalk": null, "wikidata": null, "bridge_nam": null, "bridge_n_1": null, "bridge_n_2": null, "bridge_n_3": null, "bridge_n_4": null, "name_it": null, "name_fr": null, "name_es": null, "name_en": null, "name_de": null, "minspeed_m": null, "maxspeed_m": null, "layer": "1", "bridge_n_5": null, "bridge": "yes", "toll": null, "start_date": null, "short_name": null, "motorcar": null, "minspeed": null, "maxspeed": null, "maxaxleloa": null, "lit": null, "horse": null, "emergency": null, "bicycle": null, "alt_name_f": null, "alt_name_e": null, "alt_name_1": null, "alt_name_d": null, "alt_name": null, "access": null, "hgv": null, "ref": null, "junction": null, "width": null, "surface": null, "smoothness": null, "oneway": null, "name": "Jalan Ngagel", "motorcyc_1": null, "lanes": null, "foot": null }, "geometry": { "type": "MultiLineString", "coordinates": [ [ [ 112.7463991, -7.2868881 ], [ 112.7464804, -7.2867794 ] ] ] } },
{ "type": "Feature", "properties": { "full_id": "w448287064", "osm_id": "448287064", "osm_type": "way", "highway": "trunk", "turn_lanes": null, "tunnel": null, "hgv_condit": null, "cycleway_l": null, "cycleway_r": null, "motorcycle": null, "destinatio": null, "destinat_1": null, "motor_vehi": null, "sidewalk": null, "wikidata": null, "bridge_nam": null, "bridge_n_1": null, "bridge_n_2": null, "bridge_n_3": null, "bridge_n_4": null, "name_it": null, "name_fr": null, "name_es": null, "name_en": null, "name_de": null, "minspeed_m": null, "maxspeed_m": null, "layer": null, "bridge_n_5": null, "bridge": null, "toll": null, "start_date": null, "short_name": null, "motorcar": null, "minspeed": null, "maxspeed": null, "maxaxleloa": null, "lit": null, "horse": null, "emergency": null, "bicycle": null, "alt_name_f": null, "alt_name_e": null, "alt_name_1": null, "alt_name_d": null, "alt_name": "Jalan Dinoyo", "access": null, "hgv": null, "ref": null, "junction": null, "width": "4", "surface": "asphalt", "smoothness": "intermediate", "oneway": "no", "name": "Jalan Ngagel", "motorcyc_1": "yes", "lanes": "2", "foot": null }, "geometry": { "type": "MultiLineString", "coordinates": [ [ [ 112.7447128, -7.2889087 ], [ 112.744791, -7.2888154 ], [ 112.7454546, -7.2880549 ], [ 112.7455148, -7.2879866 ], [ 112.745681, -7.2877982 ], [ 112.7462986, -7.2870163 ], [ 112.7463663, -7.2869317 ], [ 112.7463991, -7.2868881 ] ] ] } },
{ "type": "Feature", "properties": { "full_id": "w449648301", "osm_id": "449648301", "osm_type": "way", "highway": "trunk", "turn_lanes": null, "tunnel": null, "hgv_condit": null, "cycleway_l": null, "cycleway_r": null, "motorcycle": null, "destinatio": null, "destinat_1": null, "motor_vehi": null, "sidewalk": null, "wikidata": null, "bridge_nam": null, "bridge_n_1": null, "bridge_n_2": null, "bridge_n_3": null, "bridge_n_4": null, "name_it": null, "name_fr": null, "name_es": null, "name_en": null, "name_de": null, "minspeed_m": null, "maxspeed_m": null, "layer": null, "bridge_n_5": null, "bridge": null, "toll": null, "start_date": null, "short_name": null, "motorcar": null, "minspeed": null, "maxspeed": null, "maxaxleloa": null, "lit": null, "horse": null, "emergency": null, "bicycle": null, "alt_name_f": null, "alt_name_e": null, "alt_name_1": null, "alt_name_d": null, "alt_name": null, "access": null, "hgv": null, "ref": null, "junction": null, "width": null, "surface": null, "smoothness": null, "oneway": "yes", "name": "Jalan Kedung Cowek", "motorcyc_1": "permit", "lanes": "2", "foot": null }, "geometry": { "type": "MultiLineString", "coordinates": [ [ [ 112.771612, -7.2361173 ], [ 112.7714552, -7.2366043 ], [ 112.7713565, -7.2368531 ], [ 112.7709009, -7.2379893 ], [ 112.7704974, -7.2390124 ], [ 112.7702387, -7.2396936 ], [ 112.7701816, -7.2398439 ], [ 112.7701674, -7.2398881 ], [ 112.7698339, -7.2408347 ], [ 112.7693708, -7.2422982 ], [ 112.7693139, -7.2424778 ], [ 112.7692428, -7.2427345 ], [ 112.7691945, -7.2429833 ], [ 112.7691493, -7.2435496 ], [ 112.7691208, -7.2445366 ], [ 112.7691204, -7.2446733 ] ] ] } },
{ "type": "Feature", "properties": { "full_id": "w449648302", "osm_id": "449648302", "osm_type": "way", "highway": "trunk", "turn_lanes": null, "tunnel": null, "hgv_condit": null, "cycleway_l": null, "cycleway_r": null, "motorcycle": null, "destinatio": null, "destinat_1": null, "motor_vehi": null, "sidewalk": null, "wikidata": null, "bridge_nam": null, "bridge_n_1": null, "bridge_n_2": null, "bridge_n_3": null, "bridge_n_4": null, "name_it": null, "name_fr": null, "name_es": null, "name_en": null, "name_de": null, "minspeed_m": null, "maxspeed_m": null, "layer": "1", "bridge_n_5": null, "bridge": "yes", "toll": null, "start_date": null, "short_name": null, "motorcar": null, "minspeed": null, "maxspeed": null, "maxaxleloa": null, "lit": null, "horse": null, "emergency": null, "bicycle": null, "alt_name_f": null, "alt_name_e": null, "alt_name_1": null, "alt_name_d": null, "alt_name": null, "access": null, "hgv": null, "ref": null, "junction": null, "width": null, "surface": null, "smoothness": null, "oneway": "yes", "name": "Jalan Kedung Cowek", "motorcyc_1": "permit", "lanes": "2", "foot": null }, "geometry": { "type": "MultiLineString", "coordinates": [ [ [ 112.7716327, -7.2360576 ], [ 112.771612, -7.2361173 ] ] ] } },
{ "type": "Feature", "properties": { "full_id": "w449842367", "osm_id": "449842367", "osm_type": "way", "highway": "trunk", "turn_lanes": null, "tunnel": null, "hgv_condit": null, "cycleway_l": null, "cycleway_r": null, "motorcycle": null, "destinatio": null, "destinat_1": null, "motor_vehi": null, "sidewalk": null, "wikidata": null, "bridge_nam": null, "bridge_n_1": null, "bridge_n_2": null, "bridge_n_3": null, "bridge_n_4": null, "name_it": null, "name_fr": null, "name_es": null, "name_en": null, "name_de": null, "minspeed_m": null, "maxspeed_m": null, "layer": "1", "bridge_n_5": null, "bridge": "yes", "toll": null, "start_date": null, "short_name": null, "motorcar": null, "minspeed": null, "maxspeed": null, "maxaxleloa": null, "lit": null, "horse": null, "emergency": null, "bicycle": null, "alt_name_f": null, "alt_name_e": null, "alt_name_1": null, "alt_name_d": null, "alt_name": null, "access": null, "hgv": null, "ref": null, "junction": null, "width": null, "surface": null, "smoothness": null, "oneway": "yes", "name": "Jalan Haji Mohammad Noer", "motorcyc_1": "permit", "lanes": "2", "foot": null }, "geometry": { "type": "MultiLineString", "coordinates": [ [ [ 112.7690494, -7.2426981 ], [ 112.7690565, -7.2426572 ] ] ] } },
{ "type": "Feature", "properties": { "full_id": "w449842368", "osm_id": "449842368", "osm_type": "way", "highway": "trunk", "turn_lanes": null, "tunnel": null, "hgv_condit": null, "cycleway_l": null, "cycleway_r": null, "motorcycle": null, "destinatio": null, "destinat_1": null, "motor_vehi": null, "sidewalk": null, "wikidata": null, "bridge_nam": null, "bridge_n_1": null, "bridge_n_2": null, "bridge_n_3": null, "bridge_n_4": null, "name_it": null, "name_fr": null, "name_es": null, "name_en": null, "name_de": null, "minspeed_m": null, "maxspeed_m": null, "layer": null, "bridge_n_5": null, "bridge": null, "toll": null, "start_date": null, "short_name": null, "motorcar": null, "minspeed": null, "maxspeed": null, "maxaxleloa": null, "lit": null, "horse": null, "emergency": null, "bicycle": null, "alt_name_f": null, "alt_name_e": null, "alt_name_1": null, "alt_name_d": null, "alt_name": null, "access": null, "hgv": null, "ref": null, "junction": null, "width": null, "surface": null, "smoothness": null, "oneway": "yes", "name": "Jalan Kedung Cowek", "motorcyc_1": "permit", "lanes": "2", "foot": null }, "geometry": { "type": "MultiLineString", "coordinates": [ [ [ 112.7688697, -7.2448348 ], [ 112.7688727, -7.2447434 ], [ 112.7688988, -7.244494 ], [ 112.7689508, -7.2438536 ], [ 112.7689807, -7.2433851 ], [ 112.7690138, -7.242904 ], [ 112.7690494, -7.2426981 ] ] ] } },
{ "type": "Feature", "properties": { "full_id": "w450298079", "osm_id": "450298079", "osm_type": "way", "highway": "trunk", "turn_lanes": null, "tunnel": null, "hgv_condit": null, "cycleway_l": null, "cycleway_r": null, "motorcycle": null, "destinatio": null, "destinat_1": null, "motor_vehi": null, "sidewalk": null, "wikidata": null, "bridge_nam": null, "bridge_n_1": null, "bridge_n_2": null, "bridge_n_3": null, "bridge_n_4": null, "name_it": null, "name_fr": null, "name_es": null, "name_en": null, "name_de": null, "minspeed_m": null, "maxspeed_m": null, "layer": "1", "bridge_n_5": null, "bridge": "yes", "toll": null, "start_date": null, "short_name": null, "motorcar": null, "minspeed": null, "maxspeed": null, "maxaxleloa": null, "lit": null, "horse": null, "emergency": null, "bicycle": null, "alt_name_f": null, "alt_name_e": null, "alt_name_1": null, "alt_name_d": null, "alt_name": null, "access": null, "hgv": null, "ref": "1", "junction": null, "width": null, "surface": "asphalt", "smoothness": null, "oneway": "yes", "name": "Jalan Raya Diponegoro", "motorcyc_1": null, "lanes": "3", "foot": "yes" }, "geometry": { "type": "MultiLineString", "coordinates": [ [ [ 112.7330999, -7.28373 ], [ 112.7331294, -7.2837872 ] ] ] } },
{ "type": "Feature", "properties": { "full_id": "w450298080", "osm_id": "450298080", "osm_type": "way", "highway": "trunk", "turn_lanes": null, "tunnel": null, "hgv_condit": null, "cycleway_l": null, "cycleway_r": null, "motorcycle": null, "destinatio": null, "destinat_1": null, "motor_vehi": null, "sidewalk": null, "wikidata": null, "bridge_nam": null, "bridge_n_1": null, "bridge_n_2": null, "bridge_n_3": null, "bridge_n_4": null, "name_it": null, "name_fr": null, "name_es": null, "name_en": null, "name_de": null, "minspeed_m": null, "maxspeed_m": null, "layer": null, "bridge_n_5": null, "bridge": null, "toll": null, "start_date": null, "short_name": null, "motorcar": null, "minspeed": null, "maxspeed": null, "maxaxleloa": null, "lit": null, "horse": null, "emergency": null, "bicycle": null, "alt_name_f": null, "alt_name_e": null, "alt_name_1": null, "alt_name_d": null, "alt_name": null, "access": null, "hgv": null, "ref": "1", "junction": null, "width": null, "surface": "asphalt", "smoothness": null, "oneway": "yes", "name": "Jalan Raya Diponegoro", "motorcyc_1": null, "lanes": "3", "foot": "yes" }, "geometry": { "type": "MultiLineString", "coordinates": [ [ [ 112.7332513, -7.2844474 ], [ 112.7331276, -7.2841904 ], [ 112.7329765, -7.2838763 ] ] ] } },
{ "type": "Feature", "properties": { "full_id": "w450298081", "osm_id": "450298081", "osm_type": "way", "highway": "trunk", "turn_lanes": null, "tunnel": null, "hgv_condit": null, "cycleway_l": null, "cycleway_r": null, "motorcycle": null, "destinatio": null, "destinat_1": null, "motor_vehi": null, "sidewalk": null, "wikidata": null, "bridge_nam": null, "bridge_n_1": null, "bridge_n_2": null, "bridge_n_3": null, "bridge_n_4": null, "name_it": null, "name_fr": null, "name_es": null, "name_en": null, "name_de": null, "minspeed_m": null, "maxspeed_m": null, "layer": "1", "bridge_n_5": null, "bridge": "yes", "toll": null, "start_date": null, "short_name": null, "motorcar": null, "minspeed": null, "maxspeed": null, "maxaxleloa": null, "lit": null, "horse": null, "emergency": null, "bicycle": null, "alt_name_f": null, "alt_name_e": null, "alt_name_1": null, "alt_name_d": null, "alt_name": null, "access": null, "hgv": null, "ref": "1", "junction": null, "width": null, "surface": "asphalt", "smoothness": null, "oneway": "yes", "name": "Jalan Raya Diponegoro", "motorcyc_1": null, "lanes": "3", "foot": "yes" }, "geometry": { "type": "MultiLineString", "coordinates": [ [ [ 112.7329765, -7.2838763 ], [ 112.732947, -7.2838231 ] ] ] } },
{ "type": "Feature", "properties": { "full_id": "w450298082", "osm_id": "450298082", "osm_type": "way", "highway": "trunk", "turn_lanes": null, "tunnel": null, "hgv_condit": null, "cycleway_l": null, "cycleway_r": null, "motorcycle": null, "destinatio": null, "destinat_1": null, "motor_vehi": null, "sidewalk": null, "wikidata": null, "bridge_nam": null, "bridge_n_1": null, "bridge_n_2": null, "bridge_n_3": null, "bridge_n_4": null, "name_it": null, "name_fr": null, "name_es": null, "name_en": null, "name_de": null, "minspeed_m": null, "maxspeed_m": null, "layer": null, "bridge_n_5": null, "bridge": null, "toll": null, "start_date": null, "short_name": null, "motorcar": null, "minspeed": null, "maxspeed": null, "maxaxleloa": null, "lit": null, "horse": null, "emergency": null, "bicycle": null, "alt_name_f": null, "alt_name_e": null, "alt_name_1": null, "alt_name_d": null, "alt_name": null, "access": null, "hgv": null, "ref": "1", "junction": null, "width": null, "surface": "asphalt", "smoothness": null, "oneway": "yes", "name": "Jalan Raya Diponegoro", "motorcyc_1": null, "lanes": "3", "foot": "yes" }, "geometry": { "type": "MultiLineString", "coordinates": [ [ [ 112.7331294, -7.2837872 ], [ 112.7331464, -7.2838219 ], [ 112.7332219, -7.2839759 ], [ 112.7333665, -7.2842707 ], [ 112.7334175, -7.284371 ] ] ] } },
{ "type": "Feature", "properties": { "full_id": "w451981070", "osm_id": "451981070", "osm_type": "way", "highway": "trunk", "turn_lanes": null, "tunnel": null, "hgv_condit": null, "cycleway_l": null, "cycleway_r": null, "motorcycle": null, "destinatio": null, "destinat_1": null, "motor_vehi": null, "sidewalk": null, "wikidata": null, "bridge_nam": null, "bridge_n_1": null, "bridge_n_2": null, "bridge_n_3": null, "bridge_n_4": null, "name_it": null, "name_fr": null, "name_es": null, "name_en": null, "name_de": null, "minspeed_m": null, "maxspeed_m": null, "layer": null, "bridge_n_5": null, "bridge": null, "toll": null, "start_date": null, "short_name": null, "motorcar": null, "minspeed": null, "maxspeed": null, "maxaxleloa": null, "lit": null, "horse": null, "emergency": null, "bicycle": null, "alt_name_f": null, "alt_name_e": null, "alt_name_1": null, "alt_name_d": null, "alt_name": null, "access": null, "hgv": null, "ref": null, "junction": null, "width": "4", "surface": "asphalt", "smoothness": "intermediate", "oneway": "yes", "name": "Jalan Kapasari", "motorcyc_1": "yes", "lanes": "2", "foot": "yes" }, "geometry": { "type": "MultiLineString", "coordinates": [ [ [ 112.7515753, -7.2444076 ], [ 112.7516089, -7.2443005 ], [ 112.7518081, -7.2437876 ], [ 112.7518943, -7.2435464 ], [ 112.7520643, -7.2430952 ], [ 112.7520712, -7.2430763 ], [ 112.7521259, -7.2429168 ], [ 112.7522346, -7.2426465 ], [ 112.7522437, -7.2426241 ], [ 112.7523787, -7.2421855 ], [ 112.7524008, -7.2421249 ], [ 112.7524927, -7.2419057 ], [ 112.7526063, -7.2415986 ], [ 112.7526863, -7.2414059 ], [ 112.752891, -7.240913 ], [ 112.7529466, -7.2407738 ] ] ] } },
{ "type": "Feature", "properties": { "full_id": "w451981071", "osm_id": "451981071", "osm_type": "way", "highway": "trunk", "turn_lanes": null, "tunnel": null, "hgv_condit": null, "cycleway_l": null, "cycleway_r": null, "motorcycle": null, "destinatio": null, "destinat_1": null, "motor_vehi": null, "sidewalk": null, "wikidata": null, "bridge_nam": null, "bridge_n_1": null, "bridge_n_2": null, "bridge_n_3": null, "bridge_n_4": null, "name_it": null, "name_fr": null, "name_es": null, "name_en": null, "name_de": null, "minspeed_m": null, "maxspeed_m": null, "layer": null, "bridge_n_5": null, "bridge": null, "toll": null, "start_date": null, "short_name": null, "motorcar": null, "minspeed": null, "maxspeed": null, "maxaxleloa": null, "lit": null, "horse": null, "emergency": null, "bicycle": null, "alt_name_f": null, "alt_name_e": null, "alt_name_1": null, "alt_name_d": null, "alt_name": null, "access": null, "hgv": null, "ref": null, "junction": null, "width": "4", "surface": "asphalt", "smoothness": "intermediate", "oneway": "yes", "name": "Jalan Kapasari", "motorcyc_1": "yes", "lanes": "2", "foot": "yes" }, "geometry": { "type": "MultiLineString", "coordinates": [ [ [ 112.753007, -7.2407984 ], [ 112.7529304, -7.2410042 ], [ 112.7527808, -7.2413761 ], [ 112.7526312, -7.241778 ], [ 112.7524854, -7.2421472 ], [ 112.7523404, -7.2425378 ], [ 112.7522914, -7.2426646 ], [ 112.7521885, -7.2429305 ], [ 112.7520482, -7.243302 ], [ 112.7519104, -7.2436592 ], [ 112.7517733, -7.2440563 ], [ 112.7516529, -7.2443872 ], [ 112.7516472, -7.2444044 ], [ 112.751634, -7.2444482 ], [ 112.7516239, -7.2444986 ] ] ] } },
{ "type": "Feature", "properties": { "full_id": "w453019089", "osm_id": "453019089", "osm_type": "way", "highway": "trunk", "turn_lanes": null, "tunnel": null, "hgv_condit": null, "cycleway_l": null, "cycleway_r": null, "motorcycle": null, "destinatio": null, "destinat_1": null, "motor_vehi": null, "sidewalk": null, "wikidata": null, "bridge_nam": null, "bridge_n_1": null, "bridge_n_2": null, "bridge_n_3": null, "bridge_n_4": null, "name_it": null, "name_fr": null, "name_es": null, "name_en": null, "name_de": null, "minspeed_m": null, "maxspeed_m": null, "layer": null, "bridge_n_5": null, "bridge": null, "toll": null, "start_date": null, "short_name": null, "motorcar": null, "minspeed": null, "maxspeed": null, "maxaxleloa": null, "lit": null, "horse": null, "emergency": null, "bicycle": null, "alt_name_f": null, "alt_name_e": null, "alt_name_1": null, "alt_name_d": null, "alt_name": null, "access": null, "hgv": null, "ref": "1", "junction": null, "width": "4", "surface": "asphalt", "smoothness": "intermediate", "oneway": "yes", "name": "Jalan Tembok Dukuh", "motorcyc_1": "yes", "lanes": "2", "foot": "yes" }, "geometry": { "type": "MultiLineString", "coordinates": [ [ [ 112.7232818, -7.2553082 ], [ 112.7236627, -7.2553532 ], [ 112.7237841, -7.2553692 ], [ 112.7242494, -7.2554311 ], [ 112.7247456, -7.2555022 ], [ 112.7252144, -7.2555694 ], [ 112.7253252, -7.2555846 ], [ 112.7257857, -7.2556479 ], [ 112.7260981, -7.2556905 ] ] ] } },
{ "type": "Feature", "properties": { "full_id": "w453019090", "osm_id": "453019090", "osm_type": "way", "highway": "trunk", "turn_lanes": null, "tunnel": null, "hgv_condit": null, "cycleway_l": null, "cycleway_r": null, "motorcycle": null, "destinatio": null, "destinat_1": null, "motor_vehi": null, "sidewalk": null, "wikidata": null, "bridge_nam": null, "bridge_n_1": null, "bridge_n_2": null, "bridge_n_3": null, "bridge_n_4": null, "name_it": null, "name_fr": null, "name_es": null, "name_en": null, "name_de": null, "minspeed_m": null, "maxspeed_m": null, "layer": null, "bridge_n_5": null, "bridge": null, "toll": null, "start_date": null, "short_name": null, "motorcar": null, "minspeed": null, "maxspeed": null, "maxaxleloa": null, "lit": null, "horse": null, "emergency": null, "bicycle": null, "alt_name_f": null, "alt_name_e": null, "alt_name_1": null, "alt_name_d": null, "alt_name": null, "access": null, "hgv": null, "ref": "1", "junction": null, "width": null, "surface": "asphalt", "smoothness": null, "oneway": "yes", "name": "Jalan Tembok Dukuh", "motorcyc_1": null, "lanes": null, "foot": null }, "geometry": { "type": "MultiLineString", "coordinates": [ [ [ 112.7203462, -7.2548833 ], [ 112.7202362, -7.2548743 ] ] ] } },
{ "type": "Feature", "properties": { "full_id": "w453019091", "osm_id": "453019091", "osm_type": "way", "highway": "trunk", "turn_lanes": null, "tunnel": null, "hgv_condit": null, "cycleway_l": null, "cycleway_r": null, "motorcycle": null, "destinatio": null, "destinat_1": null, "motor_vehi": null, "sidewalk": null, "wikidata": null, "bridge_nam": null, "bridge_n_1": null, "bridge_n_2": null, "bridge_n_3": null, "bridge_n_4": null, "name_it": null, "name_fr": null, "name_es": null, "name_en": null, "name_de": null, "minspeed_m": null, "maxspeed_m": null, "layer": null, "bridge_n_5": null, "bridge": null, "toll": null, "start_date": null, "short_name": null, "motorcar": null, "minspeed": null, "maxspeed": null, "maxaxleloa": null, "lit": null, "horse": null, "emergency": null, "bicycle": null, "alt_name_f": null, "alt_name_e": null, "alt_name_1": null, "alt_name_d": null, "alt_name": null, "access": null, "hgv": null, "ref": "1", "junction": null, "width": "6", "surface": "asphalt", "smoothness": "good", "oneway": "yes", "name": "Jalan Raya Demak", "motorcyc_1": "yes", "lanes": "3", "foot": "yes" }, "geometry": { "type": "MultiLineString", "coordinates": [ [ [ 112.7205753, -7.2403278 ], [ 112.7204986, -7.2392441 ], [ 112.7204893, -7.2391123 ], [ 112.7204177, -7.2378527 ], [ 112.7203794, -7.2371853 ], [ 112.7203836, -7.2369699 ], [ 112.7203851, -7.2368907 ], [ 112.7204943, -7.2364166 ], [ 112.7205337, -7.2361819 ] ] ] } },
{ "type": "Feature", "properties": { "full_id": "w453019092", "osm_id": "453019092", "osm_type": "way", "highway": "trunk", "turn_lanes": null, "tunnel": null, "hgv_condit": null, "cycleway_l": null, "cycleway_r": null, "motorcycle": null, "destinatio": null, "destinat_1": null, "motor_vehi": null, "sidewalk": null, "wikidata": null, "bridge_nam": null, "bridge_n_1": null, "bridge_n_2": null, "bridge_n_3": null, "bridge_n_4": null, "name_it": null, "name_fr": null, "name_es": null, "name_en": null, "name_de": null, "minspeed_m": null, "maxspeed_m": null, "layer": null, "bridge_n_5": null, "bridge": null, "toll": null, "start_date": null, "short_name": null, "motorcar": null, "minspeed": null, "maxspeed": null, "maxaxleloa": null, "lit": null, "horse": null, "emergency": null, "bicycle": null, "alt_name_f": null, "alt_name_e": null, "alt_name_1": null, "alt_name_d": null, "alt_name": null, "access": null, "hgv": null, "ref": "1", "junction": null, "width": null, "surface": "asphalt", "smoothness": null, "oneway": "yes", "name": "Jalan Raya Demak", "motorcyc_1": null, "lanes": null, "foot": null }, "geometry": { "type": "MultiLineString", "coordinates": [ [ [ 112.7203611, -7.2546323 ], [ 112.7203517, -7.2547907 ] ] ] } },
{ "type": "Feature", "properties": { "full_id": "w453019093", "osm_id": "453019093", "osm_type": "way", "highway": "trunk", "turn_lanes": null, "tunnel": null, "hgv_condit": null, "cycleway_l": null, "cycleway_r": null, "motorcycle": null, "destinatio": null, "destinat_1": null, "motor_vehi": null, "sidewalk": null, "wikidata": null, "bridge_nam": null, "bridge_n_1": null, "bridge_n_2": null, "bridge_n_3": null, "bridge_n_4": null, "name_it": null, "name_fr": null, "name_es": null, "name_en": null, "name_de": null, "minspeed_m": null, "maxspeed_m": null, "layer": null, "bridge_n_5": null, "bridge": null, "toll": null, "start_date": null, "short_name": null, "motorcar": null, "minspeed": null, "maxspeed": null, "maxaxleloa": null, "lit": null, "horse": null, "emergency": null, "bicycle": null, "alt_name_f": null, "alt_name_e": null, "alt_name_1": null, "alt_name_d": null, "alt_name": null, "access": null, "hgv": null, "ref": "1", "junction": null, "width": null, "surface": "asphalt", "smoothness": null, "oneway": "yes", "name": "Jalan Tembok Dukuh", "motorcyc_1": null, "lanes": null, "foot": null }, "geometry": { "type": "MultiLineString", "coordinates": [ [ [ 112.7205688, -7.2549151 ], [ 112.7203462, -7.2548833 ] ] ] } },
{ "type": "Feature", "properties": { "full_id": "w453019094", "osm_id": "453019094", "osm_type": "way", "highway": "trunk", "turn_lanes": null, "tunnel": null, "hgv_condit": "no @ (6:00-9:00, 16:00-19:00)", "cycleway_l": null, "cycleway_r": null, "motorcycle": null, "destinatio": null, "destinat_1": null, "motor_vehi": null, "sidewalk": null, "wikidata": null, "bridge_nam": null, "bridge_n_1": null, "bridge_n_2": null, "bridge_n_3": null, "bridge_n_4": null, "name_it": null, "name_fr": null, "name_es": null, "name_en": null, "name_de": null, "minspeed_m": null, "maxspeed_m": null, "layer": null, "bridge_n_5": null, "bridge": null, "toll": null, "start_date": null, "short_name": null, "motorcar": null, "minspeed": null, "maxspeed": null, "maxaxleloa": null, "lit": null, "horse": null, "emergency": null, "bicycle": null, "alt_name_f": null, "alt_name_e": null, "alt_name_1": null, "alt_name_d": null, "alt_name": null, "access": null, "hgv": null, "ref": "1", "junction": null, "width": null, "surface": "asphalt", "smoothness": null, "oneway": "yes", "name": "Jalan Tembok Dukuh", "motorcyc_1": null, "lanes": null, "foot": null }, "geometry": { "type": "MultiLineString", "coordinates": [ [ [ 112.7203517, -7.2547907 ], [ 112.7205746, -7.2548279 ] ] ] } },
{ "type": "Feature", "properties": { "full_id": "w453019099", "osm_id": "453019099", "osm_type": "way", "highway": "trunk", "turn_lanes": null, "tunnel": null, "hgv_condit": null, "cycleway_l": null, "cycleway_r": null, "motorcycle": null, "destinatio": null, "destinat_1": null, "motor_vehi": null, "sidewalk": null, "wikidata": null, "bridge_nam": null, "bridge_n_1": null, "bridge_n_2": null, "bridge_n_3": null, "bridge_n_4": null, "name_it": null, "name_fr": null, "name_es": null, "name_en": null, "name_de": null, "minspeed_m": null, "maxspeed_m": null, "layer": null, "bridge_n_5": null, "bridge": null, "toll": null, "start_date": null, "short_name": null, "motorcar": null, "minspeed": null, "maxspeed": null, "maxaxleloa": null, "lit": null, "horse": null, "emergency": null, "bicycle": null, "alt_name_f": null, "alt_name_e": null, "alt_name_1": null, "alt_name_d": null, "alt_name": null, "access": null, "hgv": null, "ref": "1", "junction": null, "width": "4", "surface": "asphalt", "smoothness": "intermediate", "oneway": "yes", "name": "Jalan Tembok Dukuh", "motorcyc_1": "yes", "lanes": "2", "foot": null }, "geometry": { "type": "MultiLineString", "coordinates": [ [ [ 112.7275149, -7.255861 ], [ 112.7276525, -7.2558774 ] ] ] } },
{ "type": "Feature", "properties": { "full_id": "w453019100", "osm_id": "453019100", "osm_type": "way", "highway": "trunk", "turn_lanes": null, "tunnel": null, "hgv_condit": null, "cycleway_l": null, "cycleway_r": null, "motorcycle": null, "destinatio": null, "destinat_1": null, "motor_vehi": null, "sidewalk": null, "wikidata": null, "bridge_nam": null, "bridge_n_1": null, "bridge_n_2": null, "bridge_n_3": null, "bridge_n_4": null, "name_it": null, "name_fr": null, "name_es": null, "name_en": null, "name_de": null, "minspeed_m": null, "maxspeed_m": null, "layer": null, "bridge_n_5": null, "bridge": null, "toll": null, "start_date": null, "short_name": null, "motorcar": null, "minspeed": null, "maxspeed": null, "maxaxleloa": null, "lit": null, "horse": null, "emergency": null, "bicycle": null, "alt_name_f": null, "alt_name_e": null, "alt_name_1": null, "alt_name_d": null, "alt_name": null, "access": null, "hgv": null, "ref": "1", "junction": null, "width": "8", "surface": "asphalt", "smoothness": "intermediate", "oneway": "yes", "name": "Jalan Raya Arjuno", "motorcyc_1": "yes", "lanes": "3", "foot": "yes" }, "geometry": { "type": "MultiLineString", "coordinates": [ [ [ 112.7273923, -7.2580712 ], [ 112.7273471, -7.2583573 ], [ 112.7273172, -7.2585461 ], [ 112.7272832, -7.2587626 ], [ 112.7272465, -7.2589965 ], [ 112.7271684, -7.2595698 ] ] ] } },
{ "type": "Feature", "properties": { "full_id": "w454174582", "osm_id": "454174582", "osm_type": "way", "highway": "trunk", "turn_lanes": null, "tunnel": null, "hgv_condit": null, "cycleway_l": null, "cycleway_r": null, "motorcycle": null, "destinatio": null, "destinat_1": null, "motor_vehi": null, "sidewalk": null, "wikidata": null, "bridge_nam": null, "bridge_n_1": null, "bridge_n_2": null, "bridge_n_3": null, "bridge_n_4": null, "name_it": null, "name_fr": null, "name_es": null, "name_en": null, "name_de": null, "minspeed_m": null, "maxspeed_m": null, "layer": null, "bridge_n_5": null, "bridge": null, "toll": null, "start_date": null, "short_name": null, "motorcar": null, "minspeed": null, "maxspeed": null, "maxaxleloa": null, "lit": null, "horse": null, "emergency": null, "bicycle": null, "alt_name_f": null, "alt_name_e": null, "alt_name_1": null, "alt_name_d": null, "alt_name": null, "access": null, "hgv": null, "ref": null, "junction": null, "width": "9", "surface": "asphalt", "smoothness": "intermediate", "oneway": "yes", "name": "Jalan Perak Timur", "motorcyc_1": "yes", "lanes": "3", "foot": null }, "geometry": { "type": "MultiLineString", "coordinates": [ [ [ 112.728967, -7.2312515 ], [ 112.7286385, -7.231849 ], [ 112.7285252, -7.2320677 ], [ 112.7285009, -7.2322398 ] ] ] } },
{ "type": "Feature", "properties": { "full_id": "w454174583", "osm_id": "454174583", "osm_type": "way", "highway": "trunk", "turn_lanes": null, "tunnel": null, "hgv_condit": null, "cycleway_l": null, "cycleway_r": null, "motorcycle": null, "destinatio": null, "destinat_1": null, "motor_vehi": null, "sidewalk": null, "wikidata": null, "bridge_nam": null, "bridge_n_1": null, "bridge_n_2": null, "bridge_n_3": null, "bridge_n_4": null, "name_it": null, "name_fr": null, "name_es": null, "name_en": null, "name_de": null, "minspeed_m": null, "maxspeed_m": null, "layer": "1", "bridge_n_5": null, "bridge": "yes", "toll": null, "start_date": null, "short_name": null, "motorcar": null, "minspeed": null, "maxspeed": null, "maxaxleloa": null, "lit": null, "horse": null, "emergency": null, "bicycle": null, "alt_name_f": null, "alt_name_e": null, "alt_name_1": null, "alt_name_d": null, "alt_name": null, "access": null, "hgv": null, "ref": null, "junction": null, "width": "9", "surface": "asphalt", "smoothness": "intermediate", "oneway": "yes", "name": "Jalan Perak Timur", "motorcyc_1": "yes", "lanes": "3", "foot": null }, "geometry": { "type": "MultiLineString", "coordinates": [ [ [ 112.7290125, -7.23118 ], [ 112.728967, -7.2312515 ] ] ] } },
{ "type": "Feature", "properties": { "full_id": "w454174584", "osm_id": "454174584", "osm_type": "way", "highway": "trunk", "turn_lanes": null, "tunnel": null, "hgv_condit": null, "cycleway_l": null, "cycleway_r": null, "motorcycle": null, "destinatio": null, "destinat_1": null, "motor_vehi": null, "sidewalk": null, "wikidata": null, "bridge_nam": null, "bridge_n_1": null, "bridge_n_2": null, "bridge_n_3": null, "bridge_n_4": null, "name_it": null, "name_fr": null, "name_es": null, "name_en": null, "name_de": null, "minspeed_m": null, "maxspeed_m": null, "layer": "1", "bridge_n_5": null, "bridge": "yes", "toll": null, "start_date": null, "short_name": null, "motorcar": null, "minspeed": null, "maxspeed": null, "maxaxleloa": null, "lit": null, "horse": null, "emergency": null, "bicycle": null, "alt_name_f": null, "alt_name_e": null, "alt_name_1": null, "alt_name_d": null, "alt_name": null, "access": null, "hgv": null, "ref": null, "junction": null, "width": "9", "surface": "asphalt", "smoothness": "intermediate", "oneway": "yes", "name": "Jalan Perak Barat", "motorcyc_1": "yes", "lanes": "3", "foot": null }, "geometry": { "type": "MultiLineString", "coordinates": [ [ [ 112.7287094, -7.2311103 ], [ 112.7287552, -7.2310212 ] ] ] } },
{ "type": "Feature", "properties": { "full_id": "w454174585", "osm_id": "454174585", "osm_type": "way", "highway": "trunk", "turn_lanes": null, "tunnel": null, "hgv_condit": null, "cycleway_l": null, "cycleway_r": null, "motorcycle": null, "destinatio": null, "destinat_1": null, "motor_vehi": null, "sidewalk": null, "wikidata": null, "bridge_nam": null, "bridge_n_1": null, "bridge_n_2": null, "bridge_n_3": null, "bridge_n_4": null, "name_it": null, "name_fr": null, "name_es": null, "name_en": null, "name_de": null, "minspeed_m": null, "maxspeed_m": null, "layer": null, "bridge_n_5": null, "bridge": null, "toll": null, "start_date": null, "short_name": null, "motorcar": null, "minspeed": null, "maxspeed": null, "maxaxleloa": null, "lit": null, "horse": null, "emergency": null, "bicycle": null, "alt_name_f": null, "alt_name_e": null, "alt_name_1": null, "alt_name_d": null, "alt_name": null, "access": null, "hgv": null, "ref": null, "junction": null, "width": "9", "surface": "asphalt", "smoothness": "intermediate", "oneway": "yes", "name": "Jalan Perak Barat", "motorcyc_1": "yes", "lanes": "3", "foot": null }, "geometry": { "type": "MultiLineString", "coordinates": [ [ [ 112.7282237, -7.2320283 ], [ 112.7282454, -7.2319383 ], [ 112.7283971, -7.2316677 ], [ 112.7287094, -7.2311103 ] ] ] } },
{ "type": "Feature", "properties": { "full_id": "w454784116", "osm_id": "454784116", "osm_type": "way", "highway": "trunk", "turn_lanes": null, "tunnel": null, "hgv_condit": null, "cycleway_l": null, "cycleway_r": null, "motorcycle": null, "destinatio": null, "destinat_1": null, "motor_vehi": null, "sidewalk": null, "wikidata": null, "bridge_nam": null, "bridge_n_1": null, "bridge_n_2": null, "bridge_n_3": null, "bridge_n_4": null, "name_it": null, "name_fr": null, "name_es": null, "name_en": null, "name_de": null, "minspeed_m": null, "maxspeed_m": null, "layer": null, "bridge_n_5": null, "bridge": null, "toll": null, "start_date": null, "short_name": null, "motorcar": null, "minspeed": null, "maxspeed": null, "maxaxleloa": null, "lit": null, "horse": null, "emergency": null, "bicycle": null, "alt_name_f": null, "alt_name_e": null, "alt_name_1": null, "alt_name_d": null, "alt_name": null, "access": null, "hgv": null, "ref": null, "junction": null, "width": "6", "surface": "asphalt", "smoothness": "intermediate", "oneway": "yes", "name": "Jalan Perak Barat", "motorcyc_1": "yes", "lanes": "3", "foot": "yes" }, "geometry": { "type": "MultiLineString", "coordinates": [ [ [ 112.732003, -7.2234852 ], [ 112.7320224, -7.2233628 ], [ 112.7320922, -7.2229231 ], [ 112.7320933, -7.2229154 ], [ 112.7321512, -7.2225007 ], [ 112.7321681, -7.2223805 ], [ 112.7322645, -7.2216744 ], [ 112.732366, -7.2206711 ], [ 112.7323789, -7.2205372 ], [ 112.732457, -7.2198011 ], [ 112.7325482, -7.2190527 ] ] ] } },
{ "type": "Feature", "properties": { "full_id": "w455595551", "osm_id": "455595551", "osm_type": "way", "highway": "trunk", "turn_lanes": null, "tunnel": null, "hgv_condit": null, "cycleway_l": null, "cycleway_r": null, "motorcycle": null, "destinatio": null, "destinat_1": null, "motor_vehi": null, "sidewalk": null, "wikidata": null, "bridge_nam": null, "bridge_n_1": null, "bridge_n_2": null, "bridge_n_3": null, "bridge_n_4": null, "name_it": null, "name_fr": null, "name_es": null, "name_en": null, "name_de": null, "minspeed_m": null, "maxspeed_m": null, "layer": null, "bridge_n_5": null, "bridge": null, "toll": null, "start_date": null, "short_name": null, "motorcar": null, "minspeed": null, "maxspeed": null, "maxaxleloa": null, "lit": null, "horse": null, "emergency": null, "bicycle": null, "alt_name_f": null, "alt_name_e": null, "alt_name_1": null, "alt_name_d": null, "alt_name": null, "access": null, "hgv": null, "ref": "1", "junction": null, "width": "10", "surface": "asphalt", "smoothness": "good", "oneway": "no", "name": "Jalan Kalianak Timur", "motorcyc_1": "yes", "lanes": "4", "foot": null }, "geometry": { "type": "MultiLineString", "coordinates": [ [ [ 112.7114599, -7.2303423 ], [ 112.7112157, -7.2302949 ], [ 112.7107498, -7.2302029 ], [ 112.7103519, -7.2301265 ], [ 112.71004, -7.2300652 ], [ 112.7096562, -7.229992 ], [ 112.7096179, -7.2299881 ], [ 112.7091128, -7.2298884 ], [ 112.7090401, -7.2298786 ], [ 112.7088131, -7.229831 ], [ 112.7083857, -7.2297569 ], [ 112.708249, -7.2297328 ], [ 112.7079041, -7.2296671 ], [ 112.7074691, -7.2295939 ], [ 112.707394, -7.2295783 ], [ 112.7073012, -7.2295659 ], [ 112.7072316, -7.2295608 ] ] ] } },
{ "type": "Feature", "properties": { "full_id": "w455672003", "osm_id": "455672003", "osm_type": "way", "highway": "trunk", "turn_lanes": null, "tunnel": null, "hgv_condit": null, "cycleway_l": null, "cycleway_r": null, "motorcycle": null, "destinatio": null, "destinat_1": null, "motor_vehi": null, "sidewalk": null, "wikidata": null, "bridge_nam": null, "bridge_n_1": null, "bridge_n_2": null, "bridge_n_3": null, "bridge_n_4": null, "name_it": null, "name_fr": null, "name_es": null, "name_en": null, "name_de": null, "minspeed_m": null, "maxspeed_m": null, "layer": "1", "bridge_n_5": null, "bridge": "yes", "toll": null, "start_date": null, "short_name": null, "motorcar": null, "minspeed": null, "maxspeed": null, "maxaxleloa": null, "lit": null, "horse": null, "emergency": null, "bicycle": null, "alt_name_f": null, "alt_name_e": null, "alt_name_1": null, "alt_name_d": null, "alt_name": null, "access": null, "hgv": null, "ref": "1", "junction": null, "width": null, "surface": "asphalt", "smoothness": null, "oneway": "yes", "name": "Jalan Jenderal Ahmad Yani", "motorcyc_1": "no", "lanes": null, "foot": null }, "geometry": { "type": "MultiLineString", "coordinates": [ [ [ 112.7309535, -7.329936 ], [ 112.7309907, -7.3297614 ] ] ] } },
{ "type": "Feature", "properties": { "full_id": "w455672004", "osm_id": "455672004", "osm_type": "way", "highway": "trunk", "turn_lanes": null, "tunnel": null, "hgv_condit": null, "cycleway_l": null, "cycleway_r": null, "motorcycle": null, "destinatio": null, "destinat_1": null, "motor_vehi": null, "sidewalk": null, "wikidata": null, "bridge_nam": null, "bridge_n_1": null, "bridge_n_2": null, "bridge_n_3": null, "bridge_n_4": null, "name_it": null, "name_fr": null, "name_es": null, "name_en": null, "name_de": null, "minspeed_m": null, "maxspeed_m": null, "layer": null, "bridge_n_5": null, "bridge": null, "toll": null, "start_date": null, "short_name": null, "motorcar": null, "minspeed": null, "maxspeed": null, "maxaxleloa": null, "lit": null, "horse": null, "emergency": null, "bicycle": null, "alt_name_f": null, "alt_name_e": null, "alt_name_1": null, "alt_name_d": null, "alt_name": null, "access": null, "hgv": null, "ref": "1", "junction": null, "width": "16", "surface": "asphalt", "smoothness": "good", "oneway": "yes", "name": "Jalan Jenderal Ahmad Yani", "motorcyc_1": "no", "lanes": "4", "foot": null }, "geometry": { "type": "MultiLineString", "coordinates": [ [ [ 112.729227, -7.3417895 ], [ 112.7292247, -7.3396161 ], [ 112.7292407, -7.3383821 ], [ 112.7292457, -7.3382426 ], [ 112.7292609, -7.3376232 ], [ 112.7292672, -7.3373673 ], [ 112.7292905, -7.3371723 ], [ 112.7293101, -7.3370082 ], [ 112.729404, -7.3365826 ], [ 112.7294631, -7.336368 ], [ 112.7296994, -7.3354389 ], [ 112.7297821, -7.3350938 ], [ 112.7300686, -7.3338988 ] ] ] } },
{ "type": "Feature", "properties": { "full_id": "w455675268", "osm_id": "455675268", "osm_type": "way", "highway": "trunk", "turn_lanes": null, "tunnel": null, "hgv_condit": null, "cycleway_l": null, "cycleway_r": null, "motorcycle": null, "destinatio": null, "destinat_1": null, "motor_vehi": null, "sidewalk": null, "wikidata": null, "bridge_nam": null, "bridge_n_1": null, "bridge_n_2": null, "bridge_n_3": null, "bridge_n_4": null, "name_it": null, "name_fr": null, "name_es": null, "name_en": null, "name_de": null, "minspeed_m": null, "maxspeed_m": null, "layer": null, "bridge_n_5": null, "bridge": null, "toll": null, "start_date": null, "short_name": null, "motorcar": null, "minspeed": null, "maxspeed": null, "maxaxleloa": null, "lit": null, "horse": null, "emergency": null, "bicycle": null, "alt_name_f": null, "alt_name_e": null, "alt_name_1": null, "alt_name_d": null, "alt_name": null, "access": null, "hgv": null, "ref": "1", "junction": null, "width": "16", "surface": "asphalt", "smoothness": "good", "oneway": "yes", "name": "Jalan Jenderal Ahmad Yani", "motorcyc_1": "yes", "lanes": "4", "foot": "yes" }, "geometry": { "type": "MultiLineString", "coordinates": [ [ [ 112.7301968, -7.3339277 ], [ 112.7299033, -7.3351257 ], [ 112.7295914, -7.3363987 ], [ 112.7295783, -7.3364523 ], [ 112.7294844, -7.3368805 ], [ 112.7294402, -7.3371918 ], [ 112.7294348, -7.3372698 ], [ 112.729408, -7.3374852 ], [ 112.7293986, -7.3377451 ], [ 112.7293905, -7.3386337 ], [ 112.7293866, -7.3396187 ], [ 112.7293812, -7.3409861 ], [ 112.7293779, -7.3431754 ], [ 112.7293557, -7.3451645 ], [ 112.7293664, -7.3454765 ], [ 112.729338, -7.3457586 ], [ 112.7293167, -7.3459423 ], [ 112.7292912, -7.3460964 ], [ 112.7292748, -7.3462602 ] ] ] } },
{ "type": "Feature", "properties": { "full_id": "w455675269", "osm_id": "455675269", "osm_type": "way", "highway": "trunk", "turn_lanes": null, "tunnel": null, "hgv_condit": null, "cycleway_l": null, "cycleway_r": null, "motorcycle": null, "destinatio": null, "destinat_1": null, "motor_vehi": null, "sidewalk": null, "wikidata": null, "bridge_nam": null, "bridge_n_1": null, "bridge_n_2": null, "bridge_n_3": null, "bridge_n_4": null, "name_it": null, "name_fr": null, "name_es": null, "name_en": null, "name_de": null, "minspeed_m": null, "maxspeed_m": null, "layer": "1", "bridge_n_5": null, "bridge": "yes", "toll": null, "start_date": null, "short_name": null, "motorcar": null, "minspeed": null, "maxspeed": null, "maxaxleloa": null, "lit": null, "horse": null, "emergency": null, "bicycle": null, "alt_name_f": null, "alt_name_e": null, "alt_name_1": null, "alt_name_d": null, "alt_name": null, "access": null, "hgv": null, "ref": "1", "junction": null, "width": null, "surface": "asphalt", "smoothness": null, "oneway": "yes", "name": "Jalan Jenderal Ahmad Yani", "motorcyc_1": null, "lanes": null, "foot": null }, "geometry": { "type": "MultiLineString", "coordinates": [ [ [ 112.7302347, -7.3337844 ], [ 112.7301968, -7.3339277 ] ] ] } },
{ "type": "Feature", "properties": { "full_id": "w455675270", "osm_id": "455675270", "osm_type": "way", "highway": "trunk", "turn_lanes": null, "tunnel": null, "hgv_condit": null, "cycleway_l": null, "cycleway_r": null, "motorcycle": null, "destinatio": null, "destinat_1": null, "motor_vehi": null, "sidewalk": null, "wikidata": null, "bridge_nam": null, "bridge_n_1": null, "bridge_n_2": null, "bridge_n_3": null, "bridge_n_4": null, "name_it": null, "name_fr": null, "name_es": null, "name_en": null, "name_de": null, "minspeed_m": null, "maxspeed_m": null, "layer": "1", "bridge_n_5": null, "bridge": "yes", "toll": null, "start_date": null, "short_name": null, "motorcar": null, "minspeed": null, "maxspeed": null, "maxaxleloa": null, "lit": null, "horse": null, "emergency": null, "bicycle": null, "alt_name_f": null, "alt_name_e": null, "alt_name_1": null, "alt_name_d": null, "alt_name": null, "access": null, "hgv": null, "ref": "1", "junction": null, "width": null, "surface": "asphalt", "smoothness": null, "oneway": "yes", "name": "Jalan Jenderal Ahmad Yani", "motorcyc_1": null, "lanes": null, "foot": null }, "geometry": { "type": "MultiLineString", "coordinates": [ [ [ 112.7311367, -7.3298117 ], [ 112.7310891, -7.3300012 ] ] ] } },
{ "type": "Feature", "properties": { "full_id": "w455675271", "osm_id": "455675271", "osm_type": "way", "highway": "trunk", "turn_lanes": null, "tunnel": null, "hgv_condit": null, "cycleway_l": null, "cycleway_r": null, "motorcycle": null, "destinatio": null, "destinat_1": null, "motor_vehi": null, "sidewalk": null, "wikidata": null, "bridge_nam": null, "bridge_n_1": null, "bridge_n_2": null, "bridge_n_3": null, "bridge_n_4": null, "name_it": null, "name_fr": null, "name_es": null, "name_en": null, "name_de": null, "minspeed_m": null, "maxspeed_m": null, "layer": "1", "bridge_n_5": null, "bridge": "yes", "toll": null, "start_date": null, "short_name": null, "motorcar": null, "minspeed": null, "maxspeed": null, "maxaxleloa": null, "lit": null, "horse": null, "emergency": null, "bicycle": null, "alt_name_f": null, "alt_name_e": null, "alt_name_1": null, "alt_name_d": null, "alt_name": null, "access": null, "hgv": null, "ref": "1", "junction": null, "width": null, "surface": "asphalt", "smoothness": null, "oneway": "yes", "name": "Jalan Jenderal Ahmad Yani", "motorcyc_1": "no", "lanes": null, "foot": null }, "geometry": { "type": "MultiLineString", "coordinates": [ [ [ 112.7300686, -7.3338988 ], [ 112.7301111, -7.3337213 ] ] ] } },
{ "type": "Feature", "properties": { "full_id": "w455675272", "osm_id": "455675272", "osm_type": "way", "highway": "trunk", "turn_lanes": null, "tunnel": null, "hgv_condit": null, "cycleway_l": null, "cycleway_r": null, "motorcycle": null, "destinatio": null, "destinat_1": null, "motor_vehi": null, "sidewalk": null, "wikidata": null, "bridge_nam": null, "bridge_n_1": null, "bridge_n_2": null, "bridge_n_3": null, "bridge_n_4": null, "name_it": null, "name_fr": null, "name_es": null, "name_en": null, "name_de": null, "minspeed_m": null, "maxspeed_m": null, "layer": null, "bridge_n_5": null, "bridge": null, "toll": null, "start_date": null, "short_name": null, "motorcar": null, "minspeed": null, "maxspeed": null, "maxaxleloa": null, "lit": null, "horse": null, "emergency": null, "bicycle": null, "alt_name_f": null, "alt_name_e": null, "alt_name_1": null, "alt_name_d": null, "alt_name": null, "access": null, "hgv": null, "ref": "1", "junction": null, "width": "16", "surface": "asphalt", "smoothness": "good", "oneway": "yes", "name": "Jalan Jenderal Ahmad Yani", "motorcyc_1": "no", "lanes": "4", "foot": null }, "geometry": { "type": "MultiLineString", "coordinates": [ [ [ 112.7301111, -7.3337213 ], [ 112.7302035, -7.3333361 ], [ 112.7302691, -7.3330622 ], [ 112.7306173, -7.3314839 ], [ 112.7309535, -7.329936 ] ] ] } },
{ "type": "Feature", "properties": { "full_id": "w455675273", "osm_id": "455675273", "osm_type": "way", "highway": "trunk", "turn_lanes": null, "tunnel": null, "hgv_condit": null, "cycleway_l": null, "cycleway_r": null, "motorcycle": null, "destinatio": null, "destinat_1": null, "motor_vehi": null, "sidewalk": null, "wikidata": null, "bridge_nam": null, "bridge_n_1": null, "bridge_n_2": null, "bridge_n_3": null, "bridge_n_4": null, "name_it": null, "name_fr": null, "name_es": null, "name_en": null, "name_de": null, "minspeed_m": null, "maxspeed_m": null, "layer": null, "bridge_n_5": null, "bridge": null, "toll": null, "start_date": null, "short_name": null, "motorcar": null, "minspeed": null, "maxspeed": null, "maxaxleloa": null, "lit": null, "horse": null, "emergency": null, "bicycle": null, "alt_name_f": null, "alt_name_e": null, "alt_name_1": null, "alt_name_d": null, "alt_name": null, "access": null, "hgv": null, "ref": "1", "junction": null, "width": "16", "surface": "asphalt", "smoothness": "good", "oneway": "yes", "name": "Jalan Jenderal Ahmad Yani", "motorcyc_1": "yes", "lanes": "4", "foot": null }, "geometry": { "type": "MultiLineString", "coordinates": [ [ [ 112.7307598, -7.3314145 ], [ 112.7307409, -7.3314999 ], [ 112.7302347, -7.3337844 ] ] ] } },
{ "type": "Feature", "properties": { "full_id": "w455677735", "osm_id": "455677735", "osm_type": "way", "highway": "trunk", "turn_lanes": null, "tunnel": null, "hgv_condit": null, "cycleway_l": null, "cycleway_r": null, "motorcycle": null, "destinatio": null, "destinat_1": null, "motor_vehi": null, "sidewalk": null, "wikidata": null, "bridge_nam": null, "bridge_n_1": null, "bridge_n_2": null, "bridge_n_3": null, "bridge_n_4": null, "name_it": null, "name_fr": null, "name_es": null, "name_en": null, "name_de": null, "minspeed_m": null, "maxspeed_m": null, "layer": null, "bridge_n_5": null, "bridge": null, "toll": null, "start_date": null, "short_name": null, "motorcar": null, "minspeed": null, "maxspeed": null, "maxaxleloa": null, "lit": null, "horse": null, "emergency": null, "bicycle": null, "alt_name_f": null, "alt_name_e": null, "alt_name_1": null, "alt_name_d": null, "alt_name": null, "access": null, "hgv": null, "ref": "AH2", "junction": null, "width": null, "surface": "asphalt", "smoothness": null, "oneway": "yes", "name": "Jalan Bypass Waru", "motorcyc_1": null, "lanes": null, "foot": null }, "geometry": { "type": "MultiLineString", "coordinates": [ [ [ 112.7243802, -7.3466119 ], [ 112.7246885, -7.3466503 ], [ 112.7249622, -7.346681 ], [ 112.7251366, -7.3466856 ], [ 112.7254021, -7.3466816 ], [ 112.7257602, -7.3466723 ], [ 112.7260552, -7.3466696 ], [ 112.7266028, -7.3466638 ] ] ] } },
{ "type": "Feature", "properties": { "full_id": "w455677738", "osm_id": "455677738", "osm_type": "way", "highway": "trunk", "turn_lanes": null, "tunnel": null, "hgv_condit": null, "cycleway_l": null, "cycleway_r": null, "motorcycle": null, "destinatio": null, "destinat_1": null, "motor_vehi": null, "sidewalk": null, "wikidata": null, "bridge_nam": null, "bridge_n_1": null, "bridge_n_2": null, "bridge_n_3": null, "bridge_n_4": null, "name_it": null, "name_fr": null, "name_es": null, "name_en": null, "name_de": null, "minspeed_m": null, "maxspeed_m": null, "layer": null, "bridge_n_5": null, "bridge": null, "toll": null, "start_date": null, "short_name": null, "motorcar": null, "minspeed": null, "maxspeed": null, "maxaxleloa": null, "lit": null, "horse": null, "emergency": null, "bicycle": null, "alt_name_f": null, "alt_name_e": null, "alt_name_1": null, "alt_name_d": null, "alt_name": null, "access": null, "hgv": null, "ref": "AH2", "junction": null, "width": null, "surface": "asphalt", "smoothness": null, "oneway": "yes", "name": "Jalan Bypass Waru", "motorcyc_1": null, "lanes": null, "foot": null }, "geometry": { "type": "MultiLineString", "coordinates": [ [ [ 112.7278321, -7.347686 ], [ 112.727685, -7.3475757 ], [ 112.7275638, -7.3474479 ], [ 112.7274286, -7.3473323 ], [ 112.7272911, -7.3472471 ], [ 112.7271248, -7.3471657 ], [ 112.726998, -7.3471185 ], [ 112.726872, -7.3470859 ], [ 112.7264884, -7.3470254 ], [ 112.7260087, -7.3470276 ], [ 112.7256355, -7.3470221 ], [ 112.7253123, -7.3470035 ], [ 112.7249881, -7.3469762 ], [ 112.7247544, -7.3469549 ], [ 112.7244949, -7.346935 ] ] ] } },
{ "type": "Feature", "properties": { "full_id": "w455677741", "osm_id": "455677741", "osm_type": "way", "highway": "trunk", "turn_lanes": null, "tunnel": null, "hgv_condit": null, "cycleway_l": null, "cycleway_r": null, "motorcycle": null, "destinatio": null, "destinat_1": null, "motor_vehi": null, "sidewalk": null, "wikidata": null, "bridge_nam": null, "bridge_n_1": null, "bridge_n_2": null, "bridge_n_3": null, "bridge_n_4": null, "name_it": null, "name_fr": null, "name_es": null, "name_en": null, "name_de": null, "minspeed_m": null, "maxspeed_m": null, "layer": "1", "bridge_n_5": null, "bridge": "yes", "toll": null, "start_date": null, "short_name": null, "motorcar": null, "minspeed": null, "maxspeed": null, "maxaxleloa": null, "lit": null, "horse": null, "emergency": null, "bicycle": null, "alt_name_f": null, "alt_name_e": null, "alt_name_1": null, "alt_name_d": null, "alt_name": null, "access": null, "hgv": null, "ref": "AH2", "junction": null, "width": null, "surface": "asphalt", "smoothness": null, "oneway": "yes", "name": "Jalan Bypass Waru", "motorcyc_1": null, "lanes": null, "foot": null }, "geometry": { "type": "MultiLineString", "coordinates": [ [ [ 112.724236, -7.3465878 ], [ 112.7243802, -7.3466119 ] ] ] } },
{ "type": "Feature", "properties": { "full_id": "w455677743", "osm_id": "455677743", "osm_type": "way", "highway": "trunk", "turn_lanes": null, "tunnel": null, "hgv_condit": null, "cycleway_l": null, "cycleway_r": null, "motorcycle": null, "destinatio": null, "destinat_1": null, "motor_vehi": null, "sidewalk": null, "wikidata": null, "bridge_nam": null, "bridge_n_1": null, "bridge_n_2": null, "bridge_n_3": null, "bridge_n_4": null, "name_it": null, "name_fr": null, "name_es": null, "name_en": null, "name_de": null, "minspeed_m": null, "maxspeed_m": null, "layer": "1", "bridge_n_5": null, "bridge": "yes", "toll": null, "start_date": null, "short_name": null, "motorcar": null, "minspeed": null, "maxspeed": null, "maxaxleloa": null, "lit": null, "horse": null, "emergency": null, "bicycle": null, "alt_name_f": null, "alt_name_e": null, "alt_name_1": null, "alt_name_d": null, "alt_name": null, "access": null, "hgv": null, "ref": "AH2", "junction": null, "width": null, "surface": "asphalt", "smoothness": null, "oneway": "yes", "name": "Jalan Bypass Waru", "motorcyc_1": null, "lanes": null, "foot": null }, "geometry": { "type": "MultiLineString", "coordinates": [ [ [ 112.7244949, -7.346935 ], [ 112.7243469, -7.3469195 ] ] ] } },
{ "type": "Feature", "properties": { "full_id": "w456283801", "osm_id": "456283801", "osm_type": "way", "highway": "trunk", "turn_lanes": null, "tunnel": null, "hgv_condit": null, "cycleway_l": null, "cycleway_r": null, "motorcycle": null, "destinatio": null, "destinat_1": null, "motor_vehi": null, "sidewalk": null, "wikidata": null, "bridge_nam": null, "bridge_n_1": null, "bridge_n_2": null, "bridge_n_3": null, "bridge_n_4": null, "name_it": null, "name_fr": null, "name_es": null, "name_en": null, "name_de": null, "minspeed_m": null, "maxspeed_m": null, "layer": "1", "bridge_n_5": null, "bridge": "yes", "toll": null, "start_date": null, "short_name": null, "motorcar": null, "minspeed": null, "maxspeed": null, "maxaxleloa": null, "lit": null, "horse": null, "emergency": null, "bicycle": null, "alt_name_f": null, "alt_name_e": null, "alt_name_1": null, "alt_name_d": null, "alt_name": null, "access": null, "hgv": null, "ref": "1", "junction": null, "width": "10", "surface": "asphalt", "smoothness": "good", "oneway": "no", "name": "Jalan Kalianak Timur", "motorcyc_1": "yes", "lanes": "4", "foot": null }, "geometry": { "type": "MultiLineString", "coordinates": [ [ [ 112.7072316, -7.2295608 ], [ 112.706974, -7.2295462 ] ] ] } },
{ "type": "Feature", "properties": { "full_id": "w456283802", "osm_id": "456283802", "osm_type": "way", "highway": "trunk", "turn_lanes": null, "tunnel": null, "hgv_condit": null, "cycleway_l": null, "cycleway_r": null, "motorcycle": null, "destinatio": null, "destinat_1": null, "motor_vehi": null, "sidewalk": null, "wikidata": null, "bridge_nam": null, "bridge_n_1": null, "bridge_n_2": null, "bridge_n_3": null, "bridge_n_4": null, "name_it": null, "name_fr": null, "name_es": null, "name_en": null, "name_de": null, "minspeed_m": null, "maxspeed_m": null, "layer": null, "bridge_n_5": null, "bridge": null, "toll": null, "start_date": null, "short_name": null, "motorcar": null, "minspeed": null, "maxspeed": null, "maxaxleloa": null, "lit": null, "horse": null, "emergency": null, "bicycle": null, "alt_name_f": null, "alt_name_e": null, "alt_name_1": null, "alt_name_d": null, "alt_name": null, "access": null, "hgv": null, "ref": "1", "junction": null, "width": "10", "surface": "asphalt", "smoothness": "intermediate", "oneway": "no", "name": "Jalan Raya Kalianak Barat", "motorcyc_1": "yes", "lanes": "2", "foot": null }, "geometry": { "type": "MultiLineString", "coordinates": [ [ [ 112.704284, -7.2295609 ], [ 112.704116, -7.2295643 ], [ 112.7036466, -7.2295643 ], [ 112.7028648, -7.2295661 ], [ 112.7015358, -7.2295467 ], [ 112.7013428, -7.229551 ], [ 112.701112, -7.2295487 ], [ 112.7007499, -7.2295513 ], [ 112.7005179, -7.2295365 ], [ 112.7002322, -7.2295342 ], [ 112.6999775, -7.229534 ], [ 112.6998179, -7.2295341 ], [ 112.6995215, -7.2295248 ], [ 112.6991017, -7.2295301 ], [ 112.6987356, -7.2295341 ], [ 112.6985545, -7.2295221 ], [ 112.6983507, -7.2295274 ], [ 112.6980637, -7.2295248 ], [ 112.6972041, -7.2295208 ], [ 112.6971129, -7.2295155 ], [ 112.6969787, -7.2295181 ], [ 112.6964356, -7.2295101 ], [ 112.6960802, -7.2295048 ], [ 112.6960064, -7.2295008 ], [ 112.695867, -7.2295061 ], [ 112.6952125, -7.2295141 ], [ 112.6951133, -7.2295181 ] ] ] } },
{ "type": "Feature", "properties": { "full_id": "w456578268", "osm_id": "456578268", "osm_type": "way", "highway": "trunk", "turn_lanes": null, "tunnel": null, "hgv_condit": null, "cycleway_l": null, "cycleway_r": null, "motorcycle": null, "destinatio": null, "destinat_1": null, "motor_vehi": null, "sidewalk": null, "wikidata": null, "bridge_nam": null, "bridge_n_1": null, "bridge_n_2": null, "bridge_n_3": null, "bridge_n_4": null, "name_it": null, "name_fr": null, "name_es": null, "name_en": null, "name_de": null, "minspeed_m": null, "maxspeed_m": null, "layer": "1", "bridge_n_5": null, "bridge": "yes", "toll": null, "start_date": null, "short_name": null, "motorcar": null, "minspeed": null, "maxspeed": null, "maxaxleloa": null, "lit": null, "horse": null, "emergency": null, "bicycle": null, "alt_name_f": null, "alt_name_e": null, "alt_name_1": null, "alt_name_d": null, "alt_name": null, "access": null, "hgv": null, "ref": null, "junction": null, "width": null, "surface": null, "smoothness": null, "oneway": "yes", "name": "Jalan Haji Mohammad Noer", "motorcyc_1": "no", "lanes": "2", "foot": null }, "geometry": { "type": "MultiLineString", "coordinates": [ [ [ 112.777465, -7.2174484 ], [ 112.7774529, -7.2175709 ] ] ] } },
{ "type": "Feature", "properties": { "full_id": "w457997539", "osm_id": "457997539", "osm_type": "way", "highway": "trunk", "turn_lanes": null, "tunnel": null, "hgv_condit": null, "cycleway_l": null, "cycleway_r": null, "motorcycle": null, "destinatio": null, "destinat_1": null, "motor_vehi": null, "sidewalk": null, "wikidata": null, "bridge_nam": null, "bridge_n_1": null, "bridge_n_2": null, "bridge_n_3": null, "bridge_n_4": null, "name_it": null, "name_fr": null, "name_es": null, "name_en": null, "name_de": null, "minspeed_m": null, "maxspeed_m": null, "layer": null, "bridge_n_5": null, "bridge": null, "toll": null, "start_date": null, "short_name": null, "motorcar": null, "minspeed": null, "maxspeed": null, "maxaxleloa": null, "lit": null, "horse": null, "emergency": null, "bicycle": null, "alt_name_f": null, "alt_name_e": null, "alt_name_1": null, "alt_name_d": null, "alt_name": "Jalan Ahmad Yani", "access": null, "hgv": null, "ref": "1", "junction": null, "width": "16", "surface": "asphalt", "smoothness": "good", "oneway": "yes", "name": "Jalan Jenderal Ahmad Yani", "motorcyc_1": "yes", "lanes": "4", "foot": "yes" }, "geometry": { "type": "MultiLineString", "coordinates": [ [ [ 112.7354133, -7.3095792 ], [ 112.7352072, -7.3105525 ], [ 112.7351364, -7.3109943 ], [ 112.7351067, -7.3111372 ], [ 112.7349668, -7.311792 ], [ 112.7346576, -7.31339 ], [ 112.7346208, -7.3135653 ], [ 112.7340687, -7.316157 ], [ 112.7340553, -7.316222 ] ] ] } },
{ "type": "Feature", "properties": { "full_id": "w458060029", "osm_id": "458060029", "osm_type": "way", "highway": "trunk", "turn_lanes": null, "tunnel": null, "hgv_condit": null, "cycleway_l": null, "cycleway_r": null, "motorcycle": null, "destinatio": null, "destinat_1": null, "motor_vehi": null, "sidewalk": null, "wikidata": null, "bridge_nam": null, "bridge_n_1": null, "bridge_n_2": null, "bridge_n_3": null, "bridge_n_4": null, "name_it": null, "name_fr": null, "name_es": null, "name_en": null, "name_de": null, "minspeed_m": null, "maxspeed_m": null, "layer": null, "bridge_n_5": null, "bridge": null, "toll": null, "start_date": null, "short_name": null, "motorcar": null, "minspeed": null, "maxspeed": null, "maxaxleloa": null, "lit": null, "horse": null, "emergency": null, "bicycle": null, "alt_name_f": null, "alt_name_e": null, "alt_name_1": null, "alt_name_d": null, "alt_name": null, "access": null, "hgv": null, "ref": null, "junction": null, "width": null, "surface": null, "smoothness": null, "oneway": "yes", "name": "Jalan Sultan Iskandar Muda", "motorcyc_1": null, "lanes": "2", "foot": null }, "geometry": { "type": "MultiLineString", "coordinates": [ [ [ 112.7462006, -7.2263626 ], [ 112.7462373, -7.2263786 ] ] ] } },
{ "type": "Feature", "properties": { "full_id": "w458060030", "osm_id": "458060030", "osm_type": "way", "highway": "trunk", "turn_lanes": null, "tunnel": null, "hgv_condit": null, "cycleway_l": null, "cycleway_r": null, "motorcycle": null, "destinatio": null, "destinat_1": null, "motor_vehi": null, "sidewalk": null, "wikidata": null, "bridge_nam": null, "bridge_n_1": null, "bridge_n_2": null, "bridge_n_3": null, "bridge_n_4": null, "name_it": null, "name_fr": null, "name_es": null, "name_en": null, "name_de": null, "minspeed_m": null, "maxspeed_m": null, "layer": "1", "bridge_n_5": null, "bridge": "yes", "toll": null, "start_date": null, "short_name": null, "motorcar": null, "minspeed": null, "maxspeed": null, "maxaxleloa": null, "lit": null, "horse": null, "emergency": null, "bicycle": null, "alt_name_f": null, "alt_name_e": null, "alt_name_1": null, "alt_name_d": null, "alt_name": null, "access": null, "hgv": null, "ref": null, "junction": null, "width": null, "surface": null, "smoothness": null, "oneway": "yes", "name": "Jalan Sultan Iskandar Muda", "motorcyc_1": null, "lanes": "2", "foot": null }, "geometry": { "type": "MultiLineString", "coordinates": [ [ [ 112.7460924, -7.2263206 ], [ 112.7461605, -7.2263462 ] ] ] } },
{ "type": "Feature", "properties": { "full_id": "w458060031", "osm_id": "458060031", "osm_type": "way", "highway": "trunk", "turn_lanes": null, "tunnel": null, "hgv_condit": null, "cycleway_l": null, "cycleway_r": null, "motorcycle": null, "destinatio": null, "destinat_1": null, "motor_vehi": null, "sidewalk": null, "wikidata": null, "bridge_nam": null, "bridge_n_1": null, "bridge_n_2": null, "bridge_n_3": null, "bridge_n_4": null, "name_it": null, "name_fr": null, "name_es": null, "name_en": null, "name_de": null, "minspeed_m": null, "maxspeed_m": null, "layer": "1", "bridge_n_5": null, "bridge": "yes", "toll": null, "start_date": null, "short_name": null, "motorcar": null, "minspeed": null, "maxspeed": null, "maxaxleloa": null, "lit": null, "horse": null, "emergency": null, "bicycle": null, "alt_name_f": null, "alt_name_e": null, "alt_name_1": null, "alt_name_d": null, "alt_name": null, "access": null, "hgv": null, "ref": null, "junction": null, "width": null, "surface": null, "smoothness": null, "oneway": "yes", "name": "Jalan Sultan Iskandar Muda", "motorcyc_1": null, "lanes": "2", "foot": null }, "geometry": { "type": "MultiLineString", "coordinates": [ [ [ 112.7461528, -7.2264395 ], [ 112.746083, -7.2264028 ] ] ] } },
{ "type": "Feature", "properties": { "full_id": "w458060032", "osm_id": "458060032", "osm_type": "way", "highway": "trunk", "turn_lanes": null, "tunnel": null, "hgv_condit": null, "cycleway_l": null, "cycleway_r": null, "motorcycle": null, "destinatio": null, "destinat_1": null, "motor_vehi": null, "sidewalk": null, "wikidata": null, "bridge_nam": null, "bridge_n_1": null, "bridge_n_2": null, "bridge_n_3": null, "bridge_n_4": null, "name_it": null, "name_fr": null, "name_es": null, "name_en": null, "name_de": null, "minspeed_m": null, "maxspeed_m": null, "layer": null, "bridge_n_5": null, "bridge": null, "toll": null, "start_date": null, "short_name": null, "motorcar": null, "minspeed": null, "maxspeed": null, "maxaxleloa": null, "lit": null, "horse": null, "emergency": null, "bicycle": null, "alt_name_f": null, "alt_name_e": null, "alt_name_1": null, "alt_name_d": null, "alt_name": null, "access": null, "hgv": null, "ref": null, "junction": null, "width": null, "surface": null, "smoothness": null, "oneway": "yes", "name": "Jalan Sidorame", "motorcyc_1": null, "lanes": "2", "foot": null }, "geometry": { "type": "MultiLineString", "coordinates": [ [ [ 112.7462839, -7.2264968 ], [ 112.74622, -7.2264729 ], [ 112.7461994, -7.2264631 ] ] ] } },
{ "type": "Feature", "properties": { "full_id": "w458060039", "osm_id": "458060039", "osm_type": "way", "highway": "trunk", "turn_lanes": null, "tunnel": null, "hgv_condit": null, "cycleway_l": null, "cycleway_r": null, "motorcycle": null, "destinatio": null, "destinat_1": null, "motor_vehi": null, "sidewalk": null, "wikidata": null, "bridge_nam": null, "bridge_n_1": null, "bridge_n_2": null, "bridge_n_3": null, "bridge_n_4": null, "name_it": null, "name_fr": null, "name_es": null, "name_en": null, "name_de": null, "minspeed_m": null, "maxspeed_m": null, "layer": "1", "bridge_n_5": null, "bridge": "yes", "toll": null, "start_date": null, "short_name": null, "motorcar": null, "minspeed": null, "maxspeed": null, "maxaxleloa": null, "lit": null, "horse": null, "emergency": null, "bicycle": null, "alt_name_f": null, "alt_name_e": null, "alt_name_1": null, "alt_name_d": null, "alt_name": null, "access": null, "hgv": null, "ref": null, "junction": null, "width": "6", "surface": "asphalt", "smoothness": "intermediate", "oneway": "yes", "name": "Jalan Jakarta", "motorcyc_1": "yes", "lanes": "2", "foot": null }, "geometry": { "type": "MultiLineString", "coordinates": [ [ [ 112.7378422, -7.2222548 ], [ 112.7379036, -7.2222342 ], [ 112.7379565, -7.2222202 ], [ 112.7380259, -7.2222109 ], [ 112.7380836, -7.2222083 ], [ 112.7381728, -7.2222069 ], [ 112.7382878, -7.2222129 ] ] ] } },
{ "type": "Feature", "properties": { "full_id": "w458060040", "osm_id": "458060040", "osm_type": "way", "highway": "trunk", "turn_lanes": null, "tunnel": null, "hgv_condit": null, "cycleway_l": null, "cycleway_r": null, "motorcycle": null, "destinatio": null, "destinat_1": null, "motor_vehi": null, "sidewalk": null, "wikidata": null, "bridge_nam": null, "bridge_n_1": null, "bridge_n_2": null, "bridge_n_3": null, "bridge_n_4": null, "name_it": null, "name_fr": null, "name_es": null, "name_en": null, "name_de": null, "minspeed_m": null, "maxspeed_m": null, "layer": null, "bridge_n_5": null, "bridge": null, "toll": null, "start_date": null, "short_name": null, "motorcar": null, "minspeed": null, "maxspeed": null, "maxaxleloa": null, "lit": null, "horse": null, "emergency": null, "bicycle": null, "alt_name_f": null, "alt_name_e": null, "alt_name_1": null, "alt_name_d": null, "alt_name": null, "access": null, "hgv": null, "ref": null, "junction": null, "width": "6", "surface": "asphalt", "smoothness": "intermediate", "oneway": "yes", "name": "Jalan Jakarta", "motorcyc_1": "yes", "lanes": "2", "foot": null }, "geometry": { "type": "MultiLineString", "coordinates": [ [ [ 112.7363345, -7.2224453 ], [ 112.7374861, -7.2224068 ], [ 112.7375254, -7.2223982 ], [ 112.7375686, -7.2223846 ], [ 112.7376665, -7.222346 ], [ 112.7378422, -7.2222548 ] ] ] } },
{ "type": "Feature", "properties": { "full_id": "w458060041", "osm_id": "458060041", "osm_type": "way", "highway": "trunk", "turn_lanes": null, "tunnel": null, "hgv_condit": null, "cycleway_l": null, "cycleway_r": null, "motorcycle": null, "destinatio": null, "destinat_1": null, "motor_vehi": null, "sidewalk": null, "wikidata": null, "bridge_nam": null, "bridge_n_1": null, "bridge_n_2": null, "bridge_n_3": null, "bridge_n_4": null, "name_it": null, "name_fr": null, "name_es": null, "name_en": null, "name_de": null, "minspeed_m": null, "maxspeed_m": null, "layer": null, "bridge_n_5": null, "bridge": null, "toll": null, "start_date": null, "short_name": null, "motorcar": null, "minspeed": null, "maxspeed": null, "maxaxleloa": null, "lit": null, "horse": null, "emergency": null, "bicycle": null, "alt_name_f": null, "alt_name_e": null, "alt_name_1": null, "alt_name_d": null, "alt_name": null, "access": null, "hgv": null, "ref": null, "junction": null, "width": "6", "surface": "asphalt", "smoothness": "intermediate", "oneway": "yes", "name": "Jalan Jakarta", "motorcyc_1": "yes", "lanes": "2", "foot": null }, "geometry": { "type": "MultiLineString", "coordinates": [ [ [ 112.7379012, -7.2226011 ], [ 112.7376632, -7.2225193 ], [ 112.7376223, -7.2225086 ], [ 112.7375924, -7.2224996 ], [ 112.7375683, -7.2224953 ], [ 112.7375411, -7.2224943 ], [ 112.73678, -7.2225234 ], [ 112.7363422, -7.2225446 ] ] ] } },
{ "type": "Feature", "properties": { "full_id": "w458060042", "osm_id": "458060042", "osm_type": "way", "highway": "trunk", "turn_lanes": null, "tunnel": null, "hgv_condit": null, "cycleway_l": null, "cycleway_r": null, "motorcycle": null, "destinatio": null, "destinat_1": null, "motor_vehi": null, "sidewalk": null, "wikidata": null, "bridge_nam": null, "bridge_n_1": null, "bridge_n_2": null, "bridge_n_3": null, "bridge_n_4": null, "name_it": null, "name_fr": null, "name_es": null, "name_en": null, "name_de": null, "minspeed_m": null, "maxspeed_m": null, "layer": "1", "bridge_n_5": null, "bridge": "yes", "toll": null, "start_date": null, "short_name": null, "motorcar": null, "minspeed": null, "maxspeed": null, "maxaxleloa": null, "lit": null, "horse": null, "emergency": null, "bicycle": null, "alt_name_f": null, "alt_name_e": null, "alt_name_1": null, "alt_name_d": null, "alt_name": null, "access": null, "hgv": null, "ref": null, "junction": null, "width": "6", "surface": "asphalt", "smoothness": "intermediate", "oneway": "yes", "name": "Jalan Jakarta", "motorcyc_1": "yes", "lanes": "2", "foot": null }, "geometry": { "type": "MultiLineString", "coordinates": [ [ [ 112.7383089, -7.2225848 ], [ 112.7382221, -7.2225998 ], [ 112.7381359, -7.2226057 ], [ 112.7379971, -7.2226071 ], [ 112.7379012, -7.2226011 ] ] ] } },
{ "type": "Feature", "properties": { "full_id": "w458060054", "osm_id": "458060054", "osm_type": "way", "highway": "trunk", "turn_lanes": null, "tunnel": null, "hgv_condit": null, "cycleway_l": null, "cycleway_r": null, "motorcycle": null, "destinatio": null, "destinat_1": null, "motor_vehi": null, "sidewalk": null, "wikidata": null, "bridge_nam": null, "bridge_n_1": null, "bridge_n_2": null, "bridge_n_3": null, "bridge_n_4": null, "name_it": null, "name_fr": null, "name_es": null, "name_en": null, "name_de": null, "minspeed_m": null, "maxspeed_m": null, "layer": null, "bridge_n_5": null, "bridge": null, "toll": null, "start_date": null, "short_name": null, "motorcar": null, "minspeed": null, "maxspeed": null, "maxaxleloa": null, "lit": null, "horse": null, "emergency": null, "bicycle": null, "alt_name_f": null, "alt_name_e": null, "alt_name_1": null, "alt_name_d": null, "alt_name": null, "access": null, "hgv": null, "ref": null, "junction": null, "width": "6", "surface": "asphalt", "smoothness": "intermediate", "oneway": "yes", "name": "Jalan Perak Barat", "motorcyc_1": "yes", "lanes": "3", "foot": null }, "geometry": { "type": "MultiLineString", "coordinates": [ [ [ 112.7327789, -7.1997675 ], [ 112.7327724, -7.199738 ], [ 112.7325258, -7.1984791 ], [ 112.7324774, -7.1982356 ], [ 112.732459, -7.1981811 ], [ 112.732451, -7.1981565 ], [ 112.7324422, -7.1981352 ], [ 112.7324248, -7.1981026 ] ] ] } },
{ "type": "Feature", "properties": { "full_id": "w458204780", "osm_id": "458204780", "osm_type": "way", "highway": "trunk", "turn_lanes": null, "tunnel": null, "hgv_condit": null, "cycleway_l": null, "cycleway_r": null, "motorcycle": null, "destinatio": null, "destinat_1": null, "motor_vehi": null, "sidewalk": null, "wikidata": null, "bridge_nam": null, "bridge_n_1": null, "bridge_n_2": null, "bridge_n_3": null, "bridge_n_4": null, "name_it": null, "name_fr": null, "name_es": null, "name_en": null, "name_de": null, "minspeed_m": null, "maxspeed_m": null, "layer": null, "bridge_n_5": null, "bridge": null, "toll": null, "start_date": null, "short_name": null, "motorcar": null, "minspeed": null, "maxspeed": null, "maxaxleloa": null, "lit": null, "horse": null, "emergency": null, "bicycle": null, "alt_name_f": null, "alt_name_e": null, "alt_name_1": null, "alt_name_d": null, "alt_name": null, "access": null, "hgv": null, "ref": "1", "junction": null, "width": "6", "surface": "asphalt", "smoothness": "good", "oneway": "yes", "name": "Jalan Raya Demak", "motorcyc_1": "yes", "lanes": "3", "foot": null }, "geometry": { "type": "MultiLineString", "coordinates": [ [ [ 112.720255, -7.2546136 ], [ 112.7203188, -7.2538847 ], [ 112.7203601, -7.2534126 ], [ 112.7203646, -7.2533614 ] ] ] } },
{ "type": "Feature", "properties": { "full_id": "w458204781", "osm_id": "458204781", "osm_type": "way", "highway": "trunk", "turn_lanes": null, "tunnel": null, "hgv_condit": null, "cycleway_l": null, "cycleway_r": null, "motorcycle": null, "destinatio": null, "destinat_1": null, "motor_vehi": null, "sidewalk": null, "wikidata": null, "bridge_nam": null, "bridge_n_1": null, "bridge_n_2": null, "bridge_n_3": null, "bridge_n_4": null, "name_it": null, "name_fr": null, "name_es": null, "name_en": null, "name_de": null, "minspeed_m": null, "maxspeed_m": null, "layer": null, "bridge_n_5": null, "bridge": null, "toll": null, "start_date": null, "short_name": null, "motorcar": null, "minspeed": null, "maxspeed": null, "maxaxleloa": null, "lit": null, "horse": null, "emergency": null, "bicycle": null, "alt_name_f": null, "alt_name_e": null, "alt_name_1": null, "alt_name_d": null, "alt_name": null, "access": null, "hgv": null, "ref": "1", "junction": null, "width": "6", "surface": "asphalt", "smoothness": "good", "oneway": "yes", "name": "Jalan Raya Demak", "motorcyc_1": "yes", "lanes": "3", "foot": null }, "geometry": { "type": "MultiLineString", "coordinates": [ [ [ 112.7204788, -7.2532807 ], [ 112.7204778, -7.2532946 ], [ 112.7204742, -7.2533428 ] ] ] } },
{ "type": "Feature", "properties": { "full_id": "w458204782", "osm_id": "458204782", "osm_type": "way", "highway": "trunk", "turn_lanes": null, "tunnel": null, "hgv_condit": null, "cycleway_l": null, "cycleway_r": null, "motorcycle": null, "destinatio": null, "destinat_1": null, "motor_vehi": null, "sidewalk": null, "wikidata": null, "bridge_nam": null, "bridge_n_1": null, "bridge_n_2": null, "bridge_n_3": null, "bridge_n_4": null, "name_it": null, "name_fr": null, "name_es": null, "name_en": null, "name_de": null, "minspeed_m": null, "maxspeed_m": null, "layer": null, "bridge_n_5": null, "bridge": null, "toll": null, "start_date": null, "short_name": null, "motorcar": null, "minspeed": null, "maxspeed": null, "maxaxleloa": null, "lit": null, "horse": null, "emergency": null, "bicycle": null, "alt_name_f": null, "alt_name_e": null, "alt_name_1": null, "alt_name_d": null, "alt_name": null, "access": null, "hgv": null, "ref": "1", "junction": null, "width": "6", "surface": "asphalt", "smoothness": "good", "oneway": "yes", "name": "Jalan Raya Demak", "motorcyc_1": "yes", "lanes": "3", "foot": null }, "geometry": { "type": "MultiLineString", "coordinates": [ [ [ 112.7203646, -7.2533614 ], [ 112.720366, -7.2533393 ], [ 112.7203724, -7.2532919 ], [ 112.7203745, -7.253277 ] ] ] } },
{ "type": "Feature", "properties": { "full_id": "w458204783", "osm_id": "458204783", "osm_type": "way", "highway": "trunk", "turn_lanes": null, "tunnel": null, "hgv_condit": null, "cycleway_l": null, "cycleway_r": null, "motorcycle": null, "destinatio": null, "destinat_1": null, "motor_vehi": null, "sidewalk": null, "wikidata": null, "bridge_nam": null, "bridge_n_1": null, "bridge_n_2": null, "bridge_n_3": null, "bridge_n_4": null, "name_it": null, "name_fr": null, "name_es": null, "name_en": null, "name_de": null, "minspeed_m": null, "maxspeed_m": null, "layer": null, "bridge_n_5": null, "bridge": null, "toll": null, "start_date": null, "short_name": null, "motorcar": null, "minspeed": null, "maxspeed": null, "maxaxleloa": null, "lit": null, "horse": null, "emergency": null, "bicycle": null, "alt_name_f": null, "alt_name_e": null, "alt_name_1": null, "alt_name_d": null, "alt_name": null, "access": null, "hgv": null, "ref": "1", "junction": null, "width": "6", "surface": "asphalt", "smoothness": "good", "oneway": "yes", "name": "Jalan Raya Demak", "motorcyc_1": "yes", "lanes": "3", "foot": null }, "geometry": { "type": "MultiLineString", "coordinates": [ [ [ 112.7204742, -7.2533428 ], [ 112.7204688, -7.2534082 ], [ 112.7204407, -7.2536983 ], [ 112.7204224, -7.2538979 ], [ 112.7204144, -7.2539846 ], [ 112.7203611, -7.2546323 ] ] ] } },
{ "type": "Feature", "properties": { "full_id": "w458240016", "osm_id": "458240016", "osm_type": "way", "highway": "trunk", "turn_lanes": null, "tunnel": null, "hgv_condit": null, "cycleway_l": null, "cycleway_r": null, "motorcycle": null, "destinatio": null, "destinat_1": null, "motor_vehi": null, "sidewalk": null, "wikidata": null, "bridge_nam": null, "bridge_n_1": null, "bridge_n_2": null, "bridge_n_3": null, "bridge_n_4": null, "name_it": null, "name_fr": null, "name_es": null, "name_en": null, "name_de": null, "minspeed_m": null, "maxspeed_m": null, "layer": null, "bridge_n_5": null, "bridge": null, "toll": null, "start_date": null, "short_name": null, "motorcar": null, "minspeed": null, "maxspeed": null, "maxaxleloa": null, "lit": null, "horse": null, "emergency": null, "bicycle": null, "alt_name_f": null, "alt_name_e": null, "alt_name_1": null, "alt_name_d": null, "alt_name": null, "access": null, "hgv": null, "ref": "1", "junction": null, "width": "6", "surface": "asphalt", "smoothness": "good", "oneway": "yes", "name": "Jalan Raya Demak", "motorcyc_1": "yes", "lanes": "3", "foot": null }, "geometry": { "type": "MultiLineString", "coordinates": [ [ [ 112.7209463, -7.2439119 ], [ 112.7209505, -7.2439766 ], [ 112.7209533, -7.2440201 ], [ 112.720957, -7.2441887 ], [ 112.7209604, -7.244343 ] ] ] } },
{ "type": "Feature", "properties": { "full_id": "w458240017", "osm_id": "458240017", "osm_type": "way", "highway": "trunk", "turn_lanes": null, "tunnel": null, "hgv_condit": null, "cycleway_l": null, "cycleway_r": null, "motorcycle": null, "destinatio": null, "destinat_1": null, "motor_vehi": null, "sidewalk": null, "wikidata": null, "bridge_nam": null, "bridge_n_1": null, "bridge_n_2": null, "bridge_n_3": null, "bridge_n_4": null, "name_it": null, "name_fr": null, "name_es": null, "name_en": null, "name_de": null, "minspeed_m": null, "maxspeed_m": null, "layer": null, "bridge_n_5": null, "bridge": null, "toll": null, "start_date": null, "short_name": null, "motorcar": null, "minspeed": null, "maxspeed": null, "maxaxleloa": null, "lit": null, "horse": null, "emergency": null, "bicycle": null, "alt_name_f": null, "alt_name_e": null, "alt_name_1": null, "alt_name_d": null, "alt_name": null, "access": null, "hgv": null, "ref": "1", "junction": null, "width": "6", "surface": "asphalt", "smoothness": "good", "oneway": "yes", "name": "Jalan Raya Demak", "motorcyc_1": "yes", "lanes": "3", "foot": "yes" }, "geometry": { "type": "MultiLineString", "coordinates": [ [ [ 112.7203745, -7.253277 ], [ 112.7204357, -7.2526709 ], [ 112.7205218, -7.2517439 ], [ 112.7205701, -7.2512956 ], [ 112.7206157, -7.2508639 ], [ 112.7206345, -7.2507043 ], [ 112.7206734, -7.2504235 ], [ 112.7206894, -7.2502796 ], [ 112.7207113, -7.2500835 ], [ 112.7207348, -7.24974 ], [ 112.7207373, -7.2496857 ], [ 112.7207572, -7.2491876 ], [ 112.7207693, -7.2490167 ], [ 112.7207814, -7.2487812 ], [ 112.7207887, -7.248642 ], [ 112.7208129, -7.2480468 ], [ 112.7208343, -7.2475865 ] ] ] } },
{ "type": "Feature", "properties": { "full_id": "w458240018", "osm_id": "458240018", "osm_type": "way", "highway": "trunk", "turn_lanes": null, "tunnel": null, "hgv_condit": null, "cycleway_l": null, "cycleway_r": null, "motorcycle": null, "destinatio": null, "destinat_1": null, "motor_vehi": null, "sidewalk": null, "wikidata": null, "bridge_nam": null, "bridge_n_1": null, "bridge_n_2": null, "bridge_n_3": null, "bridge_n_4": null, "name_it": null, "name_fr": null, "name_es": null, "name_en": null, "name_de": null, "minspeed_m": null, "maxspeed_m": null, "layer": "1", "bridge_n_5": null, "bridge": "yes", "toll": null, "start_date": null, "short_name": null, "motorcar": null, "minspeed": null, "maxspeed": null, "maxaxleloa": null, "lit": null, "horse": null, "emergency": null, "bicycle": null, "alt_name_f": null, "alt_name_e": null, "alt_name_1": null, "alt_name_d": null, "alt_name": null, "access": null, "hgv": null, "ref": "1", "junction": null, "width": "6", "surface": "asphalt", "smoothness": "good", "oneway": "yes", "name": "Jalan Raya Demak", "motorcyc_1": "yes", "lanes": "3", "foot": null }, "geometry": { "type": "MultiLineString", "coordinates": [ [ [ 112.7208404, -7.2439215 ], [ 112.7208375, -7.2438692 ] ] ] } },
{ "type": "Feature", "properties": { "full_id": "w458240019", "osm_id": "458240019", "osm_type": "way", "highway": "trunk", "turn_lanes": null, "tunnel": null, "hgv_condit": null, "cycleway_l": null, "cycleway_r": null, "motorcycle": null, "destinatio": null, "destinat_1": null, "motor_vehi": null, "sidewalk": null, "wikidata": null, "bridge_nam": null, "bridge_n_1": null, "bridge_n_2": null, "bridge_n_3": null, "bridge_n_4": null, "name_it": null, "name_fr": null, "name_es": null, "name_en": null, "name_de": null, "minspeed_m": null, "maxspeed_m": null, "layer": "1", "bridge_n_5": null, "bridge": "yes", "toll": null, "start_date": null, "short_name": null, "motorcar": null, "minspeed": null, "maxspeed": null, "maxaxleloa": null, "lit": null, "horse": null, "emergency": null, "bicycle": null, "alt_name_f": null, "alt_name_e": null, "alt_name_1": null, "alt_name_d": null, "alt_name": null, "access": null, "hgv": null, "ref": "1", "junction": null, "width": "6", "surface": "asphalt", "smoothness": "good", "oneway": "yes", "name": "Jalan Raya Demak", "motorcyc_1": "yes", "lanes": "3", "foot": null }, "geometry": { "type": "MultiLineString", "coordinates": [ [ [ 112.7209436, -7.2438705 ], [ 112.7209463, -7.2439119 ] ] ] } },
{ "type": "Feature", "properties": { "full_id": "w462498476", "osm_id": "462498476", "osm_type": "way", "highway": "trunk", "turn_lanes": null, "tunnel": null, "hgv_condit": null, "cycleway_l": null, "cycleway_r": null, "motorcycle": null, "destinatio": null, "destinat_1": null, "motor_vehi": null, "sidewalk": null, "wikidata": null, "bridge_nam": null, "bridge_n_1": null, "bridge_n_2": null, "bridge_n_3": null, "bridge_n_4": null, "name_it": null, "name_fr": null, "name_es": null, "name_en": null, "name_de": null, "minspeed_m": null, "maxspeed_m": null, "layer": null, "bridge_n_5": null, "bridge": null, "toll": null, "start_date": null, "short_name": null, "motorcar": null, "minspeed": null, "maxspeed": null, "maxaxleloa": null, "lit": null, "horse": null, "emergency": null, "bicycle": null, "alt_name_f": null, "alt_name_e": null, "alt_name_1": null, "alt_name_d": null, "alt_name": null, "access": null, "hgv": null, "ref": null, "junction": null, "width": "4", "surface": "asphalt", "smoothness": "intermediate", "oneway": "yes", "name": "Jalan Kenjeran", "motorcyc_1": "yes", "lanes": "2", "foot": null }, "geometry": { "type": "MultiLineString", "coordinates": [ [ [ 112.7608247, -7.2430539 ], [ 112.7612474, -7.2431713 ] ] ] } },
{ "type": "Feature", "properties": { "full_id": "w462498480", "osm_id": "462498480", "osm_type": "way", "highway": "trunk", "turn_lanes": null, "tunnel": null, "hgv_condit": null, "cycleway_l": null, "cycleway_r": null, "motorcycle": null, "destinatio": null, "destinat_1": null, "motor_vehi": null, "sidewalk": null, "wikidata": null, "bridge_nam": null, "bridge_n_1": null, "bridge_n_2": null, "bridge_n_3": null, "bridge_n_4": null, "name_it": null, "name_fr": null, "name_es": null, "name_en": null, "name_de": null, "minspeed_m": null, "maxspeed_m": null, "layer": "1", "bridge_n_5": null, "bridge": "yes", "toll": null, "start_date": null, "short_name": null, "motorcar": null, "minspeed": null, "maxspeed": null, "maxaxleloa": null, "lit": null, "horse": null, "emergency": null, "bicycle": null, "alt_name_f": null, "alt_name_e": null, "alt_name_1": null, "alt_name_d": null, "alt_name": null, "access": null, "hgv": null, "ref": null, "junction": null, "width": "4", "surface": "asphalt", "smoothness": "intermediate", "oneway": "yes", "name": "Jalan Kenjeran", "motorcyc_1": "yes", "lanes": "2", "foot": null }, "geometry": { "type": "MultiLineString", "coordinates": [ [ [ 112.7607892, -7.2431555 ], [ 112.760706, -7.243131 ] ] ] } },
{ "type": "Feature", "properties": { "full_id": "w462498482", "osm_id": "462498482", "osm_type": "way", "highway": "trunk", "turn_lanes": null, "tunnel": null, "hgv_condit": null, "cycleway_l": null, "cycleway_r": null, "motorcycle": null, "destinatio": null, "destinat_1": null, "motor_vehi": null, "sidewalk": null, "wikidata": null, "bridge_nam": null, "bridge_n_1": null, "bridge_n_2": null, "bridge_n_3": null, "bridge_n_4": null, "name_it": null, "name_fr": null, "name_es": null, "name_en": null, "name_de": null, "minspeed_m": null, "maxspeed_m": null, "layer": "1", "bridge_n_5": null, "bridge": "yes", "toll": null, "start_date": null, "short_name": null, "motorcar": null, "minspeed": null, "maxspeed": null, "maxaxleloa": null, "lit": null, "horse": null, "emergency": null, "bicycle": null, "alt_name_f": null, "alt_name_e": null, "alt_name_1": null, "alt_name_d": null, "alt_name": null, "access": null, "hgv": null, "ref": null, "junction": null, "width": "4", "surface": "asphalt", "smoothness": "intermediate", "oneway": "yes", "name": "Jalan Kenjeran", "motorcyc_1": "yes", "lanes": "2", "foot": null }, "geometry": { "type": "MultiLineString", "coordinates": [ [ [ 112.7607382, -7.2430293 ], [ 112.7608247, -7.2430539 ] ] ] } },
{ "type": "Feature", "properties": { "full_id": "w462498519", "osm_id": "462498519", "osm_type": "way", "highway": "trunk", "turn_lanes": null, "tunnel": null, "hgv_condit": null, "cycleway_l": null, "cycleway_r": null, "motorcycle": null, "destinatio": null, "destinat_1": null, "motor_vehi": null, "sidewalk": null, "wikidata": null, "bridge_nam": null, "bridge_n_1": null, "bridge_n_2": null, "bridge_n_3": null, "bridge_n_4": null, "name_it": null, "name_fr": null, "name_es": null, "name_en": null, "name_de": null, "minspeed_m": null, "maxspeed_m": null, "layer": null, "bridge_n_5": null, "bridge": null, "toll": null, "start_date": null, "short_name": null, "motorcar": null, "minspeed": null, "maxspeed": null, "maxaxleloa": null, "lit": null, "horse": null, "emergency": null, "bicycle": null, "alt_name_f": null, "alt_name_e": null, "alt_name_1": null, "alt_name_d": null, "alt_name": null, "access": null, "hgv": null, "ref": null, "junction": null, "width": "4", "surface": "asphalt", "smoothness": "intermediate", "oneway": "yes", "name": "Jalan Kenjeran", "motorcyc_1": "yes", "lanes": "3", "foot": null }, "geometry": { "type": "MultiLineString", "coordinates": [ [ [ 112.7612083, -7.2432625 ], [ 112.7607892, -7.2431555 ] ] ] } },
{ "type": "Feature", "properties": { "full_id": "w463353448", "osm_id": "463353448", "osm_type": "way", "highway": "trunk", "turn_lanes": null, "tunnel": null, "hgv_condit": null, "cycleway_l": null, "cycleway_r": null, "motorcycle": null, "destinatio": null, "destinat_1": null, "motor_vehi": null, "sidewalk": null, "wikidata": null, "bridge_nam": null, "bridge_n_1": null, "bridge_n_2": null, "bridge_n_3": null, "bridge_n_4": null, "name_it": null, "name_fr": null, "name_es": null, "name_en": null, "name_de": null, "minspeed_m": null, "maxspeed_m": null, "layer": "1", "bridge_n_5": null, "bridge": "yes", "toll": null, "start_date": null, "short_name": null, "motorcar": null, "minspeed": null, "maxspeed": null, "maxaxleloa": null, "lit": null, "horse": null, "emergency": null, "bicycle": null, "alt_name_f": null, "alt_name_e": null, "alt_name_1": null, "alt_name_d": null, "alt_name": null, "access": null, "hgv": null, "ref": "1", "junction": null, "width": null, "surface": "asphalt", "smoothness": null, "oneway": null, "name": "Jalan Greges", "motorcyc_1": null, "lanes": "2", "foot": null }, "geometry": { "type": "MultiLineString", "coordinates": [ [ [ 112.686085, -7.2295617 ], [ 112.6855826, -7.2295741 ] ] ] } },
{ "type": "Feature", "properties": { "full_id": "w463353449", "osm_id": "463353449", "osm_type": "way", "highway": "trunk", "turn_lanes": null, "tunnel": null, "hgv_condit": null, "cycleway_l": null, "cycleway_r": null, "motorcycle": null, "destinatio": null, "destinat_1": null, "motor_vehi": null, "sidewalk": null, "wikidata": null, "bridge_nam": null, "bridge_n_1": null, "bridge_n_2": null, "bridge_n_3": null, "bridge_n_4": null, "name_it": null, "name_fr": null, "name_es": null, "name_en": null, "name_de": null, "minspeed_m": null, "maxspeed_m": null, "layer": null, "bridge_n_5": null, "bridge": null, "toll": null, "start_date": null, "short_name": null, "motorcar": null, "minspeed": null, "maxspeed": null, "maxaxleloa": null, "lit": null, "horse": null, "emergency": null, "bicycle": null, "alt_name_f": null, "alt_name_e": null, "alt_name_1": null, "alt_name_d": null, "alt_name": null, "access": null, "hgv": null, "ref": "1", "junction": null, "width": null, "surface": "asphalt", "smoothness": null, "oneway": null, "name": "Jalan Greges", "motorcyc_1": null, "lanes": "2", "foot": null }, "geometry": { "type": "MultiLineString", "coordinates": [ [ [ 112.6855826, -7.2295741 ], [ 112.6851863, -7.2295771 ], [ 112.6851029, -7.2295763 ], [ 112.684625, -7.2295844 ], [ 112.6835421, -7.229614 ], [ 112.6832261, -7.2296097 ] ] ] } },
{ "type": "Feature", "properties": { "full_id": "w464060580", "osm_id": "464060580", "osm_type": "way", "highway": "trunk", "turn_lanes": null, "tunnel": null, "hgv_condit": null, "cycleway_l": null, "cycleway_r": null, "motorcycle": null, "destinatio": null, "destinat_1": null, "motor_vehi": null, "sidewalk": null, "wikidata": null, "bridge_nam": null, "bridge_n_1": null, "bridge_n_2": null, "bridge_n_3": null, "bridge_n_4": null, "name_it": null, "name_fr": null, "name_es": null, "name_en": null, "name_de": null, "minspeed_m": null, "maxspeed_m": null, "layer": "1", "bridge_n_5": null, "bridge": "yes", "toll": null, "start_date": null, "short_name": null, "motorcar": null, "minspeed": null, "maxspeed": null, "maxaxleloa": null, "lit": null, "horse": null, "emergency": null, "bicycle": null, "alt_name_f": null, "alt_name_e": null, "alt_name_1": null, "alt_name_d": null, "alt_name": null, "access": null, "hgv": null, "ref": "1", "junction": null, "width": "6", "surface": "asphalt", "smoothness": "good", "oneway": "no", "name": "Jalan Tambak Oso Wilangon", "motorcyc_1": "yes", "lanes": "1", "foot": null }, "geometry": { "type": "MultiLineString", "coordinates": [ [ [ 112.6521482, -7.210124 ], [ 112.6520464, -7.2098346 ] ] ] } },
{ "type": "Feature", "properties": { "full_id": "w464060581", "osm_id": "464060581", "osm_type": "way", "highway": "trunk", "turn_lanes": null, "tunnel": null, "hgv_condit": null, "cycleway_l": null, "cycleway_r": null, "motorcycle": null, "destinatio": null, "destinat_1": null, "motor_vehi": null, "sidewalk": null, "wikidata": null, "bridge_nam": null, "bridge_n_1": null, "bridge_n_2": null, "bridge_n_3": null, "bridge_n_4": null, "name_it": null, "name_fr": null, "name_es": null, "name_en": null, "name_de": null, "minspeed_m": null, "maxspeed_m": null, "layer": null, "bridge_n_5": null, "bridge": null, "toll": null, "start_date": null, "short_name": null, "motorcar": null, "minspeed": null, "maxspeed": null, "maxaxleloa": null, "lit": null, "horse": null, "emergency": null, "bicycle": null, "alt_name_f": null, "alt_name_e": null, "alt_name_1": null, "alt_name_d": null, "alt_name": null, "access": null, "hgv": null, "ref": "1", "junction": null, "width": "6", "surface": "asphalt", "smoothness": "good", "oneway": "no", "name": "Jalan Tambak Oso Wilangon", "motorcyc_1": "yes", "lanes": "1", "foot": null }, "geometry": { "type": "MultiLineString", "coordinates": [ [ [ 112.6520464, -7.2098346 ], [ 112.6520176, -7.2097568 ], [ 112.6519343, -7.2095314 ], [ 112.6518507, -7.2093066 ], [ 112.6517226, -7.208916 ] ] ] } },
{ "type": "Feature", "properties": { "full_id": "w464681366", "osm_id": "464681366", "osm_type": "way", "highway": "trunk", "turn_lanes": null, "tunnel": null, "hgv_condit": null, "cycleway_l": null, "cycleway_r": null, "motorcycle": null, "destinatio": null, "destinat_1": null, "motor_vehi": null, "sidewalk": null, "wikidata": null, "bridge_nam": null, "bridge_n_1": null, "bridge_n_2": null, "bridge_n_3": null, "bridge_n_4": null, "name_it": null, "name_fr": null, "name_es": null, "name_en": null, "name_de": null, "minspeed_m": null, "maxspeed_m": null, "layer": null, "bridge_n_5": null, "bridge": null, "toll": null, "start_date": null, "short_name": null, "motorcar": null, "minspeed": null, "maxspeed": null, "maxaxleloa": null, "lit": null, "horse": null, "emergency": null, "bicycle": null, "alt_name_f": null, "alt_name_e": null, "alt_name_1": null, "alt_name_d": null, "alt_name": null, "access": null, "hgv": null, "ref": "1", "junction": null, "width": null, "surface": "asphalt", "smoothness": null, "oneway": "yes", "name": null, "motorcyc_1": null, "lanes": "1", "foot": null }, "geometry": { "type": "MultiLineString", "coordinates": [ [ [ 112.682566, -7.2300997 ], [ 112.682609, -7.2299792 ] ] ] } },
{ "type": "Feature", "properties": { "full_id": "w464681370", "osm_id": "464681370", "osm_type": "way", "highway": "trunk", "turn_lanes": null, "tunnel": null, "hgv_condit": null, "cycleway_l": null, "cycleway_r": null, "motorcycle": null, "destinatio": null, "destinat_1": null, "motor_vehi": null, "sidewalk": null, "wikidata": null, "bridge_nam": null, "bridge_n_1": null, "bridge_n_2": null, "bridge_n_3": null, "bridge_n_4": null, "name_it": null, "name_fr": null, "name_es": null, "name_en": null, "name_de": null, "minspeed_m": null, "maxspeed_m": null, "layer": "1", "bridge_n_5": null, "bridge": "yes", "toll": null, "start_date": null, "short_name": null, "motorcar": null, "minspeed": null, "maxspeed": null, "maxaxleloa": null, "lit": null, "horse": null, "emergency": null, "bicycle": null, "alt_name_f": null, "alt_name_e": null, "alt_name_1": null, "alt_name_d": null, "alt_name": null, "access": null, "hgv": null, "ref": "1", "junction": null, "width": null, "surface": "asphalt", "smoothness": null, "oneway": "yes", "name": "Jalan Margomulyo", "motorcyc_1": null, "lanes": "1", "foot": null }, "geometry": { "type": "MultiLineString", "coordinates": [ [ [ 112.6825714, -7.2299272 ], [ 112.6825747, -7.2298298 ] ] ] } },
{ "type": "Feature", "properties": { "full_id": "w464681373", "osm_id": "464681373", "osm_type": "way", "highway": "trunk", "turn_lanes": null, "tunnel": null, "hgv_condit": null, "cycleway_l": null, "cycleway_r": null, "motorcycle": null, "destinatio": null, "destinat_1": null, "motor_vehi": null, "sidewalk": null, "wikidata": null, "bridge_nam": null, "bridge_n_1": null, "bridge_n_2": null, "bridge_n_3": null, "bridge_n_4": null, "name_it": null, "name_fr": null, "name_es": null, "name_en": null, "name_de": null, "minspeed_m": null, "maxspeed_m": null, "layer": null, "bridge_n_5": null, "bridge": null, "toll": null, "start_date": null, "short_name": null, "motorcar": null, "minspeed": null, "maxspeed": null, "maxaxleloa": null, "lit": null, "horse": null, "emergency": null, "bicycle": null, "alt_name_f": null, "alt_name_e": null, "alt_name_1": null, "alt_name_d": null, "alt_name": null, "access": null, "hgv": null, "ref": "1", "junction": null, "width": null, "surface": "asphalt", "smoothness": null, "oneway": "yes", "name": "Jalan Margomulyo", "motorcyc_1": null, "lanes": "1", "foot": null }, "geometry": { "type": "MultiLineString", "coordinates": [ [ [ 112.682566, -7.2300997 ], [ 112.6825673, -7.230005 ] ] ] } },
{ "type": "Feature", "properties": { "full_id": "w464681376", "osm_id": "464681376", "osm_type": "way", "highway": "trunk", "turn_lanes": null, "tunnel": null, "hgv_condit": null, "cycleway_l": null, "cycleway_r": null, "motorcycle": null, "destinatio": null, "destinat_1": null, "motor_vehi": null, "sidewalk": null, "wikidata": null, "bridge_nam": null, "bridge_n_1": null, "bridge_n_2": null, "bridge_n_3": null, "bridge_n_4": null, "name_it": null, "name_fr": null, "name_es": null, "name_en": null, "name_de": null, "minspeed_m": null, "maxspeed_m": null, "layer": null, "bridge_n_5": null, "bridge": null, "toll": null, "start_date": null, "short_name": null, "motorcar": null, "minspeed": null, "maxspeed": null, "maxaxleloa": null, "lit": null, "horse": null, "emergency": null, "bicycle": null, "alt_name_f": null, "alt_name_e": null, "alt_name_1": null, "alt_name_d": null, "alt_name": null, "access": null, "hgv": null, "ref": "1", "junction": null, "width": null, "surface": "asphalt", "smoothness": null, "oneway": "yes", "name": "Jalan Tambak Oso", "motorcyc_1": null, "lanes": "1", "foot": null }, "geometry": { "type": "MultiLineString", "coordinates": [ [ [ 112.6824297, -7.2298355 ], [ 112.6823661, -7.2297802 ], [ 112.6822914, -7.2297363 ], [ 112.6821788, -7.2297018 ] ] ] } },
{ "type": "Feature", "properties": { "full_id": "w464681379", "osm_id": "464681379", "osm_type": "way", "highway": "trunk", "turn_lanes": null, "tunnel": null, "hgv_condit": null, "cycleway_l": null, "cycleway_r": null, "motorcycle": null, "destinatio": null, "destinat_1": null, "motor_vehi": null, "sidewalk": null, "wikidata": null, "bridge_nam": null, "bridge_n_1": null, "bridge_n_2": null, "bridge_n_3": null, "bridge_n_4": null, "name_it": null, "name_fr": null, "name_es": null, "name_en": null, "name_de": null, "minspeed_m": null, "maxspeed_m": null, "layer": "1", "bridge_n_5": null, "bridge": "yes", "toll": null, "start_date": null, "short_name": null, "motorcar": null, "minspeed": null, "maxspeed": null, "maxaxleloa": null, "lit": null, "horse": null, "emergency": null, "bicycle": null, "alt_name_f": null, "alt_name_e": null, "alt_name_1": null, "alt_name_d": null, "alt_name": null, "access": null, "hgv": null, "ref": "1", "junction": null, "width": null, "surface": "asphalt", "smoothness": null, "oneway": "yes", "name": "Jalan Tambak Oso", "motorcyc_1": null, "lanes": "1", "foot": null }, "geometry": { "type": "MultiLineString", "coordinates": [ [ [ 112.6825129, -7.2299725 ], [ 112.6824297, -7.2298355 ] ] ] } },
{ "type": "Feature", "properties": { "full_id": "w466540996", "osm_id": "466540996", "osm_type": "way", "highway": "trunk", "turn_lanes": null, "tunnel": null, "hgv_condit": null, "cycleway_l": null, "cycleway_r": null, "motorcycle": null, "destinatio": null, "destinat_1": null, "motor_vehi": null, "sidewalk": "left", "wikidata": null, "bridge_nam": null, "bridge_n_1": null, "bridge_n_2": null, "bridge_n_3": null, "bridge_n_4": null, "name_it": null, "name_fr": null, "name_es": null, "name_en": null, "name_de": null, "minspeed_m": null, "maxspeed_m": null, "layer": null, "bridge_n_5": null, "bridge": null, "toll": null, "start_date": null, "short_name": null, "motorcar": null, "minspeed": null, "maxspeed": null, "maxaxleloa": null, "lit": null, "horse": null, "emergency": null, "bicycle": null, "alt_name_f": null, "alt_name_e": null, "alt_name_1": null, "alt_name_d": null, "alt_name": null, "access": null, "hgv": null, "ref": null, "junction": null, "width": "3", "surface": "asphalt", "smoothness": "good", "oneway": "yes", "name": "Jalan Stasiun Gubeng", "motorcyc_1": "yes", "lanes": "2", "foot": null }, "geometry": { "type": "MultiLineString", "coordinates": [ [ [ 112.7515617, -7.2661661 ], [ 112.7516221, -7.2660652 ], [ 112.7516743, -7.2659755 ], [ 112.7517049, -7.2659136 ], [ 112.7517314, -7.2658451 ], [ 112.7517501, -7.2657499 ], [ 112.7517689, -7.2655125 ], [ 112.7518051, -7.2647096 ], [ 112.7518192, -7.264526 ], [ 112.7518232, -7.2644322 ] ] ] } },
{ "type": "Feature", "properties": { "full_id": "w466611398", "osm_id": "466611398", "osm_type": "way", "highway": "trunk", "turn_lanes": null, "tunnel": null, "hgv_condit": null, "cycleway_l": null, "cycleway_r": null, "motorcycle": null, "destinatio": null, "destinat_1": null, "motor_vehi": null, "sidewalk": null, "wikidata": null, "bridge_nam": null, "bridge_n_1": null, "bridge_n_2": null, "bridge_n_3": null, "bridge_n_4": null, "name_it": null, "name_fr": null, "name_es": null, "name_en": null, "name_de": null, "minspeed_m": null, "maxspeed_m": null, "layer": null, "bridge_n_5": null, "bridge": null, "toll": null, "start_date": null, "short_name": null, "motorcar": null, "minspeed": null, "maxspeed": null, "maxaxleloa": null, "lit": null, "horse": null, "emergency": null, "bicycle": null, "alt_name_f": null, "alt_name_e": null, "alt_name_1": null, "alt_name_d": null, "alt_name": null, "access": null, "hgv": null, "ref": "1", "junction": null, "width": null, "surface": "asphalt", "smoothness": null, "oneway": "yes", "name": "Jalan Veteran", "motorcyc_1": null, "lanes": "2", "foot": null }, "geometry": { "type": "MultiLineString", "coordinates": [ [ [ 112.6458807, -7.1951044 ], [ 112.6458869, -7.1953609 ], [ 112.6458878, -7.1953963 ], [ 112.6458935, -7.1956184 ], [ 112.6458953, -7.1957969 ] ] ] } },
{ "type": "Feature", "properties": { "full_id": "w466611399", "osm_id": "466611399", "osm_type": "way", "highway": "trunk", "turn_lanes": null, "tunnel": null, "hgv_condit": null, "cycleway_l": null, "cycleway_r": null, "motorcycle": null, "destinatio": null, "destinat_1": null, "motor_vehi": null, "sidewalk": null, "wikidata": null, "bridge_nam": null, "bridge_n_1": null, "bridge_n_2": null, "bridge_n_3": null, "bridge_n_4": null, "name_it": null, "name_fr": null, "name_es": null, "name_en": null, "name_de": null, "minspeed_m": null, "maxspeed_m": null, "layer": "1", "bridge_n_5": null, "bridge": "yes", "toll": null, "start_date": null, "short_name": null, "motorcar": null, "minspeed": null, "maxspeed": null, "maxaxleloa": null, "lit": null, "horse": null, "emergency": null, "bicycle": null, "alt_name_f": null, "alt_name_e": null, "alt_name_1": null, "alt_name_d": null, "alt_name": null, "access": null, "hgv": null, "ref": "1", "junction": null, "width": null, "surface": "asphalt", "smoothness": null, "oneway": "yes", "name": "Jalan Veteran", "motorcyc_1": null, "lanes": "2", "foot": null }, "geometry": { "type": "MultiLineString", "coordinates": [ [ [ 112.6458602, -7.1942854 ], [ 112.6458807, -7.1951044 ] ] ] } },
{ "type": "Feature", "properties": { "full_id": "w466611402", "osm_id": "466611402", "osm_type": "way", "highway": "trunk", "turn_lanes": null, "tunnel": null, "hgv_condit": null, "cycleway_l": null, "cycleway_r": null, "motorcycle": null, "destinatio": null, "destinat_1": null, "motor_vehi": null, "sidewalk": null, "wikidata": null, "bridge_nam": null, "bridge_n_1": null, "bridge_n_2": null, "bridge_n_3": null, "bridge_n_4": null, "name_it": null, "name_fr": null, "name_es": null, "name_en": null, "name_de": null, "minspeed_m": null, "maxspeed_m": null, "layer": "1", "bridge_n_5": null, "bridge": "yes", "toll": null, "start_date": null, "short_name": null, "motorcar": null, "minspeed": null, "maxspeed": null, "maxaxleloa": null, "lit": null, "horse": null, "emergency": null, "bicycle": null, "alt_name_f": null, "alt_name_e": null, "alt_name_1": null, "alt_name_d": null, "alt_name": null, "access": null, "hgv": null, "ref": "1", "junction": null, "width": null, "surface": "asphalt", "smoothness": null, "oneway": "yes", "name": "Jalan Veteran", "motorcyc_1": null, "lanes": "2", "foot": null }, "geometry": { "type": "MultiLineString", "coordinates": [ [ [ 112.6450552, -7.1948939 ], [ 112.6453151, -7.194055 ] ] ] } },
{ "type": "Feature", "properties": { "full_id": "w466611405", "osm_id": "466611405", "osm_type": "way", "highway": "trunk", "turn_lanes": null, "tunnel": null, "hgv_condit": null, "cycleway_l": null, "cycleway_r": null, "motorcycle": null, "destinatio": null, "destinat_1": null, "motor_vehi": null, "sidewalk": null, "wikidata": null, "bridge_nam": null, "bridge_n_1": null, "bridge_n_2": null, "bridge_n_3": null, "bridge_n_4": null, "name_it": null, "name_fr": null, "name_es": null, "name_en": null, "name_de": null, "minspeed_m": null, "maxspeed_m": null, "layer": null, "bridge_n_5": null, "bridge": null, "toll": null, "start_date": null, "short_name": null, "motorcar": null, "minspeed": null, "maxspeed": null, "maxaxleloa": null, "lit": null, "horse": null, "emergency": null, "bicycle": null, "alt_name_f": null, "alt_name_e": null, "alt_name_1": null, "alt_name_d": null, "alt_name": null, "access": null, "hgv": null, "ref": "1", "junction": null, "width": null, "surface": "asphalt", "smoothness": null, "oneway": "yes", "name": "Jalan Veteran", "motorcyc_1": null, "lanes": "2", "foot": null }, "geometry": { "type": "MultiLineString", "coordinates": [ [ [ 112.6456004, -7.1961946 ], [ 112.6451283, -7.1956353 ], [ 112.6450713, -7.19554 ], [ 112.6450376, -7.1954437 ], [ 112.6450055, -7.1953416 ], [ 112.6449987, -7.195183 ], [ 112.6450236, -7.1949938 ], [ 112.6450552, -7.1948939 ] ] ] } },
{ "type": "Feature", "properties": { "full_id": "w470890759", "osm_id": "470890759", "osm_type": "way", "highway": "trunk", "turn_lanes": null, "tunnel": null, "hgv_condit": null, "cycleway_l": null, "cycleway_r": null, "motorcycle": null, "destinatio": null, "destinat_1": null, "motor_vehi": null, "sidewalk": null, "wikidata": null, "bridge_nam": null, "bridge_n_1": null, "bridge_n_2": null, "bridge_n_3": null, "bridge_n_4": null, "name_it": null, "name_fr": null, "name_es": null, "name_en": null, "name_de": null, "minspeed_m": null, "maxspeed_m": null, "layer": null, "bridge_n_5": null, "bridge": null, "toll": null, "start_date": null, "short_name": null, "motorcar": null, "minspeed": null, "maxspeed": null, "maxaxleloa": null, "lit": null, "horse": null, "emergency": null, "bicycle": null, "alt_name_f": null, "alt_name_e": null, "alt_name_1": null, "alt_name_d": null, "alt_name": "Jalan Ahmad Yani", "access": null, "hgv": null, "ref": "1", "junction": null, "width": "16", "surface": "asphalt", "smoothness": "good", "oneway": "yes", "name": "Jalan Jenderal Ahmad Yani", "motorcyc_1": "yes", "lanes": "4", "foot": null }, "geometry": { "type": "MultiLineString", "coordinates": [ [ [ 112.73165, -7.3272718 ], [ 112.7316241, -7.3273929 ], [ 112.7314307, -7.328298 ] ] ] } },
{ "type": "Feature", "properties": { "full_id": "w473470421", "osm_id": "473470421", "osm_type": "way", "highway": "trunk", "turn_lanes": null, "tunnel": null, "hgv_condit": null, "cycleway_l": null, "cycleway_r": null, "motorcycle": null, "destinatio": null, "destinat_1": null, "motor_vehi": null, "sidewalk": null, "wikidata": null, "bridge_nam": null, "bridge_n_1": null, "bridge_n_2": null, "bridge_n_3": null, "bridge_n_4": null, "name_it": null, "name_fr": null, "name_es": null, "name_en": null, "name_de": null, "minspeed_m": null, "maxspeed_m": null, "layer": null, "bridge_n_5": null, "bridge": null, "toll": null, "start_date": null, "short_name": null, "motorcar": null, "minspeed": null, "maxspeed": null, "maxaxleloa": null, "lit": null, "horse": null, "emergency": null, "bicycle": null, "alt_name_f": null, "alt_name_e": null, "alt_name_1": null, "alt_name_d": null, "alt_name": null, "access": null, "hgv": null, "ref": "1", "junction": null, "width": "6", "surface": "asphalt", "smoothness": "good", "oneway": "yes", "name": "Jalan Raya Demak", "motorcyc_1": "yes", "lanes": "3", "foot": "yes" }, "geometry": { "type": "MultiLineString", "coordinates": [ [ [ 112.720795, -7.2414737 ], [ 112.7207954, -7.2415186 ], [ 112.72083, -7.2421256 ], [ 112.7208559, -7.2424978 ], [ 112.7208595, -7.2425501 ], [ 112.7208863, -7.2429957 ], [ 112.7209073, -7.243316 ], [ 112.7209218, -7.2435386 ], [ 112.7209315, -7.2436904 ], [ 112.7209436, -7.2438705 ] ] ] } },
{ "type": "Feature", "properties": { "full_id": "w473470422", "osm_id": "473470422", "osm_type": "way", "highway": "trunk", "turn_lanes": null, "tunnel": null, "hgv_condit": null, "cycleway_l": null, "cycleway_r": null, "motorcycle": null, "destinatio": null, "destinat_1": null, "motor_vehi": null, "sidewalk": null, "wikidata": null, "bridge_nam": null, "bridge_n_1": null, "bridge_n_2": null, "bridge_n_3": null, "bridge_n_4": null, "name_it": null, "name_fr": null, "name_es": null, "name_en": null, "name_de": null, "minspeed_m": null, "maxspeed_m": null, "layer": "1", "bridge_n_5": null, "bridge": "yes", "toll": null, "start_date": null, "short_name": null, "motorcar": null, "minspeed": null, "maxspeed": null, "maxaxleloa": null, "lit": null, "horse": null, "emergency": null, "bicycle": null, "alt_name_f": null, "alt_name_e": null, "alt_name_1": null, "alt_name_d": null, "alt_name": null, "access": null, "hgv": null, "ref": "1", "junction": null, "width": "6", "surface": "asphalt", "smoothness": "good", "oneway": "yes", "name": "Jalan Raya Demak", "motorcyc_1": "yes", "lanes": "3", "foot": "yes" }, "geometry": { "type": "MultiLineString", "coordinates": [ [ [ 112.7207817, -7.2413301 ], [ 112.720795, -7.2414737 ] ] ] } },
{ "type": "Feature", "properties": { "full_id": "w473470423", "osm_id": "473470423", "osm_type": "way", "highway": "trunk", "turn_lanes": null, "tunnel": null, "hgv_condit": null, "cycleway_l": null, "cycleway_r": null, "motorcycle": null, "destinatio": null, "destinat_1": null, "motor_vehi": null, "sidewalk": null, "wikidata": null, "bridge_nam": null, "bridge_n_1": null, "bridge_n_2": null, "bridge_n_3": null, "bridge_n_4": null, "name_it": null, "name_fr": null, "name_es": null, "name_en": null, "name_de": null, "minspeed_m": null, "maxspeed_m": null, "layer": "1", "bridge_n_5": null, "bridge": "yes", "toll": null, "start_date": null, "short_name": null, "motorcar": null, "minspeed": null, "maxspeed": null, "maxaxleloa": null, "lit": null, "horse": null, "emergency": null, "bicycle": null, "alt_name_f": null, "alt_name_e": null, "alt_name_1": null, "alt_name_d": null, "alt_name": null, "access": null, "hgv": null, "ref": "1", "junction": null, "width": "6", "surface": "asphalt", "smoothness": "good", "oneway": "yes", "name": "Jalan Raya Demak", "motorcyc_1": "yes", "lanes": "3", "foot": "yes" }, "geometry": { "type": "MultiLineString", "coordinates": [ [ [ 112.7206596, -7.2414844 ], [ 112.7206503, -7.2413474 ] ] ] } },
{ "type": "Feature", "properties": { "full_id": "w473470424", "osm_id": "473470424", "osm_type": "way", "highway": "trunk", "turn_lanes": null, "tunnel": null, "hgv_condit": null, "cycleway_l": null, "cycleway_r": null, "motorcycle": null, "destinatio": null, "destinat_1": null, "motor_vehi": null, "sidewalk": null, "wikidata": null, "bridge_nam": null, "bridge_n_1": null, "bridge_n_2": null, "bridge_n_3": null, "bridge_n_4": null, "name_it": null, "name_fr": null, "name_es": null, "name_en": null, "name_de": null, "minspeed_m": null, "maxspeed_m": null, "layer": null, "bridge_n_5": null, "bridge": null, "toll": null, "start_date": null, "short_name": null, "motorcar": null, "minspeed": null, "maxspeed": null, "maxaxleloa": null, "lit": null, "horse": null, "emergency": null, "bicycle": null, "alt_name_f": null, "alt_name_e": null, "alt_name_1": null, "alt_name_d": null, "alt_name": null, "access": null, "hgv": null, "ref": "1", "junction": null, "width": "6", "surface": "asphalt", "smoothness": "good", "oneway": "yes", "name": "Jalan Raya Demak", "motorcyc_1": "yes", "lanes": "3", "foot": "yes" }, "geometry": { "type": "MultiLineString", "coordinates": [ [ [ 112.7208375, -7.2438692 ], [ 112.7208141, -7.2434591 ], [ 112.7207803, -7.2430337 ], [ 112.7207471, -7.2425536 ], [ 112.7207188, -7.242141 ] ] ] } },
{ "type": "Feature", "properties": { "full_id": "w475275028", "osm_id": "475275028", "osm_type": "way", "highway": "trunk", "turn_lanes": null, "tunnel": null, "hgv_condit": null, "cycleway_l": null, "cycleway_r": null, "motorcycle": null, "destinatio": null, "destinat_1": null, "motor_vehi": null, "sidewalk": null, "wikidata": null, "bridge_nam": null, "bridge_n_1": null, "bridge_n_2": null, "bridge_n_3": null, "bridge_n_4": null, "name_it": null, "name_fr": null, "name_es": null, "name_en": null, "name_de": null, "minspeed_m": null, "maxspeed_m": null, "layer": null, "bridge_n_5": null, "bridge": null, "toll": null, "start_date": null, "short_name": null, "motorcar": null, "minspeed": null, "maxspeed": null, "maxaxleloa": null, "lit": null, "horse": null, "emergency": null, "bicycle": null, "alt_name_f": null, "alt_name_e": null, "alt_name_1": null, "alt_name_d": null, "alt_name": null, "access": null, "hgv": null, "ref": null, "junction": null, "width": "6", "surface": "asphalt", "smoothness": "intermediate", "oneway": "yes", "name": "Jalan Raya Hang Tuah", "motorcyc_1": "yes", "lanes": "4", "foot": null }, "geometry": { "type": "MultiLineString", "coordinates": [ [ [ 112.7405702, -7.2223879 ], [ 112.7405769, -7.2222785 ] ] ] } },
{ "type": "Feature", "properties": { "full_id": "w499038613", "osm_id": "499038613", "osm_type": "way", "highway": "trunk", "turn_lanes": null, "tunnel": null, "hgv_condit": null, "cycleway_l": null, "cycleway_r": null, "motorcycle": null, "destinatio": null, "destinat_1": null, "motor_vehi": null, "sidewalk": null, "wikidata": null, "bridge_nam": null, "bridge_n_1": null, "bridge_n_2": null, "bridge_n_3": null, "bridge_n_4": null, "name_it": null, "name_fr": null, "name_es": null, "name_en": null, "name_de": null, "minspeed_m": null, "maxspeed_m": null, "layer": null, "bridge_n_5": null, "bridge": null, "toll": null, "start_date": null, "short_name": null, "motorcar": null, "minspeed": null, "maxspeed": null, "maxaxleloa": null, "lit": null, "horse": null, "emergency": null, "bicycle": null, "alt_name_f": null, "alt_name_e": null, "alt_name_1": null, "alt_name_d": null, "alt_name": null, "access": null, "hgv": null, "ref": null, "junction": null, "width": "5", "surface": "asphalt", "smoothness": "good", "oneway": "yes", "name": "Jalan Haji Mohammad Noer", "motorcyc_1": "no", "lanes": "2", "foot": null }, "geometry": { "type": "MultiLineString", "coordinates": [ [ [ 112.7784834, -7.2127859 ], [ 112.7784669, -7.2132931 ], [ 112.7784415, -7.2136643 ], [ 112.7784321, -7.2137441 ], [ 112.7784093, -7.2138426 ], [ 112.7777744, -7.215837 ], [ 112.7775637, -7.2166143 ], [ 112.7775032, -7.2169901 ], [ 112.777465, -7.2174484 ] ] ] } },
{ "type": "Feature", "properties": { "full_id": "w512357197", "osm_id": "512357197", "osm_type": "way", "highway": "trunk", "turn_lanes": null, "tunnel": null, "hgv_condit": null, "cycleway_l": null, "cycleway_r": null, "motorcycle": null, "destinatio": null, "destinat_1": null, "motor_vehi": null, "sidewalk": null, "wikidata": null, "bridge_nam": null, "bridge_n_1": null, "bridge_n_2": null, "bridge_n_3": null, "bridge_n_4": null, "name_it": null, "name_fr": null, "name_es": null, "name_en": null, "name_de": null, "minspeed_m": null, "maxspeed_m": null, "layer": null, "bridge_n_5": null, "bridge": null, "toll": null, "start_date": null, "short_name": null, "motorcar": null, "minspeed": null, "maxspeed": null, "maxaxleloa": null, "lit": null, "horse": null, "emergency": null, "bicycle": null, "alt_name_f": null, "alt_name_e": null, "alt_name_1": null, "alt_name_d": null, "alt_name": null, "access": null, "hgv": null, "ref": null, "junction": null, "width": null, "surface": null, "smoothness": null, "oneway": "yes", "name": "Jalan Jenderal Achmad Yani", "motorcyc_1": null, "lanes": null, "foot": "yes" }, "geometry": { "type": "MultiLineString", "coordinates": [ [ [ 112.7351872, -7.3066404 ], [ 112.7352535, -7.306549 ], [ 112.735411, -7.3063346 ], [ 112.7358841, -7.3057154 ], [ 112.7361128, -7.3053975 ], [ 112.7361881, -7.3052951 ] ] ] } },
{ "type": "Feature", "properties": { "full_id": "w540603497", "osm_id": "540603497", "osm_type": "way", "highway": "trunk", "turn_lanes": null, "tunnel": null, "hgv_condit": null, "cycleway_l": null, "cycleway_r": null, "motorcycle": null, "destinatio": null, "destinat_1": null, "motor_vehi": null, "sidewalk": null, "wikidata": null, "bridge_nam": null, "bridge_n_1": null, "bridge_n_2": null, "bridge_n_3": null, "bridge_n_4": null, "name_it": null, "name_fr": null, "name_es": null, "name_en": null, "name_de": null, "minspeed_m": null, "maxspeed_m": null, "layer": null, "bridge_n_5": null, "bridge": null, "toll": null, "start_date": null, "short_name": null, "motorcar": null, "minspeed": null, "maxspeed": null, "maxaxleloa": null, "lit": null, "horse": null, "emergency": null, "bicycle": null, "alt_name_f": null, "alt_name_e": null, "alt_name_1": null, "alt_name_d": null, "alt_name": null, "access": null, "hgv": null, "ref": "1", "junction": null, "width": null, "surface": "asphalt", "smoothness": null, "oneway": "yes", "name": "Jalan Raya Diponegoro", "motorcyc_1": null, "lanes": null, "foot": "yes" }, "geometry": { "type": "MultiLineString", "coordinates": [ [ [ 112.7352257, -7.2879727 ], [ 112.7352689, -7.2880603 ], [ 112.7357467, -7.2890286 ], [ 112.7358795, -7.2893198 ], [ 112.7360025, -7.2895663 ] ] ] } },
{ "type": "Feature", "properties": { "full_id": "w545387364", "osm_id": "545387364", "osm_type": "way", "highway": "trunk", "turn_lanes": null, "tunnel": null, "hgv_condit": null, "cycleway_l": null, "cycleway_r": null, "motorcycle": null, "destinatio": null, "destinat_1": null, "motor_vehi": null, "sidewalk": null, "wikidata": null, "bridge_nam": null, "bridge_n_1": null, "bridge_n_2": null, "bridge_n_3": null, "bridge_n_4": null, "name_it": null, "name_fr": null, "name_es": null, "name_en": null, "name_de": null, "minspeed_m": null, "maxspeed_m": null, "layer": null, "bridge_n_5": null, "bridge": null, "toll": null, "start_date": null, "short_name": null, "motorcar": null, "minspeed": null, "maxspeed": null, "maxaxleloa": null, "lit": null, "horse": null, "emergency": null, "bicycle": null, "alt_name_f": null, "alt_name_e": null, "alt_name_1": null, "alt_name_d": null, "alt_name": null, "access": null, "hgv": null, "ref": "1", "junction": null, "width": "6", "surface": "asphalt", "smoothness": "good", "oneway": "yes", "name": "Jalan Raya Demak", "motorcyc_1": "yes", "lanes": "3", "foot": null }, "geometry": { "type": "MultiLineString", "coordinates": [ [ [ 112.7208854, -7.2450687 ], [ 112.7208524, -7.2442519 ], [ 112.720846, -7.2440188 ], [ 112.7208436, -7.2439771 ], [ 112.7208404, -7.2439215 ] ] ] } },
{ "type": "Feature", "properties": { "full_id": "w545387366", "osm_id": "545387366", "osm_type": "way", "highway": "trunk", "turn_lanes": null, "tunnel": null, "hgv_condit": null, "cycleway_l": null, "cycleway_r": null, "motorcycle": null, "destinatio": null, "destinat_1": null, "motor_vehi": null, "sidewalk": null, "wikidata": null, "bridge_nam": null, "bridge_n_1": null, "bridge_n_2": null, "bridge_n_3": null, "bridge_n_4": null, "name_it": null, "name_fr": null, "name_es": null, "name_en": null, "name_de": null, "minspeed_m": null, "maxspeed_m": null, "layer": null, "bridge_n_5": null, "bridge": null, "toll": null, "start_date": null, "short_name": null, "motorcar": null, "minspeed": null, "maxspeed": null, "maxaxleloa": null, "lit": null, "horse": null, "emergency": null, "bicycle": null, "alt_name_f": null, "alt_name_e": null, "alt_name_1": null, "alt_name_d": null, "alt_name": null, "access": null, "hgv": null, "ref": "1", "junction": null, "width": "6", "surface": "asphalt", "smoothness": "good", "oneway": "yes", "name": "Jalan Raya Demak", "motorcyc_1": "yes", "lanes": "3", "foot": "yes" }, "geometry": { "type": "MultiLineString", "coordinates": [ [ [ 112.720907, -7.2475874 ], [ 112.7208874, -7.2480519 ], [ 112.7208846, -7.2481646 ], [ 112.7208806, -7.2482404 ], [ 112.7208672, -7.2484748 ], [ 112.720863, -7.2485629 ], [ 112.7208589, -7.2486482 ], [ 112.7208318, -7.2491648 ], [ 112.7208304, -7.2491914 ], [ 112.720805, -7.2497462 ], [ 112.720797, -7.2498908 ], [ 112.7207686, -7.2502887 ], [ 112.7207584, -7.2504323 ], [ 112.7207062, -7.2509757 ], [ 112.7206814, -7.2513023 ], [ 112.7206628, -7.2515039 ], [ 112.7206424, -7.2517048 ], [ 112.7205423, -7.2526939 ], [ 112.7204788, -7.2532807 ] ] ] } },
{ "type": "Feature", "properties": { "full_id": "w556635250", "osm_id": "556635250", "osm_type": "way", "highway": "trunk", "turn_lanes": null, "tunnel": null, "hgv_condit": null, "cycleway_l": null, "cycleway_r": null, "motorcycle": null, "destinatio": null, "destinat_1": null, "motor_vehi": null, "sidewalk": null, "wikidata": null, "bridge_nam": null, "bridge_n_1": null, "bridge_n_2": null, "bridge_n_3": null, "bridge_n_4": null, "name_it": null, "name_fr": null, "name_es": null, "name_en": null, "name_de": null, "minspeed_m": null, "maxspeed_m": null, "layer": null, "bridge_n_5": null, "bridge": null, "toll": null, "start_date": null, "short_name": null, "motorcar": null, "minspeed": null, "maxspeed": null, "maxaxleloa": null, "lit": null, "horse": null, "emergency": null, "bicycle": null, "alt_name_f": null, "alt_name_e": null, "alt_name_1": null, "alt_name_d": null, "alt_name": null, "access": null, "hgv": null, "ref": "1", "junction": null, "width": "6", "surface": "asphalt", "smoothness": "good", "oneway": "yes", "name": "Jalan Raya Demak", "motorcyc_1": "yes", "lanes": "3", "foot": null }, "geometry": { "type": "MultiLineString", "coordinates": [ [ [ 112.7208979, -7.2452795 ], [ 112.7208854, -7.2450687 ] ] ] } },
{ "type": "Feature", "properties": { "full_id": "w559551079", "osm_id": "559551079", "osm_type": "way", "highway": "trunk", "turn_lanes": null, "tunnel": null, "hgv_condit": null, "cycleway_l": null, "cycleway_r": null, "motorcycle": null, "destinatio": null, "destinat_1": null, "motor_vehi": null, "sidewalk": null, "wikidata": null, "bridge_nam": null, "bridge_n_1": null, "bridge_n_2": null, "bridge_n_3": null, "bridge_n_4": null, "name_it": null, "name_fr": null, "name_es": null, "name_en": null, "name_de": null, "minspeed_m": null, "maxspeed_m": null, "layer": null, "bridge_n_5": null, "bridge": null, "toll": null, "start_date": null, "short_name": null, "motorcar": null, "minspeed": null, "maxspeed": null, "maxaxleloa": null, "lit": null, "horse": null, "emergency": null, "bicycle": null, "alt_name_f": null, "alt_name_e": null, "alt_name_1": null, "alt_name_d": null, "alt_name": null, "access": null, "hgv": null, "ref": null, "junction": null, "width": "4", "surface": "asphalt", "smoothness": "good", "oneway": "yes", "name": "Jalan Ratna", "motorcyc_1": "yes", "lanes": "2", "foot": null }, "geometry": { "type": "MultiLineString", "coordinates": [ [ [ 112.7456458, -7.2915777 ], [ 112.7451009, -7.2912827 ], [ 112.7449018, -7.2911749 ], [ 112.7447693, -7.2911077 ], [ 112.7447398, -7.2910925 ], [ 112.7445577, -7.2909972 ], [ 112.7443749, -7.2909109 ], [ 112.74407, -7.2907589 ], [ 112.7439945, -7.2907216 ], [ 112.74394, -7.2906971 ], [ 112.7436472, -7.2905347 ] ] ] } },
{ "type": "Feature", "properties": { "full_id": "w559551080", "osm_id": "559551080", "osm_type": "way", "highway": "trunk", "turn_lanes": null, "tunnel": null, "hgv_condit": null, "cycleway_l": null, "cycleway_r": null, "motorcycle": null, "destinatio": null, "destinat_1": null, "motor_vehi": null, "sidewalk": null, "wikidata": null, "bridge_nam": null, "bridge_n_1": null, "bridge_n_2": null, "bridge_n_3": null, "bridge_n_4": null, "name_it": null, "name_fr": null, "name_es": null, "name_en": null, "name_de": null, "minspeed_m": null, "maxspeed_m": null, "layer": null, "bridge_n_5": null, "bridge": null, "toll": null, "start_date": null, "short_name": null, "motorcar": null, "minspeed": null, "maxspeed": null, "maxaxleloa": null, "lit": null, "horse": null, "emergency": null, "bicycle": null, "alt_name_f": null, "alt_name_e": null, "alt_name_1": null, "alt_name_d": null, "alt_name": null, "access": null, "hgv": null, "ref": null, "junction": null, "width": "5", "surface": "asphalt", "smoothness": "good", "oneway": "yes", "name": "Jalan Ngagel", "motorcyc_1": "yes", "lanes": "3", "foot": null }, "geometry": { "type": "MultiLineString", "coordinates": [ [ [ 112.7435628, -7.2903725 ], [ 112.7437165, -7.2901675 ], [ 112.7439853, -7.2898229 ], [ 112.7441551, -7.2896085 ], [ 112.7443996, -7.2892998 ], [ 112.744457, -7.2892273 ], [ 112.744556, -7.2891023 ], [ 112.7446182, -7.2890215 ], [ 112.7446493, -7.2889844 ] ] ] } },
{ "type": "Feature", "properties": { "full_id": "w561145922", "osm_id": "561145922", "osm_type": "way", "highway": "trunk", "turn_lanes": null, "tunnel": null, "hgv_condit": null, "cycleway_l": null, "cycleway_r": null, "motorcycle": null, "destinatio": null, "destinat_1": null, "motor_vehi": null, "sidewalk": null, "wikidata": null, "bridge_nam": null, "bridge_n_1": null, "bridge_n_2": null, "bridge_n_3": null, "bridge_n_4": null, "name_it": null, "name_fr": null, "name_es": null, "name_en": null, "name_de": null, "minspeed_m": null, "maxspeed_m": null, "layer": "1", "bridge_n_5": null, "bridge": "yes", "toll": null, "start_date": null, "short_name": null, "motorcar": null, "minspeed": null, "maxspeed": null, "maxaxleloa": null, "lit": null, "horse": null, "emergency": null, "bicycle": null, "alt_name_f": null, "alt_name_e": null, "alt_name_1": null, "alt_name_d": null, "alt_name": "Jalan Ahmad Yani", "access": null, "hgv": null, "ref": "1", "junction": null, "width": "16", "surface": "asphalt", "smoothness": "good", "oneway": "yes", "name": "Jalan Jenderal Ahmad Yani", "motorcyc_1": "yes", "lanes": "4", "foot": null }, "geometry": { "type": "MultiLineString", "coordinates": [ [ [ 112.7334508, -7.3190795 ], [ 112.7334198, -7.3192157 ] ] ] } },
{ "type": "Feature", "properties": { "full_id": "w561145924", "osm_id": "561145924", "osm_type": "way", "highway": "trunk", "turn_lanes": null, "tunnel": null, "hgv_condit": null, "cycleway_l": null, "cycleway_r": null, "motorcycle": null, "destinatio": null, "destinat_1": null, "motor_vehi": null, "sidewalk": null, "wikidata": null, "bridge_nam": null, "bridge_n_1": null, "bridge_n_2": null, "bridge_n_3": null, "bridge_n_4": null, "name_it": null, "name_fr": null, "name_es": null, "name_en": null, "name_de": null, "minspeed_m": null, "maxspeed_m": null, "layer": "1", "bridge_n_5": null, "bridge": "yes", "toll": null, "start_date": null, "short_name": null, "motorcar": null, "minspeed": null, "maxspeed": null, "maxaxleloa": null, "lit": null, "horse": null, "emergency": null, "bicycle": null, "alt_name_f": null, "alt_name_e": null, "alt_name_1": null, "alt_name_d": null, "alt_name": "Jalan Ahmad Yani", "access": null, "hgv": null, "ref": "1", "junction": null, "width": "16", "surface": "asphalt", "smoothness": "good", "oneway": "yes", "name": "Jalan Jenderal Ahmad Yani", "motorcyc_1": "no", "lanes": "4", "foot": null }, "geometry": { "type": "MultiLineString", "coordinates": [ [ [ 112.7332857, -7.3191835 ], [ 112.733311, -7.3190543 ] ] ] } },
{ "type": "Feature", "properties": { "full_id": "w561145925", "osm_id": "561145925", "osm_type": "way", "highway": "trunk", "turn_lanes": null, "tunnel": null, "hgv_condit": null, "cycleway_l": null, "cycleway_r": null, "motorcycle": null, "destinatio": null, "destinat_1": null, "motor_vehi": "yes", "sidewalk": null, "wikidata": null, "bridge_nam": null, "bridge_n_1": null, "bridge_n_2": null, "bridge_n_3": null, "bridge_n_4": null, "name_it": null, "name_fr": null, "name_es": null, "name_en": null, "name_de": null, "minspeed_m": null, "maxspeed_m": null, "layer": null, "bridge_n_5": null, "bridge": null, "toll": null, "start_date": null, "short_name": null, "motorcar": null, "minspeed": null, "maxspeed": null, "maxaxleloa": null, "lit": null, "horse": null, "emergency": null, "bicycle": null, "alt_name_f": null, "alt_name_e": null, "alt_name_1": null, "alt_name_d": null, "alt_name": null, "access": "yes", "hgv": null, "ref": "1", "junction": null, "width": "16", "surface": "asphalt", "smoothness": "good", "oneway": "yes", "name": "Jalan Jenderal Ahmad Yani", "motorcyc_1": null, "lanes": "4", "foot": "yes" }, "geometry": { "type": "MultiLineString", "coordinates": [ [ [ 112.7340195, -7.3157706 ], [ 112.7342137, -7.3149654 ], [ 112.7344913, -7.3135381 ], [ 112.7345696, -7.3131355 ], [ 112.7348155, -7.3120044 ], [ 112.7349133, -7.3115247 ], [ 112.7349726, -7.3112641 ], [ 112.7349979, -7.3111139 ], [ 112.7350787, -7.3105536 ], [ 112.7352339, -7.3097927 ], [ 112.7352626, -7.3096588 ], [ 112.7354691, -7.3086955 ], [ 112.7354646, -7.308269 ], [ 112.73544, -7.3082015 ] ] ] } },
{ "type": "Feature", "properties": { "full_id": "w561148497", "osm_id": "561148497", "osm_type": "way", "highway": "trunk", "turn_lanes": null, "tunnel": null, "hgv_condit": null, "cycleway_l": null, "cycleway_r": null, "motorcycle": null, "destinatio": null, "destinat_1": null, "motor_vehi": null, "sidewalk": null, "wikidata": null, "bridge_nam": null, "bridge_n_1": null, "bridge_n_2": null, "bridge_n_3": null, "bridge_n_4": null, "name_it": null, "name_fr": null, "name_es": null, "name_en": null, "name_de": null, "minspeed_m": null, "maxspeed_m": null, "layer": null, "bridge_n_5": null, "bridge": null, "toll": null, "start_date": null, "short_name": null, "motorcar": null, "minspeed": null, "maxspeed": null, "maxaxleloa": null, "lit": null, "horse": null, "emergency": null, "bicycle": null, "alt_name_f": null, "alt_name_e": null, "alt_name_1": null, "alt_name_d": null, "alt_name": null, "access": "yes", "hgv": null, "ref": "AH2;1", "junction": null, "width": null, "surface": "asphalt", "smoothness": null, "oneway": "yes", "name": "Jalan Raya Waru", "motorcyc_1": null, "lanes": null, "foot": null }, "geometry": { "type": "MultiLineString", "coordinates": [ [ [ 112.7291419, -7.3506493 ], [ 112.7291698, -7.3491031 ], [ 112.7291604, -7.3488325 ], [ 112.7291425, -7.3487392 ], [ 112.729113, -7.3486016 ], [ 112.7290647, -7.3484765 ], [ 112.7290339, -7.3484213 ] ] ] } },
{ "type": "Feature", "properties": { "full_id": "w561148498", "osm_id": "561148498", "osm_type": "way", "highway": "trunk", "turn_lanes": null, "tunnel": null, "hgv_condit": null, "cycleway_l": null, "cycleway_r": null, "motorcycle": null, "destinatio": null, "destinat_1": null, "motor_vehi": null, "sidewalk": null, "wikidata": null, "bridge_nam": null, "bridge_n_1": null, "bridge_n_2": null, "bridge_n_3": null, "bridge_n_4": null, "name_it": null, "name_fr": null, "name_es": null, "name_en": null, "name_de": null, "minspeed_m": null, "maxspeed_m": null, "layer": null, "bridge_n_5": null, "bridge": null, "toll": null, "start_date": null, "short_name": null, "motorcar": null, "minspeed": null, "maxspeed": null, "maxaxleloa": null, "lit": null, "horse": null, "emergency": null, "bicycle": null, "alt_name_f": null, "alt_name_e": null, "alt_name_1": null, "alt_name_d": null, "alt_name": null, "access": "yes", "hgv": null, "ref": "AH2;1", "junction": null, "width": null, "surface": "asphalt", "smoothness": null, "oneway": "yes", "name": "Jalan Raya Waru", "motorcyc_1": null, "lanes": null, "foot": null }, "geometry": { "type": "MultiLineString", "coordinates": [ [ [ 112.7290314, -7.3522862 ], [ 112.7290682, -7.3517752 ], [ 112.7290948, -7.3513672 ], [ 112.7291094, -7.3511642 ], [ 112.7291205, -7.3510104 ], [ 112.7291367, -7.3507663 ], [ 112.7291419, -7.3506493 ] ] ] } },
{ "type": "Feature", "properties": { "full_id": "w561397328", "osm_id": "561397328", "osm_type": "way", "highway": "trunk", "turn_lanes": null, "tunnel": null, "hgv_condit": null, "cycleway_l": null, "cycleway_r": null, "motorcycle": null, "destinatio": null, "destinat_1": null, "motor_vehi": null, "sidewalk": null, "wikidata": null, "bridge_nam": null, "bridge_n_1": null, "bridge_n_2": null, "bridge_n_3": null, "bridge_n_4": null, "name_it": null, "name_fr": null, "name_es": null, "name_en": null, "name_de": null, "minspeed_m": null, "maxspeed_m": null, "layer": "1", "bridge_n_5": null, "bridge": "yes", "toll": null, "start_date": null, "short_name": null, "motorcar": null, "minspeed": null, "maxspeed": null, "maxaxleloa": null, "lit": null, "horse": null, "emergency": null, "bicycle": null, "alt_name_f": null, "alt_name_e": null, "alt_name_1": null, "alt_name_d": null, "alt_name": null, "access": null, "hgv": null, "ref": "1", "junction": null, "width": "6", "surface": "asphalt", "smoothness": "good", "oneway": "yes", "name": "Jalan Raya Demak", "motorcyc_1": "yes", "lanes": "3", "foot": "yes" }, "geometry": { "type": "MultiLineString", "coordinates": [ [ [ 112.7206812, -7.2360729 ], [ 112.7206503, -7.2362112 ] ] ] } },
{ "type": "Feature", "properties": { "full_id": "w561397332", "osm_id": "561397332", "osm_type": "way", "highway": "trunk", "turn_lanes": null, "tunnel": null, "hgv_condit": null, "cycleway_l": null, "cycleway_r": null, "motorcycle": null, "destinatio": null, "destinat_1": null, "motor_vehi": null, "sidewalk": null, "wikidata": null, "bridge_nam": null, "bridge_n_1": null, "bridge_n_2": null, "bridge_n_3": null, "bridge_n_4": null, "name_it": null, "name_fr": null, "name_es": null, "name_en": null, "name_de": null, "minspeed_m": null, "maxspeed_m": null, "layer": "1", "bridge_n_5": null, "bridge": "yes", "toll": null, "start_date": null, "short_name": null, "motorcar": null, "minspeed": null, "maxspeed": null, "maxaxleloa": null, "lit": null, "horse": null, "emergency": null, "bicycle": null, "alt_name_f": null, "alt_name_e": null, "alt_name_1": null, "alt_name_d": null, "alt_name": null, "access": null, "hgv": null, "ref": "1", "junction": null, "width": "6", "surface": "asphalt", "smoothness": "good", "oneway": "yes", "name": "Jalan Raya Demak", "motorcyc_1": "yes", "lanes": "3", "foot": "yes" }, "geometry": { "type": "MultiLineString", "coordinates": [ [ [ 112.7205337, -7.2361819 ], [ 112.7205645, -7.2360436 ] ] ] } },
{ "type": "Feature", "properties": { "full_id": "w561397336", "osm_id": "561397336", "osm_type": "way", "highway": "trunk", "turn_lanes": null, "tunnel": null, "hgv_condit": null, "cycleway_l": null, "cycleway_r": null, "motorcycle": null, "destinatio": null, "destinat_1": null, "motor_vehi": null, "sidewalk": null, "wikidata": null, "bridge_nam": null, "bridge_n_1": null, "bridge_n_2": null, "bridge_n_3": null, "bridge_n_4": null, "name_it": null, "name_fr": null, "name_es": null, "name_en": null, "name_de": null, "minspeed_m": null, "maxspeed_m": null, "layer": null, "bridge_n_5": null, "bridge": null, "toll": null, "start_date": null, "short_name": null, "motorcar": null, "minspeed": null, "maxspeed": null, "maxaxleloa": null, "lit": null, "horse": null, "emergency": null, "bicycle": null, "alt_name_f": null, "alt_name_e": null, "alt_name_1": null, "alt_name_d": null, "alt_name": null, "access": null, "hgv": null, "ref": "1", "junction": null, "width": "6", "surface": "asphalt", "smoothness": "good", "oneway": "yes", "name": "Jalan Raya Demak", "motorcyc_1": "yes", "lanes": "3", "foot": "yes" }, "geometry": { "type": "MultiLineString", "coordinates": [ [ [ 112.7205645, -7.2360436 ], [ 112.7206561, -7.235707 ], [ 112.7206685, -7.2356471 ], [ 112.7206862, -7.2355617 ], [ 112.7209563, -7.2342571 ], [ 112.7210524, -7.2338116 ], [ 112.7212588, -7.2328213 ], [ 112.7212744, -7.2327464 ], [ 112.7213202, -7.2325628 ], [ 112.721332, -7.2325154 ], [ 112.7213462, -7.2324428 ] ] ] } },
{ "type": "Feature", "properties": { "full_id": "w561397338", "osm_id": "561397338", "osm_type": "way", "highway": "trunk", "turn_lanes": null, "tunnel": null, "hgv_condit": null, "cycleway_l": null, "cycleway_r": null, "motorcycle": null, "destinatio": null, "destinat_1": null, "motor_vehi": null, "sidewalk": null, "wikidata": null, "bridge_nam": null, "bridge_n_1": null, "bridge_n_2": null, "bridge_n_3": null, "bridge_n_4": null, "name_it": null, "name_fr": null, "name_es": null, "name_en": null, "name_de": null, "minspeed_m": null, "maxspeed_m": null, "layer": null, "bridge_n_5": null, "bridge": null, "toll": null, "start_date": null, "short_name": null, "motorcar": null, "minspeed": null, "maxspeed": null, "maxaxleloa": null, "lit": null, "horse": null, "emergency": null, "bicycle": null, "alt_name_f": null, "alt_name_e": null, "alt_name_1": null, "alt_name_d": null, "alt_name": null, "access": null, "hgv": null, "ref": "1", "junction": null, "width": "6", "surface": "asphalt", "smoothness": "good", "oneway": "yes", "name": "Jalan Raya Demak", "motorcyc_1": "yes", "lanes": "3", "foot": "yes" }, "geometry": { "type": "MultiLineString", "coordinates": [ [ [ 112.7214499, -7.2324734 ], [ 112.7214433, -7.2324984 ], [ 112.7214239, -7.2325845 ], [ 112.7213845, -7.2327596 ], [ 112.7210542, -7.2342764 ], [ 112.7207813, -7.2355825 ], [ 112.7207643, -7.2356688 ], [ 112.7207446, -7.2357634 ], [ 112.7206812, -7.2360729 ] ] ] } },
{ "type": "Feature", "properties": { "full_id": "w562124756", "osm_id": "562124756", "osm_type": "way", "highway": "trunk", "turn_lanes": null, "tunnel": null, "hgv_condit": null, "cycleway_l": null, "cycleway_r": "shared_lane", "motorcycle": null, "destinatio": null, "destinat_1": null, "motor_vehi": null, "sidewalk": null, "wikidata": null, "bridge_nam": null, "bridge_n_1": null, "bridge_n_2": null, "bridge_n_3": null, "bridge_n_4": null, "name_it": null, "name_fr": null, "name_es": null, "name_en": null, "name_de": null, "minspeed_m": null, "maxspeed_m": null, "layer": null, "bridge_n_5": null, "bridge": null, "toll": null, "start_date": null, "short_name": null, "motorcar": null, "minspeed": null, "maxspeed": null, "maxaxleloa": null, "lit": null, "horse": null, "emergency": null, "bicycle": null, "alt_name_f": null, "alt_name_e": null, "alt_name_1": null, "alt_name_d": null, "alt_name": null, "access": null, "hgv": null, "ref": null, "junction": null, "width": "7", "surface": "asphalt", "smoothness": "good", "oneway": "yes", "name": "Jalan Raya Sulawesi", "motorcyc_1": "yes", "lanes": "4", "foot": "yes" }, "geometry": { "type": "MultiLineString", "coordinates": [ [ [ 112.7469218, -7.2765886 ], [ 112.7465577, -7.2765095 ] ] ] } },
{ "type": "Feature", "properties": { "full_id": "w578300822", "osm_id": "578300822", "osm_type": "way", "highway": "trunk", "turn_lanes": null, "tunnel": null, "hgv_condit": null, "cycleway_l": null, "cycleway_r": null, "motorcycle": null, "destinatio": null, "destinat_1": null, "motor_vehi": null, "sidewalk": null, "wikidata": null, "bridge_nam": null, "bridge_n_1": null, "bridge_n_2": null, "bridge_n_3": null, "bridge_n_4": null, "name_it": null, "name_fr": null, "name_es": null, "name_en": null, "name_de": null, "minspeed_m": null, "maxspeed_m": null, "layer": null, "bridge_n_5": null, "bridge": null, "toll": null, "start_date": null, "short_name": null, "motorcar": null, "minspeed": null, "maxspeed": null, "maxaxleloa": null, "lit": null, "horse": null, "emergency": null, "bicycle": null, "alt_name_f": null, "alt_name_e": null, "alt_name_1": null, "alt_name_d": null, "alt_name": null, "access": null, "hgv": null, "ref": "1", "junction": null, "width": null, "surface": "asphalt", "smoothness": null, "oneway": "yes", "name": "Jalan Raya Demak", "motorcyc_1": null, "lanes": null, "foot": null }, "geometry": { "type": "MultiLineString", "coordinates": [ [ [ 112.7214754, -7.2323579 ], [ 112.7214499, -7.2324734 ] ] ] } },
{ "type": "Feature", "properties": { "full_id": "w578378951", "osm_id": "578378951", "osm_type": "way", "highway": "trunk", "turn_lanes": null, "tunnel": null, "hgv_condit": null, "cycleway_l": null, "cycleway_r": null, "motorcycle": null, "destinatio": null, "destinat_1": "1", "motor_vehi": null, "sidewalk": null, "wikidata": null, "bridge_nam": null, "bridge_n_1": null, "bridge_n_2": null, "bridge_n_3": null, "bridge_n_4": null, "name_it": null, "name_fr": null, "name_es": null, "name_en": null, "name_de": null, "minspeed_m": null, "maxspeed_m": null, "layer": null, "bridge_n_5": null, "bridge": null, "toll": null, "start_date": null, "short_name": null, "motorcar": null, "minspeed": null, "maxspeed": null, "maxaxleloa": null, "lit": null, "horse": null, "emergency": null, "bicycle": null, "alt_name_f": null, "alt_name_e": null, "alt_name_1": null, "alt_name_d": null, "alt_name": null, "access": null, "hgv": null, "ref": "1", "junction": null, "width": null, "surface": "asphalt", "smoothness": null, "oneway": "yes", "name": null, "motorcyc_1": null, "lanes": "1", "foot": null }, "geometry": { "type": "MultiLineString", "coordinates": [ [ [ 112.6827821, -7.2353868 ], [ 112.6826987, -7.2355203 ] ] ] } },
{ "type": "Feature", "properties": { "full_id": "w578378952", "osm_id": "578378952", "osm_type": "way", "highway": "trunk", "turn_lanes": null, "tunnel": null, "hgv_condit": null, "cycleway_l": null, "cycleway_r": null, "motorcycle": null, "destinatio": null, "destinat_1": "1", "motor_vehi": null, "sidewalk": null, "wikidata": null, "bridge_nam": null, "bridge_n_1": null, "bridge_n_2": null, "bridge_n_3": null, "bridge_n_4": null, "name_it": null, "name_fr": null, "name_es": null, "name_en": null, "name_de": null, "minspeed_m": null, "maxspeed_m": null, "layer": null, "bridge_n_5": null, "bridge": null, "toll": null, "start_date": null, "short_name": null, "motorcar": null, "minspeed": null, "maxspeed": null, "maxaxleloa": null, "lit": null, "horse": null, "emergency": null, "bicycle": null, "alt_name_f": null, "alt_name_e": null, "alt_name_1": null, "alt_name_d": null, "alt_name": null, "access": null, "hgv": null, "ref": "1", "junction": null, "width": null, "surface": "asphalt", "smoothness": null, "oneway": "yes", "name": null, "motorcyc_1": null, "lanes": "1", "foot": null }, "geometry": { "type": "MultiLineString", "coordinates": [ [ [ 112.6825062, -7.2355257 ], [ 112.6824072, -7.2354431 ] ] ] } },
{ "type": "Feature", "properties": { "full_id": "w578378955", "osm_id": "578378955", "osm_type": "way", "highway": "trunk", "turn_lanes": null, "tunnel": null, "hgv_condit": null, "cycleway_l": null, "cycleway_r": null, "motorcycle": null, "destinatio": null, "destinat_1": null, "motor_vehi": null, "sidewalk": null, "wikidata": null, "bridge_nam": null, "bridge_n_1": null, "bridge_n_2": null, "bridge_n_3": null, "bridge_n_4": null, "name_it": null, "name_fr": null, "name_es": null, "name_en": null, "name_de": null, "minspeed_m": null, "maxspeed_m": null, "layer": "1", "bridge_n_5": null, "bridge": "yes", "toll": null, "start_date": null, "short_name": null, "motorcar": null, "minspeed": null, "maxspeed": null, "maxaxleloa": null, "lit": null, "horse": null, "emergency": null, "bicycle": null, "alt_name_f": null, "alt_name_e": null, "alt_name_1": null, "alt_name_d": null, "alt_name": null, "access": null, "hgv": null, "ref": "1", "junction": null, "width": null, "surface": "asphalt", "smoothness": null, "oneway": "yes", "name": "Jalan Margomulyo", "motorcyc_1": null, "lanes": "2", "foot": null }, "geometry": { "type": "MultiLineString", "coordinates": [ [ [ 112.6825673, -7.230005 ], [ 112.6825714, -7.2299272 ] ] ] } },
{ "type": "Feature", "properties": { "full_id": "w581762508", "osm_id": "581762508", "osm_type": "way", "highway": "trunk", "turn_lanes": null, "tunnel": null, "hgv_condit": null, "cycleway_l": null, "cycleway_r": null, "motorcycle": null, "destinatio": null, "destinat_1": null, "motor_vehi": null, "sidewalk": null, "wikidata": null, "bridge_nam": null, "bridge_n_1": null, "bridge_n_2": null, "bridge_n_3": null, "bridge_n_4": null, "name_it": null, "name_fr": null, "name_es": null, "name_en": null, "name_de": null, "minspeed_m": null, "maxspeed_m": null, "layer": null, "bridge_n_5": null, "bridge": null, "toll": null, "start_date": null, "short_name": null, "motorcar": null, "minspeed": null, "maxspeed": null, "maxaxleloa": null, "lit": null, "horse": null, "emergency": null, "bicycle": null, "alt_name_f": null, "alt_name_e": null, "alt_name_1": null, "alt_name_d": null, "alt_name": null, "access": null, "hgv": null, "ref": null, "junction": null, "width": null, "surface": null, "smoothness": null, "oneway": "yes", "name": "Jalan Haji Mohammad Noer", "motorcyc_1": null, "lanes": "2", "foot": null }, "geometry": { "type": "MultiLineString", "coordinates": [ [ [ 112.7691194, -7.2449882 ], [ 112.7691063, -7.2451837 ], [ 112.7691012, -7.2453067 ] ] ] } },
{ "type": "Feature", "properties": { "full_id": "w581762518", "osm_id": "581762518", "osm_type": "way", "highway": "trunk", "turn_lanes": null, "tunnel": null, "hgv_condit": null, "cycleway_l": null, "cycleway_r": null, "motorcycle": null, "destinatio": null, "destinat_1": null, "motor_vehi": null, "sidewalk": null, "wikidata": null, "bridge_nam": null, "bridge_n_1": null, "bridge_n_2": null, "bridge_n_3": null, "bridge_n_4": null, "name_it": null, "name_fr": null, "name_es": null, "name_en": null, "name_de": null, "minspeed_m": null, "maxspeed_m": null, "layer": null, "bridge_n_5": null, "bridge": null, "toll": null, "start_date": null, "short_name": null, "motorcar": null, "minspeed": null, "maxspeed": null, "maxaxleloa": null, "lit": null, "horse": null, "emergency": null, "bicycle": null, "alt_name_f": null, "alt_name_e": null, "alt_name_1": null, "alt_name_d": null, "alt_name": null, "access": null, "hgv": null, "ref": null, "junction": null, "width": null, "surface": null, "smoothness": null, "oneway": "yes", "name": "Jalan Haji Mohammad Noer", "motorcyc_1": null, "lanes": "2", "foot": null }, "geometry": { "type": "MultiLineString", "coordinates": [ [ [ 112.7691204, -7.2446733 ], [ 112.7691194, -7.2449882 ] ] ] } },
{ "type": "Feature", "properties": { "full_id": "w581762528", "osm_id": "581762528", "osm_type": "way", "highway": "trunk", "turn_lanes": null, "tunnel": null, "hgv_condit": null, "cycleway_l": null, "cycleway_r": null, "motorcycle": null, "destinatio": null, "destinat_1": null, "motor_vehi": null, "sidewalk": null, "wikidata": null, "bridge_nam": null, "bridge_n_1": null, "bridge_n_2": null, "bridge_n_3": null, "bridge_n_4": null, "name_it": null, "name_fr": null, "name_es": null, "name_en": null, "name_de": null, "minspeed_m": null, "maxspeed_m": null, "layer": null, "bridge_n_5": null, "bridge": null, "toll": null, "start_date": null, "short_name": null, "motorcar": null, "minspeed": null, "maxspeed": null, "maxaxleloa": null, "lit": null, "horse": null, "emergency": null, "bicycle": null, "alt_name_f": null, "alt_name_e": null, "alt_name_1": null, "alt_name_d": null, "alt_name": null, "access": null, "hgv": null, "ref": null, "junction": null, "width": null, "surface": null, "smoothness": null, "oneway": "yes", "name": "Jalan Haji Mohammad Noer", "motorcyc_1": null, "lanes": "2", "foot": null }, "geometry": { "type": "MultiLineString", "coordinates": [ [ [ 112.7688573, -7.2449716 ], [ 112.7688697, -7.2448348 ] ] ] } },
{ "type": "Feature", "properties": { "full_id": "w581762532", "osm_id": "581762532", "osm_type": "way", "highway": "trunk", "turn_lanes": null, "tunnel": null, "hgv_condit": null, "cycleway_l": null, "cycleway_r": null, "motorcycle": null, "destinatio": null, "destinat_1": null, "motor_vehi": null, "sidewalk": null, "wikidata": null, "bridge_nam": null, "bridge_n_1": null, "bridge_n_2": null, "bridge_n_3": null, "bridge_n_4": null, "name_it": null, "name_fr": null, "name_es": null, "name_en": null, "name_de": null, "minspeed_m": null, "maxspeed_m": null, "layer": null, "bridge_n_5": null, "bridge": null, "toll": null, "start_date": null, "short_name": null, "motorcar": null, "minspeed": null, "maxspeed": null, "maxaxleloa": null, "lit": null, "horse": null, "emergency": null, "bicycle": null, "alt_name_f": null, "alt_name_e": null, "alt_name_1": null, "alt_name_d": null, "alt_name": null, "access": null, "hgv": null, "ref": null, "junction": null, "width": null, "surface": null, "smoothness": null, "oneway": "yes", "name": "Jalan Haji Mohammad Noer", "motorcyc_1": null, "lanes": "2", "foot": null }, "geometry": { "type": "MultiLineString", "coordinates": [ [ [ 112.7688474, -7.2452776 ], [ 112.7688422, -7.2451897 ], [ 112.7688573, -7.2449716 ] ] ] } },
{ "type": "Feature", "properties": { "full_id": "w583827764", "osm_id": "583827764", "osm_type": "way", "highway": "trunk", "turn_lanes": null, "tunnel": null, "hgv_condit": null, "cycleway_l": null, "cycleway_r": null, "motorcycle": null, "destinatio": null, "destinat_1": null, "motor_vehi": null, "sidewalk": null, "wikidata": null, "bridge_nam": null, "bridge_n_1": null, "bridge_n_2": null, "bridge_n_3": null, "bridge_n_4": null, "name_it": null, "name_fr": null, "name_es": null, "name_en": null, "name_de": null, "minspeed_m": null, "maxspeed_m": null, "layer": null, "bridge_n_5": null, "bridge": null, "toll": null, "start_date": null, "short_name": null, "motorcar": null, "minspeed": null, "maxspeed": null, "maxaxleloa": null, "lit": null, "horse": null, "emergency": null, "bicycle": null, "alt_name_f": null, "alt_name_e": null, "alt_name_1": null, "alt_name_d": null, "alt_name": null, "access": null, "hgv": null, "ref": null, "junction": null, "width": "4", "surface": "asphalt", "smoothness": "good", "oneway": "yes", "name": "Jalan Kusuma Bangsa", "motorcyc_1": "yes", "lanes": "3", "foot": null }, "geometry": { "type": "MultiLineString", "coordinates": [ [ [ 112.7508244, -7.2574776 ], [ 112.7508539, -7.2576268 ], [ 112.750933, -7.2580273 ], [ 112.7510205, -7.2585109 ], [ 112.7511045, -7.2590778 ], [ 112.7511153, -7.2591506 ], [ 112.7512358, -7.259861 ], [ 112.7513346, -7.2607034 ] ] ] } },
{ "type": "Feature", "properties": { "full_id": "w583827768", "osm_id": "583827768", "osm_type": "way", "highway": "trunk", "turn_lanes": null, "tunnel": null, "hgv_condit": null, "cycleway_l": null, "cycleway_r": null, "motorcycle": null, "destinatio": null, "destinat_1": null, "motor_vehi": null, "sidewalk": null, "wikidata": null, "bridge_nam": null, "bridge_n_1": null, "bridge_n_2": null, "bridge_n_3": null, "bridge_n_4": null, "name_it": null, "name_fr": null, "name_es": null, "name_en": null, "name_de": null, "minspeed_m": null, "maxspeed_m": null, "layer": null, "bridge_n_5": null, "bridge": null, "toll": null, "start_date": null, "short_name": null, "motorcar": null, "minspeed": null, "maxspeed": null, "maxaxleloa": null, "lit": null, "horse": null, "emergency": null, "bicycle": null, "alt_name_f": null, "alt_name_e": null, "alt_name_1": null, "alt_name_d": null, "alt_name": null, "access": null, "hgv": null, "ref": null, "junction": null, "width": "4", "surface": "asphalt", "smoothness": "good", "oneway": "yes", "name": "Jalan Kusuma Bangsa", "motorcyc_1": "yes", "lanes": "3", "foot": null }, "geometry": { "type": "MultiLineString", "coordinates": [ [ [ 112.750522, -7.255979 ], [ 112.7505396, -7.2560688 ] ] ] } },
{ "type": "Feature", "properties": { "full_id": "w583872433", "osm_id": "583872433", "osm_type": "way", "highway": "trunk", "turn_lanes": null, "tunnel": null, "hgv_condit": null, "cycleway_l": null, "cycleway_r": null, "motorcycle": null, "destinatio": null, "destinat_1": null, "motor_vehi": null, "sidewalk": null, "wikidata": null, "bridge_nam": null, "bridge_n_1": null, "bridge_n_2": null, "bridge_n_3": null, "bridge_n_4": null, "name_it": null, "name_fr": null, "name_es": null, "name_en": null, "name_de": null, "minspeed_m": null, "maxspeed_m": null, "layer": null, "bridge_n_5": null, "bridge": null, "toll": null, "start_date": null, "short_name": null, "motorcar": null, "minspeed": null, "maxspeed": null, "maxaxleloa": null, "lit": null, "horse": null, "emergency": null, "bicycle": null, "alt_name_f": null, "alt_name_e": null, "alt_name_1": null, "alt_name_d": null, "alt_name": null, "access": null, "hgv": null, "ref": "1", "junction": null, "width": "4", "surface": "asphalt", "smoothness": "intermediate", "oneway": "yes", "name": "Jalan Tembok Dukuh", "motorcyc_1": "yes", "lanes": "2", "foot": null }, "geometry": { "type": "MultiLineString", "coordinates": [ [ [ 112.7275975, -7.2559672 ], [ 112.727395, -7.2559466 ] ] ] } },
{ "type": "Feature", "properties": { "full_id": "w586452443", "osm_id": "586452443", "osm_type": "way", "highway": "trunk", "turn_lanes": null, "tunnel": null, "hgv_condit": null, "cycleway_l": null, "cycleway_r": null, "motorcycle": null, "destinatio": null, "destinat_1": null, "motor_vehi": null, "sidewalk": null, "wikidata": null, "bridge_nam": null, "bridge_n_1": null, "bridge_n_2": null, "bridge_n_3": null, "bridge_n_4": null, "name_it": null, "name_fr": null, "name_es": null, "name_en": null, "name_de": null, "minspeed_m": null, "maxspeed_m": null, "layer": null, "bridge_n_5": null, "bridge": null, "toll": null, "start_date": null, "short_name": null, "motorcar": null, "minspeed": null, "maxspeed": null, "maxaxleloa": null, "lit": null, "horse": null, "emergency": null, "bicycle": null, "alt_name_f": null, "alt_name_e": null, "alt_name_1": null, "alt_name_d": null, "alt_name": "Jalan Ahmad Yani", "access": null, "hgv": null, "ref": "1", "junction": null, "width": "16", "surface": "asphalt", "smoothness": "good", "oneway": "yes", "name": "Jalan Jenderal Ahmad Yani", "motorcyc_1": "yes", "lanes": "4", "foot": null }, "geometry": { "type": "MultiLineString", "coordinates": [ [ [ 112.7309419, -7.3283688 ], [ 112.730903, -7.3282627 ], [ 112.7308949, -7.3282404 ], [ 112.7308486, -7.3280674 ], [ 112.7307916, -7.3277725 ], [ 112.7307601, -7.3275642 ], [ 112.7307599, -7.327327 ], [ 112.7307745, -7.3271348 ], [ 112.7308041, -7.3269578 ], [ 112.7308391, -7.3268461 ], [ 112.7308835, -7.3267493 ], [ 112.7309298, -7.3266843 ], [ 112.7309835, -7.3266233 ], [ 112.7310557, -7.3265604 ], [ 112.7311348, -7.3265132 ], [ 112.7312262, -7.3264594 ] ] ] } },
{ "type": "Feature", "properties": { "full_id": "w588578644", "osm_id": "588578644", "osm_type": "way", "highway": "trunk", "turn_lanes": null, "tunnel": null, "hgv_condit": null, "cycleway_l": null, "cycleway_r": null, "motorcycle": null, "destinatio": null, "destinat_1": null, "motor_vehi": null, "sidewalk": null, "wikidata": null, "bridge_nam": null, "bridge_n_1": null, "bridge_n_2": null, "bridge_n_3": null, "bridge_n_4": null, "name_it": null, "name_fr": null, "name_es": null, "name_en": null, "name_de": null, "minspeed_m": null, "maxspeed_m": null, "layer": null, "bridge_n_5": null, "bridge": null, "toll": null, "start_date": null, "short_name": null, "motorcar": null, "minspeed": null, "maxspeed": null, "maxaxleloa": null, "lit": null, "horse": null, "emergency": null, "bicycle": null, "alt_name_f": null, "alt_name_e": null, "alt_name_1": null, "alt_name_d": null, "alt_name": null, "access": null, "hgv": null, "ref": null, "junction": null, "width": null, "surface": null, "smoothness": null, "oneway": "yes", "name": "Jalan Letnan Jenderal Sutoyo", "motorcyc_1": null, "lanes": null, "foot": null }, "geometry": { "type": "MultiLineString", "coordinates": [ [ [ 112.7119564, -7.351144 ], [ 112.7120829, -7.3511798 ], [ 112.7121077, -7.3511883 ], [ 112.7121207, -7.3511966 ], [ 112.7121711, -7.3512358 ] ] ] } },
{ "type": "Feature", "properties": { "full_id": "w589130975", "osm_id": "589130975", "osm_type": "way", "highway": "trunk", "turn_lanes": null, "tunnel": null, "hgv_condit": null, "cycleway_l": null, "cycleway_r": null, "motorcycle": null, "destinatio": null, "destinat_1": null, "motor_vehi": null, "sidewalk": null, "wikidata": null, "bridge_nam": null, "bridge_n_1": null, "bridge_n_2": null, "bridge_n_3": null, "bridge_n_4": null, "name_it": null, "name_fr": null, "name_es": null, "name_en": null, "name_de": null, "minspeed_m": null, "maxspeed_m": null, "layer": null, "bridge_n_5": null, "bridge": null, "toll": null, "start_date": null, "short_name": null, "motorcar": null, "minspeed": null, "maxspeed": null, "maxaxleloa": null, "lit": null, "horse": null, "emergency": null, "bicycle": null, "alt_name_f": null, "alt_name_e": null, "alt_name_1": null, "alt_name_d": null, "alt_name": null, "access": null, "hgv": null, "ref": null, "junction": null, "width": "6", "surface": "asphalt", "smoothness": "intermediate", "oneway": "yes", "name": "Jalan Perak Timur", "motorcyc_1": "yes", "lanes": "3", "foot": null }, "geometry": { "type": "MultiLineString", "coordinates": [ [ [ 112.7324334, -7.1978558 ], [ 112.7325728, -7.197974 ], [ 112.7326213, -7.1980208 ], [ 112.7326737, -7.1980887 ], [ 112.7327036, -7.198153 ], [ 112.7327203, -7.1982055 ], [ 112.7328338, -7.198797 ], [ 112.732868, -7.1989756 ], [ 112.7329344, -7.1993887 ], [ 112.7330487, -7.2001463 ] ] ] } },
{ "type": "Feature", "properties": { "full_id": "w656016105", "osm_id": "656016105", "osm_type": "way", "highway": "trunk", "turn_lanes": null, "tunnel": null, "hgv_condit": null, "cycleway_l": "shared_lane", "cycleway_r": "shared_lane", "motorcycle": null, "destinatio": null, "destinat_1": null, "motor_vehi": null, "sidewalk": null, "wikidata": null, "bridge_nam": null, "bridge_n_1": null, "bridge_n_2": null, "bridge_n_3": null, "bridge_n_4": null, "name_it": null, "name_fr": null, "name_es": null, "name_en": null, "name_de": null, "minspeed_m": null, "maxspeed_m": null, "layer": null, "bridge_n_5": null, "bridge": null, "toll": null, "start_date": null, "short_name": null, "motorcar": null, "minspeed": null, "maxspeed": null, "maxaxleloa": null, "lit": null, "horse": null, "emergency": null, "bicycle": null, "alt_name_f": null, "alt_name_e": null, "alt_name_1": null, "alt_name_d": null, "alt_name": null, "access": null, "hgv": null, "ref": null, "junction": null, "width": null, "surface": null, "smoothness": null, "oneway": "yes", "name": "Jalan Raya Gubeng", "motorcyc_1": null, "lanes": "4", "foot": "yes" }, "geometry": { "type": "MultiLineString", "coordinates": [ [ [ 112.7467686, -7.2744742 ], [ 112.7469503, -7.2740478 ], [ 112.7470717, -7.2737751 ], [ 112.7471812, -7.2735488 ], [ 112.7472387, -7.2734299 ], [ 112.7473025, -7.2732812 ], [ 112.7474727, -7.2729257 ], [ 112.7475629, -7.2727884 ], [ 112.7476564, -7.2726942 ], [ 112.7477275, -7.272633 ], [ 112.7478227, -7.2725838 ], [ 112.7479186, -7.2725206 ], [ 112.74804, -7.2724401 ], [ 112.7482525, -7.2723058 ], [ 112.7483929, -7.272223 ], [ 112.7485719, -7.2720996 ], [ 112.7487763, -7.2719568 ], [ 112.7490872, -7.2717052 ], [ 112.7493088, -7.2715222 ], [ 112.7493651, -7.2714765 ], [ 112.7496029, -7.2712623 ] ] ] } },
{ "type": "Feature", "properties": { "full_id": "w668822319", "osm_id": "668822319", "osm_type": "way", "highway": "trunk", "turn_lanes": null, "tunnel": "building_passage", "hgv_condit": null, "cycleway_l": null, "cycleway_r": null, "motorcycle": null, "destinatio": null, "destinat_1": null, "motor_vehi": null, "sidewalk": null, "wikidata": null, "bridge_nam": null, "bridge_n_1": null, "bridge_n_2": null, "bridge_n_3": null, "bridge_n_4": null, "name_it": null, "name_fr": null, "name_es": null, "name_en": null, "name_de": null, "minspeed_m": null, "maxspeed_m": null, "layer": null, "bridge_n_5": null, "bridge": null, "toll": null, "start_date": null, "short_name": null, "motorcar": null, "minspeed": null, "maxspeed": null, "maxaxleloa": null, "lit": null, "horse": null, "emergency": null, "bicycle": null, "alt_name_f": null, "alt_name_e": null, "alt_name_1": null, "alt_name_d": null, "alt_name": null, "access": null, "hgv": null, "ref": null, "junction": null, "width": "6", "surface": "asphalt", "smoothness": "intermediate", "oneway": "yes", "name": "Jalan Perak Barat", "motorcyc_1": "yes", "lanes": "3", "foot": null }, "geometry": { "type": "MultiLineString", "coordinates": [ [ [ 112.7327883, -7.1998497 ], [ 112.7327789, -7.1997675 ] ] ] } },
{ "type": "Feature", "properties": { "full_id": "w668822320", "osm_id": "668822320", "osm_type": "way", "highway": "trunk", "turn_lanes": null, "tunnel": null, "hgv_condit": null, "cycleway_l": null, "cycleway_r": null, "motorcycle": null, "destinatio": null, "destinat_1": null, "motor_vehi": null, "sidewalk": null, "wikidata": null, "bridge_nam": null, "bridge_n_1": null, "bridge_n_2": null, "bridge_n_3": null, "bridge_n_4": null, "name_it": null, "name_fr": null, "name_es": null, "name_en": null, "name_de": null, "minspeed_m": null, "maxspeed_m": null, "layer": null, "bridge_n_5": null, "bridge": null, "toll": null, "start_date": null, "short_name": null, "motorcar": null, "minspeed": null, "maxspeed": null, "maxaxleloa": null, "lit": null, "horse": null, "emergency": null, "bicycle": null, "alt_name_f": null, "alt_name_e": null, "alt_name_1": null, "alt_name_d": null, "alt_name": null, "access": null, "hgv": null, "ref": null, "junction": null, "width": "6", "surface": "asphalt", "smoothness": "intermediate", "oneway": "yes", "name": "Jalan Perak Barat", "motorcyc_1": "yes", "lanes": "3", "foot": null }, "geometry": { "type": "MultiLineString", "coordinates": [ [ [ 112.7328553, -7.2001767 ], [ 112.7328263, -7.2000226 ], [ 112.7327947, -7.1998787 ], [ 112.7327883, -7.1998497 ] ] ] } },
{ "type": "Feature", "properties": { "full_id": "w685141578", "osm_id": "685141578", "osm_type": "way", "highway": "trunk", "turn_lanes": null, "tunnel": null, "hgv_condit": null, "cycleway_l": "shared_lane", "cycleway_r": null, "motorcycle": null, "destinatio": null, "destinat_1": null, "motor_vehi": null, "sidewalk": null, "wikidata": null, "bridge_nam": null, "bridge_n_1": null, "bridge_n_2": null, "bridge_n_3": null, "bridge_n_4": null, "name_it": null, "name_fr": null, "name_es": null, "name_en": null, "name_de": null, "minspeed_m": null, "maxspeed_m": null, "layer": null, "bridge_n_5": null, "bridge": null, "toll": null, "start_date": null, "short_name": null, "motorcar": null, "minspeed": null, "maxspeed": null, "maxaxleloa": null, "lit": null, "horse": null, "emergency": null, "bicycle": null, "alt_name_f": null, "alt_name_e": null, "alt_name_1": null, "alt_name_d": null, "alt_name": "Jalan Gubeng", "access": null, "hgv": null, "ref": null, "junction": null, "width": null, "surface": null, "smoothness": null, "oneway": "yes", "name": "Jalan Sumatera", "motorcyc_1": null, "lanes": null, "foot": "yes" }, "geometry": { "type": "MultiLineString", "coordinates": [ [ [ 112.7506229, -7.2684864 ], [ 112.7508046, -7.2682157 ], [ 112.7508947, -7.2680601 ] ] ] } },
{ "type": "Feature", "properties": { "full_id": "w689034893", "osm_id": "689034893", "osm_type": "way", "highway": "trunk", "turn_lanes": null, "tunnel": null, "hgv_condit": null, "cycleway_l": null, "cycleway_r": null, "motorcycle": null, "destinatio": null, "destinat_1": null, "motor_vehi": null, "sidewalk": null, "wikidata": null, "bridge_nam": null, "bridge_n_1": null, "bridge_n_2": null, "bridge_n_3": null, "bridge_n_4": null, "name_it": null, "name_fr": null, "name_es": null, "name_en": null, "name_de": null, "minspeed_m": null, "maxspeed_m": null, "layer": null, "bridge_n_5": null, "bridge": null, "toll": null, "start_date": null, "short_name": null, "motorcar": null, "minspeed": null, "maxspeed": null, "maxaxleloa": null, "lit": null, "horse": null, "emergency": null, "bicycle": null, "alt_name_f": null, "alt_name_e": null, "alt_name_1": null, "alt_name_d": null, "alt_name": "Jalan Ahmad Yani", "access": null, "hgv": null, "ref": "1", "junction": null, "width": "16", "surface": "asphalt", "smoothness": "good", "oneway": "yes", "name": "Jalan Jenderal Ahmad Yani", "motorcyc_1": "no", "lanes": "4", "foot": "yes" }, "geometry": { "type": "MultiLineString", "coordinates": [ [ [ 112.7312393, -7.3264521 ], [ 112.7315229, -7.326312 ], [ 112.7316986, -7.3261617 ], [ 112.7317724, -7.3260606 ], [ 112.7318233, -7.3259196 ], [ 112.7318595, -7.3257507 ], [ 112.7321016, -7.3246623 ], [ 112.7323678, -7.3234655 ], [ 112.73265, -7.3221367 ], [ 112.7327127, -7.3218441 ], [ 112.7329757, -7.3206169 ], [ 112.7332601, -7.319302 ], [ 112.733282, -7.3192009 ], [ 112.7332857, -7.3191835 ] ] ] } },
{ "type": "Feature", "properties": { "full_id": "w693046088", "osm_id": "693046088", "osm_type": "way", "highway": "trunk", "turn_lanes": null, "tunnel": null, "hgv_condit": null, "cycleway_l": null, "cycleway_r": null, "motorcycle": null, "destinatio": null, "destinat_1": null, "motor_vehi": null, "sidewalk": null, "wikidata": null, "bridge_nam": null, "bridge_n_1": null, "bridge_n_2": null, "bridge_n_3": null, "bridge_n_4": null, "name_it": null, "name_fr": null, "name_es": null, "name_en": null, "name_de": null, "minspeed_m": null, "maxspeed_m": null, "layer": null, "bridge_n_5": null, "bridge": null, "toll": null, "start_date": null, "short_name": null, "motorcar": null, "minspeed": null, "maxspeed": null, "maxaxleloa": null, "lit": null, "horse": null, "emergency": null, "bicycle": null, "alt_name_f": null, "alt_name_e": null, "alt_name_1": null, "alt_name_d": null, "alt_name": null, "access": null, "hgv": null, "ref": "1", "junction": null, "width": null, "surface": null, "smoothness": null, "oneway": "yes", "name": "Jalan Veteran", "motorcyc_1": null, "lanes": "2", "foot": null }, "geometry": { "type": "MultiLineString", "coordinates": [ [ [ 112.6460207, -7.1919617 ], [ 112.6458827, -7.1924582 ], [ 112.6458443, -7.1927284 ], [ 112.6458602, -7.1942854 ] ] ] } },
{ "type": "Feature", "properties": { "full_id": "w698492727", "osm_id": "698492727", "osm_type": "way", "highway": "trunk", "turn_lanes": null, "tunnel": null, "hgv_condit": null, "cycleway_l": null, "cycleway_r": null, "motorcycle": null, "destinatio": null, "destinat_1": null, "motor_vehi": null, "sidewalk": null, "wikidata": null, "bridge_nam": null, "bridge_n_1": null, "bridge_n_2": null, "bridge_n_3": null, "bridge_n_4": null, "name_it": null, "name_fr": null, "name_es": null, "name_en": null, "name_de": null, "minspeed_m": null, "maxspeed_m": null, "layer": null, "bridge_n_5": null, "bridge": null, "toll": null, "start_date": null, "short_name": null, "motorcar": null, "minspeed": null, "maxspeed": null, "maxaxleloa": null, "lit": null, "horse": null, "emergency": null, "bicycle": null, "alt_name_f": null, "alt_name_e": null, "alt_name_1": null, "alt_name_d": null, "alt_name": null, "access": null, "hgv": null, "ref": null, "junction": null, "width": null, "surface": null, "smoothness": null, "oneway": "yes", "name": "Jalan Jenderal Achmad Yani", "motorcyc_1": null, "lanes": null, "foot": null }, "geometry": { "type": "MultiLineString", "coordinates": [ [ [ 112.7359823, -7.3071474 ], [ 112.7354657, -7.3094723 ], [ 112.7354133, -7.3095792 ] ] ] } },
{ "type": "Feature", "properties": { "full_id": "w704033023", "osm_id": "704033023", "osm_type": "way", "highway": "trunk", "turn_lanes": null, "tunnel": null, "hgv_condit": null, "cycleway_l": null, "cycleway_r": null, "motorcycle": null, "destinatio": null, "destinat_1": null, "motor_vehi": null, "sidewalk": null, "wikidata": null, "bridge_nam": null, "bridge_n_1": null, "bridge_n_2": null, "bridge_n_3": null, "bridge_n_4": null, "name_it": null, "name_fr": null, "name_es": null, "name_en": null, "name_de": null, "minspeed_m": null, "maxspeed_m": null, "layer": null, "bridge_n_5": null, "bridge": null, "toll": null, "start_date": null, "short_name": null, "motorcar": null, "minspeed": null, "maxspeed": null, "maxaxleloa": null, "lit": null, "horse": null, "emergency": null, "bicycle": null, "alt_name_f": null, "alt_name_e": null, "alt_name_1": null, "alt_name_d": null, "alt_name": null, "access": null, "hgv": null, "ref": "1", "junction": null, "width": "16", "surface": "asphalt", "smoothness": "good", "oneway": "yes", "name": "Jalan Jenderal Ahmad Yani", "motorcyc_1": "yes", "lanes": "4", "foot": null }, "geometry": { "type": "MultiLineString", "coordinates": [ [ [ 112.7310891, -7.3300012 ], [ 112.7307598, -7.3314145 ] ] ] } },
{ "type": "Feature", "properties": { "full_id": "w704033028", "osm_id": "704033028", "osm_type": "way", "highway": "trunk", "turn_lanes": null, "tunnel": null, "hgv_condit": null, "cycleway_l": null, "cycleway_r": null, "motorcycle": null, "destinatio": null, "destinat_1": null, "motor_vehi": null, "sidewalk": null, "wikidata": null, "bridge_nam": null, "bridge_n_1": null, "bridge_n_2": null, "bridge_n_3": null, "bridge_n_4": null, "name_it": null, "name_fr": null, "name_es": null, "name_en": null, "name_de": null, "minspeed_m": null, "maxspeed_m": null, "layer": null, "bridge_n_5": null, "bridge": null, "toll": null, "start_date": null, "short_name": null, "motorcar": null, "minspeed": null, "maxspeed": null, "maxaxleloa": null, "lit": null, "horse": null, "emergency": null, "bicycle": null, "alt_name_f": null, "alt_name_e": null, "alt_name_1": null, "alt_name_d": null, "alt_name": "Jalan Ahmad Yani", "access": null, "hgv": null, "ref": "1", "junction": null, "width": "16", "surface": "asphalt", "smoothness": "good", "oneway": "yes", "name": "Jalan Jenderal Ahmad Yani", "motorcyc_1": "yes", "lanes": "4", "foot": null }, "geometry": { "type": "MultiLineString", "coordinates": [ [ [ 112.7312262, -7.3264594 ], [ 112.7312393, -7.3264521 ] ] ] } },
{ "type": "Feature", "properties": { "full_id": "w704033029", "osm_id": "704033029", "osm_type": "way", "highway": "trunk", "turn_lanes": null, "tunnel": null, "hgv_condit": null, "cycleway_l": null, "cycleway_r": null, "motorcycle": null, "destinatio": null, "destinat_1": null, "motor_vehi": null, "sidewalk": null, "wikidata": null, "bridge_nam": null, "bridge_n_1": null, "bridge_n_2": null, "bridge_n_3": null, "bridge_n_4": null, "name_it": null, "name_fr": null, "name_es": null, "name_en": null, "name_de": null, "minspeed_m": null, "maxspeed_m": null, "layer": null, "bridge_n_5": null, "bridge": null, "toll": null, "start_date": null, "short_name": null, "motorcar": null, "minspeed": null, "maxspeed": null, "maxaxleloa": null, "lit": null, "horse": null, "emergency": null, "bicycle": null, "alt_name_f": null, "alt_name_e": null, "alt_name_1": null, "alt_name_d": null, "alt_name": "Jalan Ahmad Yani", "access": null, "hgv": null, "ref": "1", "junction": null, "width": "16", "surface": "asphalt", "smoothness": "good", "oneway": "yes", "name": "Jalan Jenderal Ahmad Yani", "motorcyc_1": "no", "lanes": "4", "foot": null }, "geometry": { "type": "MultiLineString", "coordinates": [ [ [ 112.7309907, -7.3297614 ], [ 112.7311511, -7.3290478 ], [ 112.7311544, -7.3289614 ], [ 112.7311487, -7.3288999 ], [ 112.7311313, -7.3288167 ], [ 112.7310996, -7.3287038 ], [ 112.7309419, -7.3283688 ] ] ] } },
{ "type": "Feature", "properties": { "full_id": "w704033030", "osm_id": "704033030", "osm_type": "way", "highway": "trunk", "turn_lanes": null, "tunnel": null, "hgv_condit": null, "cycleway_l": null, "cycleway_r": null, "motorcycle": null, "destinatio": null, "destinat_1": null, "motor_vehi": null, "sidewalk": null, "wikidata": null, "bridge_nam": null, "bridge_n_1": null, "bridge_n_2": null, "bridge_n_3": null, "bridge_n_4": null, "name_it": null, "name_fr": null, "name_es": null, "name_en": null, "name_de": null, "minspeed_m": null, "maxspeed_m": null, "layer": null, "bridge_n_5": null, "bridge": null, "toll": null, "start_date": null, "short_name": null, "motorcar": null, "minspeed": null, "maxspeed": null, "maxaxleloa": null, "lit": null, "horse": null, "emergency": null, "bicycle": null, "alt_name_f": null, "alt_name_e": null, "alt_name_1": null, "alt_name_d": null, "alt_name": "Bundaran Waru", "access": null, "hgv": null, "ref": "AH2;1", "junction": null, "width": null, "surface": "asphalt", "smoothness": null, "oneway": "yes", "name": "Jalan Raya Waru", "motorcyc_1": null, "lanes": null, "foot": null }, "geometry": { "type": "MultiLineString", "coordinates": [ [ [ 112.728308, -7.3456798 ], [ 112.7284652, -7.3456634 ] ] ] } },
{ "type": "Feature", "properties": { "full_id": "w704420734", "osm_id": "704420734", "osm_type": "way", "highway": "trunk", "turn_lanes": null, "tunnel": null, "hgv_condit": null, "cycleway_l": null, "cycleway_r": null, "motorcycle": null, "destinatio": null, "destinat_1": null, "motor_vehi": null, "sidewalk": null, "wikidata": null, "bridge_nam": null, "bridge_n_1": null, "bridge_n_2": null, "bridge_n_3": null, "bridge_n_4": null, "name_it": null, "name_fr": null, "name_es": null, "name_en": null, "name_de": null, "minspeed_m": null, "maxspeed_m": null, "layer": null, "bridge_n_5": null, "bridge": null, "toll": null, "start_date": null, "short_name": null, "motorcar": null, "minspeed": null, "maxspeed": null, "maxaxleloa": null, "lit": null, "horse": null, "emergency": null, "bicycle": null, "alt_name_f": null, "alt_name_e": null, "alt_name_1": null, "alt_name_d": null, "alt_name": "Jalan Ahmad Yani", "access": null, "hgv": null, "ref": "1", "junction": null, "width": "16", "surface": "asphalt", "smoothness": "good", "oneway": "yes", "name": "Jalan Jenderal Ahmad Yani", "motorcyc_1": "yes", "lanes": "4", "foot": "yes" }, "geometry": { "type": "MultiLineString", "coordinates": [ [ [ 112.7336418, -7.3181712 ], [ 112.7334832, -7.3189237 ], [ 112.7334508, -7.3190795 ] ] ] } },
{ "type": "Feature", "properties": { "full_id": "w704420735", "osm_id": "704420735", "osm_type": "way", "highway": "trunk", "turn_lanes": null, "tunnel": null, "hgv_condit": null, "cycleway_l": null, "cycleway_r": null, "motorcycle": null, "destinatio": null, "destinat_1": null, "motor_vehi": null, "sidewalk": null, "wikidata": null, "bridge_nam": null, "bridge_n_1": null, "bridge_n_2": null, "bridge_n_3": null, "bridge_n_4": null, "name_it": null, "name_fr": null, "name_es": null, "name_en": null, "name_de": null, "minspeed_m": null, "maxspeed_m": null, "layer": null, "bridge_n_5": null, "bridge": null, "toll": null, "start_date": null, "short_name": null, "motorcar": null, "minspeed": null, "maxspeed": null, "maxaxleloa": null, "lit": null, "horse": null, "emergency": null, "bicycle": null, "alt_name_f": null, "alt_name_e": null, "alt_name_1": null, "alt_name_d": null, "alt_name": "Jalan Ahmad Yani", "access": null, "hgv": null, "ref": "1", "junction": null, "width": "16", "surface": "asphalt", "smoothness": "good", "oneway": "yes", "name": "Jalan Jenderal Ahmad Yani", "motorcyc_1": "no", "lanes": "4", "foot": "yes" }, "geometry": { "type": "MultiLineString", "coordinates": [ [ [ 112.7335082, -7.3181406 ], [ 112.7338648, -7.3164865 ], [ 112.7338905, -7.3163674 ], [ 112.7339076, -7.3162879 ] ] ] } },
{ "type": "Feature", "properties": { "full_id": "w714386814", "osm_id": "714386814", "osm_type": "way", "highway": "trunk", "turn_lanes": null, "tunnel": null, "hgv_condit": null, "cycleway_l": null, "cycleway_r": null, "motorcycle": null, "destinatio": null, "destinat_1": null, "motor_vehi": "yes", "sidewalk": null, "wikidata": null, "bridge_nam": null, "bridge_n_1": null, "bridge_n_2": null, "bridge_n_3": null, "bridge_n_4": null, "name_it": null, "name_fr": null, "name_es": null, "name_en": null, "name_de": null, "minspeed_m": null, "maxspeed_m": null, "layer": null, "bridge_n_5": null, "bridge": null, "toll": null, "start_date": null, "short_name": null, "motorcar": null, "minspeed": null, "maxspeed": null, "maxaxleloa": null, "lit": null, "horse": null, "emergency": null, "bicycle": null, "alt_name_f": null, "alt_name_e": null, "alt_name_1": null, "alt_name_d": null, "alt_name": null, "access": null, "hgv": null, "ref": null, "junction": null, "width": "4", "surface": "asphalt", "smoothness": "good", "oneway": "yes", "name": "Jalan Bung Tomo", "motorcyc_1": null, "lanes": "4", "foot": null }, "geometry": { "type": "MultiLineString", "coordinates": [ [ [ 112.7461886, -7.2902993 ], [ 112.7462677, -7.2903794 ] ] ] } },
{ "type": "Feature", "properties": { "full_id": "w734644122", "osm_id": "734644122", "osm_type": "way", "highway": "trunk", "turn_lanes": null, "tunnel": null, "hgv_condit": null, "cycleway_l": null, "cycleway_r": null, "motorcycle": null, "destinatio": null, "destinat_1": null, "motor_vehi": null, "sidewalk": null, "wikidata": null, "bridge_nam": null, "bridge_n_1": null, "bridge_n_2": null, "bridge_n_3": null, "bridge_n_4": null, "name_it": null, "name_fr": null, "name_es": null, "name_en": null, "name_de": null, "minspeed_m": null, "maxspeed_m": null, "layer": null, "bridge_n_5": null, "bridge": null, "toll": null, "start_date": null, "short_name": null, "motorcar": null, "minspeed": null, "maxspeed": null, "maxaxleloa": null, "lit": null, "horse": null, "emergency": null, "bicycle": null, "alt_name_f": null, "alt_name_e": null, "alt_name_1": null, "alt_name_d": null, "alt_name": null, "access": null, "hgv": null, "ref": null, "junction": null, "width": "4", "surface": "asphalt", "smoothness": "intermediate", "oneway": "yes", "name": "Jalan Kapasari", "motorcyc_1": "yes", "lanes": "2", "foot": null }, "geometry": { "type": "MultiLineString", "coordinates": [ [ [ 112.750419, -7.2488966 ], [ 112.7503902, -7.2489497 ] ] ] } },
{ "type": "Feature", "properties": { "full_id": "w734644123", "osm_id": "734644123", "osm_type": "way", "highway": "trunk", "turn_lanes": null, "tunnel": null, "hgv_condit": null, "cycleway_l": null, "cycleway_r": null, "motorcycle": null, "destinatio": null, "destinat_1": null, "motor_vehi": null, "sidewalk": null, "wikidata": null, "bridge_nam": null, "bridge_n_1": null, "bridge_n_2": null, "bridge_n_3": null, "bridge_n_4": null, "name_it": null, "name_fr": null, "name_es": null, "name_en": null, "name_de": null, "minspeed_m": null, "maxspeed_m": null, "layer": null, "bridge_n_5": null, "bridge": null, "toll": null, "start_date": null, "short_name": null, "motorcar": null, "minspeed": null, "maxspeed": null, "maxaxleloa": null, "lit": null, "horse": null, "emergency": null, "bicycle": null, "alt_name_f": null, "alt_name_e": null, "alt_name_1": null, "alt_name_d": null, "alt_name": null, "access": null, "hgv": null, "ref": null, "junction": null, "width": "4", "surface": "asphalt", "smoothness": "intermediate", "oneway": "yes", "name": "Jalan Kapasari", "motorcyc_1": "yes", "lanes": "2", "foot": null }, "geometry": { "type": "MultiLineString", "coordinates": [ [ [ 112.7505599, -7.2486461 ], [ 112.7505317, -7.2487051 ], [ 112.7504928, -7.2487829 ], [ 112.750419, -7.2488966 ] ] ] } },
{ "type": "Feature", "properties": { "full_id": "w735135947", "osm_id": "735135947", "osm_type": "way", "highway": "trunk", "turn_lanes": null, "tunnel": null, "hgv_condit": null, "cycleway_l": null, "cycleway_r": null, "motorcycle": null, "destinatio": null, "destinat_1": null, "motor_vehi": null, "sidewalk": null, "wikidata": null, "bridge_nam": null, "bridge_n_1": null, "bridge_n_2": null, "bridge_n_3": null, "bridge_n_4": null, "name_it": null, "name_fr": null, "name_es": null, "name_en": null, "name_de": null, "minspeed_m": null, "maxspeed_m": null, "layer": null, "bridge_n_5": null, "bridge": null, "toll": null, "start_date": null, "short_name": null, "motorcar": null, "minspeed": null, "maxspeed": null, "maxaxleloa": null, "lit": null, "horse": null, "emergency": null, "bicycle": null, "alt_name_f": null, "alt_name_e": null, "alt_name_1": null, "alt_name_d": null, "alt_name": null, "access": null, "hgv": null, "ref": null, "junction": null, "width": null, "surface": null, "smoothness": null, "oneway": "yes", "name": "Jalan Romokalisari", "motorcyc_1": null, "lanes": "2", "foot": null }, "geometry": { "type": "MultiLineString", "coordinates": [ [ [ 112.6458602, -7.1964755 ], [ 112.6458679, -7.1971527 ], [ 112.6458715, -7.19736 ], [ 112.6458835, -7.1977765 ], [ 112.645889, -7.1982048 ], [ 112.645904, -7.1987131 ], [ 112.6459328, -7.1990527 ] ] ] } },
{ "type": "Feature", "properties": { "full_id": "w735384690", "osm_id": "735384690", "osm_type": "way", "highway": "trunk", "turn_lanes": null, "tunnel": null, "hgv_condit": null, "cycleway_l": null, "cycleway_r": null, "motorcycle": null, "destinatio": null, "destinat_1": null, "motor_vehi": null, "sidewalk": null, "wikidata": null, "bridge_nam": null, "bridge_n_1": null, "bridge_n_2": null, "bridge_n_3": null, "bridge_n_4": null, "name_it": null, "name_fr": null, "name_es": null, "name_en": null, "name_de": null, "minspeed_m": null, "maxspeed_m": null, "layer": null, "bridge_n_5": null, "bridge": null, "toll": null, "start_date": null, "short_name": null, "motorcar": null, "minspeed": null, "maxspeed": null, "maxaxleloa": null, "lit": null, "horse": null, "emergency": null, "bicycle": null, "alt_name_f": null, "alt_name_e": null, "alt_name_1": null, "alt_name_d": null, "alt_name": null, "access": null, "hgv": null, "ref": "1", "junction": null, "width": "8", "surface": "asphalt", "smoothness": "intermediate", "oneway": "yes", "name": "Jalan Raya Arjuno", "motorcyc_1": "yes", "lanes": "3", "foot": "yes" }, "geometry": { "type": "MultiLineString", "coordinates": [ [ [ 112.7275392, -7.2570388 ], [ 112.727447, -7.2576641 ], [ 112.7274184, -7.2578579 ], [ 112.7273923, -7.2580712 ] ] ] } },
{ "type": "Feature", "properties": { "full_id": "w735384691", "osm_id": "735384691", "osm_type": "way", "highway": "trunk", "turn_lanes": null, "tunnel": null, "hgv_condit": null, "cycleway_l": null, "cycleway_r": null, "motorcycle": null, "destinatio": null, "destinat_1": null, "motor_vehi": null, "sidewalk": null, "wikidata": null, "bridge_nam": null, "bridge_n_1": null, "bridge_n_2": null, "bridge_n_3": null, "bridge_n_4": null, "name_it": null, "name_fr": null, "name_es": null, "name_en": null, "name_de": null, "minspeed_m": null, "maxspeed_m": null, "layer": null, "bridge_n_5": null, "bridge": null, "toll": null, "start_date": null, "short_name": null, "motorcar": null, "minspeed": null, "maxspeed": null, "maxaxleloa": null, "lit": null, "horse": null, "emergency": null, "bicycle": null, "alt_name_f": null, "alt_name_e": null, "alt_name_1": null, "alt_name_d": null, "alt_name": null, "access": null, "hgv": null, "ref": "1", "junction": null, "width": "8", "surface": "asphalt", "smoothness": "intermediate", "oneway": "yes", "name": "Jalan Raya Arjuno", "motorcyc_1": "yes", "lanes": "3", "foot": "yes" }, "geometry": { "type": "MultiLineString", "coordinates": [ [ [ 112.7273916, -7.2570262 ], [ 112.7274547, -7.2565679 ], [ 112.7275093, -7.2562083 ] ] ] } },
{ "type": "Feature", "properties": { "full_id": "w735384692", "osm_id": "735384692", "osm_type": "way", "highway": "trunk", "turn_lanes": null, "tunnel": null, "hgv_condit": null, "cycleway_l": null, "cycleway_r": null, "motorcycle": null, "destinatio": null, "destinat_1": null, "motor_vehi": null, "sidewalk": null, "wikidata": null, "bridge_nam": null, "bridge_n_1": null, "bridge_n_2": null, "bridge_n_3": null, "bridge_n_4": null, "name_it": null, "name_fr": null, "name_es": null, "name_en": null, "name_de": null, "minspeed_m": null, "maxspeed_m": null, "layer": null, "bridge_n_5": null, "bridge": null, "toll": null, "start_date": null, "short_name": null, "motorcar": null, "minspeed": null, "maxspeed": null, "maxaxleloa": null, "lit": null, "horse": null, "emergency": null, "bicycle": null, "alt_name_f": null, "alt_name_e": null, "alt_name_1": null, "alt_name_d": null, "alt_name": null, "access": null, "hgv": null, "ref": "1", "junction": null, "width": "8", "surface": "asphalt", "smoothness": "intermediate", "oneway": "yes", "name": "Jalan Raya Arjuno", "motorcyc_1": "yes", "lanes": "3", "foot": "yes" }, "geometry": { "type": "MultiLineString", "coordinates": [ [ [ 112.727679, -7.2561102 ], [ 112.7276438, -7.2562958 ], [ 112.7276243, -7.2564125 ], [ 112.727602, -7.2565742 ], [ 112.72756, -7.2568985 ], [ 112.7275392, -7.2570388 ] ] ] } },
{ "type": "Feature", "properties": { "full_id": "w738477411", "osm_id": "738477411", "osm_type": "way", "highway": "trunk", "turn_lanes": null, "tunnel": null, "hgv_condit": null, "cycleway_l": null, "cycleway_r": null, "motorcycle": null, "destinatio": null, "destinat_1": null, "motor_vehi": null, "sidewalk": null, "wikidata": null, "bridge_nam": null, "bridge_n_1": null, "bridge_n_2": null, "bridge_n_3": null, "bridge_n_4": null, "name_it": null, "name_fr": null, "name_es": null, "name_en": null, "name_de": null, "minspeed_m": null, "maxspeed_m": null, "layer": null, "bridge_n_5": null, "bridge": null, "toll": null, "start_date": null, "short_name": null, "motorcar": null, "minspeed": null, "maxspeed": null, "maxaxleloa": null, "lit": null, "horse": null, "emergency": null, "bicycle": null, "alt_name_f": null, "alt_name_e": null, "alt_name_1": null, "alt_name_d": null, "alt_name": "Jalan Ahmad Yani", "access": null, "hgv": null, "ref": "1", "junction": null, "width": "16", "surface": "asphalt", "smoothness": "good", "oneway": "yes", "name": "Jalan Jenderal Ahmad Yani", "motorcyc_1": "yes", "lanes": "4", "foot": null }, "geometry": { "type": "MultiLineString", "coordinates": [ [ [ 112.7339076, -7.3162879 ], [ 112.7339251, -7.3161974 ] ] ] } },
{ "type": "Feature", "properties": { "full_id": "w747841325", "osm_id": "747841325", "osm_type": "way", "highway": "trunk", "turn_lanes": null, "tunnel": null, "hgv_condit": null, "cycleway_l": null, "cycleway_r": null, "motorcycle": null, "destinatio": null, "destinat_1": null, "motor_vehi": null, "sidewalk": null, "wikidata": null, "bridge_nam": null, "bridge_n_1": null, "bridge_n_2": null, "bridge_n_3": null, "bridge_n_4": null, "name_it": null, "name_fr": null, "name_es": null, "name_en": null, "name_de": null, "minspeed_m": null, "maxspeed_m": null, "layer": "1", "bridge_n_5": null, "bridge": "yes", "toll": null, "start_date": null, "short_name": null, "motorcar": null, "minspeed": null, "maxspeed": null, "maxaxleloa": null, "lit": null, "horse": null, "emergency": null, "bicycle": null, "alt_name_f": null, "alt_name_e": null, "alt_name_1": null, "alt_name_d": null, "alt_name": null, "access": null, "hgv": null, "ref": "AH2", "junction": null, "width": null, "surface": "asphalt", "smoothness": null, "oneway": "yes", "name": "Jalan Raya Taman", "motorcyc_1": null, "lanes": "2", "foot": null }, "geometry": { "type": "MultiLineString", "coordinates": [ [ [ 112.7028072, -7.3504404 ], [ 112.7027281, -7.3504577 ] ] ] } },
{ "type": "Feature", "properties": { "full_id": "w747841328", "osm_id": "747841328", "osm_type": "way", "highway": "trunk", "turn_lanes": null, "tunnel": null, "hgv_condit": null, "cycleway_l": null, "cycleway_r": null, "motorcycle": null, "destinatio": null, "destinat_1": null, "motor_vehi": null, "sidewalk": null, "wikidata": null, "bridge_nam": null, "bridge_n_1": null, "bridge_n_2": null, "bridge_n_3": null, "bridge_n_4": null, "name_it": null, "name_fr": null, "name_es": null, "name_en": null, "name_de": null, "minspeed_m": null, "maxspeed_m": null, "layer": "1", "bridge_n_5": null, "bridge": "yes", "toll": null, "start_date": null, "short_name": null, "motorcar": null, "minspeed": null, "maxspeed": null, "maxaxleloa": null, "lit": null, "horse": null, "emergency": null, "bicycle": null, "alt_name_f": null, "alt_name_e": null, "alt_name_1": null, "alt_name_d": null, "alt_name": null, "access": null, "hgv": null, "ref": "AH2", "junction": null, "width": null, "surface": "asphalt", "smoothness": null, "oneway": "yes", "name": "Jalan Raya Taman", "motorcyc_1": null, "lanes": "2", "foot": null }, "geometry": { "type": "MultiLineString", "coordinates": [ [ [ 112.7026979, -7.3503686 ], [ 112.7028038, -7.35035 ] ] ] } },
{ "type": "Feature", "properties": { "full_id": "w754203613", "osm_id": "754203613", "osm_type": "way", "highway": "trunk", "turn_lanes": null, "tunnel": null, "hgv_condit": null, "cycleway_l": null, "cycleway_r": null, "motorcycle": null, "destinatio": null, "destinat_1": null, "motor_vehi": null, "sidewalk": null, "wikidata": null, "bridge_nam": null, "bridge_n_1": null, "bridge_n_2": null, "bridge_n_3": null, "bridge_n_4": null, "name_it": null, "name_fr": null, "name_es": null, "name_en": null, "name_de": null, "minspeed_m": null, "maxspeed_m": null, "layer": null, "bridge_n_5": null, "bridge": null, "toll": null, "start_date": null, "short_name": null, "motorcar": null, "minspeed": null, "maxspeed": null, "maxaxleloa": null, "lit": null, "horse": null, "emergency": null, "bicycle": null, "alt_name_f": null, "alt_name_e": null, "alt_name_1": null, "alt_name_d": null, "alt_name": null, "access": null, "hgv": null, "ref": "1", "junction": null, "width": "4", "surface": "asphalt", "smoothness": "intermediate", "oneway": "yes", "name": "Jalan Tembok Dukuh", "motorcyc_1": "yes", "lanes": "2", "foot": "yes" }, "geometry": { "type": "MultiLineString", "coordinates": [ [ [ 112.7232698, -7.2553971 ], [ 112.723031, -7.2553586 ], [ 112.7221322, -7.2552018 ], [ 112.7214066, -7.2550629 ], [ 112.7205688, -7.2549151 ] ] ] } },
{ "type": "Feature", "properties": { "full_id": "w754203614", "osm_id": "754203614", "osm_type": "way", "highway": "trunk", "turn_lanes": null, "tunnel": null, "hgv_condit": null, "cycleway_l": null, "cycleway_r": null, "motorcycle": null, "destinatio": null, "destinat_1": null, "motor_vehi": null, "sidewalk": null, "wikidata": null, "bridge_nam": null, "bridge_n_1": null, "bridge_n_2": null, "bridge_n_3": null, "bridge_n_4": null, "name_it": null, "name_fr": null, "name_es": null, "name_en": null, "name_de": null, "minspeed_m": null, "maxspeed_m": null, "layer": null, "bridge_n_5": null, "bridge": null, "toll": null, "start_date": null, "short_name": null, "motorcar": null, "minspeed": null, "maxspeed": null, "maxaxleloa": null, "lit": null, "horse": null, "emergency": null, "bicycle": null, "alt_name_f": null, "alt_name_e": null, "alt_name_1": null, "alt_name_d": null, "alt_name": null, "access": null, "hgv": null, "ref": "1", "junction": null, "width": "4", "surface": "asphalt", "smoothness": "intermediate", "oneway": "yes", "name": "Jalan Tembok Dukuh", "motorcyc_1": "yes", "lanes": "2", "foot": "yes" }, "geometry": { "type": "MultiLineString", "coordinates": [ [ [ 112.7205746, -7.2548279 ], [ 112.7206121, -7.2548335 ], [ 112.7208383, -7.2548783 ], [ 112.7212192, -7.2549488 ], [ 112.7213788, -7.2549768 ], [ 112.7221402, -7.2551214 ], [ 112.7229378, -7.2552608 ], [ 112.7232818, -7.2553082 ] ] ] } },
{ "type": "Feature", "properties": { "full_id": "w755064581", "osm_id": "755064581", "osm_type": "way", "highway": "trunk", "turn_lanes": null, "tunnel": null, "hgv_condit": null, "cycleway_l": null, "cycleway_r": null, "motorcycle": null, "destinatio": null, "destinat_1": null, "motor_vehi": null, "sidewalk": null, "wikidata": null, "bridge_nam": null, "bridge_n_1": null, "bridge_n_2": null, "bridge_n_3": null, "bridge_n_4": null, "name_it": null, "name_fr": null, "name_es": null, "name_en": null, "name_de": null, "minspeed_m": null, "maxspeed_m": null, "layer": null, "bridge_n_5": null, "bridge": null, "toll": null, "start_date": null, "short_name": null, "motorcar": null, "minspeed": null, "maxspeed": null, "maxaxleloa": null, "lit": null, "horse": null, "emergency": null, "bicycle": null, "alt_name_f": null, "alt_name_e": null, "alt_name_1": null, "alt_name_d": null, "alt_name": null, "access": null, "hgv": null, "ref": "1", "junction": null, "width": "8", "surface": "asphalt", "smoothness": "intermediate", "oneway": "yes", "name": "Jalan Raya Arjuno", "motorcyc_1": "yes", "lanes": "3", "foot": "yes" }, "geometry": { "type": "MultiLineString", "coordinates": [ [ [ 112.7271684, -7.2595698 ], [ 112.7271517, -7.2596979 ] ] ] } },
{ "type": "Feature", "properties": { "full_id": "w755064582", "osm_id": "755064582", "osm_type": "way", "highway": "trunk", "turn_lanes": null, "tunnel": null, "hgv_condit": null, "cycleway_l": null, "cycleway_r": null, "motorcycle": null, "destinatio": null, "destinat_1": null, "motor_vehi": null, "sidewalk": null, "wikidata": null, "bridge_nam": null, "bridge_n_1": null, "bridge_n_2": null, "bridge_n_3": null, "bridge_n_4": null, "name_it": null, "name_fr": null, "name_es": null, "name_en": null, "name_de": null, "minspeed_m": null, "maxspeed_m": null, "layer": null, "bridge_n_5": null, "bridge": null, "toll": null, "start_date": null, "short_name": null, "motorcar": null, "minspeed": null, "maxspeed": null, "maxaxleloa": null, "lit": null, "horse": null, "emergency": null, "bicycle": null, "alt_name_f": null, "alt_name_e": null, "alt_name_1": null, "alt_name_d": null, "alt_name": null, "access": null, "hgv": null, "ref": "1", "junction": null, "width": "8", "surface": "asphalt", "smoothness": "intermediate", "oneway": "yes", "name": "Jalan Raya Arjuno", "motorcyc_1": "yes", "lanes": "3", "foot": "yes" }, "geometry": { "type": "MultiLineString", "coordinates": [ [ [ 112.7270006, -7.2596851 ], [ 112.7270044, -7.259655 ], [ 112.7270161, -7.2595549 ] ] ] } },
{ "type": "Feature", "properties": { "full_id": "w755430914", "osm_id": "755430914", "osm_type": "way", "highway": "trunk", "turn_lanes": null, "tunnel": null, "hgv_condit": null, "cycleway_l": null, "cycleway_r": null, "motorcycle": null, "destinatio": null, "destinat_1": null, "motor_vehi": null, "sidewalk": null, "wikidata": null, "bridge_nam": null, "bridge_n_1": null, "bridge_n_2": null, "bridge_n_3": null, "bridge_n_4": null, "name_it": null, "name_fr": null, "name_es": null, "name_en": null, "name_de": null, "minspeed_m": null, "maxspeed_m": null, "layer": null, "bridge_n_5": null, "bridge": null, "toll": null, "start_date": null, "short_name": null, "motorcar": null, "minspeed": null, "maxspeed": null, "maxaxleloa": null, "lit": null, "horse": null, "emergency": null, "bicycle": null, "alt_name_f": null, "alt_name_e": null, "alt_name_1": null, "alt_name_d": null, "alt_name": null, "access": null, "hgv": null, "ref": null, "junction": null, "width": null, "surface": null, "smoothness": null, "oneway": "yes", "name": "Jalan Sidotopo Lor", "motorcyc_1": null, "lanes": null, "foot": "yes" }, "geometry": { "type": "MultiLineString", "coordinates": [ [ [ 112.7543995, -7.2340862 ], [ 112.7543452, -7.2339791 ], [ 112.7540153, -7.2333484 ], [ 112.7538282, -7.2330411 ], [ 112.7534447, -7.2323628 ] ] ] } },
{ "type": "Feature", "properties": { "full_id": "w755430916", "osm_id": "755430916", "osm_type": "way", "highway": "trunk", "turn_lanes": null, "tunnel": null, "hgv_condit": null, "cycleway_l": null, "cycleway_r": null, "motorcycle": null, "destinatio": null, "destinat_1": null, "motor_vehi": null, "sidewalk": null, "wikidata": null, "bridge_nam": null, "bridge_n_1": null, "bridge_n_2": null, "bridge_n_3": null, "bridge_n_4": null, "name_it": null, "name_fr": null, "name_es": null, "name_en": null, "name_de": null, "minspeed_m": null, "maxspeed_m": null, "layer": null, "bridge_n_5": null, "bridge": null, "toll": null, "start_date": null, "short_name": null, "motorcar": null, "minspeed": null, "maxspeed": null, "maxaxleloa": null, "lit": null, "horse": null, "emergency": null, "bicycle": null, "alt_name_f": null, "alt_name_e": null, "alt_name_1": null, "alt_name_d": null, "alt_name": null, "access": null, "hgv": null, "ref": null, "junction": null, "width": null, "surface": null, "smoothness": null, "oneway": "yes", "name": "Jalan Sidotopo Lor", "motorcyc_1": null, "lanes": null, "foot": "yes" }, "geometry": { "type": "MultiLineString", "coordinates": [ [ [ 112.75258, -7.2306468 ], [ 112.7527474, -7.230947 ], [ 112.752764, -7.2309762 ], [ 112.7531361, -7.2316302 ], [ 112.7535291, -7.232312 ], [ 112.7536973, -7.2325906 ], [ 112.7538657, -7.2328695 ], [ 112.7541008, -7.2333083 ], [ 112.7544133, -7.2339353 ] ] ] } },
{ "type": "Feature", "properties": { "full_id": "w763516257", "osm_id": "763516257", "osm_type": "way", "highway": "trunk", "turn_lanes": null, "tunnel": null, "hgv_condit": null, "cycleway_l": null, "cycleway_r": null, "motorcycle": null, "destinatio": null, "destinat_1": null, "motor_vehi": null, "sidewalk": null, "wikidata": null, "bridge_nam": null, "bridge_n_1": null, "bridge_n_2": null, "bridge_n_3": null, "bridge_n_4": null, "name_it": null, "name_fr": null, "name_es": null, "name_en": null, "name_de": null, "minspeed_m": null, "maxspeed_m": null, "layer": null, "bridge_n_5": null, "bridge": null, "toll": null, "start_date": null, "short_name": null, "motorcar": null, "minspeed": null, "maxspeed": null, "maxaxleloa": null, "lit": null, "horse": null, "emergency": null, "bicycle": null, "alt_name_f": null, "alt_name_e": null, "alt_name_1": null, "alt_name_d": null, "alt_name": "Jalan Ahmad Yani", "access": null, "hgv": null, "ref": "1", "junction": null, "width": "16", "surface": "asphalt", "smoothness": "good", "oneway": "yes", "name": "Jalan Jenderal Ahmad Yani", "motorcyc_1": "yes", "lanes": "4", "foot": null }, "geometry": { "type": "MultiLineString", "coordinates": [ [ [ 112.7339251, -7.3161974 ], [ 112.7340195, -7.3157706 ] ] ] } },
{ "type": "Feature", "properties": { "full_id": "w763516259", "osm_id": "763516259", "osm_type": "way", "highway": "trunk", "turn_lanes": null, "tunnel": null, "hgv_condit": null, "cycleway_l": null, "cycleway_r": null, "motorcycle": null, "destinatio": null, "destinat_1": null, "motor_vehi": null, "sidewalk": null, "wikidata": null, "bridge_nam": null, "bridge_n_1": null, "bridge_n_2": null, "bridge_n_3": null, "bridge_n_4": null, "name_it": null, "name_fr": null, "name_es": null, "name_en": null, "name_de": null, "minspeed_m": null, "maxspeed_m": null, "layer": null, "bridge_n_5": null, "bridge": null, "toll": null, "start_date": null, "short_name": null, "motorcar": null, "minspeed": null, "maxspeed": null, "maxaxleloa": null, "lit": null, "horse": null, "emergency": null, "bicycle": null, "alt_name_f": null, "alt_name_e": null, "alt_name_1": null, "alt_name_d": null, "alt_name": "Jalan Ahmad Yani", "access": null, "hgv": null, "ref": "1", "junction": null, "width": "16", "surface": "asphalt", "smoothness": "good", "oneway": "yes", "name": "Jalan Jenderal Ahmad Yani", "motorcyc_1": "yes", "lanes": "4", "foot": "yes" }, "geometry": { "type": "MultiLineString", "coordinates": [ [ [ 112.7340553, -7.316222 ], [ 112.7340331, -7.3163152 ] ] ] } },
{ "type": "Feature", "properties": { "full_id": "w771232413", "osm_id": "771232413", "osm_type": "way", "highway": "trunk", "turn_lanes": null, "tunnel": null, "hgv_condit": null, "cycleway_l": null, "cycleway_r": null, "motorcycle": null, "destinatio": null, "destinat_1": null, "motor_vehi": null, "sidewalk": null, "wikidata": null, "bridge_nam": null, "bridge_n_1": null, "bridge_n_2": null, "bridge_n_3": null, "bridge_n_4": null, "name_it": null, "name_fr": null, "name_es": null, "name_en": null, "name_de": null, "minspeed_m": null, "maxspeed_m": null, "layer": null, "bridge_n_5": null, "bridge": null, "toll": null, "start_date": null, "short_name": null, "motorcar": null, "minspeed": null, "maxspeed": null, "maxaxleloa": null, "lit": null, "horse": null, "emergency": null, "bicycle": null, "alt_name_f": null, "alt_name_e": null, "alt_name_1": null, "alt_name_d": null, "alt_name": null, "access": null, "hgv": null, "ref": null, "junction": null, "width": null, "surface": null, "smoothness": null, "oneway": "yes", "name": "Jalan Letnan Jenderal Sutoyo", "motorcyc_1": null, "lanes": null, "foot": null }, "geometry": { "type": "MultiLineString", "coordinates": [ [ [ 112.7110729, -7.350938 ], [ 112.7112622, -7.35098 ], [ 112.7119564, -7.351144 ] ] ] } },
{ "type": "Feature", "properties": { "full_id": "w771232862", "osm_id": "771232862", "osm_type": "way", "highway": "trunk", "turn_lanes": null, "tunnel": null, "hgv_condit": null, "cycleway_l": null, "cycleway_r": null, "motorcycle": null, "destinatio": null, "destinat_1": null, "motor_vehi": null, "sidewalk": null, "wikidata": null, "bridge_nam": null, "bridge_n_1": null, "bridge_n_2": null, "bridge_n_3": null, "bridge_n_4": null, "name_it": null, "name_fr": null, "name_es": null, "name_en": null, "name_de": null, "minspeed_m": null, "maxspeed_m": null, "layer": null, "bridge_n_5": null, "bridge": null, "toll": null, "start_date": null, "short_name": null, "motorcar": null, "minspeed": null, "maxspeed": null, "maxaxleloa": null, "lit": null, "horse": null, "emergency": null, "bicycle": null, "alt_name_f": null, "alt_name_e": null, "alt_name_1": null, "alt_name_d": null, "alt_name": null, "access": null, "hgv": null, "ref": "AH2", "junction": null, "width": null, "surface": "asphalt", "smoothness": null, "oneway": "yes", "name": "Jalan Bypass Waru", "motorcyc_1": null, "lanes": null, "foot": null }, "geometry": { "type": "MultiLineString", "coordinates": [ [ [ 112.7120071, -7.3507587 ], [ 112.7118294, -7.3508275 ], [ 112.7117437, -7.3508627 ], [ 112.7116404, -7.350888 ], [ 112.7115116, -7.3509093 ], [ 112.7114346, -7.3509198 ], [ 112.7112883, -7.3509293 ], [ 112.7111569, -7.3509355 ], [ 112.7110729, -7.350938 ] ] ] } },
{ "type": "Feature", "properties": { "full_id": "w771556237", "osm_id": "771556237", "osm_type": "way", "highway": "trunk", "turn_lanes": null, "tunnel": null, "hgv_condit": null, "cycleway_l": null, "cycleway_r": null, "motorcycle": null, "destinatio": null, "destinat_1": null, "motor_vehi": null, "sidewalk": null, "wikidata": null, "bridge_nam": null, "bridge_n_1": null, "bridge_n_2": null, "bridge_n_3": null, "bridge_n_4": null, "name_it": null, "name_fr": null, "name_es": null, "name_en": null, "name_de": null, "minspeed_m": null, "maxspeed_m": null, "layer": null, "bridge_n_5": null, "bridge": null, "toll": null, "start_date": null, "short_name": null, "motorcar": null, "minspeed": null, "maxspeed": null, "maxaxleloa": null, "lit": null, "horse": null, "emergency": null, "bicycle": null, "alt_name_f": null, "alt_name_e": null, "alt_name_1": null, "alt_name_d": null, "alt_name": null, "access": null, "hgv": null, "ref": null, "junction": null, "width": "4", "surface": "asphalt", "smoothness": "intermediate", "oneway": "yes", "name": "Jalan Kenjeran", "motorcyc_1": "yes", "lanes": "2", "foot": "yes" }, "geometry": { "type": "MultiLineString", "coordinates": [ [ [ 112.7548127, -7.2412569 ], [ 112.7554043, -7.2414289 ] ] ] } },
{ "type": "Feature", "properties": { "full_id": "w771556238", "osm_id": "771556238", "osm_type": "way", "highway": "trunk", "turn_lanes": null, "tunnel": null, "hgv_condit": null, "cycleway_l": null, "cycleway_r": null, "motorcycle": null, "destinatio": null, "destinat_1": null, "motor_vehi": null, "sidewalk": null, "wikidata": null, "bridge_nam": null, "bridge_n_1": null, "bridge_n_2": null, "bridge_n_3": null, "bridge_n_4": null, "name_it": null, "name_fr": null, "name_es": null, "name_en": null, "name_de": null, "minspeed_m": null, "maxspeed_m": null, "layer": null, "bridge_n_5": null, "bridge": null, "toll": null, "start_date": null, "short_name": null, "motorcar": null, "minspeed": null, "maxspeed": null, "maxaxleloa": null, "lit": null, "horse": null, "emergency": null, "bicycle": null, "alt_name_f": null, "alt_name_e": null, "alt_name_1": null, "alt_name_d": null, "alt_name": null, "access": null, "hgv": null, "ref": null, "junction": null, "width": "4", "surface": "asphalt", "smoothness": "intermediate", "oneway": "yes", "name": "Jalan Kenjeran", "motorcyc_1": "yes", "lanes": "2", "foot": "yes" }, "geometry": { "type": "MultiLineString", "coordinates": [ [ [ 112.7530466, -7.2407212 ], [ 112.7532883, -7.2407868 ], [ 112.7536272, -7.240888 ], [ 112.7541494, -7.2410548 ], [ 112.7546958, -7.2412199 ], [ 112.7548127, -7.2412569 ] ] ] } },
{ "type": "Feature", "properties": { "full_id": "w771556239", "osm_id": "771556239", "osm_type": "way", "highway": "trunk", "turn_lanes": null, "tunnel": null, "hgv_condit": null, "cycleway_l": null, "cycleway_r": null, "motorcycle": null, "destinatio": null, "destinat_1": null, "motor_vehi": null, "sidewalk": null, "wikidata": null, "bridge_nam": null, "bridge_n_1": null, "bridge_n_2": null, "bridge_n_3": null, "bridge_n_4": null, "name_it": null, "name_fr": null, "name_es": null, "name_en": null, "name_de": null, "minspeed_m": null, "maxspeed_m": null, "layer": null, "bridge_n_5": null, "bridge": null, "toll": null, "start_date": null, "short_name": null, "motorcar": null, "minspeed": null, "maxspeed": null, "maxaxleloa": null, "lit": null, "horse": null, "emergency": null, "bicycle": null, "alt_name_f": null, "alt_name_e": null, "alt_name_1": null, "alt_name_d": null, "alt_name": null, "access": null, "hgv": null, "ref": null, "junction": null, "width": "4", "surface": "asphalt", "smoothness": "intermediate", "oneway": "yes", "name": "Jalan Kenjeran", "motorcyc_1": "yes", "lanes": "2", "foot": "yes" }, "geometry": { "type": "MultiLineString", "coordinates": [ [ [ 112.7547739, -7.2413686 ], [ 112.7541799, -7.2411768 ], [ 112.7531994, -7.2408602 ], [ 112.753007, -7.2407984 ] ] ] } },
{ "type": "Feature", "properties": { "full_id": "w771556240", "osm_id": "771556240", "osm_type": "way", "highway": "trunk", "turn_lanes": null, "tunnel": null, "hgv_condit": null, "cycleway_l": null, "cycleway_r": null, "motorcycle": null, "destinatio": null, "destinat_1": null, "motor_vehi": null, "sidewalk": null, "wikidata": null, "bridge_nam": null, "bridge_n_1": null, "bridge_n_2": null, "bridge_n_3": null, "bridge_n_4": null, "name_it": null, "name_fr": null, "name_es": null, "name_en": null, "name_de": null, "minspeed_m": null, "maxspeed_m": null, "layer": null, "bridge_n_5": null, "bridge": null, "toll": null, "start_date": null, "short_name": null, "motorcar": null, "minspeed": null, "maxspeed": null, "maxaxleloa": null, "lit": null, "horse": null, "emergency": null, "bicycle": null, "alt_name_f": null, "alt_name_e": null, "alt_name_1": null, "alt_name_d": null, "alt_name": null, "access": null, "hgv": null, "ref": null, "junction": null, "width": "4", "surface": "asphalt", "smoothness": "intermediate", "oneway": "yes", "name": "Jalan Kenjeran", "motorcyc_1": "yes", "lanes": "2", "foot": "yes" }, "geometry": { "type": "MultiLineString", "coordinates": [ [ [ 112.7553593, -7.241538 ], [ 112.7547739, -7.2413686 ] ] ] } },
{ "type": "Feature", "properties": { "full_id": "w773062214", "osm_id": "773062214", "osm_type": "way", "highway": "trunk", "turn_lanes": null, "tunnel": null, "hgv_condit": null, "cycleway_l": null, "cycleway_r": null, "motorcycle": null, "destinatio": null, "destinat_1": null, "motor_vehi": null, "sidewalk": null, "wikidata": null, "bridge_nam": null, "bridge_n_1": null, "bridge_n_2": null, "bridge_n_3": null, "bridge_n_4": null, "name_it": null, "name_fr": null, "name_es": null, "name_en": null, "name_de": null, "minspeed_m": null, "maxspeed_m": null, "layer": null, "bridge_n_5": null, "bridge": null, "toll": null, "start_date": null, "short_name": null, "motorcar": null, "minspeed": null, "maxspeed": null, "maxaxleloa": null, "lit": null, "horse": null, "emergency": null, "bicycle": null, "alt_name_f": null, "alt_name_e": null, "alt_name_1": null, "alt_name_d": null, "alt_name": null, "access": null, "hgv": null, "ref": null, "junction": null, "width": "6", "surface": "asphalt", "smoothness": "intermediate", "oneway": "yes", "name": "Jalan Gresik", "motorcyc_1": "yes", "lanes": "4", "foot": null }, "geometry": { "type": "MultiLineString", "coordinates": [ [ [ 112.7283232, -7.232472 ], [ 112.7280502, -7.2326107 ], [ 112.7277523, -7.2327306 ] ] ] } },
{ "type": "Feature", "properties": { "full_id": "w775843809", "osm_id": "775843809", "osm_type": "way", "highway": "trunk", "turn_lanes": null, "tunnel": null, "hgv_condit": null, "cycleway_l": null, "cycleway_r": null, "motorcycle": null, "destinatio": null, "destinat_1": null, "motor_vehi": null, "sidewalk": null, "wikidata": null, "bridge_nam": null, "bridge_n_1": null, "bridge_n_2": null, "bridge_n_3": null, "bridge_n_4": null, "name_it": null, "name_fr": null, "name_es": null, "name_en": null, "name_de": null, "minspeed_m": null, "maxspeed_m": null, "layer": null, "bridge_n_5": null, "bridge": null, "toll": null, "start_date": null, "short_name": null, "motorcar": null, "minspeed": null, "maxspeed": null, "maxaxleloa": null, "lit": null, "horse": null, "emergency": null, "bicycle": null, "alt_name_f": null, "alt_name_e": null, "alt_name_1": null, "alt_name_d": null, "alt_name": null, "access": null, "hgv": null, "ref": null, "junction": "roundabout", "width": "6", "surface": "asphalt", "smoothness": "intermediate", "oneway": null, "name": null, "motorcyc_1": "yes", "lanes": "4", "foot": null }, "geometry": { "type": "MultiLineString", "coordinates": [ [ [ 112.7363017, -7.2225988 ], [ 112.7362717, -7.2226153 ], [ 112.7362381, -7.2226228 ], [ 112.7362038, -7.2226205 ], [ 112.7361715, -7.2226088 ], [ 112.7361439, -7.2225885 ], [ 112.7361232, -7.2225613 ], [ 112.736111, -7.2225294 ], [ 112.7361083, -7.2225054 ], [ 112.7361155, -7.222462 ], [ 112.7361318, -7.222432 ], [ 112.7361559, -7.2224078 ], [ 112.736186, -7.2223913 ], [ 112.7362195, -7.2223839 ], [ 112.7362538, -7.2223861 ], [ 112.7362861, -7.2223978 ], [ 112.7363138, -7.2224181 ], [ 112.7363345, -7.2224453 ], [ 112.7363467, -7.2224772 ], [ 112.7363485, -7.2224931 ], [ 112.7363493, -7.2225112 ], [ 112.7363422, -7.2225446 ], [ 112.7363259, -7.2225746 ], [ 112.7363017, -7.2225988 ] ] ] } },
{ "type": "Feature", "properties": { "full_id": "w775844494", "osm_id": "775844494", "osm_type": "way", "highway": "trunk", "turn_lanes": null, "tunnel": null, "hgv_condit": null, "cycleway_l": null, "cycleway_r": null, "motorcycle": null, "destinatio": null, "destinat_1": null, "motor_vehi": null, "sidewalk": null, "wikidata": null, "bridge_nam": null, "bridge_n_1": null, "bridge_n_2": null, "bridge_n_3": null, "bridge_n_4": null, "name_it": null, "name_fr": null, "name_es": null, "name_en": null, "name_de": null, "minspeed_m": null, "maxspeed_m": null, "layer": null, "bridge_n_5": null, "bridge": null, "toll": null, "start_date": null, "short_name": null, "motorcar": null, "minspeed": null, "maxspeed": null, "maxaxleloa": null, "lit": null, "horse": null, "emergency": null, "bicycle": null, "alt_name_f": null, "alt_name_e": null, "alt_name_1": null, "alt_name_d": null, "alt_name": null, "access": null, "hgv": null, "ref": null, "junction": null, "width": "6", "surface": "asphalt", "smoothness": "intermediate", "oneway": "yes", "name": "Jalan Jakarta", "motorcyc_1": "yes", "lanes": "3", "foot": null }, "geometry": { "type": "MultiLineString", "coordinates": [ [ [ 112.7407016, -7.2223787 ], [ 112.7405702, -7.2223879 ] ] ] } },
{ "type": "Feature", "properties": { "full_id": "w775844495", "osm_id": "775844495", "osm_type": "way", "highway": "trunk", "turn_lanes": null, "tunnel": null, "hgv_condit": null, "cycleway_l": null, "cycleway_r": null, "motorcycle": null, "destinatio": null, "destinat_1": null, "motor_vehi": null, "sidewalk": null, "wikidata": null, "bridge_nam": null, "bridge_n_1": null, "bridge_n_2": null, "bridge_n_3": null, "bridge_n_4": null, "name_it": null, "name_fr": null, "name_es": null, "name_en": null, "name_de": null, "minspeed_m": null, "maxspeed_m": null, "layer": null, "bridge_n_5": null, "bridge": null, "toll": null, "start_date": null, "short_name": null, "motorcar": null, "minspeed": null, "maxspeed": null, "maxaxleloa": null, "lit": null, "horse": null, "emergency": null, "bicycle": null, "alt_name_f": null, "alt_name_e": null, "alt_name_1": null, "alt_name_d": null, "alt_name": null, "access": null, "hgv": null, "ref": null, "junction": null, "width": null, "surface": null, "smoothness": null, "oneway": "yes", "name": "Jalan Raya Hang Tuah", "motorcyc_1": null, "lanes": null, "foot": null }, "geometry": { "type": "MultiLineString", "coordinates": [ [ [ 112.7407123, -7.2222786 ], [ 112.7407016, -7.2223787 ] ] ] } },
{ "type": "Feature", "properties": { "full_id": "w778057734", "osm_id": "778057734", "osm_type": "way", "highway": "trunk", "turn_lanes": null, "tunnel": null, "hgv_condit": null, "cycleway_l": null, "cycleway_r": null, "motorcycle": null, "destinatio": null, "destinat_1": null, "motor_vehi": null, "sidewalk": null, "wikidata": null, "bridge_nam": null, "bridge_n_1": null, "bridge_n_2": null, "bridge_n_3": null, "bridge_n_4": null, "name_it": null, "name_fr": null, "name_es": null, "name_en": null, "name_de": null, "minspeed_m": null, "maxspeed_m": null, "layer": null, "bridge_n_5": null, "bridge": null, "toll": null, "start_date": null, "short_name": null, "motorcar": null, "minspeed": null, "maxspeed": null, "maxaxleloa": null, "lit": null, "horse": null, "emergency": null, "bicycle": null, "alt_name_f": null, "alt_name_e": null, "alt_name_1": null, "alt_name_d": null, "alt_name": null, "access": null, "hgv": null, "ref": "AH2", "junction": null, "width": null, "surface": "asphalt", "smoothness": null, "oneway": "yes", "name": "Jalan Bypass Waru", "motorcyc_1": null, "lanes": null, "foot": null }, "geometry": { "type": "MultiLineString", "coordinates": [ [ [ 112.7120356, -7.3507439 ], [ 112.7120071, -7.3507587 ] ] ] } },
{ "type": "Feature", "properties": { "full_id": "w779482580", "osm_id": "779482580", "osm_type": "way", "highway": "trunk", "turn_lanes": null, "tunnel": null, "hgv_condit": null, "cycleway_l": null, "cycleway_r": null, "motorcycle": null, "destinatio": null, "destinat_1": null, "motor_vehi": null, "sidewalk": null, "wikidata": null, "bridge_nam": null, "bridge_n_1": null, "bridge_n_2": null, "bridge_n_3": null, "bridge_n_4": null, "name_it": null, "name_fr": null, "name_es": null, "name_en": null, "name_de": null, "minspeed_m": null, "maxspeed_m": null, "layer": "1", "bridge_n_5": null, "bridge": "yes", "toll": null, "start_date": null, "short_name": null, "motorcar": null, "minspeed": null, "maxspeed": null, "maxaxleloa": null, "lit": null, "horse": null, "emergency": null, "bicycle": null, "alt_name_f": null, "alt_name_e": null, "alt_name_1": null, "alt_name_d": null, "alt_name": null, "access": null, "hgv": null, "ref": "1", "junction": null, "width": null, "surface": "asphalt", "smoothness": null, "oneway": "yes", "name": null, "motorcyc_1": null, "lanes": "1", "foot": null }, "geometry": { "type": "MultiLineString", "coordinates": [ [ [ 112.682609, -7.2299792 ], [ 112.6826567, -7.2298704 ] ] ] } },
{ "type": "Feature", "properties": { "full_id": "w781974439", "osm_id": "781974439", "osm_type": "way", "highway": "trunk", "turn_lanes": null, "tunnel": null, "hgv_condit": null, "cycleway_l": null, "cycleway_r": null, "motorcycle": null, "destinatio": null, "destinat_1": null, "motor_vehi": null, "sidewalk": null, "wikidata": null, "bridge_nam": null, "bridge_n_1": null, "bridge_n_2": null, "bridge_n_3": null, "bridge_n_4": null, "name_it": null, "name_fr": null, "name_es": null, "name_en": null, "name_de": null, "minspeed_m": null, "maxspeed_m": null, "layer": null, "bridge_n_5": null, "bridge": null, "toll": null, "start_date": null, "short_name": null, "motorcar": null, "minspeed": null, "maxspeed": null, "maxaxleloa": null, "lit": null, "horse": null, "emergency": null, "bicycle": null, "alt_name_f": null, "alt_name_e": null, "alt_name_1": null, "alt_name_d": null, "alt_name": null, "access": null, "hgv": null, "ref": "1", "junction": null, "width": null, "surface": null, "smoothness": null, "oneway": "yes", "name": "Jalan Veteran", "motorcyc_1": null, "lanes": "2", "foot": null }, "geometry": { "type": "MultiLineString", "coordinates": [ [ [ 112.647144, -7.1882992 ], [ 112.6468748, -7.1891449 ], [ 112.6464856, -7.1903662 ], [ 112.6460941, -7.1917112 ], [ 112.6460207, -7.1919617 ] ] ] } },
{ "type": "Feature", "properties": { "full_id": "w781974440", "osm_id": "781974440", "osm_type": "way", "highway": "trunk", "turn_lanes": null, "tunnel": null, "hgv_condit": null, "cycleway_l": null, "cycleway_r": null, "motorcycle": null, "destinatio": null, "destinat_1": null, "motor_vehi": null, "sidewalk": null, "wikidata": null, "bridge_nam": null, "bridge_n_1": null, "bridge_n_2": null, "bridge_n_3": null, "bridge_n_4": null, "name_it": null, "name_fr": null, "name_es": null, "name_en": null, "name_de": null, "minspeed_m": null, "maxspeed_m": null, "layer": null, "bridge_n_5": null, "bridge": null, "toll": null, "start_date": null, "short_name": null, "motorcar": null, "minspeed": null, "maxspeed": null, "maxaxleloa": null, "lit": null, "horse": null, "emergency": null, "bicycle": null, "alt_name_f": null, "alt_name_e": null, "alt_name_1": null, "alt_name_d": null, "alt_name": null, "access": null, "hgv": null, "ref": "1", "junction": null, "width": null, "surface": null, "smoothness": null, "oneway": "yes", "name": "Jalan Veteran", "motorcyc_1": null, "lanes": "2", "foot": null }, "geometry": { "type": "MultiLineString", "coordinates": [ [ [ 112.6459489, -7.1919484 ], [ 112.6467515, -7.1892837 ], [ 112.6470749, -7.1882834 ] ] ] } },
{ "type": "Feature", "properties": { "full_id": "w804262495", "osm_id": "804262495", "osm_type": "way", "highway": "trunk", "turn_lanes": null, "tunnel": null, "hgv_condit": null, "cycleway_l": null, "cycleway_r": null, "motorcycle": null, "destinatio": null, "destinat_1": null, "motor_vehi": null, "sidewalk": null, "wikidata": null, "bridge_nam": null, "bridge_n_1": null, "bridge_n_2": null, "bridge_n_3": null, "bridge_n_4": null, "name_it": null, "name_fr": null, "name_es": null, "name_en": null, "name_de": null, "minspeed_m": null, "maxspeed_m": null, "layer": null, "bridge_n_5": null, "bridge": null, "toll": null, "start_date": null, "short_name": null, "motorcar": null, "minspeed": null, "maxspeed": null, "maxaxleloa": null, "lit": null, "horse": null, "emergency": null, "bicycle": null, "alt_name_f": null, "alt_name_e": null, "alt_name_1": null, "alt_name_d": null, "alt_name": null, "access": null, "hgv": null, "ref": null, "junction": null, "width": null, "surface": null, "smoothness": null, "oneway": "yes", "name": null, "motorcyc_1": null, "lanes": null, "foot": null }, "geometry": { "type": "MultiLineString", "coordinates": [ [ [ 112.7324248, -7.1981026 ], [ 112.7324334, -7.1978558 ] ] ] } },
{ "type": "Feature", "properties": { "full_id": "w806663509", "osm_id": "806663509", "osm_type": "way", "highway": "trunk", "turn_lanes": null, "tunnel": null, "hgv_condit": null, "cycleway_l": null, "cycleway_r": null, "motorcycle": null, "destinatio": null, "destinat_1": null, "motor_vehi": null, "sidewalk": null, "wikidata": null, "bridge_nam": null, "bridge_n_1": null, "bridge_n_2": null, "bridge_n_3": null, "bridge_n_4": null, "name_it": null, "name_fr": null, "name_es": null, "name_en": null, "name_de": null, "minspeed_m": null, "maxspeed_m": null, "layer": null, "bridge_n_5": null, "bridge": null, "toll": null, "start_date": null, "short_name": null, "motorcar": null, "minspeed": null, "maxspeed": null, "maxaxleloa": null, "lit": null, "horse": null, "emergency": null, "bicycle": null, "alt_name_f": null, "alt_name_e": null, "alt_name_1": null, "alt_name_d": null, "alt_name": null, "access": null, "hgv": null, "ref": null, "junction": null, "width": "4", "surface": "asphalt", "smoothness": "good", "oneway": "yes", "name": "Jalan Ratna", "motorcyc_1": "yes", "lanes": "2", "foot": null }, "geometry": { "type": "MultiLineString", "coordinates": [ [ [ 112.7436472, -7.2905347 ], [ 112.7436088, -7.2904646 ], [ 112.7435838, -7.290413 ], [ 112.7435628, -7.2903725 ] ] ] } },
{ "type": "Feature", "properties": { "full_id": "w808543271", "osm_id": "808543271", "osm_type": "way", "highway": "trunk", "turn_lanes": null, "tunnel": null, "hgv_condit": null, "cycleway_l": null, "cycleway_r": null, "motorcycle": null, "destinatio": "Taman;Bungurasih;Mojokerto", "destinat_1": null, "motor_vehi": null, "sidewalk": null, "wikidata": null, "bridge_nam": null, "bridge_n_1": null, "bridge_n_2": null, "bridge_n_3": null, "bridge_n_4": null, "name_it": null, "name_fr": null, "name_es": null, "name_en": null, "name_de": null, "minspeed_m": null, "maxspeed_m": null, "layer": null, "bridge_n_5": null, "bridge": null, "toll": null, "start_date": null, "short_name": null, "motorcar": null, "minspeed": null, "maxspeed": null, "maxaxleloa": null, "lit": null, "horse": null, "emergency": null, "bicycle": null, "alt_name_f": null, "alt_name_e": null, "alt_name_1": null, "alt_name_d": null, "alt_name": null, "access": null, "hgv": null, "ref": "AH2", "junction": null, "width": null, "surface": "asphalt", "smoothness": null, "oneway": "yes", "name": "Jalan Bypass Waru", "motorcyc_1": null, "lanes": null, "foot": null }, "geometry": { "type": "MultiLineString", "coordinates": [ [ [ 112.7209054, -7.3465486 ], [ 112.7207626, -7.3466084 ], [ 112.7206331, -7.3466603 ], [ 112.7204836, -7.3467108 ], [ 112.7203616, -7.3467461 ], [ 112.7202483, -7.346774 ], [ 112.7201249, -7.346796 ], [ 112.7200403, -7.3468059 ], [ 112.7199827, -7.3468106 ], [ 112.7198772, -7.3468162 ], [ 112.7196836, -7.3468266 ], [ 112.7193242, -7.3468226 ], [ 112.7188401, -7.3468146 ], [ 112.7182621, -7.3467935 ] ] ] } },
{ "type": "Feature", "properties": { "full_id": "w808543272", "osm_id": "808543272", "osm_type": "way", "highway": "trunk", "turn_lanes": null, "tunnel": null, "hgv_condit": null, "cycleway_l": null, "cycleway_r": null, "motorcycle": null, "destinatio": null, "destinat_1": null, "motor_vehi": null, "sidewalk": null, "wikidata": null, "bridge_nam": null, "bridge_n_1": null, "bridge_n_2": null, "bridge_n_3": null, "bridge_n_4": null, "name_it": null, "name_fr": null, "name_es": null, "name_en": null, "name_de": null, "minspeed_m": null, "maxspeed_m": null, "layer": null, "bridge_n_5": null, "bridge": null, "toll": null, "start_date": null, "short_name": null, "motorcar": null, "minspeed": null, "maxspeed": null, "maxaxleloa": null, "lit": null, "horse": null, "emergency": null, "bicycle": null, "alt_name_f": null, "alt_name_e": null, "alt_name_1": null, "alt_name_d": null, "alt_name": null, "access": null, "hgv": null, "ref": "AH2", "junction": null, "width": null, "surface": "asphalt", "smoothness": null, "oneway": "yes", "name": "Jalan Bypass Waru", "motorcyc_1": null, "lanes": null, "foot": null }, "geometry": { "type": "MultiLineString", "coordinates": [ [ [ 112.7243469, -7.3469195 ], [ 112.7240952, -7.3468831 ], [ 112.7238277, -7.3468425 ], [ 112.7232832, -7.3467441 ], [ 112.7230994, -7.3467122 ], [ 112.7228956, -7.3466643 ], [ 112.7224895, -7.346521 ] ] ] } },
{ "type": "Feature", "properties": { "full_id": "w808547189", "osm_id": "808547189", "osm_type": "way", "highway": "trunk", "turn_lanes": null, "tunnel": null, "hgv_condit": null, "cycleway_l": null, "cycleway_r": null, "motorcycle": null, "destinatio": "Wonokromo", "destinat_1": null, "motor_vehi": null, "sidewalk": null, "wikidata": null, "bridge_nam": null, "bridge_n_1": null, "bridge_n_2": null, "bridge_n_3": null, "bridge_n_4": null, "name_it": null, "name_fr": null, "name_es": null, "name_en": null, "name_de": null, "minspeed_m": null, "maxspeed_m": null, "layer": null, "bridge_n_5": null, "bridge": null, "toll": null, "start_date": null, "short_name": null, "motorcar": null, "minspeed": null, "maxspeed": null, "maxaxleloa": null, "lit": null, "horse": null, "emergency": null, "bicycle": null, "alt_name_f": null, "alt_name_e": null, "alt_name_1": null, "alt_name_d": null, "alt_name": null, "access": null, "hgv": null, "ref": "AH2", "junction": null, "width": null, "surface": "asphalt", "smoothness": null, "oneway": "yes", "name": "Jalan Bypass Waru", "motorcyc_1": null, "lanes": null, "foot": null }, "geometry": { "type": "MultiLineString", "coordinates": [ [ [ 112.7236896, -7.3465009 ], [ 112.724236, -7.3465878 ] ] ] } },
{ "type": "Feature", "properties": { "full_id": "w808551416", "osm_id": "808551416", "osm_type": "way", "highway": "trunk", "turn_lanes": null, "tunnel": null, "hgv_condit": null, "cycleway_l": null, "cycleway_r": null, "motorcycle": null, "destinatio": "Wonokromo;Wonocolo", "destinat_1": null, "motor_vehi": null, "sidewalk": null, "wikidata": null, "bridge_nam": null, "bridge_n_1": null, "bridge_n_2": null, "bridge_n_3": null, "bridge_n_4": null, "name_it": null, "name_fr": null, "name_es": null, "name_en": null, "name_de": null, "minspeed_m": null, "maxspeed_m": null, "layer": null, "bridge_n_5": null, "bridge": null, "toll": null, "start_date": null, "short_name": null, "motorcar": null, "minspeed": null, "maxspeed": null, "maxaxleloa": null, "lit": null, "horse": null, "emergency": null, "bicycle": null, "alt_name_f": null, "alt_name_e": null, "alt_name_1": null, "alt_name_d": null, "alt_name": null, "access": null, "hgv": null, "ref": "AH2", "junction": null, "width": null, "surface": "asphalt", "smoothness": null, "oneway": "yes", "name": "Jalan Bypass Waru", "motorcyc_1": null, "lanes": null, "foot": null }, "geometry": { "type": "MultiLineString", "coordinates": [ [ [ 112.7266028, -7.3466638 ], [ 112.7267907, -7.3466412 ], [ 112.7269746, -7.3465969 ], [ 112.727152, -7.3465317 ], [ 112.7273206, -7.3464463 ], [ 112.7274779, -7.3463419 ], [ 112.7276218, -7.3462201 ], [ 112.7277504, -7.3460823 ] ] ] } },
{ "type": "Feature", "properties": { "full_id": "w808559386", "osm_id": "808559386", "osm_type": "way", "highway": "trunk", "turn_lanes": null, "tunnel": null, "hgv_condit": null, "cycleway_l": null, "cycleway_r": null, "motorcycle": null, "destinatio": "Juanda;Waru", "destinat_1": null, "motor_vehi": null, "sidewalk": null, "wikidata": null, "bridge_nam": null, "bridge_n_1": null, "bridge_n_2": null, "bridge_n_3": null, "bridge_n_4": null, "name_it": null, "name_fr": null, "name_es": null, "name_en": null, "name_de": null, "minspeed_m": null, "maxspeed_m": null, "layer": null, "bridge_n_5": null, "bridge": null, "toll": null, "start_date": null, "short_name": null, "motorcar": null, "minspeed": null, "maxspeed": null, "maxaxleloa": null, "lit": null, "horse": null, "emergency": null, "bicycle": null, "alt_name_f": null, "alt_name_e": null, "alt_name_1": null, "alt_name_d": null, "alt_name": null, "access": null, "hgv": null, "ref": "AH2;1", "junction": null, "width": null, "surface": "asphalt", "smoothness": null, "oneway": "yes", "name": "Jalan Raya Waru", "motorcyc_1": null, "lanes": null, "foot": "yes" }, "geometry": { "type": "MultiLineString", "coordinates": [ [ [ 112.7292837, -7.3471946 ], [ 112.7293108, -7.3474983 ], [ 112.7293274, -7.3478573 ], [ 112.7293275, -7.3480722 ] ] ] } },
{ "type": "Feature", "properties": { "full_id": "w809023932", "osm_id": "809023932", "osm_type": "way", "highway": "trunk", "turn_lanes": null, "tunnel": null, "hgv_condit": null, "cycleway_l": null, "cycleway_r": null, "motorcycle": null, "destinatio": null, "destinat_1": null, "motor_vehi": null, "sidewalk": null, "wikidata": null, "bridge_nam": null, "bridge_n_1": null, "bridge_n_2": null, "bridge_n_3": null, "bridge_n_4": null, "name_it": null, "name_fr": null, "name_es": null, "name_en": null, "name_de": null, "minspeed_m": null, "maxspeed_m": null, "layer": null, "bridge_n_5": null, "bridge": null, "toll": null, "start_date": null, "short_name": null, "motorcar": null, "minspeed": null, "maxspeed": null, "maxaxleloa": null, "lit": null, "horse": null, "emergency": null, "bicycle": null, "alt_name_f": null, "alt_name_e": null, "alt_name_1": null, "alt_name_d": null, "alt_name": null, "access": null, "hgv": null, "ref": "1", "junction": null, "width": null, "surface": "asphalt", "smoothness": "good", "oneway": "yes", "name": "Jalan Tambak Oso Wilangon", "motorcyc_1": "yes", "lanes": "2", "foot": "yes" }, "geometry": { "type": "MultiLineString", "coordinates": [ [ [ 112.6541913, -7.2160193 ], [ 112.6542677, -7.2161297 ], [ 112.6545989, -7.2170231 ] ] ] } },
{ "type": "Feature", "properties": { "full_id": "w809557299", "osm_id": "809557299", "osm_type": "way", "highway": "trunk", "turn_lanes": null, "tunnel": null, "hgv_condit": null, "cycleway_l": null, "cycleway_r": null, "motorcycle": null, "destinatio": null, "destinat_1": null, "motor_vehi": null, "sidewalk": null, "wikidata": null, "bridge_nam": null, "bridge_n_1": null, "bridge_n_2": null, "bridge_n_3": null, "bridge_n_4": null, "name_it": null, "name_fr": null, "name_es": null, "name_en": null, "name_de": null, "minspeed_m": null, "maxspeed_m": null, "layer": null, "bridge_n_5": null, "bridge": null, "toll": null, "start_date": null, "short_name": null, "motorcar": null, "minspeed": null, "maxspeed": null, "maxaxleloa": null, "lit": null, "horse": null, "emergency": null, "bicycle": null, "alt_name_f": null, "alt_name_e": null, "alt_name_1": null, "alt_name_d": null, "alt_name": null, "access": null, "hgv": null, "ref": null, "junction": null, "width": "16", "surface": "asphalt", "smoothness": "good", "oneway": "yes", "name": "Jalan Jenderal Achmad Yani", "motorcyc_1": "no", "lanes": "4", "foot": "yes" }, "geometry": { "type": "MultiLineString", "coordinates": [ [ [ 112.73544, -7.3082015 ], [ 112.7353088, -7.3080699 ] ] ] } },
{ "type": "Feature", "properties": { "full_id": "w814438709", "osm_id": "814438709", "osm_type": "way", "highway": "trunk", "turn_lanes": null, "tunnel": null, "hgv_condit": null, "cycleway_l": null, "cycleway_r": null, "motorcycle": null, "destinatio": null, "destinat_1": null, "motor_vehi": null, "sidewalk": null, "wikidata": null, "bridge_nam": null, "bridge_n_1": null, "bridge_n_2": null, "bridge_n_3": null, "bridge_n_4": null, "name_it": null, "name_fr": null, "name_es": null, "name_en": null, "name_de": null, "minspeed_m": null, "maxspeed_m": null, "layer": "1", "bridge_n_5": null, "bridge": "yes", "toll": null, "start_date": null, "short_name": null, "motorcar": null, "minspeed": null, "maxspeed": null, "maxaxleloa": null, "lit": null, "horse": null, "emergency": null, "bicycle": null, "alt_name_f": null, "alt_name_e": null, "alt_name_1": null, "alt_name_d": null, "alt_name": null, "access": null, "hgv": null, "ref": "AH2;1", "junction": null, "width": null, "surface": "asphalt", "smoothness": null, "oneway": "yes", "name": "Jalan Raya Waru", "motorcyc_1": null, "lanes": null, "foot": "yes" }, "geometry": { "type": "MultiLineString", "coordinates": [ [ [ 112.7293275, -7.3480722 ], [ 112.7293222, -7.3483615 ] ] ] } },
{ "type": "Feature", "properties": { "full_id": "w814438710", "osm_id": "814438710", "osm_type": "way", "highway": "trunk", "turn_lanes": null, "tunnel": null, "hgv_condit": null, "cycleway_l": null, "cycleway_r": null, "motorcycle": null, "destinatio": null, "destinat_1": null, "motor_vehi": null, "sidewalk": null, "wikidata": null, "bridge_nam": null, "bridge_n_1": null, "bridge_n_2": null, "bridge_n_3": null, "bridge_n_4": null, "name_it": null, "name_fr": null, "name_es": null, "name_en": null, "name_de": null, "minspeed_m": null, "maxspeed_m": null, "layer": null, "bridge_n_5": null, "bridge": null, "toll": null, "start_date": null, "short_name": null, "motorcar": null, "minspeed": null, "maxspeed": null, "maxaxleloa": null, "lit": null, "horse": null, "emergency": null, "bicycle": null, "alt_name_f": null, "alt_name_e": null, "alt_name_1": null, "alt_name_d": null, "alt_name": null, "access": null, "hgv": null, "ref": "AH2;1", "junction": null, "width": null, "surface": "asphalt", "smoothness": null, "oneway": "yes", "name": "Jalan Raya Waru", "motorcyc_1": null, "lanes": null, "foot": null }, "geometry": { "type": "MultiLineString", "coordinates": [ [ [ 112.7288443, -7.3482112 ], [ 112.7287475, -7.3481636 ], [ 112.7286681, -7.3481333 ], [ 112.7285651, -7.3480981 ], [ 112.7283488, -7.3480111 ] ] ] } },
{ "type": "Feature", "properties": { "full_id": "w814438711", "osm_id": "814438711", "osm_type": "way", "highway": "trunk", "turn_lanes": null, "tunnel": null, "hgv_condit": null, "cycleway_l": null, "cycleway_r": null, "motorcycle": null, "destinatio": null, "destinat_1": null, "motor_vehi": null, "sidewalk": null, "wikidata": null, "bridge_nam": null, "bridge_n_1": null, "bridge_n_2": null, "bridge_n_3": null, "bridge_n_4": null, "name_it": null, "name_fr": null, "name_es": null, "name_en": null, "name_de": null, "minspeed_m": null, "maxspeed_m": null, "layer": "1", "bridge_n_5": null, "bridge": "yes", "toll": null, "start_date": null, "short_name": null, "motorcar": null, "minspeed": null, "maxspeed": null, "maxaxleloa": null, "lit": null, "horse": null, "emergency": null, "bicycle": null, "alt_name_f": null, "alt_name_e": null, "alt_name_1": null, "alt_name_d": null, "alt_name": null, "access": "yes", "hgv": null, "ref": "AH2;1", "junction": null, "width": null, "surface": "asphalt", "smoothness": null, "oneway": "yes", "name": "Jalan Raya Waru", "motorcyc_1": null, "lanes": null, "foot": null }, "geometry": { "type": "MultiLineString", "coordinates": [ [ [ 112.7290339, -7.3484213 ], [ 112.7289512, -7.3483139 ], [ 112.7288443, -7.3482112 ] ] ] } },
{ "type": "Feature", "properties": { "full_id": "w814477392", "osm_id": "814477392", "osm_type": "way", "highway": "trunk", "turn_lanes": null, "tunnel": null, "hgv_condit": null, "cycleway_l": null, "cycleway_r": null, "motorcycle": null, "destinatio": null, "destinat_1": null, "motor_vehi": null, "sidewalk": null, "wikidata": null, "bridge_nam": null, "bridge_n_1": null, "bridge_n_2": null, "bridge_n_3": null, "bridge_n_4": null, "name_it": null, "name_fr": null, "name_es": null, "name_en": null, "name_de": null, "minspeed_m": null, "maxspeed_m": null, "layer": null, "bridge_n_5": null, "bridge": null, "toll": null, "start_date": null, "short_name": null, "motorcar": null, "minspeed": null, "maxspeed": null, "maxaxleloa": null, "lit": null, "horse": null, "emergency": null, "bicycle": null, "alt_name_f": null, "alt_name_e": null, "alt_name_1": null, "alt_name_d": null, "alt_name": null, "access": null, "hgv": null, "ref": null, "junction": null, "width": null, "surface": null, "smoothness": null, "oneway": "yes", "name": "Jalan Wonokromo", "motorcyc_1": null, "lanes": null, "foot": null }, "geometry": { "type": "MultiLineString", "coordinates": [ [ [ 112.7361128, -7.3053975 ], [ 112.7362066, -7.3050392 ], [ 112.7362845, -7.3047411 ], [ 112.7363851, -7.3043393 ], [ 112.7364407, -7.3041092 ], [ 112.7365405, -7.3036541 ], [ 112.7365443, -7.3036369 ], [ 112.736744, -7.3026955 ], [ 112.7367853, -7.3025154 ], [ 112.7368266, -7.3023054 ], [ 112.7368386, -7.3022661 ], [ 112.7368678, -7.3022329 ], [ 112.7369491, -7.3021968 ] ] ] } },
{ "type": "Feature", "properties": { "full_id": "w819850338", "osm_id": "819850338", "osm_type": "way", "highway": "trunk", "turn_lanes": null, "tunnel": null, "hgv_condit": null, "cycleway_l": null, "cycleway_r": null, "motorcycle": null, "destinatio": null, "destinat_1": null, "motor_vehi": null, "sidewalk": null, "wikidata": null, "bridge_nam": null, "bridge_n_1": null, "bridge_n_2": null, "bridge_n_3": null, "bridge_n_4": null, "name_it": null, "name_fr": null, "name_es": null, "name_en": null, "name_de": null, "minspeed_m": null, "maxspeed_m": null, "layer": null, "bridge_n_5": null, "bridge": null, "toll": null, "start_date": null, "short_name": null, "motorcar": null, "minspeed": null, "maxspeed": null, "maxaxleloa": null, "lit": null, "horse": null, "emergency": null, "bicycle": null, "alt_name_f": null, "alt_name_e": null, "alt_name_1": null, "alt_name_d": null, "alt_name": null, "access": null, "hgv": null, "ref": "1", "junction": null, "width": null, "surface": null, "smoothness": null, "oneway": null, "name": "Jalan Layang Wonokromo", "motorcyc_1": null, "lanes": null, "foot": null }, "geometry": { "type": "MultiLineString", "coordinates": [ [ [ 112.7358434, -7.3071134 ], [ 112.7358872, -7.3069655 ] ] ] } },
{ "type": "Feature", "properties": { "full_id": "w822152083", "osm_id": "822152083", "osm_type": "way", "highway": "trunk", "turn_lanes": null, "tunnel": null, "hgv_condit": null, "cycleway_l": null, "cycleway_r": null, "motorcycle": null, "destinatio": null, "destinat_1": null, "motor_vehi": null, "sidewalk": null, "wikidata": null, "bridge_nam": null, "bridge_n_1": null, "bridge_n_2": null, "bridge_n_3": null, "bridge_n_4": null, "name_it": null, "name_fr": null, "name_es": null, "name_en": null, "name_de": null, "minspeed_m": null, "maxspeed_m": null, "layer": null, "bridge_n_5": null, "bridge": null, "toll": null, "start_date": null, "short_name": null, "motorcar": null, "minspeed": null, "maxspeed": null, "maxaxleloa": null, "lit": null, "horse": null, "emergency": null, "bicycle": null, "alt_name_f": null, "alt_name_e": null, "alt_name_1": null, "alt_name_d": null, "alt_name": null, "access": null, "hgv": null, "ref": "1", "junction": null, "width": null, "surface": "asphalt", "smoothness": null, "oneway": "yes", "name": "Jalan Raya Diponegoro", "motorcyc_1": null, "lanes": null, "foot": "yes" }, "geometry": { "type": "MultiLineString", "coordinates": [ [ [ 112.7343798, -7.286298 ], [ 112.7348004, -7.2871148 ], [ 112.7351545, -7.2878291 ], [ 112.7352257, -7.2879727 ] ] ] } },
{ "type": "Feature", "properties": { "full_id": "w822152084", "osm_id": "822152084", "osm_type": "way", "highway": "trunk", "turn_lanes": null, "tunnel": null, "hgv_condit": null, "cycleway_l": null, "cycleway_r": null, "motorcycle": null, "destinatio": null, "destinat_1": null, "motor_vehi": null, "sidewalk": null, "wikidata": null, "bridge_nam": null, "bridge_n_1": null, "bridge_n_2": null, "bridge_n_3": null, "bridge_n_4": null, "name_it": null, "name_fr": null, "name_es": null, "name_en": null, "name_de": null, "minspeed_m": null, "maxspeed_m": null, "layer": null, "bridge_n_5": null, "bridge": null, "toll": null, "start_date": null, "short_name": null, "motorcar": null, "minspeed": null, "maxspeed": null, "maxaxleloa": null, "lit": null, "horse": null, "emergency": null, "bicycle": null, "alt_name_f": null, "alt_name_e": null, "alt_name_1": null, "alt_name_d": null, "alt_name": null, "access": null, "hgv": null, "ref": "1", "junction": null, "width": null, "surface": "asphalt", "smoothness": null, "oneway": "yes", "name": "Jalan Raya Diponegoro", "motorcyc_1": null, "lanes": "3", "foot": "yes" }, "geometry": { "type": "MultiLineString", "coordinates": [ [ [ 112.7341843, -7.2863694 ], [ 112.7333626, -7.2846717 ], [ 112.7333147, -7.2845831 ] ] ] } },
{ "type": "Feature", "properties": { "full_id": "w824575283", "osm_id": "824575283", "osm_type": "way", "highway": "trunk", "turn_lanes": null, "tunnel": null, "hgv_condit": null, "cycleway_l": null, "cycleway_r": null, "motorcycle": null, "destinatio": null, "destinat_1": null, "motor_vehi": null, "sidewalk": null, "wikidata": null, "bridge_nam": null, "bridge_n_1": null, "bridge_n_2": null, "bridge_n_3": null, "bridge_n_4": null, "name_it": null, "name_fr": null, "name_es": null, "name_en": null, "name_de": null, "minspeed_m": null, "maxspeed_m": null, "layer": null, "bridge_n_5": null, "bridge": null, "toll": null, "start_date": null, "short_name": null, "motorcar": null, "minspeed": null, "maxspeed": null, "maxaxleloa": null, "lit": null, "horse": null, "emergency": null, "bicycle": null, "alt_name_f": null, "alt_name_e": null, "alt_name_1": null, "alt_name_d": null, "alt_name": null, "access": null, "hgv": null, "ref": null, "junction": null, "width": null, "surface": null, "smoothness": null, "oneway": "yes", "name": "Jalan Kenjeran", "motorcyc_1": null, "lanes": "3", "foot": null }, "geometry": { "type": "MultiLineString", "coordinates": [ [ [ 112.7688894, -7.2454346 ], [ 112.7688528, -7.2454282 ] ] ] } },
{ "type": "Feature", "properties": { "full_id": "w824575284", "osm_id": "824575284", "osm_type": "way", "highway": "trunk", "turn_lanes": null, "tunnel": null, "hgv_condit": null, "cycleway_l": null, "cycleway_r": null, "motorcycle": null, "destinatio": null, "destinat_1": null, "motor_vehi": null, "sidewalk": null, "wikidata": null, "bridge_nam": null, "bridge_n_1": null, "bridge_n_2": null, "bridge_n_3": null, "bridge_n_4": null, "name_it": null, "name_fr": null, "name_es": null, "name_en": null, "name_de": null, "minspeed_m": null, "maxspeed_m": null, "layer": "1", "bridge_n_5": null, "bridge": "yes", "toll": null, "start_date": null, "short_name": null, "motorcar": null, "minspeed": null, "maxspeed": null, "maxaxleloa": null, "lit": null, "horse": null, "emergency": null, "bicycle": null, "alt_name_f": null, "alt_name_e": null, "alt_name_1": null, "alt_name_d": null, "alt_name": null, "access": null, "hgv": null, "ref": null, "junction": null, "width": null, "surface": null, "smoothness": null, "oneway": "yes", "name": "Jalan Kenjeran", "motorcyc_1": null, "lanes": "3", "foot": null }, "geometry": { "type": "MultiLineString", "coordinates": [ [ [ 112.769038, -7.2454569 ], [ 112.7688894, -7.2454346 ] ] ] } },
{ "type": "Feature", "properties": { "full_id": "w824575285", "osm_id": "824575285", "osm_type": "way", "highway": "trunk", "turn_lanes": null, "tunnel": null, "hgv_condit": null, "cycleway_l": null, "cycleway_r": null, "motorcycle": null, "destinatio": null, "destinat_1": null, "motor_vehi": null, "sidewalk": null, "wikidata": null, "bridge_nam": null, "bridge_n_1": null, "bridge_n_2": null, "bridge_n_3": null, "bridge_n_4": null, "name_it": null, "name_fr": null, "name_es": null, "name_en": null, "name_de": null, "minspeed_m": null, "maxspeed_m": null, "layer": null, "bridge_n_5": null, "bridge": null, "toll": null, "start_date": null, "short_name": null, "motorcar": null, "minspeed": null, "maxspeed": null, "maxaxleloa": null, "lit": null, "horse": null, "emergency": null, "bicycle": null, "alt_name_f": null, "alt_name_e": null, "alt_name_1": null, "alt_name_d": null, "alt_name": null, "access": null, "hgv": null, "ref": null, "junction": null, "width": null, "surface": null, "smoothness": null, "oneway": "yes", "name": "Jalan Kenjeran", "motorcyc_1": null, "lanes": "3", "foot": null }, "geometry": { "type": "MultiLineString", "coordinates": [ [ [ 112.7690571, -7.2453006 ], [ 112.7691012, -7.2453067 ] ] ] } },
{ "type": "Feature", "properties": { "full_id": "w824575286", "osm_id": "824575286", "osm_type": "way", "highway": "trunk", "turn_lanes": null, "tunnel": null, "hgv_condit": null, "cycleway_l": null, "cycleway_r": null, "motorcycle": null, "destinatio": null, "destinat_1": null, "motor_vehi": null, "sidewalk": null, "wikidata": null, "bridge_nam": null, "bridge_n_1": null, "bridge_n_2": null, "bridge_n_3": null, "bridge_n_4": null, "name_it": null, "name_fr": null, "name_es": null, "name_en": null, "name_de": null, "minspeed_m": null, "maxspeed_m": null, "layer": "1", "bridge_n_5": null, "bridge": "yes", "toll": null, "start_date": null, "short_name": null, "motorcar": null, "minspeed": null, "maxspeed": null, "maxaxleloa": null, "lit": null, "horse": null, "emergency": null, "bicycle": null, "alt_name_f": null, "alt_name_e": null, "alt_name_1": null, "alt_name_d": null, "alt_name": null, "access": null, "hgv": null, "ref": null, "junction": null, "width": null, "surface": null, "smoothness": null, "oneway": "yes", "name": "Jalan Kenjeran", "motorcyc_1": null, "lanes": "3", "foot": null }, "geometry": { "type": "MultiLineString", "coordinates": [ [ [ 112.7688918, -7.2452806 ], [ 112.7690571, -7.2453006 ] ] ] } },
{ "type": "Feature", "properties": { "full_id": "w824696408", "osm_id": "824696408", "osm_type": "way", "highway": "trunk", "turn_lanes": null, "tunnel": null, "hgv_condit": null, "cycleway_l": null, "cycleway_r": null, "motorcycle": null, "destinatio": null, "destinat_1": null, "motor_vehi": null, "sidewalk": null, "wikidata": null, "bridge_nam": null, "bridge_n_1": null, "bridge_n_2": null, "bridge_n_3": null, "bridge_n_4": null, "name_it": null, "name_fr": null, "name_es": null, "name_en": null, "name_de": null, "minspeed_m": null, "maxspeed_m": null, "layer": null, "bridge_n_5": null, "bridge": null, "toll": null, "start_date": null, "short_name": null, "motorcar": null, "minspeed": null, "maxspeed": null, "maxaxleloa": null, "lit": null, "horse": null, "emergency": null, "bicycle": null, "alt_name_f": null, "alt_name_e": null, "alt_name_1": null, "alt_name_d": null, "alt_name": null, "access": null, "hgv": null, "ref": null, "junction": null, "width": "4", "surface": "asphalt", "smoothness": "intermediate", "oneway": "yes", "name": "Jalan Kapasari", "motorcyc_1": "yes", "lanes": "2", "foot": "yes" }, "geometry": { "type": "MultiLineString", "coordinates": [ [ [ 112.7516239, -7.2444986 ], [ 112.7516141, -7.2445374 ], [ 112.7515515, -7.2448145 ], [ 112.7515205, -7.2450072 ], [ 112.7514571, -7.2453048 ], [ 112.7514011, -7.2455796 ] ] ] } },
{ "type": "Feature", "properties": { "full_id": "w824696409", "osm_id": "824696409", "osm_type": "way", "highway": "trunk", "turn_lanes": null, "tunnel": null, "hgv_condit": null, "cycleway_l": null, "cycleway_r": null, "motorcycle": null, "destinatio": null, "destinat_1": null, "motor_vehi": null, "sidewalk": null, "wikidata": null, "bridge_nam": null, "bridge_n_1": null, "bridge_n_2": null, "bridge_n_3": null, "bridge_n_4": null, "name_it": null, "name_fr": null, "name_es": null, "name_en": null, "name_de": null, "minspeed_m": null, "maxspeed_m": null, "layer": null, "bridge_n_5": null, "bridge": null, "toll": null, "start_date": null, "short_name": null, "motorcar": null, "minspeed": null, "maxspeed": null, "maxaxleloa": null, "lit": null, "horse": null, "emergency": null, "bicycle": null, "alt_name_f": null, "alt_name_e": null, "alt_name_1": null, "alt_name_d": null, "alt_name": null, "access": null, "hgv": null, "ref": null, "junction": null, "width": "4", "surface": "asphalt", "smoothness": "intermediate", "oneway": "yes", "name": "Jalan Kapasari", "motorcyc_1": "yes", "lanes": "2", "foot": "yes" }, "geometry": { "type": "MultiLineString", "coordinates": [ [ [ 112.7513367, -7.2455603 ], [ 112.7513951, -7.2453025 ], [ 112.7514591, -7.2449992 ], [ 112.7514679, -7.2449523 ], [ 112.7514879, -7.2448459 ], [ 112.7515537, -7.2445097 ], [ 112.7515578, -7.2444883 ], [ 112.7515656, -7.2444543 ], [ 112.7515753, -7.2444076 ] ] ] } },
{ "type": "Feature", "properties": { "full_id": "w835153754", "osm_id": "835153754", "osm_type": "way", "highway": "trunk", "turn_lanes": null, "tunnel": null, "hgv_condit": null, "cycleway_l": null, "cycleway_r": null, "motorcycle": null, "destinatio": null, "destinat_1": null, "motor_vehi": null, "sidewalk": null, "wikidata": null, "bridge_nam": null, "bridge_n_1": null, "bridge_n_2": null, "bridge_n_3": null, "bridge_n_4": null, "name_it": null, "name_fr": null, "name_es": null, "name_en": null, "name_de": null, "minspeed_m": null, "maxspeed_m": null, "layer": null, "bridge_n_5": null, "bridge": null, "toll": "no", "start_date": "2003-08-20", "short_name": "Tol Suramadu", "motorcar": "yes", "minspeed": "60", "maxspeed": "80", "maxaxleloa": "10", "lit": "yes", "horse": "no", "emergency": "designated", "bicycle": "no", "alt_name_f": "Pont Surabaya–Madura", "alt_name_e": "Puente Surabaya–Madura", "alt_name_1": "Surabaya–Madura Bridge", "alt_name_d": "Surabaya–Madura-Brücke", "alt_name": "Jembatan Surabaya–Madura", "access": "yes", "hgv": null, "ref": null, "junction": null, "width": "5", "surface": "asphalt", "smoothness": "good", "oneway": "yes", "name": "Jalan Haji Mohammad Noer", "motorcyc_1": "no", "lanes": "2", "foot": "no" }, "geometry": { "type": "MultiLineString", "coordinates": [ [ [ 112.7784319, -7.2120635 ], [ 112.7786858, -7.2086569 ] ] ] } },
{ "type": "Feature", "properties": { "full_id": "w835153755", "osm_id": "835153755", "osm_type": "way", "highway": "trunk", "turn_lanes": null, "tunnel": null, "hgv_condit": null, "cycleway_l": null, "cycleway_r": null, "motorcycle": null, "destinatio": null, "destinat_1": null, "motor_vehi": null, "sidewalk": null, "wikidata": null, "bridge_nam": null, "bridge_n_1": null, "bridge_n_2": null, "bridge_n_3": null, "bridge_n_4": null, "name_it": "Ponte Suramadu", "name_fr": "Pont Suramadu", "name_es": "Puente Suramadu", "name_en": "Suramadu Bridge", "name_de": "Suramadu-Brücke", "minspeed_m": null, "maxspeed_m": null, "layer": null, "bridge_n_5": null, "bridge": null, "toll": "no", "start_date": "2003-08-20", "short_name": "Tol Suramadu", "motorcar": "yes", "minspeed": "60", "maxspeed": "80", "maxaxleloa": "10", "lit": "yes", "horse": "no", "emergency": "designated", "bicycle": "no", "alt_name_f": "Pont Surabaya–Madura", "alt_name_e": "Puente Surabaya–Madura", "alt_name_1": "Surabaya–Madura Bridge", "alt_name_d": "Surabaya–Madura-Brücke", "alt_name": "Jembatan Surabaya–Madura", "access": "yes", "hgv": null, "ref": null, "junction": null, "width": "5", "surface": "asphalt", "smoothness": "good", "oneway": "yes", "name": "Jalan Haji Mohammad Noer", "motorcyc_1": "no", "lanes": "2", "foot": "no" }, "geometry": { "type": "MultiLineString", "coordinates": [ [ [ 112.7783872, -7.2127872 ], [ 112.7784319, -7.2120635 ] ] ] } },
{ "type": "Feature", "properties": { "full_id": "w838403125", "osm_id": "838403125", "osm_type": "way", "highway": "trunk", "turn_lanes": null, "tunnel": null, "hgv_condit": null, "cycleway_l": null, "cycleway_r": null, "motorcycle": null, "destinatio": null, "destinat_1": null, "motor_vehi": null, "sidewalk": null, "wikidata": null, "bridge_nam": null, "bridge_n_1": null, "bridge_n_2": null, "bridge_n_3": null, "bridge_n_4": null, "name_it": null, "name_fr": null, "name_es": null, "name_en": null, "name_de": null, "minspeed_m": null, "maxspeed_m": null, "layer": null, "bridge_n_5": null, "bridge": null, "toll": null, "start_date": null, "short_name": null, "motorcar": null, "minspeed": null, "maxspeed": null, "maxaxleloa": null, "lit": null, "horse": null, "emergency": null, "bicycle": null, "alt_name_f": null, "alt_name_e": null, "alt_name_1": null, "alt_name_d": null, "alt_name": null, "access": null, "hgv": null, "ref": "AH2", "junction": null, "width": null, "surface": "asphalt", "smoothness": null, "oneway": "yes", "name": "Jalan Bypass Waru", "motorcyc_1": null, "lanes": null, "foot": null }, "geometry": { "type": "MultiLineString", "coordinates": [ [ [ 112.7224895, -7.346521 ], [ 112.7222961, -7.3464516 ], [ 112.7220959, -7.3464053 ], [ 112.7218915, -7.3463826 ], [ 112.7217473, -7.3463757 ], [ 112.7216029, -7.3463789 ], [ 112.7214592, -7.3463925 ], [ 112.7213168, -7.3464164 ], [ 112.7211766, -7.3464506 ], [ 112.7210392, -7.3464947 ], [ 112.7209054, -7.3465486 ] ] ] } },
{ "type": "Feature", "properties": { "full_id": "w851443351", "osm_id": "851443351", "osm_type": "way", "highway": "trunk", "turn_lanes": null, "tunnel": null, "hgv_condit": null, "cycleway_l": null, "cycleway_r": null, "motorcycle": null, "destinatio": null, "destinat_1": null, "motor_vehi": null, "sidewalk": null, "wikidata": null, "bridge_nam": null, "bridge_n_1": null, "bridge_n_2": null, "bridge_n_3": null, "bridge_n_4": null, "name_it": null, "name_fr": null, "name_es": null, "name_en": null, "name_de": null, "minspeed_m": null, "maxspeed_m": null, "layer": null, "bridge_n_5": null, "bridge": null, "toll": null, "start_date": null, "short_name": null, "motorcar": null, "minspeed": null, "maxspeed": null, "maxaxleloa": null, "lit": null, "horse": null, "emergency": null, "bicycle": null, "alt_name_f": null, "alt_name_e": null, "alt_name_1": null, "alt_name_d": null, "alt_name": null, "access": null, "hgv": null, "ref": null, "junction": null, "width": "4", "surface": "asphalt", "smoothness": "intermediate", "oneway": "yes", "name": "Jalan Kenjeran", "motorcyc_1": "yes", "lanes": "2", "foot": "yes" }, "geometry": { "type": "MultiLineString", "coordinates": [ [ [ 112.7591111, -7.2425584 ], [ 112.7604946, -7.242961 ], [ 112.7607382, -7.2430293 ] ] ] } },
{ "type": "Feature", "properties": { "full_id": "w858868640", "osm_id": "858868640", "osm_type": "way", "highway": "trunk", "turn_lanes": null, "tunnel": null, "hgv_condit": null, "cycleway_l": null, "cycleway_r": null, "motorcycle": null, "destinatio": null, "destinat_1": null, "motor_vehi": null, "sidewalk": null, "wikidata": null, "bridge_nam": null, "bridge_n_1": null, "bridge_n_2": null, "bridge_n_3": null, "bridge_n_4": null, "name_it": null, "name_fr": null, "name_es": null, "name_en": null, "name_de": null, "minspeed_m": null, "maxspeed_m": null, "layer": null, "bridge_n_5": null, "bridge": null, "toll": null, "start_date": null, "short_name": null, "motorcar": null, "minspeed": null, "maxspeed": null, "maxaxleloa": null, "lit": null, "horse": null, "emergency": null, "bicycle": null, "alt_name_f": null, "alt_name_e": null, "alt_name_1": null, "alt_name_d": null, "alt_name": null, "access": null, "hgv": null, "ref": null, "junction": null, "width": "5", "surface": "asphalt", "smoothness": "good", "oneway": "yes", "name": "Jalan Ngagel", "motorcyc_1": "yes", "lanes": "2", "foot": null }, "geometry": { "type": "MultiLineString", "coordinates": [ [ [ 112.7400724, -7.2995771 ], [ 112.7401214, -7.2995139 ], [ 112.7401543, -7.2994797 ], [ 112.7401922, -7.2994547 ], [ 112.7402931, -7.2994128 ] ] ] } },
{ "type": "Feature", "properties": { "full_id": "w858868642", "osm_id": "858868642", "osm_type": "way", "highway": "trunk", "turn_lanes": null, "tunnel": null, "hgv_condit": null, "cycleway_l": null, "cycleway_r": null, "motorcycle": null, "destinatio": null, "destinat_1": null, "motor_vehi": null, "sidewalk": null, "wikidata": null, "bridge_nam": null, "bridge_n_1": null, "bridge_n_2": null, "bridge_n_3": null, "bridge_n_4": null, "name_it": null, "name_fr": null, "name_es": null, "name_en": null, "name_de": null, "minspeed_m": null, "maxspeed_m": null, "layer": null, "bridge_n_5": null, "bridge": null, "toll": null, "start_date": null, "short_name": null, "motorcar": null, "minspeed": null, "maxspeed": null, "maxaxleloa": null, "lit": null, "horse": null, "emergency": null, "bicycle": null, "alt_name_f": null, "alt_name_e": null, "alt_name_1": null, "alt_name_d": null, "alt_name": null, "access": null, "hgv": null, "ref": null, "junction": null, "width": "5", "surface": "asphalt", "smoothness": "good", "oneway": "yes", "name": "Jalan Ngagel", "motorcyc_1": "yes", "lanes": "2", "foot": null }, "geometry": { "type": "MultiLineString", "coordinates": [ [ [ 112.7401593, -7.2996213 ], [ 112.7401315, -7.2996679 ], [ 112.7401043, -7.2997251 ], [ 112.7400711, -7.2997836 ], [ 112.7400554, -7.2998318 ], [ 112.7400342, -7.299914 ], [ 112.7400246, -7.2999892 ], [ 112.7399977, -7.3001461 ] ] ] } },
{ "type": "Feature", "properties": { "full_id": "w863539108", "osm_id": "863539108", "osm_type": "way", "highway": "trunk", "turn_lanes": null, "tunnel": null, "hgv_condit": null, "cycleway_l": null, "cycleway_r": null, "motorcycle": null, "destinatio": null, "destinat_1": null, "motor_vehi": null, "sidewalk": null, "wikidata": null, "bridge_nam": null, "bridge_n_1": null, "bridge_n_2": null, "bridge_n_3": null, "bridge_n_4": null, "name_it": null, "name_fr": null, "name_es": null, "name_en": null, "name_de": null, "minspeed_m": null, "maxspeed_m": null, "layer": null, "bridge_n_5": null, "bridge": null, "toll": null, "start_date": null, "short_name": null, "motorcar": null, "minspeed": null, "maxspeed": null, "maxaxleloa": null, "lit": null, "horse": null, "emergency": null, "bicycle": null, "alt_name_f": null, "alt_name_e": null, "alt_name_1": null, "alt_name_d": null, "alt_name": null, "access": null, "hgv": null, "ref": null, "junction": null, "width": null, "surface": null, "smoothness": null, "oneway": "yes", "name": "Jalan Sultan Iskandar Muda", "motorcyc_1": null, "lanes": "2", "foot": null }, "geometry": { "type": "MultiLineString", "coordinates": [ [ [ 112.7461742, -7.2264501 ], [ 112.7461528, -7.2264395 ] ] ] } },
{ "type": "Feature", "properties": { "full_id": "w863539110", "osm_id": "863539110", "osm_type": "way", "highway": "trunk", "turn_lanes": null, "tunnel": null, "hgv_condit": null, "cycleway_l": null, "cycleway_r": null, "motorcycle": null, "destinatio": null, "destinat_1": null, "motor_vehi": null, "sidewalk": null, "wikidata": null, "bridge_nam": null, "bridge_n_1": null, "bridge_n_2": null, "bridge_n_3": null, "bridge_n_4": null, "name_it": null, "name_fr": null, "name_es": null, "name_en": null, "name_de": null, "minspeed_m": null, "maxspeed_m": null, "layer": null, "bridge_n_5": null, "bridge": null, "toll": null, "start_date": null, "short_name": null, "motorcar": null, "minspeed": null, "maxspeed": null, "maxaxleloa": null, "lit": null, "horse": null, "emergency": null, "bicycle": null, "alt_name_f": null, "alt_name_e": null, "alt_name_1": null, "alt_name_d": null, "alt_name": null, "access": null, "hgv": null, "ref": null, "junction": null, "width": null, "surface": null, "smoothness": null, "oneway": "yes", "name": "Jalan Sultan Iskandar Muda", "motorcyc_1": null, "lanes": "2", "foot": null }, "geometry": { "type": "MultiLineString", "coordinates": [ [ [ 112.7461605, -7.2263462 ], [ 112.7462006, -7.2263626 ] ] ] } },
{ "type": "Feature", "properties": { "full_id": "w867155111", "osm_id": "867155111", "osm_type": "way", "highway": "trunk", "turn_lanes": null, "tunnel": null, "hgv_condit": null, "cycleway_l": null, "cycleway_r": null, "motorcycle": null, "destinatio": null, "destinat_1": null, "motor_vehi": null, "sidewalk": null, "wikidata": null, "bridge_nam": null, "bridge_n_1": null, "bridge_n_2": null, "bridge_n_3": null, "bridge_n_4": null, "name_it": null, "name_fr": null, "name_es": null, "name_en": null, "name_de": null, "minspeed_m": null, "maxspeed_m": null, "layer": null, "bridge_n_5": null, "bridge": null, "toll": null, "start_date": null, "short_name": null, "motorcar": null, "minspeed": null, "maxspeed": null, "maxaxleloa": null, "lit": null, "horse": null, "emergency": null, "bicycle": null, "alt_name_f": null, "alt_name_e": null, "alt_name_1": null, "alt_name_d": null, "alt_name": null, "access": null, "hgv": null, "ref": "AH2", "junction": null, "width": null, "surface": "asphalt", "smoothness": null, "oneway": "yes", "name": "Jalan Raya Taman", "motorcyc_1": null, "lanes": "2", "foot": null }, "geometry": { "type": "MultiLineString", "coordinates": [ [ [ 112.7031799, -7.350367 ], [ 112.7028072, -7.3504404 ] ] ] } },
{ "type": "Feature", "properties": { "full_id": "w867155112", "osm_id": "867155112", "osm_type": "way", "highway": "trunk", "turn_lanes": null, "tunnel": null, "hgv_condit": null, "cycleway_l": null, "cycleway_r": null, "motorcycle": null, "destinatio": null, "destinat_1": null, "motor_vehi": null, "sidewalk": null, "wikidata": null, "bridge_nam": null, "bridge_n_1": null, "bridge_n_2": null, "bridge_n_3": null, "bridge_n_4": null, "name_it": null, "name_fr": null, "name_es": null, "name_en": null, "name_de": null, "minspeed_m": null, "maxspeed_m": null, "layer": null, "bridge_n_5": null, "bridge": null, "toll": null, "start_date": null, "short_name": null, "motorcar": null, "minspeed": null, "maxspeed": null, "maxaxleloa": null, "lit": null, "horse": null, "emergency": null, "bicycle": null, "alt_name_f": null, "alt_name_e": null, "alt_name_1": null, "alt_name_d": null, "alt_name": null, "access": null, "hgv": null, "ref": "AH2", "junction": null, "width": null, "surface": "asphalt", "smoothness": null, "oneway": "yes", "name": "Jalan Raya Taman", "motorcyc_1": null, "lanes": "2", "foot": null }, "geometry": { "type": "MultiLineString", "coordinates": [ [ [ 112.7031431, -7.35028 ], [ 112.7032283, -7.3502615 ] ] ] } },
{ "type": "Feature", "properties": { "full_id": "w875998574", "osm_id": "875998574", "osm_type": "way", "highway": "trunk", "turn_lanes": null, "tunnel": null, "hgv_condit": null, "cycleway_l": null, "cycleway_r": null, "motorcycle": null, "destinatio": null, "destinat_1": null, "motor_vehi": null, "sidewalk": null, "wikidata": null, "bridge_nam": null, "bridge_n_1": null, "bridge_n_2": null, "bridge_n_3": null, "bridge_n_4": null, "name_it": null, "name_fr": null, "name_es": null, "name_en": null, "name_de": null, "minspeed_m": null, "maxspeed_m": null, "layer": null, "bridge_n_5": null, "bridge": null, "toll": null, "start_date": null, "short_name": null, "motorcar": null, "minspeed": null, "maxspeed": null, "maxaxleloa": null, "lit": null, "horse": null, "emergency": null, "bicycle": null, "alt_name_f": null, "alt_name_e": null, "alt_name_1": null, "alt_name_d": null, "alt_name": null, "access": null, "hgv": null, "ref": "1", "junction": null, "width": null, "surface": "asphalt", "smoothness": null, "oneway": "yes", "name": "Jalan Raya Diponegoro", "motorcyc_1": null, "lanes": null, "foot": "yes" }, "geometry": { "type": "MultiLineString", "coordinates": [ [ [ 112.7350222, -7.2880643 ], [ 112.7349563, -7.2879314 ], [ 112.7346075, -7.2872277 ], [ 112.734222, -7.286463 ], [ 112.7341843, -7.2863694 ] ] ] } },
{ "type": "Feature", "properties": { "full_id": "w879068657", "osm_id": "879068657", "osm_type": "way", "highway": "trunk", "turn_lanes": null, "tunnel": null, "hgv_condit": null, "cycleway_l": null, "cycleway_r": null, "motorcycle": null, "destinatio": null, "destinat_1": null, "motor_vehi": null, "sidewalk": null, "wikidata": null, "bridge_nam": null, "bridge_n_1": null, "bridge_n_2": null, "bridge_n_3": null, "bridge_n_4": null, "name_it": null, "name_fr": null, "name_es": null, "name_en": null, "name_de": null, "minspeed_m": null, "maxspeed_m": null, "layer": null, "bridge_n_5": null, "bridge": null, "toll": null, "start_date": null, "short_name": null, "motorcar": null, "minspeed": null, "maxspeed": null, "maxaxleloa": null, "lit": null, "horse": null, "emergency": null, "bicycle": null, "alt_name_f": null, "alt_name_e": null, "alt_name_1": null, "alt_name_d": null, "alt_name": null, "access": null, "hgv": null, "ref": "1", "junction": null, "width": null, "surface": "asphalt", "smoothness": null, "oneway": "yes", "name": "Jalan Wonokromo", "motorcyc_1": null, "lanes": null, "foot": null }, "geometry": { "type": "MultiLineString", "coordinates": [ [ [ 112.7368377, -7.3028295 ], [ 112.7369491, -7.3021968 ] ] ] } },
{ "type": "Feature", "properties": { "full_id": "w886150322", "osm_id": "886150322", "osm_type": "way", "highway": "trunk", "turn_lanes": null, "tunnel": null, "hgv_condit": null, "cycleway_l": null, "cycleway_r": null, "motorcycle": null, "destinatio": null, "destinat_1": null, "motor_vehi": null, "sidewalk": null, "wikidata": null, "bridge_nam": null, "bridge_n_1": null, "bridge_n_2": null, "bridge_n_3": null, "bridge_n_4": null, "name_it": null, "name_fr": null, "name_es": null, "name_en": null, "name_de": null, "minspeed_m": null, "maxspeed_m": null, "layer": null, "bridge_n_5": null, "bridge": null, "toll": null, "start_date": null, "short_name": null, "motorcar": null, "minspeed": null, "maxspeed": null, "maxaxleloa": null, "lit": null, "horse": null, "emergency": null, "bicycle": null, "alt_name_f": null, "alt_name_e": null, "alt_name_1": null, "alt_name_d": null, "alt_name": null, "access": null, "hgv": null, "ref": null, "junction": null, "width": "16", "surface": "asphalt", "smoothness": "good", "oneway": "yes", "name": "Jalan Jenderal Achmad Yani", "motorcyc_1": "yes", "lanes": "4", "foot": null }, "geometry": { "type": "MultiLineString", "coordinates": [ [ [ 112.7353088, -7.3080699 ], [ 112.735265, -7.3079846 ], [ 112.7351867, -7.3078184 ], [ 112.7351293, -7.3076622 ], [ 112.7350802, -7.3075183 ] ] ] } },
{ "type": "Feature", "properties": { "full_id": "w886150453", "osm_id": "886150453", "osm_type": "way", "highway": "trunk", "turn_lanes": null, "tunnel": null, "hgv_condit": null, "cycleway_l": null, "cycleway_r": null, "motorcycle": null, "destinatio": null, "destinat_1": null, "motor_vehi": null, "sidewalk": null, "wikidata": null, "bridge_nam": null, "bridge_n_1": null, "bridge_n_2": null, "bridge_n_3": null, "bridge_n_4": null, "name_it": null, "name_fr": null, "name_es": null, "name_en": null, "name_de": null, "minspeed_m": null, "maxspeed_m": null, "layer": null, "bridge_n_5": null, "bridge": null, "toll": null, "start_date": null, "short_name": null, "motorcar": null, "minspeed": null, "maxspeed": null, "maxaxleloa": null, "lit": null, "horse": null, "emergency": null, "bicycle": null, "alt_name_f": null, "alt_name_e": null, "alt_name_1": null, "alt_name_d": null, "alt_name": null, "access": null, "hgv": null, "ref": null, "junction": null, "width": "16", "surface": "asphalt", "smoothness": "good", "oneway": "yes", "name": "Jalan Jenderal Achmad Yani", "motorcyc_1": "yes", "lanes": "4", "foot": null }, "geometry": { "type": "MultiLineString", "coordinates": [ [ [ 112.735093, -7.3069164 ], [ 112.7351872, -7.3066404 ] ] ] } },
{ "type": "Feature", "properties": { "full_id": "w886216933", "osm_id": "886216933", "osm_type": "way", "highway": "trunk", "turn_lanes": null, "tunnel": null, "hgv_condit": null, "cycleway_l": null, "cycleway_r": null, "motorcycle": null, "destinatio": null, "destinat_1": null, "motor_vehi": null, "sidewalk": null, "wikidata": null, "bridge_nam": null, "bridge_n_1": null, "bridge_n_2": null, "bridge_n_3": null, "bridge_n_4": null, "name_it": null, "name_fr": null, "name_es": null, "name_en": null, "name_de": null, "minspeed_m": null, "maxspeed_m": null, "layer": null, "bridge_n_5": null, "bridge": null, "toll": null, "start_date": null, "short_name": null, "motorcar": null, "minspeed": null, "maxspeed": null, "maxaxleloa": null, "lit": null, "horse": null, "emergency": null, "bicycle": null, "alt_name_f": null, "alt_name_e": null, "alt_name_1": null, "alt_name_d": null, "alt_name": null, "access": null, "hgv": null, "ref": "1", "junction": null, "width": "6", "surface": "asphalt", "smoothness": "good", "oneway": "yes", "name": "Jalan Raya Demak", "motorcyc_1": "yes", "lanes": "3", "foot": null }, "geometry": { "type": "MultiLineString", "coordinates": [ [ [ 112.720977, -7.245072 ], [ 112.7209832, -7.2452803 ] ] ] } },
{ "type": "Feature", "properties": { "full_id": "w886218055", "osm_id": "886218055", "osm_type": "way", "highway": "trunk", "turn_lanes": null, "tunnel": null, "hgv_condit": null, "cycleway_l": null, "cycleway_r": null, "motorcycle": null, "destinatio": null, "destinat_1": null, "motor_vehi": null, "sidewalk": null, "wikidata": null, "bridge_nam": null, "bridge_n_1": null, "bridge_n_2": null, "bridge_n_3": null, "bridge_n_4": null, "name_it": null, "name_fr": null, "name_es": null, "name_en": null, "name_de": null, "minspeed_m": null, "maxspeed_m": null, "layer": null, "bridge_n_5": null, "bridge": null, "toll": null, "start_date": null, "short_name": null, "motorcar": null, "minspeed": null, "maxspeed": null, "maxaxleloa": null, "lit": null, "horse": null, "emergency": null, "bicycle": null, "alt_name_f": null, "alt_name_e": null, "alt_name_1": null, "alt_name_d": null, "alt_name": null, "access": null, "hgv": null, "ref": "1", "junction": null, "width": "6", "surface": "asphalt", "smoothness": "good", "oneway": "yes", "name": "Jalan Raya Demak", "motorcyc_1": "yes", "lanes": "3", "foot": null }, "geometry": { "type": "MultiLineString", "coordinates": [ [ [ 112.7209604, -7.244343 ], [ 112.7209677, -7.2445825 ], [ 112.7209759, -7.245011 ], [ 112.720977, -7.245072 ] ] ] } },
{ "type": "Feature", "properties": { "full_id": "w921589000", "osm_id": "921589000", "osm_type": "way", "highway": "trunk", "turn_lanes": null, "tunnel": null, "hgv_condit": null, "cycleway_l": null, "cycleway_r": null, "motorcycle": null, "destinatio": null, "destinat_1": null, "motor_vehi": null, "sidewalk": null, "wikidata": null, "bridge_nam": null, "bridge_n_1": null, "bridge_n_2": null, "bridge_n_3": null, "bridge_n_4": null, "name_it": null, "name_fr": null, "name_es": null, "name_en": null, "name_de": null, "minspeed_m": null, "maxspeed_m": null, "layer": null, "bridge_n_5": null, "bridge": null, "toll": null, "start_date": null, "short_name": null, "motorcar": null, "minspeed": null, "maxspeed": null, "maxaxleloa": null, "lit": null, "horse": null, "emergency": null, "bicycle": null, "alt_name_f": null, "alt_name_e": null, "alt_name_1": null, "alt_name_d": null, "alt_name": null, "access": null, "hgv": null, "ref": null, "junction": null, "width": null, "surface": null, "smoothness": null, "oneway": "yes", "name": "Jalan Romokalisari", "motorcyc_1": "no", "lanes": "2", "foot": null }, "geometry": { "type": "MultiLineString", "coordinates": [ [ [ 112.6464841, -7.2003472 ], [ 112.6465043, -7.200592 ], [ 112.6465029, -7.2006346 ], [ 112.6464627, -7.2007503 ], [ 112.6464158, -7.2008488 ], [ 112.6461208, -7.2014032 ], [ 112.6461028, -7.2014696 ] ] ] } },
{ "type": "Feature", "properties": { "full_id": "w926061406", "osm_id": "926061406", "osm_type": "way", "highway": "trunk", "turn_lanes": null, "tunnel": null, "hgv_condit": null, "cycleway_l": null, "cycleway_r": null, "motorcycle": null, "destinatio": null, "destinat_1": null, "motor_vehi": null, "sidewalk": null, "wikidata": null, "bridge_nam": null, "bridge_n_1": null, "bridge_n_2": null, "bridge_n_3": null, "bridge_n_4": null, "name_it": null, "name_fr": null, "name_es": null, "name_en": null, "name_de": null, "minspeed_m": null, "maxspeed_m": null, "layer": null, "bridge_n_5": null, "bridge": null, "toll": null, "start_date": null, "short_name": null, "motorcar": null, "minspeed": null, "maxspeed": null, "maxaxleloa": null, "lit": null, "horse": null, "emergency": null, "bicycle": null, "alt_name_f": null, "alt_name_e": null, "alt_name_1": null, "alt_name_d": null, "alt_name": null, "access": null, "hgv": null, "ref": null, "junction": null, "width": "6", "surface": "asphalt", "smoothness": "intermediate", "oneway": "yes", "name": "Jalan Perak", "motorcyc_1": "yes", "lanes": "3", "foot": null }, "geometry": { "type": "MultiLineString", "coordinates": [ [ [ 112.7342197, -7.2064605 ], [ 112.7343015, -7.2071861 ], [ 112.734316, -7.2076866 ], [ 112.7343229, -7.2078839 ], [ 112.7343245, -7.2079811 ], [ 112.734334, -7.2081828 ], [ 112.7343627, -7.2087953 ] ] ] } },
{ "type": "Feature", "properties": { "full_id": "w926061407", "osm_id": "926061407", "osm_type": "way", "highway": "trunk", "turn_lanes": null, "tunnel": null, "hgv_condit": null, "cycleway_l": null, "cycleway_r": null, "motorcycle": null, "destinatio": null, "destinat_1": null, "motor_vehi": null, "sidewalk": null, "wikidata": null, "bridge_nam": null, "bridge_n_1": null, "bridge_n_2": null, "bridge_n_3": null, "bridge_n_4": null, "name_it": null, "name_fr": null, "name_es": null, "name_en": null, "name_de": null, "minspeed_m": null, "maxspeed_m": null, "layer": null, "bridge_n_5": null, "bridge": null, "toll": null, "start_date": null, "short_name": null, "motorcar": null, "minspeed": null, "maxspeed": null, "maxaxleloa": null, "lit": null, "horse": null, "emergency": null, "bicycle": null, "alt_name_f": null, "alt_name_e": null, "alt_name_1": null, "alt_name_d": null, "alt_name": null, "access": null, "hgv": null, "ref": null, "junction": null, "width": "6", "surface": "asphalt", "smoothness": "intermediate", "oneway": "yes", "name": "Jalan Perak Barat", "motorcyc_1": "yes", "lanes": "3", "foot": null }, "geometry": { "type": "MultiLineString", "coordinates": [ [ [ 112.7341257, -7.2088542 ], [ 112.7341067, -7.2085137 ], [ 112.7340835, -7.2080965 ], [ 112.7340118, -7.2068082 ], [ 112.733979, -7.2064847 ] ] ] } },
{ "type": "Feature", "properties": { "full_id": "w926943719", "osm_id": "926943719", "osm_type": "way", "highway": "trunk", "turn_lanes": null, "tunnel": null, "hgv_condit": null, "cycleway_l": null, "cycleway_r": null, "motorcycle": null, "destinatio": null, "destinat_1": null, "motor_vehi": null, "sidewalk": null, "wikidata": null, "bridge_nam": null, "bridge_n_1": null, "bridge_n_2": null, "bridge_n_3": null, "bridge_n_4": null, "name_it": null, "name_fr": null, "name_es": null, "name_en": null, "name_de": null, "minspeed_m": null, "maxspeed_m": null, "layer": null, "bridge_n_5": null, "bridge": null, "toll": null, "start_date": null, "short_name": null, "motorcar": null, "minspeed": null, "maxspeed": null, "maxaxleloa": null, "lit": null, "horse": null, "emergency": null, "bicycle": null, "alt_name_f": null, "alt_name_e": null, "alt_name_1": null, "alt_name_d": null, "alt_name": null, "access": null, "hgv": null, "ref": null, "junction": null, "width": "6", "surface": "asphalt", "smoothness": "intermediate", "oneway": "yes", "name": "Jalan Perak Timur", "motorcyc_1": "yes", "lanes": "3", "foot": "yes" }, "geometry": { "type": "MultiLineString", "coordinates": [ [ [ 112.7343627, -7.2087953 ], [ 112.7343651, -7.2089027 ] ] ] } },
{ "type": "Feature", "properties": { "full_id": "w927145196", "osm_id": "927145196", "osm_type": "way", "highway": "trunk", "turn_lanes": null, "tunnel": null, "hgv_condit": null, "cycleway_l": null, "cycleway_r": null, "motorcycle": null, "destinatio": null, "destinat_1": null, "motor_vehi": null, "sidewalk": null, "wikidata": null, "bridge_nam": null, "bridge_n_1": null, "bridge_n_2": null, "bridge_n_3": null, "bridge_n_4": null, "name_it": null, "name_fr": null, "name_es": null, "name_en": null, "name_de": null, "minspeed_m": null, "maxspeed_m": null, "layer": null, "bridge_n_5": null, "bridge": null, "toll": null, "start_date": null, "short_name": null, "motorcar": null, "minspeed": null, "maxspeed": null, "maxaxleloa": null, "lit": null, "horse": null, "emergency": null, "bicycle": null, "alt_name_f": null, "alt_name_e": null, "alt_name_1": null, "alt_name_d": null, "alt_name": "Jalan Gubeng", "access": null, "hgv": null, "ref": null, "junction": null, "width": null, "surface": null, "smoothness": null, "oneway": "yes", "name": "Jalan Sumatera", "motorcyc_1": null, "lanes": null, "foot": "yes" }, "geometry": { "type": "MultiLineString", "coordinates": [ [ [ 112.7510361, -7.2680369 ], [ 112.7510147, -7.26809 ] ] ] } },
{ "type": "Feature", "properties": { "full_id": "w962835147", "osm_id": "962835147", "osm_type": "way", "highway": "trunk", "turn_lanes": null, "tunnel": null, "hgv_condit": null, "cycleway_l": null, "cycleway_r": null, "motorcycle": null, "destinatio": null, "destinat_1": null, "motor_vehi": null, "sidewalk": null, "wikidata": null, "bridge_nam": null, "bridge_n_1": null, "bridge_n_2": null, "bridge_n_3": null, "bridge_n_4": null, "name_it": null, "name_fr": null, "name_es": null, "name_en": null, "name_de": null, "minspeed_m": null, "maxspeed_m": null, "layer": null, "bridge_n_5": null, "bridge": null, "toll": null, "start_date": null, "short_name": null, "motorcar": null, "minspeed": null, "maxspeed": null, "maxaxleloa": null, "lit": null, "horse": null, "emergency": null, "bicycle": null, "alt_name_f": null, "alt_name_e": null, "alt_name_1": null, "alt_name_d": null, "alt_name": null, "access": null, "hgv": null, "ref": "1", "junction": null, "width": "16", "surface": "asphalt", "smoothness": "good", "oneway": "yes", "name": "Jalan Jenderal Ahmad Yani", "motorcyc_1": "yes", "lanes": "4", "foot": null }, "geometry": { "type": "MultiLineString", "coordinates": [ [ [ 112.7284652, -7.3456634 ], [ 112.7286284, -7.3456531 ], [ 112.7287133, -7.3456467 ], [ 112.7288061, -7.3456228 ], [ 112.7289044, -7.3455759 ], [ 112.7289761, -7.3455277 ], [ 112.7290365, -7.3454552 ], [ 112.7290694, -7.3453694 ], [ 112.7291344, -7.3450455 ], [ 112.729186, -7.3446306 ], [ 112.7291909, -7.3444628 ], [ 112.729204, -7.3440078 ], [ 112.729227, -7.3417895 ] ] ] } },
{ "type": "Feature", "properties": { "full_id": "w976689767", "osm_id": "976689767", "osm_type": "way", "highway": "trunk", "turn_lanes": null, "tunnel": null, "hgv_condit": null, "cycleway_l": null, "cycleway_r": null, "motorcycle": null, "destinatio": null, "destinat_1": null, "motor_vehi": null, "sidewalk": null, "wikidata": null, "bridge_nam": null, "bridge_n_1": null, "bridge_n_2": null, "bridge_n_3": null, "bridge_n_4": null, "name_it": null, "name_fr": null, "name_es": null, "name_en": null, "name_de": null, "minspeed_m": null, "maxspeed_m": null, "layer": null, "bridge_n_5": null, "bridge": null, "toll": null, "start_date": null, "short_name": null, "motorcar": null, "minspeed": null, "maxspeed": null, "maxaxleloa": null, "lit": null, "horse": null, "emergency": null, "bicycle": null, "alt_name_f": null, "alt_name_e": null, "alt_name_1": null, "alt_name_d": null, "alt_name": null, "access": null, "hgv": null, "ref": "1", "junction": null, "width": null, "surface": "asphalt", "smoothness": null, "oneway": "yes", "name": "Jalan Wonokromo", "motorcyc_1": null, "lanes": "6", "foot": null }, "geometry": { "type": "MultiLineString", "coordinates": [ [ [ 112.7369491, -7.3021968 ], [ 112.7370912, -7.3013756 ], [ 112.7371165, -7.3012253 ], [ 112.7371314, -7.3011432 ], [ 112.7371583, -7.300988 ] ] ] } },
{ "type": "Feature", "properties": { "full_id": "w976689768", "osm_id": "976689768", "osm_type": "way", "highway": "trunk", "turn_lanes": null, "tunnel": null, "hgv_condit": null, "cycleway_l": null, "cycleway_r": null, "motorcycle": null, "destinatio": null, "destinat_1": null, "motor_vehi": null, "sidewalk": null, "wikidata": null, "bridge_nam": null, "bridge_n_1": null, "bridge_n_2": null, "bridge_n_3": null, "bridge_n_4": null, "name_it": null, "name_fr": null, "name_es": null, "name_en": null, "name_de": null, "minspeed_m": null, "maxspeed_m": null, "layer": null, "bridge_n_5": null, "bridge": null, "toll": null, "start_date": null, "short_name": null, "motorcar": null, "minspeed": null, "maxspeed": null, "maxaxleloa": null, "lit": null, "horse": null, "emergency": null, "bicycle": null, "alt_name_f": null, "alt_name_e": null, "alt_name_1": null, "alt_name_d": null, "alt_name": null, "access": null, "hgv": null, "ref": null, "junction": null, "width": null, "surface": null, "smoothness": null, "oneway": "yes", "name": "Jalan Jenderal Achmad Yani", "motorcyc_1": null, "lanes": null, "foot": null }, "geometry": { "type": "MultiLineString", "coordinates": [ [ [ 112.7363137, -7.3056206 ], [ 112.7359823, -7.3071474 ] ] ] } },
{ "type": "Feature", "properties": { "full_id": "w976689769", "osm_id": "976689769", "osm_type": "way", "highway": "trunk", "turn_lanes": null, "tunnel": null, "hgv_condit": null, "cycleway_l": null, "cycleway_r": null, "motorcycle": null, "destinatio": null, "destinat_1": null, "motor_vehi": null, "sidewalk": null, "wikidata": null, "bridge_nam": null, "bridge_n_1": null, "bridge_n_2": null, "bridge_n_3": null, "bridge_n_4": null, "name_it": null, "name_fr": null, "name_es": null, "name_en": null, "name_de": null, "minspeed_m": null, "maxspeed_m": null, "layer": null, "bridge_n_5": null, "bridge": null, "toll": null, "start_date": null, "short_name": null, "motorcar": null, "minspeed": null, "maxspeed": null, "maxaxleloa": null, "lit": null, "horse": null, "emergency": null, "bicycle": null, "alt_name_f": null, "alt_name_e": null, "alt_name_1": null, "alt_name_d": null, "alt_name": null, "access": null, "hgv": null, "ref": "1", "junction": null, "width": null, "surface": "asphalt", "smoothness": null, "oneway": "yes", "name": "Jalan Raya Diponegoro", "motorcyc_1": null, "lanes": "3", "foot": "yes" }, "geometry": { "type": "MultiLineString", "coordinates": [ [ [ 112.738224, -7.2940743 ], [ 112.7385557, -7.2947428 ], [ 112.7388071, -7.2952585 ], [ 112.7388903, -7.2953809 ], [ 112.73896, -7.2954307 ], [ 112.7389769, -7.2954399 ], [ 112.7390289, -7.2954684 ], [ 112.7391397, -7.2955312 ] ] ] } },
{ "type": "Feature", "properties": { "full_id": "w976689770", "osm_id": "976689770", "osm_type": "way", "highway": "trunk", "turn_lanes": null, "tunnel": null, "hgv_condit": null, "cycleway_l": null, "cycleway_r": null, "motorcycle": null, "destinatio": null, "destinat_1": null, "motor_vehi": null, "sidewalk": null, "wikidata": null, "bridge_nam": null, "bridge_n_1": null, "bridge_n_2": null, "bridge_n_3": null, "bridge_n_4": null, "name_it": null, "name_fr": null, "name_es": null, "name_en": null, "name_de": null, "minspeed_m": null, "maxspeed_m": null, "layer": null, "bridge_n_5": null, "bridge": null, "toll": null, "start_date": null, "short_name": null, "motorcar": null, "minspeed": null, "maxspeed": null, "maxaxleloa": null, "lit": null, "horse": null, "emergency": null, "bicycle": null, "alt_name_f": null, "alt_name_e": null, "alt_name_1": null, "alt_name_d": null, "alt_name": null, "access": null, "hgv": null, "ref": "1", "junction": null, "width": null, "surface": "asphalt", "smoothness": null, "oneway": "yes", "name": "Jalan Raya Diponegoro", "motorcyc_1": null, "lanes": "3", "foot": "yes" }, "geometry": { "type": "MultiLineString", "coordinates": [ [ [ 112.7380493, -7.2941574 ], [ 112.7378544, -7.2937539 ], [ 112.7378348, -7.2937134 ], [ 112.737637, -7.293319 ], [ 112.7374877, -7.293012 ], [ 112.7374506, -7.2929358 ], [ 112.7373581, -7.2927456 ], [ 112.7372866, -7.2926018 ], [ 112.7372304, -7.292483 ], [ 112.7371933, -7.2924187 ], [ 112.7371472, -7.2923289 ] ] ] } },
{ "type": "Feature", "properties": { "full_id": "w976689771", "osm_id": "976689771", "osm_type": "way", "highway": "trunk", "turn_lanes": null, "tunnel": null, "hgv_condit": null, "cycleway_l": null, "cycleway_r": null, "motorcycle": null, "destinatio": null, "destinat_1": null, "motor_vehi": null, "sidewalk": null, "wikidata": null, "bridge_nam": null, "bridge_n_1": null, "bridge_n_2": null, "bridge_n_3": null, "bridge_n_4": null, "name_it": null, "name_fr": null, "name_es": null, "name_en": null, "name_de": null, "minspeed_m": null, "maxspeed_m": null, "layer": null, "bridge_n_5": null, "bridge": null, "toll": null, "start_date": null, "short_name": null, "motorcar": null, "minspeed": null, "maxspeed": null, "maxaxleloa": null, "lit": null, "horse": null, "emergency": null, "bicycle": null, "alt_name_f": null, "alt_name_e": null, "alt_name_1": null, "alt_name_d": null, "alt_name": null, "access": null, "hgv": null, "ref": "1", "junction": null, "width": null, "surface": "asphalt", "smoothness": null, "oneway": "yes", "name": "Jalan Raya Darmo", "motorcyc_1": null, "lanes": null, "foot": "yes" }, "geometry": { "type": "MultiLineString", "coordinates": [ [ [ 112.7374783, -7.2993356 ], [ 112.737495, -7.299134 ], [ 112.7375054, -7.2989866 ], [ 112.7375412, -7.298796 ], [ 112.7375711, -7.298688 ], [ 112.7376647, -7.2984883 ], [ 112.7377366, -7.2983663 ], [ 112.7378571, -7.2982371 ] ] ] } },
{ "type": "Feature", "properties": { "full_id": "w987874771", "osm_id": "987874771", "osm_type": "way", "highway": "trunk", "turn_lanes": null, "tunnel": null, "hgv_condit": null, "cycleway_l": null, "cycleway_r": null, "motorcycle": null, "destinatio": null, "destinat_1": null, "motor_vehi": null, "sidewalk": null, "wikidata": null, "bridge_nam": null, "bridge_n_1": null, "bridge_n_2": null, "bridge_n_3": null, "bridge_n_4": null, "name_it": null, "name_fr": null, "name_es": null, "name_en": null, "name_de": null, "minspeed_m": null, "maxspeed_m": null, "layer": null, "bridge_n_5": null, "bridge": null, "toll": null, "start_date": null, "short_name": null, "motorcar": null, "minspeed": null, "maxspeed": null, "maxaxleloa": null, "lit": null, "horse": null, "emergency": null, "bicycle": null, "alt_name_f": null, "alt_name_e": null, "alt_name_1": null, "alt_name_d": null, "alt_name": null, "access": null, "hgv": null, "ref": "1", "junction": null, "width": null, "surface": "asphalt", "smoothness": null, "oneway": "yes", "name": "Jalan Raya Diponegoro", "motorcyc_1": null, "lanes": null, "foot": null }, "geometry": { "type": "MultiLineString", "coordinates": [ [ [ 112.7361487, -7.290285 ], [ 112.736088, -7.2901875 ] ] ] } },
{ "type": "Feature", "properties": { "full_id": "w989284072", "osm_id": "989284072", "osm_type": "way", "highway": "trunk", "turn_lanes": null, "tunnel": null, "hgv_condit": null, "cycleway_l": null, "cycleway_r": null, "motorcycle": null, "destinatio": null, "destinat_1": null, "motor_vehi": null, "sidewalk": null, "wikidata": null, "bridge_nam": null, "bridge_n_1": null, "bridge_n_2": null, "bridge_n_3": null, "bridge_n_4": null, "name_it": null, "name_fr": null, "name_es": null, "name_en": null, "name_de": null, "minspeed_m": null, "maxspeed_m": null, "layer": null, "bridge_n_5": null, "bridge": null, "toll": null, "start_date": null, "short_name": null, "motorcar": null, "minspeed": null, "maxspeed": null, "maxaxleloa": null, "lit": null, "horse": null, "emergency": null, "bicycle": null, "alt_name_f": null, "alt_name_e": null, "alt_name_1": null, "alt_name_d": null, "alt_name": null, "access": null, "hgv": null, "ref": null, "junction": null, "width": "4", "surface": "asphalt", "smoothness": "intermediate", "oneway": "yes", "name": "Jalan Kapasari", "motorcyc_1": "yes", "lanes": "2", "foot": "yes" }, "geometry": { "type": "MultiLineString", "coordinates": [ [ [ 112.7514011, -7.2455796 ], [ 112.751391, -7.2456282 ] ] ] } },
{ "type": "Feature", "properties": { "full_id": "w1012326479", "osm_id": "1012326479", "osm_type": "way", "highway": "trunk", "turn_lanes": null, "tunnel": null, "hgv_condit": null, "cycleway_l": null, "cycleway_r": null, "motorcycle": null, "destinatio": null, "destinat_1": null, "motor_vehi": null, "sidewalk": null, "wikidata": null, "bridge_nam": null, "bridge_n_1": null, "bridge_n_2": null, "bridge_n_3": null, "bridge_n_4": null, "name_it": null, "name_fr": null, "name_es": null, "name_en": null, "name_de": null, "minspeed_m": null, "maxspeed_m": null, "layer": null, "bridge_n_5": null, "bridge": null, "toll": null, "start_date": null, "short_name": null, "motorcar": null, "minspeed": null, "maxspeed": null, "maxaxleloa": null, "lit": null, "horse": null, "emergency": null, "bicycle": null, "alt_name_f": null, "alt_name_e": null, "alt_name_1": null, "alt_name_d": null, "alt_name": "Jalan Ahmad Yani", "access": null, "hgv": null, "ref": "1", "junction": null, "width": "16", "surface": "asphalt", "smoothness": "good", "oneway": "yes", "name": "Jalan Jenderal Ahmad Yani", "motorcyc_1": "no", "lanes": "4", "foot": "yes" }, "geometry": { "type": "MultiLineString", "coordinates": [ [ [ 112.733311, -7.3190543 ], [ 112.7335082, -7.3181406 ] ] ] } },
{ "type": "Feature", "properties": { "full_id": "w1012326480", "osm_id": "1012326480", "osm_type": "way", "highway": "trunk", "turn_lanes": null, "tunnel": null, "hgv_condit": null, "cycleway_l": null, "cycleway_r": null, "motorcycle": null, "destinatio": null, "destinat_1": null, "motor_vehi": null, "sidewalk": null, "wikidata": null, "bridge_nam": null, "bridge_n_1": null, "bridge_n_2": null, "bridge_n_3": null, "bridge_n_4": null, "name_it": null, "name_fr": null, "name_es": null, "name_en": null, "name_de": null, "minspeed_m": null, "maxspeed_m": null, "layer": null, "bridge_n_5": null, "bridge": null, "toll": null, "start_date": null, "short_name": null, "motorcar": null, "minspeed": null, "maxspeed": null, "maxaxleloa": null, "lit": null, "horse": null, "emergency": null, "bicycle": null, "alt_name_f": null, "alt_name_e": null, "alt_name_1": null, "alt_name_d": null, "alt_name": "Jalan Ahmad Yani", "access": null, "hgv": null, "ref": "1", "junction": null, "width": "16", "surface": "asphalt", "smoothness": "good", "oneway": "yes", "name": "Jalan Jenderal Ahmad Yani", "motorcyc_1": "yes", "lanes": "4", "foot": "yes" }, "geometry": { "type": "MultiLineString", "coordinates": [ [ [ 112.7340331, -7.3163152 ], [ 112.7336418, -7.3181712 ] ] ] } },
{ "type": "Feature", "properties": { "full_id": "w1026303538", "osm_id": "1026303538", "osm_type": "way", "highway": "trunk", "turn_lanes": null, "tunnel": null, "hgv_condit": null, "cycleway_l": null, "cycleway_r": null, "motorcycle": null, "destinatio": null, "destinat_1": null, "motor_vehi": null, "sidewalk": null, "wikidata": null, "bridge_nam": null, "bridge_n_1": null, "bridge_n_2": null, "bridge_n_3": null, "bridge_n_4": null, "name_it": null, "name_fr": null, "name_es": null, "name_en": null, "name_de": null, "minspeed_m": null, "maxspeed_m": null, "layer": null, "bridge_n_5": null, "bridge": null, "toll": null, "start_date": null, "short_name": null, "motorcar": null, "minspeed": null, "maxspeed": null, "maxaxleloa": null, "lit": null, "horse": null, "emergency": null, "bicycle": null, "alt_name_f": null, "alt_name_e": null, "alt_name_1": null, "alt_name_d": null, "alt_name": null, "access": null, "hgv": null, "ref": "1", "junction": null, "width": null, "surface": null, "smoothness": null, "oneway": "yes", "name": "Jalan Ikan Dorang", "motorcyc_1": null, "lanes": null, "foot": null }, "geometry": { "type": "MultiLineString", "coordinates": [ [ [ 112.726529, -7.2332053 ], [ 112.7264155, -7.2331693 ], [ 112.7263184, -7.2330955 ] ] ] } },
{ "type": "Feature", "properties": { "full_id": "w1026688910", "osm_id": "1026688910", "osm_type": "way", "highway": "trunk", "turn_lanes": null, "tunnel": null, "hgv_condit": null, "cycleway_l": null, "cycleway_r": null, "motorcycle": null, "destinatio": null, "destinat_1": null, "motor_vehi": null, "sidewalk": null, "wikidata": null, "bridge_nam": null, "bridge_n_1": null, "bridge_n_2": null, "bridge_n_3": null, "bridge_n_4": null, "name_it": null, "name_fr": null, "name_es": null, "name_en": null, "name_de": null, "minspeed_m": null, "maxspeed_m": null, "layer": null, "bridge_n_5": null, "bridge": null, "toll": null, "start_date": null, "short_name": null, "motorcar": null, "minspeed": null, "maxspeed": null, "maxaxleloa": null, "lit": null, "horse": null, "emergency": null, "bicycle": null, "alt_name_f": null, "alt_name_e": null, "alt_name_1": null, "alt_name_d": null, "alt_name": null, "access": null, "hgv": null, "ref": "1", "junction": null, "width": "8", "surface": "asphalt", "smoothness": "intermediate", "oneway": "yes", "name": "Jalan Raya Arjuno", "motorcyc_1": "yes", "lanes": "3", "foot": "yes" }, "geometry": { "type": "MultiLineString", "coordinates": [ [ [ 112.7272388, -7.2580492 ], [ 112.7273065, -7.2575922 ], [ 112.7273773, -7.2571252 ], [ 112.7273916, -7.2570262 ] ] ] } },
{ "type": "Feature", "properties": { "full_id": "w1026978195", "osm_id": "1026978195", "osm_type": "way", "highway": "trunk", "turn_lanes": null, "tunnel": null, "hgv_condit": null, "cycleway_l": null, "cycleway_r": null, "motorcycle": null, "destinatio": null, "destinat_1": null, "motor_vehi": null, "sidewalk": null, "wikidata": null, "bridge_nam": null, "bridge_n_1": null, "bridge_n_2": null, "bridge_n_3": null, "bridge_n_4": null, "name_it": null, "name_fr": null, "name_es": null, "name_en": null, "name_de": null, "minspeed_m": null, "maxspeed_m": null, "layer": null, "bridge_n_5": null, "bridge": null, "toll": null, "start_date": null, "short_name": null, "motorcar": null, "minspeed": null, "maxspeed": null, "maxaxleloa": null, "lit": null, "horse": null, "emergency": null, "bicycle": null, "alt_name_f": null, "alt_name_e": null, "alt_name_1": null, "alt_name_d": null, "alt_name": null, "access": null, "hgv": null, "ref": "1", "junction": null, "width": null, "surface": "asphalt", "smoothness": "good", "oneway": "yes", "name": "Jalan Tambak Oso Wilangon", "motorcyc_1": "yes", "lanes": "2", "foot": "yes" }, "geometry": { "type": "MultiLineString", "coordinates": [ [ [ 112.6625357, -7.2240633 ], [ 112.6624011, -7.2240193 ], [ 112.662309, -7.2239714 ], [ 112.6619852, -7.2237972 ], [ 112.6605499, -7.2230334 ], [ 112.6601049, -7.2227906 ] ] ] } },
{ "type": "Feature", "properties": { "full_id": "w1026978196", "osm_id": "1026978196", "osm_type": "way", "highway": "trunk", "turn_lanes": null, "tunnel": null, "hgv_condit": null, "cycleway_l": null, "cycleway_r": null, "motorcycle": null, "destinatio": null, "destinat_1": null, "motor_vehi": null, "sidewalk": null, "wikidata": null, "bridge_nam": null, "bridge_n_1": null, "bridge_n_2": null, "bridge_n_3": null, "bridge_n_4": null, "name_it": null, "name_fr": null, "name_es": null, "name_en": null, "name_de": null, "minspeed_m": null, "maxspeed_m": null, "layer": null, "bridge_n_5": null, "bridge": null, "toll": null, "start_date": null, "short_name": null, "motorcar": null, "minspeed": null, "maxspeed": null, "maxaxleloa": null, "lit": null, "horse": null, "emergency": null, "bicycle": null, "alt_name_f": null, "alt_name_e": null, "alt_name_1": null, "alt_name_d": null, "alt_name": null, "access": null, "hgv": null, "ref": "1", "junction": null, "width": null, "surface": "asphalt", "smoothness": "good", "oneway": "yes", "name": "Jalan Tambak Oso Wilangon", "motorcyc_1": "yes", "lanes": "2", "foot": "yes" }, "geometry": { "type": "MultiLineString", "coordinates": [ [ [ 112.6601373, -7.2227341 ], [ 112.6606198, -7.2229746 ], [ 112.6611835, -7.2232881 ], [ 112.6613374, -7.2233737 ], [ 112.6616527, -7.2235431 ], [ 112.6620246, -7.2237346 ], [ 112.6623707, -7.2239129 ], [ 112.6624547, -7.2239734 ], [ 112.6625357, -7.2240633 ] ] ] } },
{ "type": "Feature", "properties": { "full_id": "w1026982808", "osm_id": "1026982808", "osm_type": "way", "highway": "trunk", "turn_lanes": "through|through|slight_right", "tunnel": null, "hgv_condit": null, "cycleway_l": null, "cycleway_r": null, "motorcycle": null, "destinatio": null, "destinat_1": null, "motor_vehi": null, "sidewalk": null, "wikidata": null, "bridge_nam": null, "bridge_n_1": null, "bridge_n_2": null, "bridge_n_3": null, "bridge_n_4": null, "name_it": null, "name_fr": null, "name_es": null, "name_en": null, "name_de": null, "minspeed_m": null, "maxspeed_m": null, "layer": null, "bridge_n_5": null, "bridge": null, "toll": null, "start_date": null, "short_name": null, "motorcar": null, "minspeed": null, "maxspeed": null, "maxaxleloa": null, "lit": null, "horse": null, "emergency": null, "bicycle": null, "alt_name_f": null, "alt_name_e": null, "alt_name_1": null, "alt_name_d": null, "alt_name": null, "access": null, "hgv": null, "ref": "1", "junction": null, "width": null, "surface": "asphalt", "smoothness": null, "oneway": "yes", "name": "Jalan Raya Diponegoro", "motorcyc_1": null, "lanes": "3", "foot": "yes" }, "geometry": { "type": "MultiLineString", "coordinates": [ [ [ 112.7388306, -7.295764 ], [ 112.7387442, -7.2955816 ], [ 112.7385584, -7.2951893 ], [ 112.7380493, -7.2941574 ] ] ] } },
{ "type": "Feature", "properties": { "full_id": "w1027596473", "osm_id": "1027596473", "osm_type": "way", "highway": "trunk", "turn_lanes": null, "tunnel": null, "hgv_condit": null, "cycleway_l": null, "cycleway_r": null, "motorcycle": null, "destinatio": null, "destinat_1": null, "motor_vehi": null, "sidewalk": null, "wikidata": null, "bridge_nam": null, "bridge_n_1": null, "bridge_n_2": null, "bridge_n_3": null, "bridge_n_4": null, "name_it": null, "name_fr": null, "name_es": null, "name_en": null, "name_de": null, "minspeed_m": null, "maxspeed_m": null, "layer": null, "bridge_n_5": null, "bridge": null, "toll": null, "start_date": null, "short_name": null, "motorcar": null, "minspeed": null, "maxspeed": null, "maxaxleloa": null, "lit": null, "horse": null, "emergency": null, "bicycle": null, "alt_name_f": null, "alt_name_e": null, "alt_name_1": null, "alt_name_d": null, "alt_name": null, "access": null, "hgv": null, "ref": "1", "junction": null, "width": "6", "surface": "asphalt", "smoothness": "good", "oneway": "yes", "name": "Jalan Raya Demak", "motorcyc_1": "yes", "lanes": "3", "foot": "yes" }, "geometry": { "type": "MultiLineString", "coordinates": [ [ [ 112.720778, -7.2412857 ], [ 112.7207817, -7.2413301 ] ] ] } },
{ "type": "Feature", "properties": { "full_id": "w1027701646", "osm_id": "1027701646", "osm_type": "way", "highway": "trunk", "turn_lanes": null, "tunnel": null, "hgv_condit": null, "cycleway_l": null, "cycleway_r": null, "motorcycle": null, "destinatio": null, "destinat_1": null, "motor_vehi": null, "sidewalk": null, "wikidata": null, "bridge_nam": null, "bridge_n_1": null, "bridge_n_2": null, "bridge_n_3": null, "bridge_n_4": null, "name_it": null, "name_fr": null, "name_es": null, "name_en": null, "name_de": null, "minspeed_m": null, "maxspeed_m": null, "layer": null, "bridge_n_5": null, "bridge": null, "toll": null, "start_date": null, "short_name": null, "motorcar": null, "minspeed": null, "maxspeed": null, "maxaxleloa": null, "lit": null, "horse": null, "emergency": null, "bicycle": null, "alt_name_f": null, "alt_name_e": null, "alt_name_1": null, "alt_name_d": null, "alt_name": null, "access": null, "hgv": null, "ref": "1", "junction": null, "width": "6", "surface": "asphalt", "smoothness": "good", "oneway": "yes", "name": "Jalan Raya Demak", "motorcyc_1": "yes", "lanes": "3", "foot": "yes" }, "geometry": { "type": "MultiLineString", "coordinates": [ [ [ 112.7207188, -7.242141 ], [ 112.7207083, -7.2420321 ], [ 112.720664, -7.2415212 ], [ 112.7206596, -7.2414844 ] ] ] } },
{ "type": "Feature", "properties": { "full_id": "w1029515456", "osm_id": "1029515456", "osm_type": "way", "highway": "trunk", "turn_lanes": null, "tunnel": null, "hgv_condit": null, "cycleway_l": null, "cycleway_r": null, "motorcycle": null, "destinatio": null, "destinat_1": null, "motor_vehi": null, "sidewalk": null, "wikidata": null, "bridge_nam": null, "bridge_n_1": null, "bridge_n_2": null, "bridge_n_3": null, "bridge_n_4": null, "name_it": null, "name_fr": null, "name_es": null, "name_en": null, "name_de": null, "minspeed_m": null, "maxspeed_m": null, "layer": null, "bridge_n_5": null, "bridge": null, "toll": null, "start_date": null, "short_name": null, "motorcar": null, "minspeed": null, "maxspeed": null, "maxaxleloa": null, "lit": null, "horse": null, "emergency": null, "bicycle": null, "alt_name_f": null, "alt_name_e": null, "alt_name_1": null, "alt_name_d": null, "alt_name": null, "access": null, "hgv": null, "ref": "1", "junction": null, "width": "4", "surface": "asphalt", "smoothness": "intermediate", "oneway": "yes", "name": "Jalan Tembok Dukuh", "motorcyc_1": "yes", "lanes": "2", "foot": "yes" }, "geometry": { "type": "MultiLineString", "coordinates": [ [ [ 112.7260981, -7.2556905 ], [ 112.7264227, -7.2557364 ], [ 112.726766, -7.2557776 ], [ 112.7275149, -7.255861 ] ] ] } },
{ "type": "Feature", "properties": { "full_id": "w1029515457", "osm_id": "1029515457", "osm_type": "way", "highway": "trunk", "turn_lanes": null, "tunnel": null, "hgv_condit": null, "cycleway_l": null, "cycleway_r": null, "motorcycle": null, "destinatio": null, "destinat_1": null, "motor_vehi": null, "sidewalk": null, "wikidata": null, "bridge_nam": null, "bridge_n_1": null, "bridge_n_2": null, "bridge_n_3": null, "bridge_n_4": null, "name_it": null, "name_fr": null, "name_es": null, "name_en": null, "name_de": null, "minspeed_m": null, "maxspeed_m": null, "layer": null, "bridge_n_5": null, "bridge": null, "toll": null, "start_date": null, "short_name": null, "motorcar": null, "minspeed": null, "maxspeed": null, "maxaxleloa": null, "lit": null, "horse": null, "emergency": null, "bicycle": null, "alt_name_f": null, "alt_name_e": null, "alt_name_1": null, "alt_name_d": null, "alt_name": null, "access": null, "hgv": null, "ref": "1", "junction": null, "width": "4", "surface": "asphalt", "smoothness": "intermediate", "oneway": "yes", "name": "Jalan Tembok Dukuh", "motorcyc_1": "yes", "lanes": "2", "foot": "yes" }, "geometry": { "type": "MultiLineString", "coordinates": [ [ [ 112.727395, -7.2559466 ], [ 112.7271562, -7.2559176 ], [ 112.7266708, -7.2558588 ], [ 112.7260868, -7.255776 ] ] ] } },
{ "type": "Feature", "properties": { "full_id": "w1030249092", "osm_id": "1030249092", "osm_type": "way", "highway": "trunk", "turn_lanes": null, "tunnel": null, "hgv_condit": null, "cycleway_l": null, "cycleway_r": null, "motorcycle": null, "destinatio": null, "destinat_1": null, "motor_vehi": null, "sidewalk": null, "wikidata": null, "bridge_nam": null, "bridge_n_1": null, "bridge_n_2": null, "bridge_n_3": null, "bridge_n_4": null, "name_it": null, "name_fr": null, "name_es": null, "name_en": null, "name_de": null, "minspeed_m": null, "maxspeed_m": null, "layer": null, "bridge_n_5": null, "bridge": null, "toll": null, "start_date": null, "short_name": null, "motorcar": "yes", "minspeed": null, "maxspeed": null, "maxaxleloa": null, "lit": null, "horse": null, "emergency": null, "bicycle": null, "alt_name_f": null, "alt_name_e": null, "alt_name_1": null, "alt_name_d": null, "alt_name": null, "access": null, "hgv": null, "ref": null, "junction": null, "width": "5", "surface": "asphalt", "smoothness": "good", "oneway": "yes", "name": "Jalan Haji Mohammad Noer", "motorcyc_1": "no", "lanes": "2", "foot": null }, "geometry": { "type": "MultiLineString", "coordinates": [ [ [ 112.7775819, -7.2160459 ], [ 112.7777027, -7.2157142 ], [ 112.7777232, -7.215655 ], [ 112.7777459, -7.2155864 ], [ 112.7778575, -7.2152494 ], [ 112.7780454, -7.2146819 ], [ 112.7783087, -7.2138772 ], [ 112.7783409, -7.2137721 ], [ 112.7783556, -7.2136936 ], [ 112.7783664, -7.2135605 ], [ 112.7783806, -7.2132624 ], [ 112.7783784, -7.2130988 ], [ 112.7783872, -7.2127872 ] ] ] } },
{ "type": "Feature", "properties": { "full_id": "w1042515163", "osm_id": "1042515163", "osm_type": "way", "highway": "trunk", "turn_lanes": null, "tunnel": null, "hgv_condit": null, "cycleway_l": null, "cycleway_r": null, "motorcycle": null, "destinatio": null, "destinat_1": null, "motor_vehi": null, "sidewalk": null, "wikidata": null, "bridge_nam": null, "bridge_n_1": null, "bridge_n_2": null, "bridge_n_3": null, "bridge_n_4": null, "name_it": null, "name_fr": null, "name_es": null, "name_en": null, "name_de": null, "minspeed_m": null, "maxspeed_m": null, "layer": null, "bridge_n_5": null, "bridge": null, "toll": null, "start_date": null, "short_name": null, "motorcar": null, "minspeed": null, "maxspeed": null, "maxaxleloa": null, "lit": null, "horse": null, "emergency": null, "bicycle": "yes", "alt_name_f": null, "alt_name_e": null, "alt_name_1": null, "alt_name_d": null, "alt_name": null, "access": null, "hgv": null, "ref": null, "junction": null, "width": "4", "surface": "asphalt", "smoothness": "good", "oneway": "yes", "name": "Jalan Kusuma Bangsa", "motorcyc_1": "yes", "lanes": "3", "foot": "yes" }, "geometry": { "type": "MultiLineString", "coordinates": [ [ [ 112.7512112, -7.2606827 ], [ 112.7511021, -7.2598665 ], [ 112.7510005, -7.2590853 ], [ 112.7509898, -7.2590027 ], [ 112.7509091, -7.2585376 ], [ 112.7507992, -7.2580351 ], [ 112.7507242, -7.2576498 ], [ 112.7506958, -7.2575038 ] ] ] } },
{ "type": "Feature", "properties": { "full_id": "w1046055613", "osm_id": "1046055613", "osm_type": "way", "highway": "trunk", "turn_lanes": null, "tunnel": null, "hgv_condit": null, "cycleway_l": null, "cycleway_r": null, "motorcycle": null, "destinatio": null, "destinat_1": null, "motor_vehi": null, "sidewalk": null, "wikidata": null, "bridge_nam": null, "bridge_n_1": null, "bridge_n_2": null, "bridge_n_3": null, "bridge_n_4": null, "name_it": null, "name_fr": null, "name_es": null, "name_en": null, "name_de": null, "minspeed_m": null, "maxspeed_m": null, "layer": null, "bridge_n_5": null, "bridge": null, "toll": null, "start_date": null, "short_name": null, "motorcar": null, "minspeed": null, "maxspeed": null, "maxaxleloa": null, "lit": null, "horse": null, "emergency": null, "bicycle": null, "alt_name_f": null, "alt_name_e": null, "alt_name_1": null, "alt_name_d": null, "alt_name": null, "access": null, "hgv": null, "ref": "1", "junction": null, "width": null, "surface": "asphalt", "smoothness": null, "oneway": "yes", "name": "Jalan Raya Diponegoro", "motorcyc_1": null, "lanes": null, "foot": null }, "geometry": { "type": "MultiLineString", "coordinates": [ [ [ 112.736276, -7.2901146 ], [ 112.7363237, -7.2902122 ] ] ] } },
{ "type": "Feature", "properties": { "full_id": "w1046064224", "osm_id": "1046064224", "osm_type": "way", "highway": "trunk", "turn_lanes": null, "tunnel": null, "hgv_condit": null, "cycleway_l": null, "cycleway_r": null, "motorcycle": null, "destinatio": null, "destinat_1": null, "motor_vehi": null, "sidewalk": null, "wikidata": null, "bridge_nam": null, "bridge_n_1": null, "bridge_n_2": null, "bridge_n_3": null, "bridge_n_4": null, "name_it": null, "name_fr": null, "name_es": null, "name_en": null, "name_de": null, "minspeed_m": null, "maxspeed_m": null, "layer": null, "bridge_n_5": null, "bridge": null, "toll": null, "start_date": null, "short_name": null, "motorcar": null, "minspeed": null, "maxspeed": null, "maxaxleloa": null, "lit": null, "horse": null, "emergency": null, "bicycle": null, "alt_name_f": null, "alt_name_e": null, "alt_name_1": null, "alt_name_d": null, "alt_name": null, "access": null, "hgv": null, "ref": "1", "junction": null, "width": null, "surface": "asphalt", "smoothness": null, "oneway": "yes", "name": "Jalan Raya Diponegoro", "motorcyc_1": null, "lanes": "3", "foot": "yes" }, "geometry": { "type": "MultiLineString", "coordinates": [ [ [ 112.7373169, -7.2922637 ], [ 112.7373955, -7.2924077 ], [ 112.7374224, -7.292457 ], [ 112.7376262, -7.2928681 ], [ 112.738224, -7.2940743 ] ] ] } },
{ "type": "Feature", "properties": { "full_id": "w1047069468", "osm_id": "1047069468", "osm_type": "way", "highway": "trunk", "turn_lanes": null, "tunnel": null, "hgv_condit": null, "cycleway_l": null, "cycleway_r": null, "motorcycle": null, "destinatio": null, "destinat_1": null, "motor_vehi": null, "sidewalk": null, "wikidata": null, "bridge_nam": null, "bridge_n_1": null, "bridge_n_2": null, "bridge_n_3": null, "bridge_n_4": null, "name_it": null, "name_fr": null, "name_es": null, "name_en": null, "name_de": null, "minspeed_m": null, "maxspeed_m": null, "layer": null, "bridge_n_5": null, "bridge": null, "toll": null, "start_date": null, "short_name": null, "motorcar": null, "minspeed": null, "maxspeed": null, "maxaxleloa": null, "lit": null, "horse": null, "emergency": null, "bicycle": null, "alt_name_f": null, "alt_name_e": null, "alt_name_1": null, "alt_name_d": null, "alt_name": null, "access": null, "hgv": null, "ref": null, "junction": null, "width": "4", "surface": "asphalt", "smoothness": "intermediate", "oneway": "yes", "name": "Jalan Kapasari", "motorcyc_1": "yes", "lanes": "2", "foot": "yes" }, "geometry": { "type": "MultiLineString", "coordinates": [ [ [ 112.7513243, -7.2456225 ], [ 112.7513367, -7.2455603 ] ] ] } },
{ "type": "Feature", "properties": { "full_id": "w1053280155", "osm_id": "1053280155", "osm_type": "way", "highway": "trunk", "turn_lanes": null, "tunnel": null, "hgv_condit": null, "cycleway_l": null, "cycleway_r": null, "motorcycle": null, "destinatio": null, "destinat_1": null, "motor_vehi": null, "sidewalk": null, "wikidata": null, "bridge_nam": null, "bridge_n_1": null, "bridge_n_2": null, "bridge_n_3": null, "bridge_n_4": null, "name_it": null, "name_fr": null, "name_es": null, "name_en": null, "name_de": null, "minspeed_m": null, "maxspeed_m": null, "layer": null, "bridge_n_5": null, "bridge": null, "toll": null, "start_date": null, "short_name": null, "motorcar": null, "minspeed": null, "maxspeed": null, "maxaxleloa": null, "lit": null, "horse": null, "emergency": null, "bicycle": null, "alt_name_f": null, "alt_name_e": null, "alt_name_1": null, "alt_name_d": null, "alt_name": null, "access": null, "hgv": null, "ref": "1", "junction": null, "width": "4", "surface": "asphalt", "smoothness": "excellent", "oneway": "yes", "name": "Jalan Raya Diponegoro", "motorcyc_1": "yes", "lanes": "3", "foot": "yes" }, "geometry": { "type": "MultiLineString", "coordinates": [ [ [ 112.7290278, -7.2780157 ], [ 112.7289805, -7.2779598 ], [ 112.7289277, -7.2778975 ], [ 112.7287428, -7.2776568 ], [ 112.7286374, -7.2775247 ], [ 112.728616, -7.2774979 ] ] ] } },
{ "type": "Feature", "properties": { "full_id": "w1053342929", "osm_id": "1053342929", "osm_type": "way", "highway": "trunk", "turn_lanes": null, "tunnel": null, "hgv_condit": null, "cycleway_l": null, "cycleway_r": null, "motorcycle": null, "destinatio": null, "destinat_1": null, "motor_vehi": null, "sidewalk": null, "wikidata": null, "bridge_nam": null, "bridge_n_1": null, "bridge_n_2": null, "bridge_n_3": null, "bridge_n_4": null, "name_it": null, "name_fr": null, "name_es": null, "name_en": null, "name_de": null, "minspeed_m": null, "maxspeed_m": null, "layer": null, "bridge_n_5": null, "bridge": null, "toll": null, "start_date": null, "short_name": null, "motorcar": null, "minspeed": null, "maxspeed": null, "maxaxleloa": null, "lit": null, "horse": null, "emergency": null, "bicycle": null, "alt_name_f": null, "alt_name_e": null, "alt_name_1": null, "alt_name_d": null, "alt_name": null, "access": null, "hgv": null, "ref": null, "junction": null, "width": "5", "surface": "asphalt", "smoothness": "good", "oneway": "yes", "name": "Jalan Ngagel", "motorcyc_1": "yes", "lanes": "2", "foot": "yes" }, "geometry": { "type": "MultiLineString", "coordinates": [ [ [ 112.7431523, -7.2909797 ], [ 112.7431443, -7.2910545 ], [ 112.7431154, -7.2911332 ], [ 112.7430922, -7.2911877 ], [ 112.7430558, -7.2912732 ], [ 112.7430326, -7.2913298 ], [ 112.7429816, -7.2914443 ], [ 112.742969, -7.2914769 ], [ 112.7429073, -7.2916359 ], [ 112.7428445, -7.2917978 ], [ 112.7428016, -7.291855 ] ] ] } },
{ "type": "Feature", "properties": { "full_id": "w1053342930", "osm_id": "1053342930", "osm_type": "way", "highway": "trunk", "turn_lanes": null, "tunnel": null, "hgv_condit": null, "cycleway_l": null, "cycleway_r": null, "motorcycle": null, "destinatio": null, "destinat_1": null, "motor_vehi": null, "sidewalk": null, "wikidata": null, "bridge_nam": null, "bridge_n_1": null, "bridge_n_2": null, "bridge_n_3": null, "bridge_n_4": null, "name_it": null, "name_fr": null, "name_es": null, "name_en": null, "name_de": null, "minspeed_m": null, "maxspeed_m": null, "layer": null, "bridge_n_5": null, "bridge": null, "toll": null, "start_date": null, "short_name": null, "motorcar": null, "minspeed": null, "maxspeed": null, "maxaxleloa": null, "lit": null, "horse": null, "emergency": null, "bicycle": null, "alt_name_f": null, "alt_name_e": null, "alt_name_1": null, "alt_name_d": null, "alt_name": null, "access": null, "hgv": null, "ref": null, "junction": null, "width": "5", "surface": "asphalt", "smoothness": "good", "oneway": "no", "name": "Jalan Ngagel", "motorcyc_1": "yes", "lanes": "4", "foot": "yes" }, "geometry": { "type": "MultiLineString", "coordinates": [ [ [ 112.7434313, -7.2905647 ], [ 112.7432723, -7.2907869 ], [ 112.7431523, -7.2909797 ] ] ] } },
{ "type": "Feature", "properties": { "full_id": "w1053342931", "osm_id": "1053342931", "osm_type": "way", "highway": "trunk", "turn_lanes": null, "tunnel": null, "hgv_condit": null, "cycleway_l": null, "cycleway_r": null, "motorcycle": null, "destinatio": null, "destinat_1": null, "motor_vehi": null, "sidewalk": null, "wikidata": null, "bridge_nam": null, "bridge_n_1": null, "bridge_n_2": null, "bridge_n_3": null, "bridge_n_4": null, "name_it": null, "name_fr": null, "name_es": null, "name_en": null, "name_de": null, "minspeed_m": null, "maxspeed_m": null, "layer": null, "bridge_n_5": null, "bridge": null, "toll": null, "start_date": null, "short_name": null, "motorcar": null, "minspeed": null, "maxspeed": null, "maxaxleloa": null, "lit": null, "horse": null, "emergency": null, "bicycle": null, "alt_name_f": null, "alt_name_e": null, "alt_name_1": null, "alt_name_d": null, "alt_name": null, "access": null, "hgv": null, "ref": null, "junction": null, "width": "5", "surface": "asphalt", "smoothness": "good", "oneway": "yes", "name": "Jalan Ngagel", "motorcyc_1": "yes", "lanes": "2", "foot": "yes" }, "geometry": { "type": "MultiLineString", "coordinates": [ [ [ 112.7428016, -7.291855 ], [ 112.7427983, -7.2917885 ], [ 112.7428966, -7.2915017 ], [ 112.7429248, -7.2914194 ], [ 112.7429739, -7.2913056 ], [ 112.7430101, -7.2912245 ], [ 112.7430464, -7.2911554 ], [ 112.7431097, -7.2910346 ], [ 112.7431523, -7.2909797 ] ] ] } },
{ "type": "Feature", "properties": { "full_id": "w1081059351", "osm_id": "1081059351", "osm_type": "way", "highway": "trunk", "turn_lanes": null, "tunnel": null, "hgv_condit": null, "cycleway_l": null, "cycleway_r": null, "motorcycle": null, "destinatio": null, "destinat_1": null, "motor_vehi": null, "sidewalk": null, "wikidata": null, "bridge_nam": null, "bridge_n_1": null, "bridge_n_2": null, "bridge_n_3": null, "bridge_n_4": null, "name_it": null, "name_fr": null, "name_es": null, "name_en": null, "name_de": null, "minspeed_m": null, "maxspeed_m": null, "layer": null, "bridge_n_5": null, "bridge": null, "toll": null, "start_date": null, "short_name": null, "motorcar": null, "minspeed": null, "maxspeed": null, "maxaxleloa": null, "lit": null, "horse": null, "emergency": null, "bicycle": null, "alt_name_f": null, "alt_name_e": null, "alt_name_1": null, "alt_name_d": null, "alt_name": null, "access": null, "hgv": null, "ref": "1", "junction": null, "width": null, "surface": "asphalt", "smoothness": null, "oneway": null, "name": "Jalan Greges", "motorcyc_1": null, "lanes": "2", "foot": null }, "geometry": { "type": "MultiLineString", "coordinates": [ [ [ 112.6877082, -7.2295137 ], [ 112.6874451, -7.2295199 ], [ 112.6870305, -7.2295327 ], [ 112.6868855, -7.2295351 ], [ 112.6864501, -7.2295505 ], [ 112.686085, -7.2295617 ] ] ] } },
{ "type": "Feature", "properties": { "full_id": "w1088325191", "osm_id": "1088325191", "osm_type": "way", "highway": "trunk", "turn_lanes": null, "tunnel": null, "hgv_condit": null, "cycleway_l": null, "cycleway_r": null, "motorcycle": null, "destinatio": null, "destinat_1": null, "motor_vehi": null, "sidewalk": null, "wikidata": null, "bridge_nam": null, "bridge_n_1": null, "bridge_n_2": null, "bridge_n_3": null, "bridge_n_4": null, "name_it": null, "name_fr": null, "name_es": null, "name_en": null, "name_de": null, "minspeed_m": null, "maxspeed_m": null, "layer": "1", "bridge_n_5": null, "bridge": "yes", "toll": null, "start_date": null, "short_name": null, "motorcar": null, "minspeed": null, "maxspeed": null, "maxaxleloa": null, "lit": null, "horse": null, "emergency": null, "bicycle": null, "alt_name_f": null, "alt_name_e": null, "alt_name_1": null, "alt_name_d": null, "alt_name": null, "access": null, "hgv": null, "ref": "1", "junction": null, "width": null, "surface": "asphalt", "smoothness": null, "oneway": "yes", "name": "Fly Over Pasar Kembang", "motorcyc_1": null, "lanes": "2", "foot": "no" }, "geometry": { "type": "MultiLineString", "coordinates": [ [ [ 112.727167, -7.2735766 ], [ 112.7276759, -7.2723156 ] ] ] } },
{ "type": "Feature", "properties": { "full_id": "w1088325192", "osm_id": "1088325192", "osm_type": "way", "highway": "trunk", "turn_lanes": null, "tunnel": null, "hgv_condit": null, "cycleway_l": null, "cycleway_r": null, "motorcycle": null, "destinatio": null, "destinat_1": null, "motor_vehi": null, "sidewalk": null, "wikidata": null, "bridge_nam": null, "bridge_n_1": null, "bridge_n_2": null, "bridge_n_3": null, "bridge_n_4": null, "name_it": null, "name_fr": null, "name_es": null, "name_en": null, "name_de": null, "minspeed_m": null, "maxspeed_m": null, "layer": "1", "bridge_n_5": null, "bridge": "yes", "toll": null, "start_date": null, "short_name": null, "motorcar": null, "minspeed": null, "maxspeed": null, "maxaxleloa": null, "lit": null, "horse": null, "emergency": null, "bicycle": null, "alt_name_f": null, "alt_name_e": null, "alt_name_1": null, "alt_name_d": null, "alt_name": null, "access": null, "hgv": null, "ref": "1", "junction": null, "width": null, "surface": "asphalt", "smoothness": null, "oneway": "yes", "name": "Fly Over Pasar Kembang", "motorcyc_1": null, "lanes": "2", "foot": "no" }, "geometry": { "type": "MultiLineString", "coordinates": [ [ [ 112.7277414, -7.2723412 ], [ 112.7272444, -7.2736028 ] ] ] } },
{ "type": "Feature", "properties": { "full_id": "w1096902398", "osm_id": "1096902398", "osm_type": "way", "highway": "trunk", "turn_lanes": null, "tunnel": null, "hgv_condit": null, "cycleway_l": null, "cycleway_r": null, "motorcycle": null, "destinatio": null, "destinat_1": null, "motor_vehi": null, "sidewalk": null, "wikidata": null, "bridge_nam": null, "bridge_n_1": null, "bridge_n_2": null, "bridge_n_3": null, "bridge_n_4": null, "name_it": null, "name_fr": null, "name_es": null, "name_en": null, "name_de": null, "minspeed_m": null, "maxspeed_m": null, "layer": null, "bridge_n_5": null, "bridge": null, "toll": null, "start_date": null, "short_name": null, "motorcar": null, "minspeed": null, "maxspeed": null, "maxaxleloa": null, "lit": null, "horse": null, "emergency": null, "bicycle": null, "alt_name_f": null, "alt_name_e": null, "alt_name_1": null, "alt_name_d": null, "alt_name": null, "access": null, "hgv": null, "ref": "1", "junction": null, "width": "10", "surface": "asphalt", "smoothness": "intermediate", "oneway": "no", "name": "Jalan Raya Kalianak Barat", "motorcyc_1": "yes", "lanes": "2", "foot": null }, "geometry": { "type": "MultiLineString", "coordinates": [ [ [ 112.706974, -7.2295462 ], [ 112.70661, -7.2295498 ], [ 112.7065489, -7.2295489 ], [ 112.7056252, -7.2295522 ], [ 112.7051273, -7.229545 ], [ 112.7046336, -7.229549 ], [ 112.7045237, -7.2295476 ], [ 112.704284, -7.2295609 ] ] ] } },
{ "type": "Feature", "properties": { "full_id": "w1097870417", "osm_id": "1097870417", "osm_type": "way", "highway": "trunk", "turn_lanes": null, "tunnel": null, "hgv_condit": null, "cycleway_l": null, "cycleway_r": null, "motorcycle": null, "destinatio": "Taman;Bungurasih;Mojokerto", "destinat_1": null, "motor_vehi": null, "sidewalk": null, "wikidata": null, "bridge_nam": null, "bridge_n_1": null, "bridge_n_2": null, "bridge_n_3": null, "bridge_n_4": null, "name_it": null, "name_fr": null, "name_es": null, "name_en": null, "name_de": null, "minspeed_m": null, "maxspeed_m": null, "layer": null, "bridge_n_5": null, "bridge": null, "toll": null, "start_date": null, "short_name": null, "motorcar": null, "minspeed": null, "maxspeed": null, "maxaxleloa": null, "lit": null, "horse": null, "emergency": null, "bicycle": null, "alt_name_f": null, "alt_name_e": null, "alt_name_1": null, "alt_name_d": null, "alt_name": null, "access": null, "hgv": null, "ref": "AH2", "junction": null, "width": null, "surface": "asphalt", "smoothness": null, "oneway": "yes", "name": "Jalan Bypass Waru", "motorcyc_1": null, "lanes": null, "foot": null }, "geometry": { "type": "MultiLineString", "coordinates": [ [ [ 112.7182621, -7.3467935 ], [ 112.7180113, -7.3467873 ], [ 112.7178557, -7.346788 ], [ 112.7177183, -7.3467966 ], [ 112.7176572, -7.3468066 ], [ 112.7175781, -7.3468319 ], [ 112.7175057, -7.3468645 ], [ 112.717436, -7.346907 ], [ 112.7173407, -7.3469695 ], [ 112.7172341, -7.3470427 ], [ 112.716495, -7.3475925 ], [ 112.7164015, -7.347658 ], [ 112.716231, -7.3477776 ] ] ] } },
{ "type": "Feature", "properties": { "full_id": "w1099962183", "osm_id": "1099962183", "osm_type": "way", "highway": "trunk", "turn_lanes": null, "tunnel": null, "hgv_condit": null, "cycleway_l": null, "cycleway_r": null, "motorcycle": null, "destinatio": null, "destinat_1": null, "motor_vehi": null, "sidewalk": null, "wikidata": null, "bridge_nam": null, "bridge_n_1": null, "bridge_n_2": null, "bridge_n_3": null, "bridge_n_4": null, "name_it": null, "name_fr": null, "name_es": null, "name_en": null, "name_de": null, "minspeed_m": null, "maxspeed_m": null, "layer": null, "bridge_n_5": null, "bridge": null, "toll": null, "start_date": null, "short_name": null, "motorcar": null, "minspeed": null, "maxspeed": null, "maxaxleloa": null, "lit": null, "horse": null, "emergency": null, "bicycle": null, "alt_name_f": null, "alt_name_e": null, "alt_name_1": null, "alt_name_d": null, "alt_name": null, "access": null, "hgv": null, "ref": null, "junction": null, "width": null, "surface": null, "smoothness": null, "oneway": "yes", "name": "Jalan Biliton", "motorcyc_1": null, "lanes": "2", "foot": "yes" }, "geometry": { "type": "MultiLineString", "coordinates": [ [ [ 112.749864, -7.2736991 ], [ 112.7495937, -7.2749584 ], [ 112.7493771, -7.276 ], [ 112.7493404, -7.2761396 ], [ 112.7493087, -7.2762681 ], [ 112.7492817, -7.2763773 ], [ 112.7491942, -7.2768303 ] ] ] } },
{ "type": "Feature", "properties": { "full_id": "w1100555593", "osm_id": "1100555593", "osm_type": "way", "highway": "trunk", "turn_lanes": null, "tunnel": null, "hgv_condit": null, "cycleway_l": null, "cycleway_r": null, "motorcycle": null, "destinatio": null, "destinat_1": null, "motor_vehi": null, "sidewalk": null, "wikidata": null, "bridge_nam": null, "bridge_n_1": null, "bridge_n_2": null, "bridge_n_3": null, "bridge_n_4": null, "name_it": null, "name_fr": null, "name_es": null, "name_en": null, "name_de": null, "minspeed_m": null, "maxspeed_m": null, "layer": null, "bridge_n_5": null, "bridge": null, "toll": null, "start_date": null, "short_name": null, "motorcar": null, "minspeed": null, "maxspeed": null, "maxaxleloa": null, "lit": null, "horse": null, "emergency": null, "bicycle": null, "alt_name_f": null, "alt_name_e": null, "alt_name_1": null, "alt_name_d": null, "alt_name": null, "access": null, "hgv": null, "ref": null, "junction": null, "width": "4", "surface": "asphalt", "smoothness": "intermediate", "oneway": "yes", "name": "Jalan Simokerto", "motorcyc_1": "yes", "lanes": "2", "foot": "yes" }, "geometry": { "type": "MultiLineString", "coordinates": [ [ [ 112.754664, -7.2353457 ], [ 112.7546234, -7.2350261 ], [ 112.7545738, -7.2346789 ], [ 112.7545322, -7.234478 ], [ 112.7544666, -7.2342551 ] ] ] } },
{ "type": "Feature", "properties": { "full_id": "w1100555594", "osm_id": "1100555594", "osm_type": "way", "highway": "trunk", "turn_lanes": null, "tunnel": null, "hgv_condit": null, "cycleway_l": null, "cycleway_r": null, "motorcycle": null, "destinatio": null, "destinat_1": null, "motor_vehi": null, "sidewalk": null, "wikidata": null, "bridge_nam": null, "bridge_n_1": null, "bridge_n_2": null, "bridge_n_3": null, "bridge_n_4": null, "name_it": null, "name_fr": null, "name_es": null, "name_en": null, "name_de": null, "minspeed_m": null, "maxspeed_m": null, "layer": null, "bridge_n_5": null, "bridge": null, "toll": null, "start_date": null, "short_name": null, "motorcar": null, "minspeed": null, "maxspeed": null, "maxaxleloa": null, "lit": null, "horse": null, "emergency": null, "bicycle": null, "alt_name_f": null, "alt_name_e": null, "alt_name_1": null, "alt_name_d": null, "alt_name": null, "access": null, "hgv": null, "ref": null, "junction": null, "width": "4", "surface": "asphalt", "smoothness": "intermediate", "oneway": "yes", "name": "Jalan Simokerto", "motorcyc_1": "yes", "lanes": "2", "foot": "yes" }, "geometry": { "type": "MultiLineString", "coordinates": [ [ [ 112.7545753, -7.2343466 ], [ 112.7546509, -7.234633 ], [ 112.7547146, -7.2350068 ], [ 112.7547555, -7.2353373 ] ] ] } },
{ "type": "Feature", "properties": { "full_id": "w1113190231", "osm_id": "1113190231", "osm_type": "way", "highway": "trunk", "turn_lanes": null, "tunnel": null, "hgv_condit": null, "cycleway_l": "shared_lane", "cycleway_r": "shared_lane", "motorcycle": null, "destinatio": null, "destinat_1": null, "motor_vehi": null, "sidewalk": null, "wikidata": null, "bridge_nam": null, "bridge_n_1": null, "bridge_n_2": null, "bridge_n_3": null, "bridge_n_4": null, "name_it": null, "name_fr": null, "name_es": null, "name_en": null, "name_de": null, "minspeed_m": null, "maxspeed_m": null, "layer": null, "bridge_n_5": null, "bridge": null, "toll": null, "start_date": null, "short_name": null, "motorcar": null, "minspeed": null, "maxspeed": null, "maxaxleloa": null, "lit": null, "horse": null, "emergency": null, "bicycle": null, "alt_name_f": null, "alt_name_e": null, "alt_name_1": null, "alt_name_d": null, "alt_name": null, "access": null, "hgv": null, "ref": null, "junction": null, "width": null, "surface": null, "smoothness": null, "oneway": "yes", "name": "Jalan Raya Gubeng", "motorcyc_1": null, "lanes": "5", "foot": "yes" }, "geometry": { "type": "MultiLineString", "coordinates": [ [ [ 112.7464588, -7.2753788 ], [ 112.7465862, -7.2749611 ], [ 112.7466895, -7.2746854 ], [ 112.7467686, -7.2744742 ] ] ] } },
{ "type": "Feature", "properties": { "full_id": "w1113190232", "osm_id": "1113190232", "osm_type": "way", "highway": "trunk", "turn_lanes": null, "tunnel": null, "hgv_condit": null, "cycleway_l": "shared_lane", "cycleway_r": "shared_lane", "motorcycle": null, "destinatio": null, "destinat_1": null, "motor_vehi": null, "sidewalk": null, "wikidata": null, "bridge_nam": null, "bridge_n_1": null, "bridge_n_2": null, "bridge_n_3": null, "bridge_n_4": null, "name_it": null, "name_fr": null, "name_es": null, "name_en": null, "name_de": null, "minspeed_m": null, "maxspeed_m": null, "layer": null, "bridge_n_5": null, "bridge": null, "toll": null, "start_date": null, "short_name": null, "motorcar": null, "minspeed": null, "maxspeed": null, "maxaxleloa": null, "lit": null, "horse": null, "emergency": null, "bicycle": null, "alt_name_f": null, "alt_name_e": null, "alt_name_1": null, "alt_name_d": null, "alt_name": null, "access": null, "hgv": null, "ref": null, "junction": null, "width": null, "surface": null, "smoothness": null, "oneway": "yes", "name": "Jalan Raya Gubeng", "motorcyc_1": null, "lanes": "4", "foot": "yes" }, "geometry": { "type": "MultiLineString", "coordinates": [ [ [ 112.7461997, -7.2762216 ], [ 112.7464588, -7.2753788 ] ] ] } },
{ "type": "Feature", "properties": { "full_id": "w1113190233", "osm_id": "1113190233", "osm_type": "way", "highway": "trunk", "turn_lanes": null, "tunnel": null, "hgv_condit": null, "cycleway_l": null, "cycleway_r": null, "motorcycle": null, "destinatio": null, "destinat_1": null, "motor_vehi": null, "sidewalk": null, "wikidata": null, "bridge_nam": null, "bridge_n_1": null, "bridge_n_2": null, "bridge_n_3": null, "bridge_n_4": null, "name_it": null, "name_fr": null, "name_es": null, "name_en": null, "name_de": null, "minspeed_m": null, "maxspeed_m": null, "layer": null, "bridge_n_5": null, "bridge": null, "toll": null, "start_date": null, "short_name": null, "motorcar": null, "minspeed": null, "maxspeed": null, "maxaxleloa": null, "lit": null, "horse": null, "emergency": null, "bicycle": null, "alt_name_f": null, "alt_name_e": null, "alt_name_1": null, "alt_name_d": null, "alt_name": null, "access": null, "hgv": null, "ref": null, "junction": null, "width": null, "surface": null, "smoothness": null, "oneway": "yes", "name": "Jalan Pasar Keputran", "motorcyc_1": null, "lanes": "2", "foot": "yes" }, "geometry": { "type": "MultiLineString", "coordinates": [ [ [ 112.7460028, -7.2763975 ], [ 112.7460664, -7.2763557 ], [ 112.7461282, -7.2763 ], [ 112.7461997, -7.2762216 ] ] ] } },
{ "type": "Feature", "properties": { "full_id": "w1113464661", "osm_id": "1113464661", "osm_type": "way", "highway": "trunk", "turn_lanes": null, "tunnel": null, "hgv_condit": null, "cycleway_l": null, "cycleway_r": null, "motorcycle": null, "destinatio": null, "destinat_1": null, "motor_vehi": null, "sidewalk": null, "wikidata": null, "bridge_nam": null, "bridge_n_1": null, "bridge_n_2": null, "bridge_n_3": null, "bridge_n_4": null, "name_it": null, "name_fr": null, "name_es": null, "name_en": null, "name_de": null, "minspeed_m": null, "maxspeed_m": null, "layer": null, "bridge_n_5": null, "bridge": null, "toll": null, "start_date": null, "short_name": null, "motorcar": null, "minspeed": null, "maxspeed": null, "maxaxleloa": null, "lit": null, "horse": null, "emergency": null, "bicycle": null, "alt_name_f": null, "alt_name_e": null, "alt_name_1": null, "alt_name_d": null, "alt_name": null, "access": null, "hgv": null, "ref": "1", "junction": null, "width": null, "surface": "asphalt", "smoothness": null, "oneway": "yes", "name": "Jalan Margomulyo", "motorcyc_1": null, "lanes": "2", "foot": null }, "geometry": { "type": "MultiLineString", "coordinates": [ [ [ 112.6829195, -7.2299179 ], [ 112.6829218, -7.2300384 ] ] ] } },
{ "type": "Feature", "properties": { "full_id": "w1113721872", "osm_id": "1113721872", "osm_type": "way", "highway": "trunk", "turn_lanes": null, "tunnel": null, "hgv_condit": null, "cycleway_l": null, "cycleway_r": null, "motorcycle": null, "destinatio": null, "destinat_1": null, "motor_vehi": null, "sidewalk": null, "wikidata": null, "bridge_nam": null, "bridge_n_1": null, "bridge_n_2": null, "bridge_n_3": null, "bridge_n_4": null, "name_it": null, "name_fr": null, "name_es": null, "name_en": null, "name_de": null, "minspeed_m": null, "maxspeed_m": null, "layer": null, "bridge_n_5": null, "bridge": null, "toll": null, "start_date": null, "short_name": null, "motorcar": null, "minspeed": null, "maxspeed": null, "maxaxleloa": null, "lit": null, "horse": null, "emergency": null, "bicycle": null, "alt_name_f": null, "alt_name_e": null, "alt_name_1": null, "alt_name_d": null, "alt_name": null, "access": null, "hgv": null, "ref": null, "junction": null, "width": null, "surface": null, "smoothness": null, "oneway": "yes", "name": "Jalan Romokalisari", "motorcyc_1": "no", "lanes": "3", "foot": null }, "geometry": { "type": "MultiLineString", "coordinates": [ [ [ 112.6458848, -7.2016446 ], [ 112.6458828, -7.2015565 ], [ 112.6458864, -7.2012669 ] ] ] } },
{ "type": "Feature", "properties": { "full_id": "w1113721873", "osm_id": "1113721873", "osm_type": "way", "highway": "trunk", "turn_lanes": null, "tunnel": null, "hgv_condit": null, "cycleway_l": null, "cycleway_r": null, "motorcycle": null, "destinatio": null, "destinat_1": null, "motor_vehi": null, "sidewalk": null, "wikidata": null, "bridge_nam": null, "bridge_n_1": null, "bridge_n_2": null, "bridge_n_3": null, "bridge_n_4": null, "name_it": null, "name_fr": null, "name_es": null, "name_en": null, "name_de": null, "minspeed_m": null, "maxspeed_m": null, "layer": null, "bridge_n_5": null, "bridge": null, "toll": null, "start_date": null, "short_name": null, "motorcar": null, "minspeed": null, "maxspeed": null, "maxaxleloa": null, "lit": null, "horse": null, "emergency": null, "bicycle": null, "alt_name_f": null, "alt_name_e": null, "alt_name_1": null, "alt_name_d": null, "alt_name": null, "access": null, "hgv": null, "ref": null, "junction": null, "width": null, "surface": null, "smoothness": null, "oneway": "yes", "name": "Jalan Romokalisari", "motorcyc_1": "no", "lanes": "5", "foot": null }, "geometry": { "type": "MultiLineString", "coordinates": [ [ [ 112.6458897, -7.2019809 ], [ 112.6458848, -7.2016446 ] ] ] } },
{ "type": "Feature", "properties": { "full_id": "w1113721874", "osm_id": "1113721874", "osm_type": "way", "highway": "trunk", "turn_lanes": null, "tunnel": null, "hgv_condit": null, "cycleway_l": null, "cycleway_r": null, "motorcycle": null, "destinatio": null, "destinat_1": null, "motor_vehi": null, "sidewalk": null, "wikidata": null, "bridge_nam": null, "bridge_n_1": null, "bridge_n_2": null, "bridge_n_3": null, "bridge_n_4": null, "name_it": null, "name_fr": null, "name_es": null, "name_en": null, "name_de": null, "minspeed_m": null, "maxspeed_m": null, "layer": null, "bridge_n_5": null, "bridge": null, "toll": null, "start_date": null, "short_name": null, "motorcar": null, "minspeed": null, "maxspeed": null, "maxaxleloa": null, "lit": null, "horse": null, "emergency": null, "bicycle": null, "alt_name_f": null, "alt_name_e": null, "alt_name_1": null, "alt_name_d": null, "alt_name": null, "access": null, "hgv": null, "ref": null, "junction": null, "width": null, "surface": null, "smoothness": null, "oneway": "yes", "name": "Jalan Romokalisari", "motorcyc_1": "no", "lanes": "3", "foot": null }, "geometry": { "type": "MultiLineString", "coordinates": [ [ [ 112.6461028, -7.2014696 ], [ 112.6460909, -7.2019768 ] ] ] } },
{ "type": "Feature", "properties": { "full_id": "w1113721878", "osm_id": "1113721878", "osm_type": "way", "highway": "trunk", "turn_lanes": null, "tunnel": null, "hgv_condit": null, "cycleway_l": null, "cycleway_r": null, "motorcycle": null, "destinatio": null, "destinat_1": null, "motor_vehi": null, "sidewalk": null, "wikidata": null, "bridge_nam": null, "bridge_n_1": null, "bridge_n_2": null, "bridge_n_3": null, "bridge_n_4": null, "name_it": null, "name_fr": null, "name_es": null, "name_en": null, "name_de": null, "minspeed_m": null, "maxspeed_m": null, "layer": null, "bridge_n_5": null, "bridge": null, "toll": null, "start_date": null, "short_name": null, "motorcar": null, "minspeed": null, "maxspeed": null, "maxaxleloa": null, "lit": null, "horse": null, "emergency": null, "bicycle": null, "alt_name_f": null, "alt_name_e": null, "alt_name_1": null, "alt_name_d": null, "alt_name": null, "access": null, "hgv": null, "ref": null, "junction": null, "width": null, "surface": null, "smoothness": null, "oneway": "yes", "name": "Jalan Romokalisari", "motorcyc_1": null, "lanes": "1", "foot": null }, "geometry": { "type": "MultiLineString", "coordinates": [ [ [ 112.6457438, -7.1968141 ], [ 112.6457717, -7.196647 ], [ 112.6458077, -7.1965419 ], [ 112.6458602, -7.1964755 ] ] ] } },
{ "type": "Feature", "properties": { "full_id": "w1113765569", "osm_id": "1113765569", "osm_type": "way", "highway": "trunk", "turn_lanes": null, "tunnel": null, "hgv_condit": null, "cycleway_l": null, "cycleway_r": null, "motorcycle": null, "destinatio": null, "destinat_1": null, "motor_vehi": null, "sidewalk": null, "wikidata": null, "bridge_nam": null, "bridge_n_1": null, "bridge_n_2": null, "bridge_n_3": null, "bridge_n_4": null, "name_it": null, "name_fr": null, "name_es": null, "name_en": null, "name_de": null, "minspeed_m": null, "maxspeed_m": null, "layer": null, "bridge_n_5": null, "bridge": null, "toll": null, "start_date": null, "short_name": null, "motorcar": null, "minspeed": null, "maxspeed": null, "maxaxleloa": null, "lit": null, "horse": null, "emergency": null, "bicycle": null, "alt_name_f": null, "alt_name_e": null, "alt_name_1": null, "alt_name_d": null, "alt_name": null, "access": null, "hgv": null, "ref": "1", "junction": null, "width": null, "surface": "asphalt", "smoothness": null, "oneway": "yes", "name": "Fly Over Pasar Kembang", "motorcyc_1": null, "lanes": "2", "foot": "no" }, "geometry": { "type": "MultiLineString", "coordinates": [ [ [ 112.7286693, -7.2773915 ], [ 112.7287848, -7.2775146 ] ] ] } },
{ "type": "Feature", "properties": { "full_id": "w1113765570", "osm_id": "1113765570", "osm_type": "way", "highway": "trunk", "turn_lanes": null, "tunnel": null, "hgv_condit": null, "cycleway_l": null, "cycleway_r": null, "motorcycle": null, "destinatio": null, "destinat_1": null, "motor_vehi": null, "sidewalk": null, "wikidata": null, "bridge_nam": null, "bridge_n_1": null, "bridge_n_2": null, "bridge_n_3": null, "bridge_n_4": null, "name_it": null, "name_fr": null, "name_es": null, "name_en": null, "name_de": null, "minspeed_m": null, "maxspeed_m": null, "layer": null, "bridge_n_5": null, "bridge": null, "toll": null, "start_date": null, "short_name": null, "motorcar": null, "minspeed": null, "maxspeed": null, "maxaxleloa": null, "lit": null, "horse": null, "emergency": null, "bicycle": null, "alt_name_f": null, "alt_name_e": null, "alt_name_1": null, "alt_name_d": null, "alt_name": null, "access": null, "hgv": null, "ref": "1", "junction": null, "width": "4", "surface": "asphalt", "smoothness": "excellent", "oneway": "yes", "name": "Fly Over Pasar Kembang", "motorcyc_1": "yes", "lanes": "2", "foot": "no" }, "geometry": { "type": "MultiLineString", "coordinates": [ [ [ 112.728616, -7.2774979 ], [ 112.7285805, -7.2774498 ] ] ] } },
{ "type": "Feature", "properties": { "full_id": "w1114962861", "osm_id": "1114962861", "osm_type": "way", "highway": "trunk", "turn_lanes": null, "tunnel": null, "hgv_condit": null, "cycleway_l": null, "cycleway_r": null, "motorcycle": null, "destinatio": null, "destinat_1": null, "motor_vehi": null, "sidewalk": null, "wikidata": null, "bridge_nam": null, "bridge_n_1": null, "bridge_n_2": null, "bridge_n_3": null, "bridge_n_4": null, "name_it": null, "name_fr": null, "name_es": null, "name_en": null, "name_de": null, "minspeed_m": null, "maxspeed_m": null, "layer": null, "bridge_n_5": null, "bridge": null, "toll": null, "start_date": null, "short_name": null, "motorcar": null, "minspeed": null, "maxspeed": null, "maxaxleloa": null, "lit": null, "horse": null, "emergency": null, "bicycle": null, "alt_name_f": null, "alt_name_e": null, "alt_name_1": null, "alt_name_d": null, "alt_name": null, "access": null, "hgv": null, "ref": "AH2", "junction": null, "width": null, "surface": "asphalt", "smoothness": null, "oneway": "yes", "name": "Jalan Raya Taman", "motorcyc_1": null, "lanes": "2", "foot": null }, "geometry": { "type": "MultiLineString", "coordinates": [ [ [ 112.7032283, -7.3502615 ], [ 112.7034342, -7.3502084 ], [ 112.703699, -7.3501232 ], [ 112.7039893, -7.350013 ], [ 112.7042777, -7.3498831 ] ] ] } },
{ "type": "Feature", "properties": { "full_id": "w1114962862", "osm_id": "1114962862", "osm_type": "way", "highway": "trunk", "turn_lanes": null, "tunnel": null, "hgv_condit": null, "cycleway_l": null, "cycleway_r": null, "motorcycle": null, "destinatio": null, "destinat_1": null, "motor_vehi": null, "sidewalk": null, "wikidata": null, "bridge_nam": null, "bridge_n_1": null, "bridge_n_2": null, "bridge_n_3": null, "bridge_n_4": null, "name_it": null, "name_fr": null, "name_es": null, "name_en": null, "name_de": null, "minspeed_m": null, "maxspeed_m": null, "layer": null, "bridge_n_5": null, "bridge": null, "toll": null, "start_date": null, "short_name": null, "motorcar": null, "minspeed": null, "maxspeed": null, "maxaxleloa": null, "lit": null, "horse": null, "emergency": null, "bicycle": null, "alt_name_f": null, "alt_name_e": null, "alt_name_1": null, "alt_name_d": null, "alt_name": null, "access": null, "hgv": null, "ref": "AH2", "junction": null, "width": null, "surface": "asphalt", "smoothness": null, "oneway": "yes", "name": "Jalan Raya Taman", "motorcyc_1": null, "lanes": "2", "foot": null }, "geometry": { "type": "MultiLineString", "coordinates": [ [ [ 112.7042181, -7.3500269 ], [ 112.7037446, -7.350209 ], [ 112.7035522, -7.3502708 ], [ 112.7032739, -7.3503493 ] ] ] } },
{ "type": "Feature", "properties": { "full_id": "w1114985343", "osm_id": "1114985343", "osm_type": "way", "highway": "trunk", "turn_lanes": null, "tunnel": null, "hgv_condit": null, "cycleway_l": null, "cycleway_r": null, "motorcycle": null, "destinatio": null, "destinat_1": null, "motor_vehi": null, "sidewalk": null, "wikidata": null, "bridge_nam": null, "bridge_n_1": null, "bridge_n_2": null, "bridge_n_3": null, "bridge_n_4": null, "name_it": null, "name_fr": null, "name_es": null, "name_en": null, "name_de": null, "minspeed_m": null, "maxspeed_m": null, "layer": null, "bridge_n_5": null, "bridge": null, "toll": null, "start_date": null, "short_name": null, "motorcar": null, "minspeed": null, "maxspeed": null, "maxaxleloa": null, "lit": null, "horse": null, "emergency": null, "bicycle": null, "alt_name_f": null, "alt_name_e": null, "alt_name_1": null, "alt_name_d": null, "alt_name": null, "access": null, "hgv": null, "ref": "1", "junction": null, "width": "8", "surface": "asphalt", "smoothness": "intermediate", "oneway": "yes", "name": "Jalan Raya Arjuno", "motorcyc_1": "yes", "lanes": "1", "foot": "yes" }, "geometry": { "type": "MultiLineString", "coordinates": [ [ [ 112.728866, -7.269087 ], [ 112.7288873, -7.2689477 ], [ 112.7288916, -7.2688534 ] ] ] } },
{ "type": "Feature", "properties": { "full_id": "w1114992378", "osm_id": "1114992378", "osm_type": "way", "highway": "trunk", "turn_lanes": null, "tunnel": null, "hgv_condit": null, "cycleway_l": null, "cycleway_r": null, "motorcycle": null, "destinatio": null, "destinat_1": null, "motor_vehi": null, "sidewalk": null, "wikidata": null, "bridge_nam": null, "bridge_n_1": null, "bridge_n_2": null, "bridge_n_3": null, "bridge_n_4": null, "name_it": null, "name_fr": null, "name_es": null, "name_en": null, "name_de": null, "minspeed_m": null, "maxspeed_m": null, "layer": null, "bridge_n_5": null, "bridge": null, "toll": null, "start_date": null, "short_name": null, "motorcar": null, "minspeed": null, "maxspeed": null, "maxaxleloa": null, "lit": null, "horse": null, "emergency": null, "bicycle": null, "alt_name_f": null, "alt_name_e": null, "alt_name_1": null, "alt_name_d": null, "alt_name": null, "access": null, "hgv": null, "ref": null, "junction": null, "width": "6", "surface": "asphalt", "smoothness": "intermediate", "oneway": "yes", "name": "Jalan Jakarta", "motorcyc_1": "yes", "lanes": "2", "foot": null }, "geometry": { "type": "MultiLineString", "coordinates": [ [ [ 112.7384226, -7.2225239 ], [ 112.7383089, -7.2225848 ] ] ] } },
{ "type": "Feature", "properties": { "full_id": "w1114992379", "osm_id": "1114992379", "osm_type": "way", "highway": "trunk", "turn_lanes": null, "tunnel": null, "hgv_condit": null, "cycleway_l": null, "cycleway_r": null, "motorcycle": null, "destinatio": null, "destinat_1": null, "motor_vehi": null, "sidewalk": null, "wikidata": null, "bridge_nam": null, "bridge_n_1": null, "bridge_n_2": null, "bridge_n_3": null, "bridge_n_4": null, "name_it": null, "name_fr": null, "name_es": null, "name_en": null, "name_de": null, "minspeed_m": null, "maxspeed_m": null, "layer": null, "bridge_n_5": null, "bridge": null, "toll": null, "start_date": null, "short_name": null, "motorcar": null, "minspeed": null, "maxspeed": null, "maxaxleloa": null, "lit": null, "horse": null, "emergency": null, "bicycle": null, "alt_name_f": null, "alt_name_e": null, "alt_name_1": null, "alt_name_d": null, "alt_name": null, "access": null, "hgv": null, "ref": null, "junction": null, "width": "6", "surface": "asphalt", "smoothness": "intermediate", "oneway": "yes", "name": "Jalan Jakarta", "motorcyc_1": "yes", "lanes": "2", "foot": null }, "geometry": { "type": "MultiLineString", "coordinates": [ [ [ 112.7382878, -7.2222129 ], [ 112.7383141, -7.2222193 ], [ 112.7383352, -7.2222252 ], [ 112.7384028, -7.2222472 ] ] ] } },
{ "type": "Feature", "properties": { "full_id": "w1115021585", "osm_id": "1115021585", "osm_type": "way", "highway": "trunk", "turn_lanes": null, "tunnel": null, "hgv_condit": null, "cycleway_l": null, "cycleway_r": null, "motorcycle": null, "destinatio": null, "destinat_1": null, "motor_vehi": null, "sidewalk": null, "wikidata": null, "bridge_nam": null, "bridge_n_1": null, "bridge_n_2": null, "bridge_n_3": null, "bridge_n_4": null, "name_it": null, "name_fr": null, "name_es": null, "name_en": null, "name_de": null, "minspeed_m": null, "maxspeed_m": null, "layer": null, "bridge_n_5": null, "bridge": null, "toll": null, "start_date": null, "short_name": null, "motorcar": null, "minspeed": null, "maxspeed": null, "maxaxleloa": null, "lit": null, "horse": null, "emergency": null, "bicycle": null, "alt_name_f": null, "alt_name_e": null, "alt_name_1": null, "alt_name_d": null, "alt_name": null, "access": null, "hgv": null, "ref": null, "junction": null, "width": null, "surface": null, "smoothness": null, "oneway": "yes", "name": "Jalan Sultan Iskandar Muda", "motorcyc_1": null, "lanes": "2", "foot": null }, "geometry": { "type": "MultiLineString", "coordinates": [ [ [ 112.7461994, -7.2264631 ], [ 112.7461742, -7.2264501 ] ] ] } },
{ "type": "Feature", "properties": { "full_id": "w1115021586", "osm_id": "1115021586", "osm_type": "way", "highway": "trunk", "turn_lanes": null, "tunnel": null, "hgv_condit": null, "cycleway_l": null, "cycleway_r": null, "motorcycle": null, "destinatio": null, "destinat_1": null, "motor_vehi": null, "sidewalk": null, "wikidata": null, "bridge_nam": null, "bridge_n_1": null, "bridge_n_2": null, "bridge_n_3": null, "bridge_n_4": null, "name_it": null, "name_fr": null, "name_es": null, "name_en": null, "name_de": null, "minspeed_m": null, "maxspeed_m": null, "layer": null, "bridge_n_5": null, "bridge": null, "toll": null, "start_date": null, "short_name": null, "motorcar": null, "minspeed": null, "maxspeed": null, "maxaxleloa": null, "lit": null, "horse": null, "emergency": null, "bicycle": null, "alt_name_f": null, "alt_name_e": null, "alt_name_1": null, "alt_name_d": null, "alt_name": null, "access": null, "hgv": null, "ref": null, "junction": null, "width": null, "surface": null, "smoothness": null, "oneway": "yes", "name": "Jalan Sidorame", "motorcyc_1": null, "lanes": "2", "foot": null }, "geometry": { "type": "MultiLineString", "coordinates": [ [ [ 112.7462373, -7.2263786 ], [ 112.7463204, -7.2264082 ] ] ] } },
{ "type": "Feature", "properties": { "full_id": "w1115242895", "osm_id": "1115242895", "osm_type": "way", "highway": "trunk", "turn_lanes": null, "tunnel": null, "hgv_condit": null, "cycleway_l": null, "cycleway_r": null, "motorcycle": null, "destinatio": null, "destinat_1": null, "motor_vehi": null, "sidewalk": null, "wikidata": null, "bridge_nam": null, "bridge_n_1": null, "bridge_n_2": null, "bridge_n_3": null, "bridge_n_4": null, "name_it": null, "name_fr": null, "name_es": null, "name_en": null, "name_de": null, "minspeed_m": null, "maxspeed_m": null, "layer": null, "bridge_n_5": null, "bridge": null, "toll": null, "start_date": null, "short_name": null, "motorcar": null, "minspeed": null, "maxspeed": null, "maxaxleloa": null, "lit": null, "horse": null, "emergency": null, "bicycle": null, "alt_name_f": null, "alt_name_e": null, "alt_name_1": null, "alt_name_d": null, "alt_name": null, "access": null, "hgv": null, "ref": null, "junction": null, "width": null, "surface": null, "smoothness": null, "oneway": "yes", "name": "Jalan Simokerto", "motorcyc_1": null, "lanes": null, "foot": null }, "geometry": { "type": "MultiLineString", "coordinates": [ [ [ 112.754551, -7.2342748 ], [ 112.7545753, -7.2343466 ] ] ] } },
{ "type": "Feature", "properties": { "full_id": "w1115242896", "osm_id": "1115242896", "osm_type": "way", "highway": "trunk", "turn_lanes": null, "tunnel": null, "hgv_condit": null, "cycleway_l": null, "cycleway_r": null, "motorcycle": null, "destinatio": null, "destinat_1": null, "motor_vehi": null, "sidewalk": null, "wikidata": null, "bridge_nam": null, "bridge_n_1": null, "bridge_n_2": null, "bridge_n_3": null, "bridge_n_4": null, "name_it": null, "name_fr": null, "name_es": null, "name_en": null, "name_de": null, "minspeed_m": null, "maxspeed_m": null, "layer": null, "bridge_n_5": null, "bridge": null, "toll": null, "start_date": null, "short_name": null, "motorcar": null, "minspeed": null, "maxspeed": null, "maxaxleloa": null, "lit": null, "horse": null, "emergency": null, "bicycle": null, "alt_name_f": null, "alt_name_e": null, "alt_name_1": null, "alt_name_d": null, "alt_name": null, "access": null, "hgv": null, "ref": null, "junction": null, "width": null, "surface": null, "smoothness": null, "oneway": "yes", "name": "Jalan Sidorame", "motorcyc_1": null, "lanes": null, "foot": "yes" }, "geometry": { "type": "MultiLineString", "coordinates": [ [ [ 112.7513448, -7.2287177 ], [ 112.7514173, -7.2287603 ] ] ] } },
{ "type": "Feature", "properties": { "full_id": "w1115272261", "osm_id": "1115272261", "osm_type": "way", "highway": "trunk", "turn_lanes": null, "tunnel": null, "hgv_condit": null, "cycleway_l": "shared_lane", "cycleway_r": null, "motorcycle": null, "destinatio": null, "destinat_1": null, "motor_vehi": null, "sidewalk": null, "wikidata": null, "bridge_nam": null, "bridge_n_1": null, "bridge_n_2": null, "bridge_n_3": null, "bridge_n_4": null, "name_it": null, "name_fr": null, "name_es": null, "name_en": null, "name_de": null, "minspeed_m": null, "maxspeed_m": null, "layer": null, "bridge_n_5": null, "bridge": null, "toll": null, "start_date": null, "short_name": null, "motorcar": null, "minspeed": null, "maxspeed": null, "maxaxleloa": null, "lit": null, "horse": null, "emergency": null, "bicycle": null, "alt_name_f": null, "alt_name_e": null, "alt_name_1": null, "alt_name_d": null, "alt_name": null, "access": null, "hgv": null, "ref": null, "junction": null, "width": "3", "surface": "asphalt", "smoothness": "good", "oneway": "yes", "name": "Jalan Stasiun Gubeng", "motorcyc_1": "yes", "lanes": "2", "foot": "yes" }, "geometry": { "type": "MultiLineString", "coordinates": [ [ [ 112.7512676, -7.2667286 ], [ 112.7513373, -7.2665863 ], [ 112.7513444, -7.2665714 ], [ 112.751399, -7.2664559 ] ] ] } },
{ "type": "Feature", "properties": { "full_id": "w1117819964", "osm_id": "1117819964", "osm_type": "way", "highway": "trunk", "turn_lanes": null, "tunnel": null, "hgv_condit": null, "cycleway_l": null, "cycleway_r": null, "motorcycle": null, "destinatio": null, "destinat_1": null, "motor_vehi": "yes", "sidewalk": null, "wikidata": null, "bridge_nam": null, "bridge_n_1": null, "bridge_n_2": null, "bridge_n_3": null, "bridge_n_4": null, "name_it": null, "name_fr": null, "name_es": null, "name_en": null, "name_de": null, "minspeed_m": null, "maxspeed_m": null, "layer": null, "bridge_n_5": null, "bridge": null, "toll": null, "start_date": null, "short_name": null, "motorcar": null, "minspeed": null, "maxspeed": null, "maxaxleloa": null, "lit": null, "horse": null, "emergency": null, "bicycle": null, "alt_name_f": null, "alt_name_e": null, "alt_name_1": null, "alt_name_d": null, "alt_name": null, "access": null, "hgv": null, "ref": null, "junction": null, "width": "5", "surface": "asphalt", "smoothness": "good", "oneway": "yes", "name": "Jalan Haji Mohammad Noer", "motorcyc_1": "permit", "lanes": "2", "foot": null }, "geometry": { "type": "MultiLineString", "coordinates": [ [ [ 112.7771749, -7.2188396 ], [ 112.7772006, -7.2183935 ], [ 112.7772286, -7.2177849 ], [ 112.7772548, -7.2173092 ], [ 112.7773176, -7.2169466 ], [ 112.7773928, -7.2166392 ], [ 112.7775819, -7.2160459 ] ] ] } },
{ "type": "Feature", "properties": { "full_id": "w1118118644", "osm_id": "1118118644", "osm_type": "way", "highway": "trunk", "turn_lanes": null, "tunnel": null, "hgv_condit": null, "cycleway_l": null, "cycleway_r": null, "motorcycle": null, "destinatio": null, "destinat_1": null, "motor_vehi": null, "sidewalk": null, "wikidata": null, "bridge_nam": null, "bridge_n_1": null, "bridge_n_2": null, "bridge_n_3": null, "bridge_n_4": null, "name_it": null, "name_fr": null, "name_es": null, "name_en": null, "name_de": null, "minspeed_m": null, "maxspeed_m": null, "layer": null, "bridge_n_5": null, "bridge": null, "toll": null, "start_date": null, "short_name": null, "motorcar": null, "minspeed": null, "maxspeed": null, "maxaxleloa": null, "lit": null, "horse": null, "emergency": null, "bicycle": null, "alt_name_f": null, "alt_name_e": null, "alt_name_1": null, "alt_name_d": null, "alt_name": null, "access": null, "hgv": null, "ref": "1", "junction": null, "width": null, "surface": "asphalt", "smoothness": null, "oneway": "yes", "name": "Jalan Wonokromo", "motorcyc_1": null, "lanes": null, "foot": "yes" }, "geometry": { "type": "MultiLineString", "coordinates": [ [ [ 112.7377344, -7.2989557 ], [ 112.7376759, -7.2990866 ], [ 112.7376124, -7.2992385 ], [ 112.7375711, -7.2993587 ] ] ] } },
{ "type": "Feature", "properties": { "full_id": "w1118170484", "osm_id": "1118170484", "osm_type": "way", "highway": "trunk", "turn_lanes": null, "tunnel": null, "hgv_condit": null, "cycleway_l": null, "cycleway_r": null, "motorcycle": null, "destinatio": null, "destinat_1": null, "motor_vehi": null, "sidewalk": null, "wikidata": null, "bridge_nam": null, "bridge_n_1": null, "bridge_n_2": null, "bridge_n_3": null, "bridge_n_4": null, "name_it": null, "name_fr": null, "name_es": null, "name_en": null, "name_de": null, "minspeed_m": null, "maxspeed_m": null, "layer": null, "bridge_n_5": null, "bridge": null, "toll": null, "start_date": null, "short_name": null, "motorcar": null, "minspeed": null, "maxspeed": null, "maxaxleloa": null, "lit": null, "horse": null, "emergency": null, "bicycle": null, "alt_name_f": null, "alt_name_e": null, "alt_name_1": null, "alt_name_d": null, "alt_name": null, "access": null, "hgv": null, "ref": "1", "junction": null, "width": "6", "surface": "asphalt", "smoothness": "good", "oneway": "yes", "name": "Jalan Raya Demak", "motorcyc_1": "yes", "lanes": "3", "foot": "yes" }, "geometry": { "type": "MultiLineString", "coordinates": [ [ [ 112.7207101, -7.240416 ], [ 112.720778, -7.2412857 ] ] ] } },
{ "type": "Feature", "properties": { "full_id": "w1118170485", "osm_id": "1118170485", "osm_type": "way", "highway": "trunk", "turn_lanes": null, "tunnel": null, "hgv_condit": null, "cycleway_l": null, "cycleway_r": null, "motorcycle": null, "destinatio": null, "destinat_1": null, "motor_vehi": null, "sidewalk": null, "wikidata": null, "bridge_nam": null, "bridge_n_1": null, "bridge_n_2": null, "bridge_n_3": null, "bridge_n_4": null, "name_it": null, "name_fr": null, "name_es": null, "name_en": null, "name_de": null, "minspeed_m": null, "maxspeed_m": null, "layer": null, "bridge_n_5": null, "bridge": null, "toll": null, "start_date": null, "short_name": null, "motorcar": null, "minspeed": null, "maxspeed": null, "maxaxleloa": null, "lit": null, "horse": null, "emergency": null, "bicycle": null, "alt_name_f": null, "alt_name_e": null, "alt_name_1": null, "alt_name_d": null, "alt_name": null, "access": null, "hgv": null, "ref": "1", "junction": null, "width": "6", "surface": "asphalt", "smoothness": "good", "oneway": "yes", "name": "Jalan Raya Demak", "motorcyc_1": "yes", "lanes": "3", "foot": "yes" }, "geometry": { "type": "MultiLineString", "coordinates": [ [ [ 112.7207025, -7.2403191 ], [ 112.7207101, -7.240416 ] ] ] } },
{ "type": "Feature", "properties": { "full_id": "w1118170486", "osm_id": "1118170486", "osm_type": "way", "highway": "trunk", "turn_lanes": null, "tunnel": null, "hgv_condit": null, "cycleway_l": null, "cycleway_r": null, "motorcycle": null, "destinatio": null, "destinat_1": null, "motor_vehi": null, "sidewalk": null, "wikidata": null, "bridge_nam": null, "bridge_n_1": null, "bridge_n_2": null, "bridge_n_3": null, "bridge_n_4": null, "name_it": null, "name_fr": null, "name_es": null, "name_en": null, "name_de": null, "minspeed_m": null, "maxspeed_m": null, "layer": null, "bridge_n_5": null, "bridge": null, "toll": null, "start_date": null, "short_name": null, "motorcar": null, "minspeed": null, "maxspeed": null, "maxaxleloa": null, "lit": null, "horse": null, "emergency": null, "bicycle": null, "alt_name_f": null, "alt_name_e": null, "alt_name_1": null, "alt_name_d": null, "alt_name": null, "access": null, "hgv": null, "ref": "1", "junction": null, "width": "6", "surface": "asphalt", "smoothness": "good", "oneway": "yes", "name": "Jalan Raya Demak", "motorcyc_1": "yes", "lanes": "3", "foot": "yes" }, "geometry": { "type": "MultiLineString", "coordinates": [ [ [ 112.7205819, -7.2404211 ], [ 112.7205753, -7.2403278 ] ] ] } },
{ "type": "Feature", "properties": { "full_id": "w1118170487", "osm_id": "1118170487", "osm_type": "way", "highway": "trunk", "turn_lanes": null, "tunnel": null, "hgv_condit": null, "cycleway_l": null, "cycleway_r": null, "motorcycle": null, "destinatio": null, "destinat_1": null, "motor_vehi": null, "sidewalk": null, "wikidata": null, "bridge_nam": null, "bridge_n_1": null, "bridge_n_2": null, "bridge_n_3": null, "bridge_n_4": null, "name_it": null, "name_fr": null, "name_es": null, "name_en": null, "name_de": null, "minspeed_m": null, "maxspeed_m": null, "layer": null, "bridge_n_5": null, "bridge": null, "toll": null, "start_date": null, "short_name": null, "motorcar": null, "minspeed": null, "maxspeed": null, "maxaxleloa": null, "lit": null, "horse": null, "emergency": null, "bicycle": null, "alt_name_f": null, "alt_name_e": null, "alt_name_1": null, "alt_name_d": null, "alt_name": null, "access": null, "hgv": null, "ref": "1", "junction": null, "width": "6", "surface": "asphalt", "smoothness": "good", "oneway": "yes", "name": "Jalan Raya Demak", "motorcyc_1": "yes", "lanes": "3", "foot": "yes" }, "geometry": { "type": "MultiLineString", "coordinates": [ [ [ 112.7206503, -7.2413474 ], [ 112.7206459, -7.2413256 ], [ 112.7205819, -7.2404211 ] ] ] } },
{ "type": "Feature", "properties": { "full_id": "w1118184651", "osm_id": "1118184651", "osm_type": "way", "highway": "trunk", "turn_lanes": null, "tunnel": null, "hgv_condit": null, "cycleway_l": null, "cycleway_r": null, "motorcycle": null, "destinatio": null, "destinat_1": null, "motor_vehi": null, "sidewalk": null, "wikidata": null, "bridge_nam": null, "bridge_n_1": null, "bridge_n_2": null, "bridge_n_3": null, "bridge_n_4": null, "name_it": null, "name_fr": null, "name_es": null, "name_en": null, "name_de": null, "minspeed_m": null, "maxspeed_m": null, "layer": null, "bridge_n_5": null, "bridge": null, "toll": null, "start_date": null, "short_name": null, "motorcar": null, "minspeed": null, "maxspeed": null, "maxaxleloa": null, "lit": null, "horse": null, "emergency": null, "bicycle": null, "alt_name_f": null, "alt_name_e": null, "alt_name_1": null, "alt_name_d": null, "alt_name": null, "access": null, "hgv": null, "ref": "1", "junction": null, "width": "6", "surface": "asphalt", "smoothness": "good", "oneway": "yes", "name": "Jalan Raya Demak", "motorcyc_1": "yes", "lanes": "3", "foot": "yes" }, "geometry": { "type": "MultiLineString", "coordinates": [ [ [ 112.7208343, -7.2475865 ], [ 112.7208464, -7.2472795 ], [ 112.7208497, -7.2471581 ], [ 112.7209023, -7.245414 ], [ 112.7208979, -7.2452795 ] ] ] } },
{ "type": "Feature", "properties": { "full_id": "w1118184652", "osm_id": "1118184652", "osm_type": "way", "highway": "trunk", "turn_lanes": null, "tunnel": null, "hgv_condit": null, "cycleway_l": null, "cycleway_r": null, "motorcycle": null, "destinatio": null, "destinat_1": null, "motor_vehi": null, "sidewalk": null, "wikidata": null, "bridge_nam": null, "bridge_n_1": null, "bridge_n_2": null, "bridge_n_3": null, "bridge_n_4": null, "name_it": null, "name_fr": null, "name_es": null, "name_en": null, "name_de": null, "minspeed_m": null, "maxspeed_m": null, "layer": null, "bridge_n_5": null, "bridge": null, "toll": null, "start_date": null, "short_name": null, "motorcar": null, "minspeed": null, "maxspeed": null, "maxaxleloa": null, "lit": null, "horse": null, "emergency": null, "bicycle": null, "alt_name_f": null, "alt_name_e": null, "alt_name_1": null, "alt_name_d": null, "alt_name": null, "access": null, "hgv": null, "ref": "1", "junction": null, "width": "6", "surface": "asphalt", "smoothness": "good", "oneway": "yes", "name": "Jalan Raya Demak", "motorcyc_1": "yes", "lanes": "3", "foot": "yes" }, "geometry": { "type": "MultiLineString", "coordinates": [ [ [ 112.7209832, -7.2452803 ], [ 112.7209802, -7.2454249 ], [ 112.7209728, -7.2456378 ], [ 112.7209557, -7.2460243 ], [ 112.7209443, -7.2465581 ], [ 112.7209249, -7.2471644 ], [ 112.720907, -7.2475874 ] ] ] } },
{ "type": "Feature", "properties": { "full_id": "w1118483581", "osm_id": "1118483581", "osm_type": "way", "highway": "trunk", "turn_lanes": null, "tunnel": null, "hgv_condit": null, "cycleway_l": null, "cycleway_r": null, "motorcycle": null, "destinatio": null, "destinat_1": null, "motor_vehi": null, "sidewalk": null, "wikidata": null, "bridge_nam": null, "bridge_n_1": null, "bridge_n_2": null, "bridge_n_3": null, "bridge_n_4": null, "name_it": null, "name_fr": null, "name_es": null, "name_en": null, "name_de": null, "minspeed_m": null, "maxspeed_m": null, "layer": null, "bridge_n_5": null, "bridge": null, "toll": null, "start_date": null, "short_name": null, "motorcar": null, "minspeed": null, "maxspeed": null, "maxaxleloa": null, "lit": null, "horse": null, "emergency": null, "bicycle": null, "alt_name_f": null, "alt_name_e": null, "alt_name_1": null, "alt_name_d": null, "alt_name": null, "access": null, "hgv": null, "ref": "1", "junction": null, "width": null, "surface": "asphalt", "smoothness": null, "oneway": "yes", "name": null, "motorcyc_1": null, "lanes": "2", "foot": "yes" }, "geometry": { "type": "MultiLineString", "coordinates": [ [ [ 112.650282, -7.2046995 ], [ 112.650601, -7.2055907 ], [ 112.6506825, -7.2058117 ], [ 112.6508316, -7.2062322 ], [ 112.6509212, -7.2064676 ], [ 112.6512471, -7.207401 ], [ 112.6514362, -7.2079199 ], [ 112.6515891, -7.2083669 ] ] ] } },
{ "type": "Feature", "properties": { "full_id": "w1118483582", "osm_id": "1118483582", "osm_type": "way", "highway": "trunk", "turn_lanes": null, "tunnel": null, "hgv_condit": null, "cycleway_l": null, "cycleway_r": null, "motorcycle": null, "destinatio": null, "destinat_1": null, "motor_vehi": null, "sidewalk": null, "wikidata": null, "bridge_nam": null, "bridge_n_1": null, "bridge_n_2": null, "bridge_n_3": null, "bridge_n_4": null, "name_it": null, "name_fr": null, "name_es": null, "name_en": null, "name_de": null, "minspeed_m": null, "maxspeed_m": null, "layer": null, "bridge_n_5": null, "bridge": null, "toll": null, "start_date": null, "short_name": null, "motorcar": null, "minspeed": null, "maxspeed": null, "maxaxleloa": null, "lit": null, "horse": null, "emergency": null, "bicycle": null, "alt_name_f": null, "alt_name_e": null, "alt_name_1": null, "alt_name_d": null, "alt_name": null, "access": null, "hgv": null, "ref": "1", "junction": null, "width": null, "surface": "asphalt", "smoothness": null, "oneway": "yes", "name": null, "motorcyc_1": null, "lanes": "2", "foot": "yes" }, "geometry": { "type": "MultiLineString", "coordinates": [ [ [ 112.6517226, -7.208916 ], [ 112.6515942, -7.2086746 ], [ 112.6514894, -7.2083829 ], [ 112.6511515, -7.2074308 ], [ 112.6507448, -7.2062685 ], [ 112.6505111, -7.2056288 ], [ 112.6504207, -7.2053792 ], [ 112.650313, -7.2050949 ], [ 112.6501877, -7.2047395 ] ] ] } },
{ "type": "Feature", "properties": { "full_id": "w1119661842", "osm_id": "1119661842", "osm_type": "way", "highway": "trunk", "turn_lanes": null, "tunnel": null, "hgv_condit": null, "cycleway_l": null, "cycleway_r": null, "motorcycle": null, "destinatio": null, "destinat_1": null, "motor_vehi": null, "sidewalk": null, "wikidata": null, "bridge_nam": null, "bridge_n_1": null, "bridge_n_2": null, "bridge_n_3": null, "bridge_n_4": null, "name_it": null, "name_fr": null, "name_es": null, "name_en": null, "name_de": null, "minspeed_m": null, "maxspeed_m": null, "layer": null, "bridge_n_5": null, "bridge": null, "toll": null, "start_date": null, "short_name": null, "motorcar": null, "minspeed": null, "maxspeed": null, "maxaxleloa": null, "lit": null, "horse": null, "emergency": null, "bicycle": null, "alt_name_f": null, "alt_name_e": null, "alt_name_1": null, "alt_name_d": null, "alt_name": null, "access": null, "hgv": null, "ref": "1", "junction": null, "width": null, "surface": "asphalt", "smoothness": null, "oneway": "yes", "name": "Jalan Wonokromo", "motorcyc_1": null, "lanes": null, "foot": "no" }, "geometry": { "type": "MultiLineString", "coordinates": [ [ [ 112.7374313, -7.3000553 ], [ 112.7373079, -7.3006566 ] ] ] } },
{ "type": "Feature", "properties": { "full_id": "w1119661843", "osm_id": "1119661843", "osm_type": "way", "highway": "trunk", "turn_lanes": null, "tunnel": null, "hgv_condit": null, "cycleway_l": null, "cycleway_r": null, "motorcycle": null, "destinatio": null, "destinat_1": null, "motor_vehi": null, "sidewalk": null, "wikidata": null, "bridge_nam": null, "bridge_n_1": null, "bridge_n_2": null, "bridge_n_3": null, "bridge_n_4": null, "name_it": null, "name_fr": null, "name_es": null, "name_en": null, "name_de": null, "minspeed_m": null, "maxspeed_m": null, "layer": null, "bridge_n_5": null, "bridge": null, "toll": null, "start_date": null, "short_name": null, "motorcar": null, "minspeed": null, "maxspeed": null, "maxaxleloa": null, "lit": null, "horse": null, "emergency": null, "bicycle": null, "alt_name_f": null, "alt_name_e": null, "alt_name_1": null, "alt_name_d": null, "alt_name": null, "access": null, "hgv": null, "ref": "1", "junction": null, "width": null, "surface": "asphalt", "smoothness": null, "oneway": "yes", "name": "Jalan Wonokromo", "motorcyc_1": null, "lanes": null, "foot": "no" }, "geometry": { "type": "MultiLineString", "coordinates": [ [ [ 112.7372421, -7.300622 ], [ 112.7373576, -7.300046 ] ] ] } },
{ "type": "Feature", "properties": { "full_id": "w1120397185", "osm_id": "1120397185", "osm_type": "way", "highway": "trunk", "turn_lanes": null, "tunnel": null, "hgv_condit": null, "cycleway_l": null, "cycleway_r": null, "motorcycle": null, "destinatio": null, "destinat_1": null, "motor_vehi": null, "sidewalk": null, "wikidata": null, "bridge_nam": null, "bridge_n_1": null, "bridge_n_2": null, "bridge_n_3": null, "bridge_n_4": null, "name_it": null, "name_fr": null, "name_es": null, "name_en": null, "name_de": null, "minspeed_m": null, "maxspeed_m": null, "layer": null, "bridge_n_5": null, "bridge": null, "toll": null, "start_date": null, "short_name": null, "motorcar": null, "minspeed": null, "maxspeed": null, "maxaxleloa": null, "lit": null, "horse": null, "emergency": null, "bicycle": null, "alt_name_f": null, "alt_name_e": null, "alt_name_1": null, "alt_name_d": null, "alt_name": "Jalan Ahmad Yani", "access": null, "hgv": null, "ref": "1", "junction": null, "width": "16", "surface": "asphalt", "smoothness": "good", "oneway": "yes", "name": "Jalan Jenderal Ahmad Yani", "motorcyc_1": "yes", "lanes": "4", "foot": "yes" }, "geometry": { "type": "MultiLineString", "coordinates": [ [ [ 112.7317417, -7.3268429 ], [ 112.7316973, -7.3270508 ], [ 112.7316776, -7.3271429 ], [ 112.7316678, -7.3271888 ], [ 112.7316606, -7.3272222 ], [ 112.73165, -7.3272718 ] ] ] } },
{ "type": "Feature", "properties": { "full_id": "w1120397186", "osm_id": "1120397186", "osm_type": "way", "highway": "trunk", "turn_lanes": null, "tunnel": null, "hgv_condit": null, "cycleway_l": null, "cycleway_r": null, "motorcycle": null, "destinatio": null, "destinat_1": null, "motor_vehi": null, "sidewalk": null, "wikidata": null, "bridge_nam": null, "bridge_n_1": null, "bridge_n_2": null, "bridge_n_3": null, "bridge_n_4": null, "name_it": null, "name_fr": null, "name_es": null, "name_en": null, "name_de": null, "minspeed_m": null, "maxspeed_m": null, "layer": null, "bridge_n_5": null, "bridge": null, "toll": null, "start_date": null, "short_name": null, "motorcar": null, "minspeed": null, "maxspeed": null, "maxaxleloa": null, "lit": null, "horse": null, "emergency": null, "bicycle": null, "alt_name_f": null, "alt_name_e": null, "alt_name_1": null, "alt_name_d": null, "alt_name": "Jalan Ahmad Yani", "access": null, "hgv": null, "ref": "1", "junction": null, "width": "16", "surface": "asphalt", "smoothness": "good", "oneway": "yes", "name": "Jalan Jenderal Ahmad Yani", "motorcyc_1": "yes", "lanes": "4", "foot": null }, "geometry": { "type": "MultiLineString", "coordinates": [ [ [ 112.7314307, -7.328298 ], [ 112.7313828, -7.3286422 ], [ 112.7313465, -7.3289024 ], [ 112.7311367, -7.3298117 ] ] ] } },
{ "type": "Feature", "properties": { "full_id": "w1125531900", "osm_id": "1125531900", "osm_type": "way", "highway": "trunk", "turn_lanes": null, "tunnel": null, "hgv_condit": null, "cycleway_l": null, "cycleway_r": null, "motorcycle": null, "destinatio": null, "destinat_1": null, "motor_vehi": null, "sidewalk": null, "wikidata": null, "bridge_nam": null, "bridge_n_1": null, "bridge_n_2": null, "bridge_n_3": null, "bridge_n_4": null, "name_it": null, "name_fr": null, "name_es": null, "name_en": null, "name_de": null, "minspeed_m": null, "maxspeed_m": null, "layer": null, "bridge_n_5": null, "bridge": null, "toll": null, "start_date": null, "short_name": null, "motorcar": null, "minspeed": null, "maxspeed": null, "maxaxleloa": null, "lit": null, "horse": null, "emergency": null, "bicycle": "yes", "alt_name_f": null, "alt_name_e": null, "alt_name_1": null, "alt_name_d": null, "alt_name": null, "access": null, "hgv": null, "ref": null, "junction": null, "width": "4", "surface": "asphalt", "smoothness": "good", "oneway": "yes", "name": "Jalan Kusuma Bangsa", "motorcyc_1": "yes", "lanes": "3", "foot": "yes" }, "geometry": { "type": "MultiLineString", "coordinates": [ [ [ 112.7496413, -7.2523866 ], [ 112.7496405, -7.2522696 ], [ 112.7496395, -7.2518401 ], [ 112.7496386, -7.251704 ], [ 112.7496433, -7.2516145 ] ] ] } },
{ "type": "Feature", "properties": { "full_id": "w1125531901", "osm_id": "1125531901", "osm_type": "way", "highway": "trunk", "turn_lanes": null, "tunnel": null, "hgv_condit": null, "cycleway_l": null, "cycleway_r": null, "motorcycle": null, "destinatio": null, "destinat_1": null, "motor_vehi": null, "sidewalk": null, "wikidata": null, "bridge_nam": null, "bridge_n_1": null, "bridge_n_2": null, "bridge_n_3": null, "bridge_n_4": null, "name_it": null, "name_fr": null, "name_es": null, "name_en": null, "name_de": null, "minspeed_m": null, "maxspeed_m": null, "layer": null, "bridge_n_5": null, "bridge": null, "toll": null, "start_date": null, "short_name": null, "motorcar": null, "minspeed": null, "maxspeed": null, "maxaxleloa": null, "lit": null, "horse": null, "emergency": null, "bicycle": "yes", "alt_name_f": null, "alt_name_e": null, "alt_name_1": null, "alt_name_d": null, "alt_name": null, "access": null, "hgv": null, "ref": null, "junction": null, "width": "4", "surface": "asphalt", "smoothness": "good", "oneway": "yes", "name": "Jalan Kusuma Bangsa", "motorcyc_1": "yes", "lanes": "3", "foot": "yes" }, "geometry": { "type": "MultiLineString", "coordinates": [ [ [ 112.7504052, -7.2559803 ], [ 112.7501697, -7.2550132 ], [ 112.7501033, -7.2546943 ], [ 112.7500332, -7.2543948 ], [ 112.7499863, -7.2541944 ], [ 112.7498332, -7.2535708 ], [ 112.7497864, -7.2533802 ], [ 112.7496832, -7.2529307 ], [ 112.7496614, -7.2528016 ], [ 112.7496438, -7.2526527 ], [ 112.7496398, -7.252507 ], [ 112.7496413, -7.2523866 ] ] ] } },
{ "type": "Feature", "properties": { "full_id": "w1125531902", "osm_id": "1125531902", "osm_type": "way", "highway": "trunk", "turn_lanes": null, "tunnel": null, "hgv_condit": null, "cycleway_l": null, "cycleway_r": null, "motorcycle": null, "destinatio": null, "destinat_1": null, "motor_vehi": null, "sidewalk": null, "wikidata": null, "bridge_nam": null, "bridge_n_1": null, "bridge_n_2": null, "bridge_n_3": null, "bridge_n_4": null, "name_it": null, "name_fr": null, "name_es": null, "name_en": null, "name_de": null, "minspeed_m": null, "maxspeed_m": null, "layer": null, "bridge_n_5": null, "bridge": null, "toll": null, "start_date": null, "short_name": null, "motorcar": null, "minspeed": null, "maxspeed": null, "maxaxleloa": null, "lit": null, "horse": null, "emergency": null, "bicycle": null, "alt_name_f": null, "alt_name_e": null, "alt_name_1": null, "alt_name_d": null, "alt_name": null, "access": null, "hgv": null, "ref": null, "junction": null, "width": "4", "surface": "asphalt", "smoothness": "good", "oneway": "yes", "name": "Jalan Kusuma Bangsa", "motorcyc_1": "yes", "lanes": "3", "foot": null }, "geometry": { "type": "MultiLineString", "coordinates": [ [ [ 112.7497651, -7.2516137 ], [ 112.7497686, -7.2522707 ], [ 112.7497689, -7.2523904 ] ] ] } },
{ "type": "Feature", "properties": { "full_id": "w1125531903", "osm_id": "1125531903", "osm_type": "way", "highway": "trunk", "turn_lanes": null, "tunnel": null, "hgv_condit": null, "cycleway_l": null, "cycleway_r": null, "motorcycle": null, "destinatio": null, "destinat_1": null, "motor_vehi": null, "sidewalk": null, "wikidata": null, "bridge_nam": null, "bridge_n_1": null, "bridge_n_2": null, "bridge_n_3": null, "bridge_n_4": null, "name_it": null, "name_fr": null, "name_es": null, "name_en": null, "name_de": null, "minspeed_m": null, "maxspeed_m": null, "layer": null, "bridge_n_5": null, "bridge": null, "toll": null, "start_date": null, "short_name": null, "motorcar": null, "minspeed": null, "maxspeed": null, "maxaxleloa": null, "lit": null, "horse": null, "emergency": null, "bicycle": null, "alt_name_f": null, "alt_name_e": null, "alt_name_1": null, "alt_name_d": null, "alt_name": null, "access": null, "hgv": null, "ref": null, "junction": null, "width": "4", "surface": "asphalt", "smoothness": "good", "oneway": "yes", "name": "Jalan Kusuma Bangsa", "motorcyc_1": "yes", "lanes": "3", "foot": null }, "geometry": { "type": "MultiLineString", "coordinates": [ [ [ 112.7503286, -7.2490672 ], [ 112.7502934, -7.249153 ], [ 112.7502454, -7.2493052 ], [ 112.7501341, -7.2496722 ], [ 112.7500972, -7.2498129 ], [ 112.7499732, -7.2502479 ], [ 112.7498903, -7.250534 ], [ 112.7498645, -7.2506244 ], [ 112.7498193, -7.2508461 ], [ 112.7497974, -7.2510045 ], [ 112.7497725, -7.2512553 ], [ 112.7497684, -7.2513355 ], [ 112.7497647, -7.251434 ], [ 112.7497655, -7.2515498 ], [ 112.7497651, -7.2516137 ] ] ] } },
{ "type": "Feature", "properties": { "full_id": "w1127394681", "osm_id": "1127394681", "osm_type": "way", "highway": "trunk", "turn_lanes": null, "tunnel": null, "hgv_condit": null, "cycleway_l": null, "cycleway_r": null, "motorcycle": null, "destinatio": null, "destinat_1": null, "motor_vehi": null, "sidewalk": null, "wikidata": null, "bridge_nam": null, "bridge_n_1": null, "bridge_n_2": null, "bridge_n_3": null, "bridge_n_4": null, "name_it": null, "name_fr": null, "name_es": null, "name_en": null, "name_de": null, "minspeed_m": null, "maxspeed_m": null, "layer": null, "bridge_n_5": null, "bridge": null, "toll": null, "start_date": null, "short_name": null, "motorcar": null, "minspeed": null, "maxspeed": null, "maxaxleloa": null, "lit": null, "horse": null, "emergency": null, "bicycle": "yes", "alt_name_f": null, "alt_name_e": null, "alt_name_1": null, "alt_name_d": null, "alt_name": null, "access": null, "hgv": null, "ref": null, "junction": null, "width": "4", "surface": "asphalt", "smoothness": "good", "oneway": "yes", "name": "Jalan Kusuma Bangsa", "motorcyc_1": "yes", "lanes": "3", "foot": "yes" }, "geometry": { "type": "MultiLineString", "coordinates": [ [ [ 112.750423, -7.2560701 ], [ 112.7504052, -7.2559803 ] ] ] } },
{ "type": "Feature", "properties": { "full_id": "w1192704369", "osm_id": "1192704369", "osm_type": "way", "highway": "trunk", "turn_lanes": null, "tunnel": null, "hgv_condit": null, "cycleway_l": null, "cycleway_r": null, "motorcycle": null, "destinatio": null, "destinat_1": null, "motor_vehi": null, "sidewalk": null, "wikidata": null, "bridge_nam": null, "bridge_n_1": null, "bridge_n_2": null, "bridge_n_3": null, "bridge_n_4": null, "name_it": null, "name_fr": null, "name_es": null, "name_en": null, "name_de": null, "minspeed_m": null, "maxspeed_m": null, "layer": null, "bridge_n_5": null, "bridge": null, "toll": null, "start_date": null, "short_name": null, "motorcar": null, "minspeed": null, "maxspeed": null, "maxaxleloa": null, "lit": null, "horse": null, "emergency": null, "bicycle": "yes", "alt_name_f": null, "alt_name_e": null, "alt_name_1": null, "alt_name_d": null, "alt_name": null, "access": null, "hgv": null, "ref": null, "junction": null, "width": "4", "surface": "asphalt", "smoothness": "good", "oneway": "yes", "name": "Jalan Kusuma Bangsa", "motorcyc_1": "yes", "lanes": "3", "foot": "yes" }, "geometry": { "type": "MultiLineString", "coordinates": [ [ [ 112.7506958, -7.2575038 ], [ 112.7506289, -7.2571438 ], [ 112.7504637, -7.2562548 ], [ 112.750423, -7.2560701 ] ] ] } },
{ "type": "Feature", "properties": { "full_id": "w1192704370", "osm_id": "1192704370", "osm_type": "way", "highway": "trunk", "turn_lanes": null, "tunnel": null, "hgv_condit": null, "cycleway_l": null, "cycleway_r": null, "motorcycle": null, "destinatio": null, "destinat_1": null, "motor_vehi": null, "sidewalk": null, "wikidata": null, "bridge_nam": null, "bridge_n_1": null, "bridge_n_2": null, "bridge_n_3": null, "bridge_n_4": null, "name_it": null, "name_fr": null, "name_es": null, "name_en": null, "name_de": null, "minspeed_m": null, "maxspeed_m": null, "layer": null, "bridge_n_5": null, "bridge": null, "toll": null, "start_date": null, "short_name": null, "motorcar": null, "minspeed": null, "maxspeed": null, "maxaxleloa": null, "lit": null, "horse": null, "emergency": null, "bicycle": null, "alt_name_f": null, "alt_name_e": null, "alt_name_1": null, "alt_name_d": null, "alt_name": null, "access": null, "hgv": null, "ref": null, "junction": null, "width": "4", "surface": "asphalt", "smoothness": "good", "oneway": "yes", "name": "Jalan Kusuma Bangsa", "motorcyc_1": "yes", "lanes": "3", "foot": null }, "geometry": { "type": "MultiLineString", "coordinates": [ [ [ 112.7505396, -7.2560688 ], [ 112.7505657, -7.2562139 ], [ 112.7506023, -7.2563885 ], [ 112.7507517, -7.2571213 ], [ 112.7508244, -7.2574776 ] ] ] } },
{ "type": "Feature", "properties": { "full_id": "w1224675598", "osm_id": "1224675598", "osm_type": "way", "highway": "trunk", "turn_lanes": null, "tunnel": null, "hgv_condit": null, "cycleway_l": null, "cycleway_r": null, "motorcycle": null, "destinatio": null, "destinat_1": null, "motor_vehi": null, "sidewalk": null, "wikidata": null, "bridge_nam": null, "bridge_n_1": null, "bridge_n_2": null, "bridge_n_3": null, "bridge_n_4": null, "name_it": null, "name_fr": null, "name_es": null, "name_en": null, "name_de": null, "minspeed_m": null, "maxspeed_m": null, "layer": null, "bridge_n_5": null, "bridge": null, "toll": null, "start_date": null, "short_name": null, "motorcar": null, "minspeed": null, "maxspeed": null, "maxaxleloa": null, "lit": null, "horse": null, "emergency": null, "bicycle": null, "alt_name_f": null, "alt_name_e": null, "alt_name_1": null, "alt_name_d": null, "alt_name": null, "access": null, "hgv": null, "ref": null, "junction": null, "width": null, "surface": null, "smoothness": null, "oneway": "yes", "name": "Jalan Sidotopo Lor", "motorcyc_1": null, "lanes": null, "foot": "yes" }, "geometry": { "type": "MultiLineString", "coordinates": [ [ [ 112.7534447, -7.2323628 ], [ 112.7524776, -7.2307031 ] ] ] } },
{ "type": "Feature", "properties": { "full_id": "w1231015494", "osm_id": "1231015494", "osm_type": "way", "highway": "trunk", "turn_lanes": null, "tunnel": null, "hgv_condit": null, "cycleway_l": null, "cycleway_r": null, "motorcycle": null, "destinatio": null, "destinat_1": null, "motor_vehi": null, "sidewalk": null, "wikidata": null, "bridge_nam": null, "bridge_n_1": null, "bridge_n_2": null, "bridge_n_3": null, "bridge_n_4": null, "name_it": null, "name_fr": null, "name_es": null, "name_en": null, "name_de": null, "minspeed_m": null, "maxspeed_m": null, "layer": null, "bridge_n_5": null, "bridge": null, "toll": null, "start_date": null, "short_name": null, "motorcar": null, "minspeed": null, "maxspeed": null, "maxaxleloa": null, "lit": null, "horse": null, "emergency": null, "bicycle": null, "alt_name_f": null, "alt_name_e": null, "alt_name_1": null, "alt_name_d": null, "alt_name": null, "access": null, "hgv": null, "ref": "AH2", "junction": null, "width": null, "surface": "asphalt", "smoothness": null, "oneway": "yes", "name": "Jalan Bypass Waru", "motorcyc_1": null, "lanes": null, "foot": null }, "geometry": { "type": "MultiLineString", "coordinates": [ [ [ 112.7110729, -7.350938 ], [ 112.710981, -7.3509381 ], [ 112.7108838, -7.3509356 ], [ 112.710795, -7.3509305 ], [ 112.7106677, -7.3509219 ] ] ] } },
{ "type": "Feature", "properties": { "full_id": "w1276540912", "osm_id": "1276540912", "osm_type": "way", "highway": "trunk", "turn_lanes": null, "tunnel": null, "hgv_condit": null, "cycleway_l": null, "cycleway_r": null, "motorcycle": null, "destinatio": "Taman;Bungurasih;Mojokerto", "destinat_1": null, "motor_vehi": null, "sidewalk": null, "wikidata": null, "bridge_nam": null, "bridge_n_1": null, "bridge_n_2": null, "bridge_n_3": null, "bridge_n_4": null, "name_it": null, "name_fr": null, "name_es": null, "name_en": null, "name_de": null, "minspeed_m": null, "maxspeed_m": null, "layer": null, "bridge_n_5": null, "bridge": null, "toll": null, "start_date": null, "short_name": null, "motorcar": null, "minspeed": null, "maxspeed": null, "maxaxleloa": null, "lit": null, "horse": null, "emergency": null, "bicycle": null, "alt_name_f": null, "alt_name_e": null, "alt_name_1": null, "alt_name_d": null, "alt_name": null, "access": null, "hgv": null, "ref": "AH2", "junction": null, "width": null, "surface": "asphalt", "smoothness": null, "oneway": "yes", "name": "Jalan Bypass Waru", "motorcyc_1": null, "lanes": null, "foot": null }, "geometry": { "type": "MultiLineString", "coordinates": [ [ [ 112.7141168, -7.3493211 ], [ 112.7140094, -7.3494021 ], [ 112.7136045, -7.3496876 ], [ 112.7132584, -7.3499317 ], [ 112.7130505, -7.3500839 ], [ 112.7128132, -7.3502642 ], [ 112.7125811, -7.350431 ], [ 112.712437, -7.3505289 ], [ 112.7123471, -7.3505827 ] ] ] } },
{ "type": "Feature", "properties": { "full_id": "w1276548084", "osm_id": "1276548084", "osm_type": "way", "highway": "trunk", "turn_lanes": null, "tunnel": null, "hgv_condit": null, "cycleway_l": null, "cycleway_r": null, "motorcycle": null, "destinatio": null, "destinat_1": null, "motor_vehi": null, "sidewalk": null, "wikidata": null, "bridge_nam": null, "bridge_n_1": null, "bridge_n_2": null, "bridge_n_3": null, "bridge_n_4": null, "name_it": null, "name_fr": null, "name_es": null, "name_en": null, "name_de": null, "minspeed_m": null, "maxspeed_m": null, "layer": null, "bridge_n_5": null, "bridge": null, "toll": null, "start_date": null, "short_name": null, "motorcar": null, "minspeed": null, "maxspeed": null, "maxaxleloa": null, "lit": null, "horse": null, "emergency": null, "bicycle": null, "alt_name_f": null, "alt_name_e": null, "alt_name_1": null, "alt_name_d": null, "alt_name": null, "access": null, "hgv": null, "ref": "1", "junction": null, "width": null, "surface": "asphalt", "smoothness": null, "oneway": "yes", "name": "Jalan Veteran", "motorcyc_1": null, "lanes": "2", "foot": null }, "geometry": { "type": "MultiLineString", "coordinates": [ [ [ 112.6458602, -7.1964755 ], [ 112.6456004, -7.1961946 ] ] ] } },
{ "type": "Feature", "properties": { "full_id": "w1307420417", "osm_id": "1307420417", "osm_type": "way", "highway": "trunk", "turn_lanes": null, "tunnel": null, "hgv_condit": null, "cycleway_l": null, "cycleway_r": null, "motorcycle": null, "destinatio": null, "destinat_1": null, "motor_vehi": null, "sidewalk": null, "wikidata": null, "bridge_nam": null, "bridge_n_1": null, "bridge_n_2": null, "bridge_n_3": null, "bridge_n_4": null, "name_it": null, "name_fr": null, "name_es": null, "name_en": null, "name_de": null, "minspeed_m": null, "maxspeed_m": null, "layer": null, "bridge_n_5": null, "bridge": null, "toll": null, "start_date": null, "short_name": null, "motorcar": null, "minspeed": null, "maxspeed": null, "maxaxleloa": null, "lit": null, "horse": null, "emergency": null, "bicycle": null, "alt_name_f": null, "alt_name_e": null, "alt_name_1": null, "alt_name_d": null, "alt_name": null, "access": null, "hgv": null, "ref": null, "junction": null, "width": null, "surface": null, "smoothness": null, "oneway": "yes", "name": "Jalan Romokalisari", "motorcyc_1": "no", "lanes": "2", "foot": null }, "geometry": { "type": "MultiLineString", "coordinates": [ [ [ 112.6458864, -7.2012669 ], [ 112.6458804, -7.2004033 ] ] ] } }
]
}
