{
"type": "FeatureCollection",
"name": "highway_primary",
"crs": { "type": "name", "properties": { "name": "urn:ogc:def:crs:OGC:1.3:CRS84" } },
"features": [
{ "type": "Feature", "properties": { "full_id": "w25006097", "osm_id": "25006097", "osm_type": "way", "highway": "primary", "bridge_nam": null, "old_name": null, "hgv": null, "maxspeed": null, "horse": null, "foot": null, "bicycle": null, "ref": null, "width": null, "lanes": null, "layer": null, "bridge": null, "surface": "asphalt", "smoothness": "excellent", "short_name": "MERR", "oneway": "yes", "name": "Jalan Doktor Insinyur Haji Soekarno", "motorcycle": "yes", "motorcar": "yes", "alt_name": "Jalan Lingkar Luar Timur Tengah;Middle East Ring Road" }, "geometry": { "type": "MultiLineString", "coordinates": [ [ [ 112.7824766, -7.2550045 ], [ 112.7823904, -7.2553678 ], [ 112.782326, -7.2557536 ], [ 112.7822965, -7.2566529 ], [ 112.7823666, -7.2577855 ], [ 112.782369, -7.2578236 ], [ 112.7823872, -7.2579312 ], [ 112.7823984, -7.2580085 ], [ 112.7824082, -7.2580784 ], [ 112.7824226, -7.2582201 ], [ 112.7824366, -7.2583466 ], [ 112.7824554, -7.2585395 ], [ 112.7824645, -7.2586889 ], [ 112.7824798, -7.258939 ], [ 112.7825399, -7.259629 ], [ 112.7826378, -7.2605665 ], [ 112.7826503, -7.2606764 ], [ 112.7826881, -7.2609247 ], [ 112.7827444, -7.2612307 ], [ 112.7828792, -7.2618237 ], [ 112.7829067, -7.2619669 ], [ 112.7829553, -7.2621388 ], [ 112.7830449, -7.2625211 ], [ 112.7830911, -7.2628258 ], [ 112.783137, -7.2632234 ], [ 112.7831418, -7.2632648 ] ] ] } },
{ "type": "Feature", "properties": { "full_id": "w36042865", "osm_id": "36042865", "osm_type": "way", "highway": "primary", "bridge_nam": null, "old_name": null, "hgv": null, "maxspeed": null, "horse": null, "foot": null, "bicycle": null, "ref": null, "width": null, "lanes": null, "layer": "1", "bridge": "yes", "surface": "asphalt", "smoothness": "excellent", "short_name": "MERR", "oneway": "yes", "name": "Jalan Doktor Insinyur Haji Soekarno", "motorcycle": "yes", "motorcar": "yes", "alt_name": "Jalan Lingkar Luar Timur Tengah;Middle East Ring Road" }, "geometry": { "type": "MultiLineString", "coordinates": [ [ [ 112.7829819, -7.2633831 ], [ 112.7829767, -7.2633122 ] ] ] } },
{ "type": "Feature", "properties": { "full_id": "w36042866", "osm_id": "36042866", "osm_type": "way", "highway": "primary", "bridge_nam": null, "old_name": null, "hgv": null, "maxspeed": null, "horse": null, "foot": null, "bicycle": null, "ref": null, "width": null, "lanes": null, "layer": null, "bridge": null, "surface": "asphalt", "smoothness": "excellent", "short_name": "MERR", "oneway": "yes", "name": "Jalan Doktor Insinyur Haji Soekarno", "motorcycle": "yes", "motorcar": "yes", "alt_name": "Jalan Lingkar Luar Timur Tengah;Middle East Ring Road" }, "geometry": { "type": "MultiLineString", "coordinates": [ [ [ 112.7829767, -7.2633122 ], [ 112.782974, -7.2632661 ], [ 112.7829532, -7.2629187 ], [ 112.7828961, -7.2625495 ], [ 112.7828091, -7.2621825 ], [ 112.7827594, -7.2620099 ], [ 112.7827404, -7.2619104 ], [ 112.7825989, -7.2612733 ], [ 112.782538, -7.2609646 ], [ 112.7824942, -7.2606744 ], [ 112.782484, -7.2605722 ], [ 112.7824274, -7.2600705 ], [ 112.7823865, -7.259582 ] ] ] } },
{ "type": "Feature", "properties": { "full_id": "w69358426", "osm_id": "69358426", "osm_type": "way", "highway": "primary", "bridge_nam": null, "old_name": null, "hgv": null, "maxspeed": null, "horse": null, "foot": null, "bicycle": null, "ref": null, "width": null, "lanes": null, "layer": null, "bridge": null, "surface": "asphalt", "smoothness": "excellent", "short_name": "MERR", "oneway": "yes", "name": "Jalan Doktor Insinyur Haji Soekarno", "motorcycle": "yes", "motorcar": "yes", "alt_name": null }, "geometry": { "type": "MultiLineString", "coordinates": [ [ [ 112.7820802, -7.269958 ], [ 112.7821004, -7.2698642 ], [ 112.7822528, -7.2692582 ], [ 112.7823046, -7.2690118 ], [ 112.782432, -7.2681989 ], [ 112.7826392, -7.2667318 ], [ 112.7827217, -7.2660991 ], [ 112.7827402, -7.2659626 ], [ 112.782833, -7.2652922 ], [ 112.7829295, -7.2645977 ], [ 112.7830046, -7.2639086 ], [ 112.78301, -7.2636426 ], [ 112.7830012, -7.2635193 ], [ 112.7829861, -7.2634184 ], [ 112.7829819, -7.2633831 ] ] ] } },
{ "type": "Feature", "properties": { "full_id": "w70366641", "osm_id": "70366641", "osm_type": "way", "highway": "primary", "bridge_nam": null, "old_name": null, "hgv": null, "maxspeed": null, "horse": null, "foot": null, "bicycle": null, "ref": null, "width": "12", "lanes": "3", "layer": null, "bridge": null, "surface": "asphalt", "smoothness": "excellent", "short_name": "MERR", "oneway": "yes", "name": "Jalan Doktor Insinyur Haji Soekarno", "motorcycle": "yes", "motorcar": "yes", "alt_name": "Jalan Lingkar Luar Timur Tengah;Middle East Ring Road" }, "geometry": { "type": "MultiLineString", "coordinates": [ [ [ 112.7809681, -7.2820722 ], [ 112.7809692, -7.2820933 ], [ 112.7809533, -7.2823489 ], [ 112.7809466, -7.2829236 ], [ 112.7809513, -7.2829768 ], [ 112.7809554, -7.2830712 ], [ 112.7809641, -7.2834204 ], [ 112.7809881, -7.2843995 ], [ 112.7809955, -7.2847003 ], [ 112.7810105, -7.2856673 ], [ 112.7809572, -7.2865446 ], [ 112.7809533, -7.2867467 ], [ 112.7808789, -7.2875803 ], [ 112.7808544, -7.2878539 ], [ 112.7807804, -7.2886831 ], [ 112.780716, -7.2894039 ], [ 112.7807057, -7.2894998 ] ] ] } },
{ "type": "Feature", "properties": { "full_id": "w75098639", "osm_id": "75098639", "osm_type": "way", "highway": "primary", "bridge_nam": null, "old_name": null, "hgv": null, "maxspeed": null, "horse": null, "foot": null, "bicycle": null, "ref": "35-071", "width": null, "lanes": "2", "layer": "1", "bridge": "yes", "surface": null, "smoothness": null, "short_name": null, "oneway": null, "name": "Jalan Raya Ngelom", "motorcycle": null, "motorcar": null, "alt_name": null }, "geometry": { "type": "MultiLineString", "coordinates": [ [ [ 112.6914968, -7.3444885 ], [ 112.6917264, -7.3452159 ] ] ] } },
{ "type": "Feature", "properties": { "full_id": "w75098646", "osm_id": "75098646", "osm_type": "way", "highway": "primary", "bridge_nam": null, "old_name": null, "hgv": null, "maxspeed": null, "horse": null, "foot": null, "bicycle": null, "ref": "35-071", "width": null, "lanes": "2", "layer": null, "bridge": null, "surface": null, "smoothness": null, "short_name": null, "oneway": null, "name": "Jalan Raya Ngelom", "motorcycle": null, "motorcar": null, "alt_name": null }, "geometry": { "type": "MultiLineString", "coordinates": [ [ [ 112.6914968, -7.3444885 ], [ 112.691398, -7.3442526 ] ] ] } },
{ "type": "Feature", "properties": { "full_id": "w75098675", "osm_id": "75098675", "osm_type": "way", "highway": "primary", "bridge_nam": null, "old_name": null, "hgv": null, "maxspeed": null, "horse": "no", "foot": "no", "bicycle": "yes", "ref": "35-132-11K", "width": null, "lanes": "2", "layer": null, "bridge": null, "surface": "asphalt", "smoothness": null, "short_name": null, "oneway": "yes", "name": "Jalan Mastrip", "motorcycle": null, "motorcar": null, "alt_name": null }, "geometry": { "type": "MultiLineString", "coordinates": [ [ [ 112.7097034, -7.3158923 ], [ 112.7096266, -7.3157576 ], [ 112.7095596, -7.3149939 ], [ 112.7095206, -7.3145488 ], [ 112.709485, -7.3137963 ], [ 112.7094856, -7.3135546 ], [ 112.709574, -7.3130191 ], [ 112.7095898, -7.3129103 ] ] ] } },
{ "type": "Feature", "properties": { "full_id": "w75098685", "osm_id": "75098685", "osm_type": "way", "highway": "primary", "bridge_nam": null, "old_name": null, "hgv": null, "maxspeed": "60", "horse": "no", "foot": "yes", "bicycle": "yes", "ref": "35-132-11K", "width": null, "lanes": "2", "layer": null, "bridge": null, "surface": "asphalt", "smoothness": null, "short_name": null, "oneway": "no", "name": "Jalan Mastrip", "motorcycle": null, "motorcar": null, "alt_name": null }, "geometry": { "type": "MultiLineString", "coordinates": [ [ [ 112.691398, -7.3442526 ], [ 112.6908546, -7.3444929 ], [ 112.6906526, -7.3445843 ], [ 112.6901973, -7.3447771 ], [ 112.6898239, -7.3449217 ], [ 112.6895329, -7.3450343 ], [ 112.6891407, -7.3451713 ], [ 112.6885291, -7.3453575 ], [ 112.6884238, -7.3453887 ], [ 112.6878123, -7.3455683 ], [ 112.6875018, -7.3456399 ], [ 112.687393, -7.345671 ], [ 112.6868408, -7.3458591 ], [ 112.6866158, -7.3459388 ], [ 112.6857729, -7.3462371 ], [ 112.685075, -7.3464765 ], [ 112.6847727, -7.3465636 ], [ 112.6833959, -7.3470277 ], [ 112.6831654, -7.3471159 ], [ 112.6826645, -7.3473287 ], [ 112.6821502, -7.3475634 ], [ 112.6809016, -7.3481068 ], [ 112.6797187, -7.3487585 ], [ 112.6794109, -7.3489594 ], [ 112.6789322, -7.3492373 ], [ 112.6788162, -7.3493045 ], [ 112.6784832, -7.3494871 ], [ 112.678214, -7.3496197 ], [ 112.6780061, -7.3496996 ], [ 112.6777714, -7.3497554 ], [ 112.6774851, -7.349803 ], [ 112.677239, -7.3498459 ], [ 112.6769306, -7.3498831 ], [ 112.6764846, -7.3499417 ], [ 112.6762798, -7.3499746 ], [ 112.6760207, -7.3500201 ], [ 112.6753551, -7.3500953 ], [ 112.6751322, -7.3501039 ], [ 112.6740941, -7.3501365 ], [ 112.6737656, -7.3501491 ], [ 112.673429, -7.3501571 ], [ 112.6733726, -7.3501584 ], [ 112.673146, -7.3501558 ], [ 112.6723883, -7.3501664 ], [ 112.6719993, -7.350185 ], [ 112.6713677, -7.3502023 ], [ 112.6706019, -7.3502256 ], [ 112.6705617, -7.3502289 ], [ 112.6704638, -7.3502316 ], [ 112.6702774, -7.3502382 ], [ 112.6700353, -7.3502522 ], [ 112.6699769, -7.3502522 ], [ 112.669877, -7.3502562 ], [ 112.6693386, -7.3502715 ], [ 112.6685111, -7.3502555 ], [ 112.6683171, -7.3502492 ], [ 112.6677735, -7.3502648 ], [ 112.6673797, -7.3502904 ], [ 112.6671022, -7.3503283 ], [ 112.6666498, -7.3504162 ], [ 112.6660545, -7.3505507 ], [ 112.6650315, -7.3508134 ], [ 112.6649294, -7.3508362 ], [ 112.66455, -7.3508992 ] ] ] } },
{ "type": "Feature", "properties": { "full_id": "w75100279", "osm_id": "75100279", "osm_type": "way", "highway": "primary", "bridge_nam": null, "old_name": null, "hgv": null, "maxspeed": null, "horse": null, "foot": null, "bicycle": null, "ref": "35-071", "width": null, "lanes": "2", "layer": null, "bridge": null, "surface": null, "smoothness": null, "short_name": null, "oneway": null, "name": "Jalan Raya Kalijaten", "motorcycle": null, "motorcar": null, "alt_name": null }, "geometry": { "type": "MultiLineString", "coordinates": [ [ [ 112.6916096, -7.3547711 ], [ 112.6915943, -7.354535 ], [ 112.6915792, -7.354421 ], [ 112.691552, -7.3540786 ], [ 112.6915173, -7.3535833 ], [ 112.6914935, -7.3530395 ], [ 112.6914923, -7.3528924 ], [ 112.6914884, -7.3526564 ], [ 112.6914908, -7.3524581 ], [ 112.6914908, -7.3524113 ], [ 112.6914955, -7.3523119 ], [ 112.691499, -7.352197 ], [ 112.6915166, -7.3520229 ], [ 112.6915221, -7.3519477 ], [ 112.6915403, -7.3516427 ], [ 112.6915443, -7.3515381 ], [ 112.6915404, -7.3512229 ], [ 112.6915314, -7.3509307 ], [ 112.6915285, -7.3508381 ], [ 112.6915309, -7.3507688 ], [ 112.6915184, -7.3505503 ], [ 112.6915115, -7.3503422 ], [ 112.6915093, -7.3502749 ], [ 112.6915081, -7.3502276 ], [ 112.6915059, -7.3501369 ] ] ] } },
{ "type": "Feature", "properties": { "full_id": "w113424934", "osm_id": "113424934", "osm_type": "way", "highway": "primary", "bridge_nam": null, "old_name": null, "hgv": null, "maxspeed": null, "horse": null, "foot": null, "bicycle": null, "ref": null, "width": null, "lanes": null, "layer": "1", "bridge": "yes", "surface": "asphalt", "smoothness": "excellent", "short_name": "MERR", "oneway": "yes", "name": "Jalan Doktor Insinyur Haji Soekarno", "motorcycle": "yes", "motorcar": "yes", "alt_name": "Jalan Lingkar Luar Timur Tengah;Middle East Ring Road" }, "geometry": { "type": "MultiLineString", "coordinates": [ [ [ 112.7831418, -7.2632648 ], [ 112.783144, -7.2632841 ], [ 112.7831519, -7.2633524 ] ] ] } },
{ "type": "Feature", "properties": { "full_id": "w113424950", "osm_id": "113424950", "osm_type": "way", "highway": "primary", "bridge_nam": null, "old_name": null, "hgv": null, "maxspeed": null, "horse": null, "foot": "no", "bicycle": null, "ref": null, "width": null, "lanes": null, "layer": null, "bridge": null, "surface": "asphalt", "smoothness": "excellent", "short_name": "MERR", "oneway": "yes", "name": "Jalan Doktor Insinyur Haji Soekarno", "motorcycle": "yes", "motorcar": "yes", "alt_name": null }, "geometry": { "type": "MultiLineString", "coordinates": [ [ [ 112.7822093, -7.2700014 ], [ 112.7821823, -7.2701535 ] ] ] } },
{ "type": "Feature", "properties": { "full_id": "w121645983", "osm_id": "121645983", "osm_type": "way", "highway": "primary", "bridge_nam": null, "old_name": null, "hgv": null, "maxspeed": null, "horse": null, "foot": null, "bicycle": null, "ref": null, "width": "5", "lanes": "3", "layer": null, "bridge": null, "surface": "asphalt", "smoothness": "excellent", "short_name": "MERR", "oneway": "yes", "name": "Jalan Doktor Insinyur Haji Soekarno", "motorcycle": "yes", "motorcar": "yes", "alt_name": null }, "geometry": { "type": "MultiLineString", "coordinates": [ [ [ 112.7810769, -7.3315763 ], [ 112.7810852, -7.3314183 ], [ 112.7811016, -7.3309502 ], [ 112.7812379, -7.3293352 ], [ 112.7813173, -7.3283816 ], [ 112.7813285, -7.328157 ], [ 112.7813704, -7.3274533 ], [ 112.7813786, -7.3272803 ], [ 112.7813739, -7.3270861 ], [ 112.7813581, -7.3269252 ], [ 112.7813295, -7.326782 ], [ 112.7812647, -7.3265819 ], [ 112.7812338, -7.3265099 ], [ 112.781183, -7.3263783 ], [ 112.781106, -7.3261727 ], [ 112.7810792, -7.326092 ], [ 112.781008, -7.3258422 ], [ 112.7809668, -7.3256596 ], [ 112.7809469, -7.3255534 ], [ 112.78091, -7.3252867 ], [ 112.7808892, -7.3249586 ], [ 112.7808987, -7.3241527 ], [ 112.7809026, -7.3239109 ], [ 112.780931, -7.3229848 ] ] ] } },
{ "type": "Feature", "properties": { "full_id": "w137474430", "osm_id": "137474430", "osm_type": "way", "highway": "primary", "bridge_nam": null, "old_name": null, "hgv": null, "maxspeed": null, "horse": null, "foot": null, "bicycle": null, "ref": null, "width": "10", "lanes": "2", "layer": "1", "bridge": "yes", "surface": "asphalt", "smoothness": "excellent", "short_name": "MERR", "oneway": "yes", "name": "Jalan Doktor Insinyur Haji Soekarno", "motorcycle": "yes", "motorcar": "yes", "alt_name": "Jalan Lingkar Luar Timur Tengah;Middle East Ring Road" }, "geometry": { "type": "MultiLineString", "coordinates": [ [ [ 112.7806444, -7.3100894 ], [ 112.7806866, -7.3112159 ] ] ] } },
{ "type": "Feature", "properties": { "full_id": "w137474431", "osm_id": "137474431", "osm_type": "way", "highway": "primary", "bridge_nam": null, "old_name": null, "hgv": null, "maxspeed": null, "horse": null, "foot": null, "bicycle": null, "ref": null, "width": "10", "lanes": "2", "layer": "1", "bridge": "yes", "surface": "asphalt", "smoothness": "excellent", "short_name": "MERR", "oneway": "yes", "name": "Jalan Doktor Insinyur Haji Soekarno", "motorcycle": "yes", "motorcar": "yes", "alt_name": "Jalan Lingkar Luar Timur Tengah;Middle East Ring Road" }, "geometry": { "type": "MultiLineString", "coordinates": [ [ [ 112.7805151, -7.3112171 ], [ 112.7804559, -7.310106 ] ] ] } },
{ "type": "Feature", "properties": { "full_id": "w137474433", "osm_id": "137474433", "osm_type": "way", "highway": "primary", "bridge_nam": null, "old_name": null, "hgv": null, "maxspeed": null, "horse": null, "foot": null, "bicycle": null, "ref": null, "width": "10", "lanes": "2", "layer": null, "bridge": null, "surface": "asphalt", "smoothness": "excellent", "short_name": "MERR", "oneway": "yes", "name": "Jalan Doktor Insinyur Haji Soekarno", "motorcycle": "yes", "motorcar": "yes", "alt_name": null }, "geometry": { "type": "MultiLineString", "coordinates": [ [ [ 112.7804464, -7.3072493 ], [ 112.7804685, -7.3071472 ], [ 112.7805956, -7.3065931 ], [ 112.7807964, -7.3060097 ], [ 112.7809851, -7.3054294 ], [ 112.7810212, -7.305314 ], [ 112.781074, -7.3051075 ], [ 112.7811418, -7.3048135 ], [ 112.7811562, -7.3047401 ], [ 112.7811673, -7.3046373 ], [ 112.7813176, -7.3036375 ], [ 112.7813427, -7.3033954 ], [ 112.781354, -7.3032984 ], [ 112.7813557, -7.3032778 ], [ 112.7814173, -7.3027949 ], [ 112.7814261, -7.3027264 ], [ 112.7814878, -7.3022855 ], [ 112.7815139, -7.3020759 ], [ 112.7815411, -7.3018532 ], [ 112.7815501, -7.3017793 ], [ 112.7816058, -7.3013603 ], [ 112.7816279, -7.301214 ] ] ] } },
{ "type": "Feature", "properties": { "full_id": "w256684672", "osm_id": "256684672", "osm_type": "way", "highway": "primary", "bridge_nam": null, "old_name": null, "hgv": "no", "maxspeed": null, "horse": null, "foot": null, "bicycle": null, "ref": "35-132-13K", "width": null, "lanes": null, "layer": null, "bridge": null, "surface": null, "smoothness": null, "short_name": null, "oneway": "yes", "name": null, "motorcycle": null, "motorcar": null, "alt_name": null }, "geometry": { "type": "MultiLineString", "coordinates": [ [ [ 112.7372421, -7.300622 ], [ 112.7372207, -7.3005355 ], [ 112.7372154, -7.3004863 ], [ 112.7372154, -7.300441 ], [ 112.7372742, -7.3001105 ], [ 112.7372872, -7.30004 ] ] ] } },
{ "type": "Feature", "properties": { "full_id": "w272807693", "osm_id": "272807693", "osm_type": "way", "highway": "primary", "bridge_nam": null, "old_name": null, "hgv": null, "maxspeed": null, "horse": null, "foot": null, "bicycle": null, "ref": null, "width": null, "lanes": null, "layer": null, "bridge": null, "surface": "asphalt", "smoothness": "excellent", "short_name": "MERR", "oneway": "yes", "name": "Jalan Doktor Insinyur Haji Soekarno", "motorcycle": "yes", "motorcar": "yes", "alt_name": null }, "geometry": { "type": "MultiLineString", "coordinates": [ [ [ 112.780875, -7.2772996 ], [ 112.7808817, -7.2772584 ], [ 112.7808951, -7.2771926 ], [ 112.7809409, -7.2770364 ], [ 112.7809907, -7.2768666 ], [ 112.7811217, -7.276395 ], [ 112.7811643, -7.2762414 ], [ 112.7812755, -7.2758402 ], [ 112.781384, -7.2754491 ], [ 112.7814067, -7.2753523 ], [ 112.7815542, -7.27486 ], [ 112.7815897, -7.2746773 ], [ 112.781624, -7.2743559 ], [ 112.7816607, -7.273762 ], [ 112.7816743, -7.2735429 ], [ 112.7817234, -7.2728624 ], [ 112.7817308, -7.2727595 ], [ 112.7817817, -7.2720033 ], [ 112.7817927, -7.2719109 ], [ 112.7820168, -7.2703001 ], [ 112.7820256, -7.270242 ], [ 112.7820464, -7.2701035 ] ] ] } },
{ "type": "Feature", "properties": { "full_id": "w272807694", "osm_id": "272807694", "osm_type": "way", "highway": "primary", "bridge_nam": null, "old_name": null, "hgv": null, "maxspeed": null, "horse": null, "foot": null, "bicycle": null, "ref": null, "width": "12", "lanes": "3", "layer": "1", "bridge": "yes", "surface": "asphalt", "smoothness": "excellent", "short_name": "MERR", "oneway": "yes", "name": "Jalan Doktor Insinyur Haji Soekarno", "motorcycle": "yes", "motorcar": "yes", "alt_name": "Jalan Lingkar Luar Timur Tengah;Middle East Ring Road" }, "geometry": { "type": "MultiLineString", "coordinates": [ [ [ 112.7808669, -7.2775072 ], [ 112.780875, -7.2772996 ] ] ] } },
{ "type": "Feature", "properties": { "full_id": "w272807695", "osm_id": "272807695", "osm_type": "way", "highway": "primary", "bridge_nam": null, "old_name": null, "hgv": null, "maxspeed": null, "horse": null, "foot": null, "bicycle": null, "ref": null, "width": "12", "lanes": "3", "layer": "1", "bridge": "yes", "surface": "asphalt", "smoothness": "excellent", "short_name": "MERR", "oneway": "yes", "name": "Jalan Doktor Insinyur Haji Soekarno", "motorcycle": "yes", "motorcar": "yes", "alt_name": "Jalan Lingkar Luar Timur Tengah;Middle East Ring Road" }, "geometry": { "type": "MultiLineString", "coordinates": [ [ [ 112.7810426, -7.2772949 ], [ 112.7810281, -7.2774845 ] ] ] } },
{ "type": "Feature", "properties": { "full_id": "w272807696", "osm_id": "272807696", "osm_type": "way", "highway": "primary", "bridge_nam": null, "old_name": null, "hgv": null, "maxspeed": null, "horse": null, "foot": null, "bicycle": null, "ref": null, "width": "12", "lanes": "3", "layer": null, "bridge": null, "surface": "asphalt", "smoothness": "excellent", "short_name": "MERR", "oneway": "yes", "name": "Jalan Doktor Insinyur Haji Soekarno", "motorcycle": "yes", "motorcar": "yes", "alt_name": null }, "geometry": { "type": "MultiLineString", "coordinates": [ [ [ 112.7810281, -7.2774845 ], [ 112.7810252, -7.2775231 ], [ 112.781014, -7.2777191 ], [ 112.7810107, -7.2778793 ], [ 112.7810124, -7.2780707 ], [ 112.781005, -7.2785878 ], [ 112.7810036, -7.278809 ], [ 112.7809909, -7.2796371 ], [ 112.780979, -7.2799187 ] ] ] } },
{ "type": "Feature", "properties": { "full_id": "w272807697", "osm_id": "272807697", "osm_type": "way", "highway": "primary", "bridge_nam": null, "old_name": null, "hgv": null, "maxspeed": null, "horse": null, "foot": null, "bicycle": null, "ref": null, "width": null, "lanes": null, "layer": null, "bridge": null, "surface": "asphalt", "smoothness": "excellent", "short_name": "MERR", "oneway": "yes", "name": "Jalan Doktor Insinyur Haji Soekarno", "motorcycle": "yes", "motorcar": "yes", "alt_name": null }, "geometry": { "type": "MultiLineString", "coordinates": [ [ [ 112.7821823, -7.2701535 ], [ 112.7821665, -7.2702695 ], [ 112.7820572, -7.2710685 ], [ 112.7819373, -7.2719299 ], [ 112.7819041, -7.2724437 ], [ 112.7818131, -7.2737253 ], [ 112.7817558, -7.2744621 ], [ 112.7817419, -7.2746623 ], [ 112.7817103, -7.2749021 ], [ 112.7816679, -7.2750718 ], [ 112.7816331, -7.2752108 ], [ 112.7816005, -7.2753245 ], [ 112.7814516, -7.2758427 ], [ 112.7813426, -7.2762224 ], [ 112.7813247, -7.2762849 ], [ 112.7813031, -7.27636 ], [ 112.7810578, -7.277216 ], [ 112.7810426, -7.2772949 ] ] ] } },
{ "type": "Feature", "properties": { "full_id": "w272807698", "osm_id": "272807698", "osm_type": "way", "highway": "primary", "bridge_nam": null, "old_name": null, "hgv": null, "maxspeed": null, "horse": null, "foot": "no", "bicycle": null, "ref": null, "width": null, "lanes": null, "layer": null, "bridge": null, "surface": "asphalt", "smoothness": "excellent", "short_name": "MERR", "oneway": "yes", "name": "Jalan Doktor Insinyur Haji Soekarno", "motorcycle": "yes", "motorcar": "yes", "alt_name": null }, "geometry": { "type": "MultiLineString", "coordinates": [ [ [ 112.7820464, -7.2701035 ], [ 112.7820802, -7.269958 ] ] ] } },
{ "type": "Feature", "properties": { "full_id": "w285027171", "osm_id": "285027171", "osm_type": "way", "highway": "primary", "bridge_nam": null, "old_name": "Jalan Gunungsari", "hgv": null, "maxspeed": null, "horse": "no", "foot": null, "bicycle": null, "ref": "35-132-12K", "width": "3", "lanes": "2", "layer": null, "bridge": null, "surface": "asphalt", "smoothness": "good", "short_name": null, "oneway": "yes", "name": "Jalan Prabu Siliwangi", "motorcycle": "yes", "motorcar": null, "alt_name": null }, "geometry": { "type": "MultiLineString", "coordinates": [ [ [ 112.7117394, -7.3088935 ], [ 112.7128667, -7.3078051 ], [ 112.7129718, -7.3077003 ], [ 112.713306, -7.3074347 ], [ 112.7133892, -7.3073775 ], [ 112.7134958, -7.30732 ], [ 112.7136835, -7.3072506 ], [ 112.7137865, -7.3072252 ], [ 112.713923, -7.3072024 ], [ 112.7140334, -7.3071881 ], [ 112.7141132, -7.3071864 ], [ 112.7145325, -7.3071834 ], [ 112.7147517, -7.307191 ], [ 112.7148608, -7.3072078 ], [ 112.7157059, -7.3074396 ], [ 112.7159511, -7.3074929 ], [ 112.7161787, -7.3074981 ], [ 112.716397, -7.3074888 ], [ 112.7164768, -7.3074813 ] ] ] } },
{ "type": "Feature", "properties": { "full_id": "w297150511", "osm_id": "297150511", "osm_type": "way", "highway": "primary", "bridge_nam": null, "old_name": null, "hgv": null, "maxspeed": null, "horse": null, "foot": null, "bicycle": null, "ref": null, "width": "12", "lanes": "3", "layer": null, "bridge": null, "surface": "asphalt", "smoothness": "excellent", "short_name": "MERR", "oneway": "yes", "name": "Jalan Doktor Insinyur Haji Soekarno", "motorcycle": "yes", "motorcar": "yes", "alt_name": null }, "geometry": { "type": "MultiLineString", "coordinates": [ [ [ 112.7808237, -7.280517 ], [ 112.7808225, -7.2803648 ], [ 112.7808246, -7.2799391 ], [ 112.7808179, -7.2789736 ], [ 112.7808417, -7.2783968 ], [ 112.7808434, -7.27807 ], [ 112.780849, -7.2779924 ], [ 112.7808541, -7.2777473 ], [ 112.7808669, -7.2775072 ] ] ] } },
{ "type": "Feature", "properties": { "full_id": "w314064800", "osm_id": "314064800", "osm_type": "way", "highway": "primary", "bridge_nam": null, "old_name": null, "hgv": null, "maxspeed": null, "horse": "no", "foot": "no", "bicycle": "yes", "ref": "35-132-11K", "width": null, "lanes": "2", "layer": null, "bridge": null, "surface": "asphalt", "smoothness": null, "short_name": null, "oneway": "no", "name": "Jalan Mastrip", "motorcycle": null, "motorcar": null, "alt_name": null }, "geometry": { "type": "MultiLineString", "coordinates": [ [ [ 112.7097034, -7.3158923 ], [ 112.7097283, -7.3161166 ], [ 112.7097662, -7.3165379 ], [ 112.7098078, -7.317219 ], [ 112.7098198, -7.3174478 ], [ 112.7098332, -7.3178216 ], [ 112.7098359, -7.3179878 ], [ 112.7098386, -7.3181541 ], [ 112.7098593, -7.3188592 ], [ 112.7098721, -7.3192961 ], [ 112.7098775, -7.319499 ], [ 112.7098851, -7.3196812 ], [ 112.7098976, -7.3199791 ], [ 112.7099164, -7.3204633 ], [ 112.7099231, -7.3206881 ], [ 112.7099124, -7.3209275 ], [ 112.7098963, -7.3210499 ], [ 112.7098587, -7.3213705 ], [ 112.7098238, -7.3215807 ], [ 112.7095771, -7.3228687 ], [ 112.7093478, -7.3239584 ], [ 112.709251, -7.3244583 ], [ 112.7092156, -7.3246411 ], [ 112.7091274, -7.3250353 ], [ 112.7089917, -7.3256423 ], [ 112.7089065, -7.3259226 ], [ 112.7088159, -7.3261866 ], [ 112.7087161, -7.3264876 ], [ 112.7086999, -7.3265381 ], [ 112.7086278, -7.3267309 ], [ 112.7084551, -7.3273265 ], [ 112.7084413, -7.3273742 ], [ 112.7083655, -7.3279078 ], [ 112.7083465, -7.3280503 ], [ 112.7083234, -7.328221 ], [ 112.7083141, -7.3283076 ], [ 112.7082813, -7.3286053 ], [ 112.7082286, -7.328996 ], [ 112.7082152, -7.3290687 ], [ 112.708132, -7.3296518 ], [ 112.7081085, -7.3298044 ], [ 112.7080556, -7.3300794 ], [ 112.7079707, -7.3304161 ], [ 112.7078976, -7.3306876 ], [ 112.7078173, -7.3309191 ], [ 112.7077041, -7.331162 ], [ 112.7069628, -7.3320075 ], [ 112.7064341, -7.3326456 ], [ 112.7061335, -7.3330084 ], [ 112.7058001, -7.3334109 ], [ 112.705614, -7.3336223 ], [ 112.705348, -7.3339243 ], [ 112.705262, -7.334022 ], [ 112.7050809, -7.3342277 ], [ 112.7048301, -7.3345126 ], [ 112.7046808, -7.3346821 ], [ 112.7043719, -7.3350329 ], [ 112.7042105, -7.3352162 ], [ 112.7041687, -7.3352637 ], [ 112.7041114, -7.3353288 ], [ 112.7037362, -7.3357786 ], [ 112.7034733, -7.3360991 ], [ 112.7032377, -7.3363713 ], [ 112.703118, -7.3365054 ], [ 112.7029837, -7.3366548 ], [ 112.7028233, -7.3368459 ], [ 112.7025094, -7.3372725 ], [ 112.702324, -7.3375245 ], [ 112.7021353, -7.3377645 ], [ 112.7019002, -7.3380139 ], [ 112.7017582, -7.3381413 ], [ 112.7016726, -7.3382061 ], [ 112.7015695, -7.3382618 ], [ 112.7014862, -7.3383019 ], [ 112.7013964, -7.3383366 ], [ 112.7012864, -7.3383697 ], [ 112.7011657, -7.3383857 ], [ 112.7008214, -7.3384278 ], [ 112.7005283, -7.3384756 ], [ 112.7003355, -7.338507 ], [ 112.6997006, -7.3385965 ], [ 112.6996329, -7.338606 ], [ 112.699577, -7.3386162 ], [ 112.6994738, -7.3386297 ], [ 112.6992816, -7.3386588 ], [ 112.6991823, -7.3386828 ], [ 112.6990817, -7.3387149 ], [ 112.6990063, -7.3387389 ], [ 112.6988657, -7.338802 ], [ 112.6987967, -7.3388482 ], [ 112.6987195, -7.3389041 ], [ 112.6981636, -7.3393971 ], [ 112.6980596, -7.339488 ], [ 112.6979651, -7.3395755 ], [ 112.6977955, -7.3397251 ], [ 112.6971917, -7.3403097 ], [ 112.696903, -7.3405638 ], [ 112.6963511, -7.3410513 ], [ 112.6959869, -7.3413893 ], [ 112.6958199, -7.3415457 ], [ 112.6956345, -7.3417178 ], [ 112.6955203, -7.3418238 ], [ 112.695275, -7.3420736 ] ] ] } },
{ "type": "Feature", "properties": { "full_id": "w314064802", "osm_id": "314064802", "osm_type": "way", "highway": "primary", "bridge_nam": null, "old_name": null, "hgv": null, "maxspeed": "40", "horse": "no", "foot": null, "bicycle": null, "ref": "35-132-13K", "width": "4", "lanes": "2", "layer": null, "bridge": null, "surface": "asphalt", "smoothness": "good", "short_name": null, "oneway": "yes", "name": "Jalan Gunung Sari", "motorcycle": "yes", "motorcar": null, "alt_name": null }, "geometry": { "type": "MultiLineString", "coordinates": [ [ [ 112.735038, -7.2994248 ], [ 112.7334565, -7.2993703 ], [ 112.7333936, -7.2993679 ], [ 112.7332885, -7.2993687 ], [ 112.7331778, -7.2993757 ], [ 112.7330117, -7.2993886 ], [ 112.7328437, -7.2994148 ], [ 112.7327837, -7.2994242 ], [ 112.7323897, -7.2994985 ], [ 112.732363, -7.2995054 ], [ 112.73209, -7.299576 ], [ 112.7317335, -7.2997201 ], [ 112.7302904, -7.3003133 ] ] ] } },
{ "type": "Feature", "properties": { "full_id": "w321624899", "osm_id": "321624899", "osm_type": "way", "highway": "primary", "bridge_nam": null, "old_name": null, "hgv": null, "maxspeed": null, "horse": null, "foot": null, "bicycle": null, "ref": null, "width": null, "lanes": null, "layer": null, "bridge": null, "surface": "asphalt", "smoothness": "excellent", "short_name": "MERR", "oneway": "yes", "name": "Jalan Doktor Insinyur Haji Soekarno", "motorcycle": "yes", "motorcar": "yes", "alt_name": null }, "geometry": { "type": "MultiLineString", "coordinates": [ [ [ 112.7831519, -7.2633524 ], [ 112.7831536, -7.2633932 ], [ 112.7831602, -7.2636319 ], [ 112.7831414, -7.2638873 ], [ 112.7831206, -7.2641387 ], [ 112.7830958, -7.2644381 ], [ 112.7830255, -7.2650061 ], [ 112.7830118, -7.2650907 ], [ 112.7828795, -7.2659803 ], [ 112.7828621, -7.2661224 ], [ 112.7825806, -7.2682192 ], [ 112.7824602, -7.2690327 ], [ 112.782407, -7.2692902 ], [ 112.7823937, -7.2693369 ], [ 112.7822626, -7.2697975 ], [ 112.7822376, -7.2699015 ], [ 112.7822093, -7.2700014 ] ] ] } },
{ "type": "Feature", "properties": { "full_id": "w321624901", "osm_id": "321624901", "osm_type": "way", "highway": "primary", "bridge_nam": null, "old_name": null, "hgv": null, "maxspeed": null, "horse": null, "foot": null, "bicycle": null, "ref": null, "width": null, "lanes": null, "layer": null, "bridge": null, "surface": "asphalt", "smoothness": "excellent", "short_name": "MERR", "oneway": "yes", "name": "Jalan Doktor Insinyur Haji Soekarno", "motorcycle": "yes", "motorcar": "yes", "alt_name": "Jalan Lingkar Luar Timur Tengah;Middle East Ring Road" }, "geometry": { "type": "MultiLineString", "coordinates": [ [ [ 112.7842025, -7.2498791 ], [ 112.7842191, -7.2498336 ] ] ] } },
{ "type": "Feature", "properties": { "full_id": "w327411613", "osm_id": "327411613", "osm_type": "way", "highway": "primary", "bridge_nam": null, "old_name": null, "hgv": null, "maxspeed": null, "horse": "no", "foot": "no", "bicycle": "yes", "ref": "35-132-11K", "width": null, "lanes": "2", "layer": null, "bridge": null, "surface": "asphalt", "smoothness": null, "short_name": null, "oneway": "yes", "name": "Jalan Mastrip", "motorcycle": null, "motorcar": null, "alt_name": null }, "geometry": { "type": "MultiLineString", "coordinates": [ [ [ 112.7096031, -7.3128394 ], [ 112.7096794, -7.3125241 ], [ 112.7097823, -7.3122241 ], [ 112.7099526, -7.3118807 ], [ 112.7100242, -7.3117436 ], [ 112.7102947, -7.3112668 ], [ 112.7106233, -7.3106453 ], [ 112.7106741, -7.3105156 ], [ 112.710698, -7.3104464 ] ] ] } },
{ "type": "Feature", "properties": { "full_id": "w327411615", "osm_id": "327411615", "osm_type": "way", "highway": "primary", "bridge_nam": null, "old_name": null, "hgv": null, "maxspeed": "60", "horse": null, "foot": null, "bicycle": null, "ref": "35-110", "width": null, "lanes": "2", "layer": null, "bridge": null, "surface": null, "smoothness": null, "short_name": null, "oneway": "no", "name": "Jalan Raya Surabaya - Driyorejo", "motorcycle": null, "motorcar": null, "alt_name": null }, "geometry": { "type": "MultiLineString", "coordinates": [ [ [ 112.6274084, -7.365821 ], [ 112.6276674, -7.3658443 ], [ 112.6279666, -7.3658712 ], [ 112.6282214, -7.3658915 ], [ 112.6285874, -7.3659152 ], [ 112.6286783, -7.365925 ], [ 112.6288825, -7.3659437 ], [ 112.6292342, -7.3659766 ], [ 112.6295796, -7.3660067 ], [ 112.6298972, -7.3660284 ], [ 112.6300327, -7.3660355 ], [ 112.6304419, -7.3660656 ], [ 112.6305831, -7.3660736 ], [ 112.6306608, -7.3660774 ], [ 112.6308327, -7.3660857 ], [ 112.6310125, -7.3660926 ], [ 112.631219, -7.3661072 ], [ 112.6313922, -7.3661118 ], [ 112.6314202, -7.3661125 ], [ 112.6315814, -7.3661003 ], [ 112.6316871, -7.3660719 ], [ 112.6317279, -7.366055 ], [ 112.6317872, -7.3660305 ], [ 112.6318748, -7.3659768 ], [ 112.6319528, -7.3659128 ], [ 112.632225, -7.3656375 ], [ 112.6324202, -7.3654287 ], [ 112.6324467, -7.3654057 ], [ 112.6325858, -7.3652784 ], [ 112.6327452, -7.3651597 ], [ 112.632905, -7.3650408 ], [ 112.6329371, -7.3650146 ], [ 112.6329985, -7.3649713 ], [ 112.6331089, -7.3649033 ], [ 112.6332279, -7.3648079 ], [ 112.6338475, -7.3643615 ], [ 112.6345085, -7.3638647 ], [ 112.6347423, -7.3637156 ], [ 112.6348863, -7.3636413 ], [ 112.6350805, -7.3635765 ], [ 112.6355953, -7.3634469 ], [ 112.6360087, -7.3633632 ], [ 112.6366014, -7.3632873 ], [ 112.6366912, -7.3632692 ], [ 112.6368917, -7.3632061 ], [ 112.6369632, -7.3631836 ], [ 112.63742, -7.362981 ], [ 112.6375407, -7.3629334 ], [ 112.6380518, -7.3627257 ], [ 112.6381552, -7.3626837 ], [ 112.6382701, -7.3626362 ], [ 112.6387596, -7.3624337 ], [ 112.6392391, -7.3622113 ], [ 112.6393823, -7.3621358 ], [ 112.6395006, -7.3620709 ], [ 112.6395567, -7.3620391 ], [ 112.6395967, -7.3620149 ], [ 112.639782, -7.3618912 ], [ 112.6399253, -7.3617832 ], [ 112.6400125, -7.3617103 ], [ 112.6403778, -7.3614291 ], [ 112.6404687, -7.3613537 ], [ 112.6405252, -7.3613069 ], [ 112.6406695, -7.361189 ], [ 112.6408279, -7.3610578 ], [ 112.6409584, -7.3609671 ], [ 112.6410095, -7.3609326 ], [ 112.641315, -7.3607802 ], [ 112.6413658, -7.3607551 ], [ 112.6414822, -7.3606982 ], [ 112.6418193, -7.3605714 ], [ 112.6420838, -7.3605067 ], [ 112.6421573, -7.3604958 ], [ 112.6424511, -7.3604703 ], [ 112.6428764, -7.3604575 ], [ 112.6432817, -7.3604249 ], [ 112.6435628, -7.3603904 ], [ 112.6435973, -7.3603853 ], [ 112.6439438, -7.3603338 ], [ 112.6441259, -7.3603073 ], [ 112.6445614, -7.3602489 ], [ 112.6448985, -7.360195 ], [ 112.6450014, -7.3601798 ], [ 112.6454672, -7.3601107 ], [ 112.6459139, -7.3600399 ], [ 112.6460763, -7.3600181 ], [ 112.6461352, -7.3600093 ], [ 112.6464902, -7.359973 ], [ 112.6469944, -7.3599305 ], [ 112.647643, -7.3598817 ], [ 112.6477441, -7.3598719 ], [ 112.6480687, -7.3598414 ], [ 112.6482373, -7.3598276 ], [ 112.6484412, -7.3598109 ], [ 112.6485331, -7.3598033 ], [ 112.6487611, -7.3597847 ], [ 112.648887, -7.3597743 ], [ 112.6492059, -7.3597482 ], [ 112.6495144, -7.3597216 ], [ 112.6496968, -7.3597061 ], [ 112.6498449, -7.3596935 ], [ 112.6500455, -7.3596764 ], [ 112.650539, -7.3596312 ], [ 112.6506648, -7.3596224 ], [ 112.6508047, -7.3596127 ], [ 112.6510938, -7.3595926 ], [ 112.6511881, -7.359586 ], [ 112.6516467, -7.359554 ], [ 112.651872, -7.3595354 ], [ 112.6525748, -7.3594822 ], [ 112.6528276, -7.3594656 ], [ 112.6529375, -7.359449 ], [ 112.6530468, -7.3594257 ], [ 112.653187, -7.3593605 ], [ 112.6532842, -7.359294 ], [ 112.6534136, -7.3591697 ], [ 112.6534646, -7.3591178 ], [ 112.6539695, -7.3584368 ], [ 112.6540312, -7.3583597 ], [ 112.6541144, -7.3582479 ], [ 112.6546964, -7.3574685 ], [ 112.6549353, -7.3570773 ], [ 112.6551309, -7.3566332 ], [ 112.6554854, -7.3556211 ], [ 112.6555522, -7.3554919 ], [ 112.6557732, -7.3552202 ], [ 112.6557937, -7.355195 ], [ 112.6558205, -7.355162 ], [ 112.655935, -7.3550445 ], [ 112.6560262, -7.3549609 ], [ 112.6562472, -7.3547772 ], [ 112.6566573, -7.3544584 ], [ 112.6569792, -7.3542257 ], [ 112.6571613, -7.3540858 ], [ 112.6576926, -7.3537681 ], [ 112.6578518, -7.3536923 ], [ 112.6583337, -7.3534207 ], [ 112.6592993, -7.3528955 ], [ 112.6595407, -7.3527678 ], [ 112.6598571, -7.352583 ], [ 112.6599938, -7.3524887 ], [ 112.6601281, -7.3523795 ], [ 112.6603408, -7.3521547 ], [ 112.660997, -7.3513911 ], [ 112.6610807, -7.3512937 ] ] ] } },
{ "type": "Feature", "properties": { "full_id": "w360950143", "osm_id": "360950143", "osm_type": "way", "highway": "primary", "bridge_nam": null, "old_name": null, "hgv": null, "maxspeed": null, "horse": null, "foot": null, "bicycle": null, "ref": null, "width": null, "lanes": "3", "layer": null, "bridge": null, "surface": null, "smoothness": null, "short_name": null, "oneway": "yes", "name": "Jalan Kenjeran", "motorcycle": null, "motorcar": null, "alt_name": null }, "geometry": { "type": "MultiLineString", "coordinates": [ [ [ 112.7691012, -7.2453067 ], [ 112.7692396, -7.2453374 ], [ 112.7696079, -7.2454401 ], [ 112.7705432, -7.2457176 ], [ 112.7707424, -7.2457767 ], [ 112.7711107, -7.2458815 ], [ 112.7720681, -7.2461647 ], [ 112.7722476, -7.2462172 ], [ 112.7723973, -7.246261 ], [ 112.7724397, -7.2462733 ], [ 112.7728828, -7.246402 ], [ 112.7733612, -7.2465393 ], [ 112.7737427, -7.2466487 ], [ 112.773881, -7.2466884 ], [ 112.7742018, -7.2467805 ], [ 112.774483, -7.2468498 ], [ 112.7748569, -7.2469634 ], [ 112.7752007, -7.24706 ], [ 112.7756915, -7.247198 ], [ 112.7762378, -7.2473577 ], [ 112.7764811, -7.2474267 ], [ 112.7765421, -7.247444 ], [ 112.7771824, -7.247626 ], [ 112.7775713, -7.247743 ], [ 112.7778932, -7.2478335 ], [ 112.7780525, -7.2478792 ], [ 112.7781901, -7.2479189 ], [ 112.7782403, -7.2479337 ], [ 112.7785181, -7.2480071 ], [ 112.7788223, -7.2480894 ], [ 112.7789775, -7.2481342 ], [ 112.7793377, -7.2482382 ], [ 112.7795045, -7.2482819 ], [ 112.7799725, -7.2484217 ], [ 112.7801624, -7.2484814 ], [ 112.7803011, -7.2485264 ], [ 112.7808087, -7.2486876 ], [ 112.7813117, -7.2488305 ], [ 112.7819456, -7.2490176 ], [ 112.7820581, -7.2490503 ], [ 112.782396, -7.249148 ], [ 112.783106, -7.2493534 ], [ 112.7834415, -7.2494498 ], [ 112.7836482, -7.2495094 ], [ 112.7841886, -7.2496619 ], [ 112.7842743, -7.2496866 ] ] ] } },
{ "type": "Feature", "properties": { "full_id": "w363260606", "osm_id": "363260606", "osm_type": "way", "highway": "primary", "bridge_nam": null, "old_name": null, "hgv": null, "maxspeed": null, "horse": null, "foot": null, "bicycle": null, "ref": null, "width": null, "lanes": null, "layer": null, "bridge": null, "surface": "asphalt", "smoothness": "excellent", "short_name": "MERR", "oneway": "yes", "name": "Jalan Doktor Insinyur Haji Soekarno", "motorcycle": "yes", "motorcar": "yes", "alt_name": "Jalan Lingkar Luar Timur Tengah;Middle East Ring Road" }, "geometry": { "type": "MultiLineString", "coordinates": [ [ [ 112.7814442, -7.3336092 ], [ 112.7816078, -7.3342051 ], [ 112.7816433, -7.3343029 ], [ 112.7816647, -7.3343562 ], [ 112.7818466, -7.3347983 ], [ 112.7820302, -7.3351592 ], [ 112.7821738, -7.3354712 ], [ 112.7823537, -7.335813 ], [ 112.782627, -7.33631 ], [ 112.7831099, -7.3370873 ], [ 112.7831518, -7.3371589 ], [ 112.7835953, -7.3379153 ], [ 112.7836488, -7.3379943 ], [ 112.7840577, -7.3385983 ] ] ] } },
{ "type": "Feature", "properties": { "full_id": "w363267571", "osm_id": "363267571", "osm_type": "way", "highway": "primary", "bridge_nam": null, "old_name": null, "hgv": null, "maxspeed": null, "horse": "no", "foot": "no", "bicycle": "yes", "ref": "35-132-11K", "width": null, "lanes": "2", "layer": null, "bridge": null, "surface": "asphalt", "smoothness": null, "short_name": null, "oneway": "yes", "name": "Jalan Mastrip", "motorcycle": null, "motorcar": null, "alt_name": null }, "geometry": { "type": "MultiLineString", "coordinates": [ [ [ 112.710698, -7.3104464 ], [ 112.7107351, -7.310347 ] ] ] } },
{ "type": "Feature", "properties": { "full_id": "w363267572", "osm_id": "363267572", "osm_type": "way", "highway": "primary", "bridge_nam": null, "old_name": null, "hgv": null, "maxspeed": null, "horse": null, "foot": null, "bicycle": null, "ref": "35-133-11K", "width": null, "lanes": null, "layer": null, "bridge": null, "surface": null, "smoothness": null, "short_name": null, "oneway": "yes", "name": "Jalan Joyoboyo", "motorcycle": null, "motorcar": null, "alt_name": null }, "geometry": { "type": "MultiLineString", "coordinates": [ [ [ 112.7302221, -7.3001838 ], [ 112.7304396, -7.3000042 ], [ 112.7305816, -7.2998878 ], [ 112.7313333, -7.2992787 ], [ 112.7315783, -7.2991161 ], [ 112.731715, -7.2990253 ], [ 112.7321351, -7.2988476 ], [ 112.7325129, -7.2987314 ], [ 112.7328932, -7.2986575 ], [ 112.7330824, -7.2986447 ], [ 112.733144, -7.2986423 ], [ 112.7335084, -7.2986305 ], [ 112.7344774, -7.2985828 ], [ 112.7349489, -7.2985601 ], [ 112.7352472, -7.2985548 ] ] ] } },
{ "type": "Feature", "properties": { "full_id": "w363267575", "osm_id": "363267575", "osm_type": "way", "highway": "primary", "bridge_nam": null, "old_name": null, "hgv": null, "maxspeed": null, "horse": null, "foot": null, "bicycle": null, "ref": "35-132-11K", "width": null, "lanes": null, "layer": null, "bridge": null, "surface": null, "smoothness": null, "short_name": null, "oneway": "yes", "name": "Jalan Mastrip", "motorcycle": null, "motorcar": null, "alt_name": null }, "geometry": { "type": "MultiLineString", "coordinates": [ [ [ 112.7107878, -7.3104904 ], [ 112.710689, -7.3107032 ], [ 112.7104315, -7.3111754 ], [ 112.7103673, -7.3112873 ], [ 112.7100968, -7.3117808 ], [ 112.71001, -7.3119368 ], [ 112.7098737, -7.3122474 ], [ 112.709765, -7.3125413 ], [ 112.7097284, -7.3126811 ], [ 112.7096908, -7.3128611 ] ] ] } },
{ "type": "Feature", "properties": { "full_id": "w363267576", "osm_id": "363267576", "osm_type": "way", "highway": "primary", "bridge_nam": null, "old_name": null, "hgv": null, "maxspeed": null, "horse": null, "foot": null, "bicycle": null, "ref": "35-133-11K", "width": null, "lanes": null, "layer": null, "bridge": null, "surface": null, "smoothness": null, "short_name": null, "oneway": "yes", "name": "Jalan Joyoboyo", "motorcycle": null, "motorcar": null, "alt_name": null }, "geometry": { "type": "MultiLineString", "coordinates": [ [ [ 112.7300723, -7.3002859 ], [ 112.7301136, -7.3002574 ], [ 112.7301675, -7.3002203 ], [ 112.7302221, -7.3001838 ] ] ] } },
{ "type": "Feature", "properties": { "full_id": "w363267578", "osm_id": "363267578", "osm_type": "way", "highway": "primary", "bridge_nam": null, "old_name": null, "hgv": null, "maxspeed": "40", "horse": "no", "foot": null, "bicycle": null, "ref": "35-132-13K", "width": null, "lanes": "2", "layer": null, "bridge": null, "surface": "asphalt", "smoothness": null, "short_name": null, "oneway": "yes", "name": "Jalan Gunung Sari", "motorcycle": null, "motorcar": null, "alt_name": null }, "geometry": { "type": "MultiLineString", "coordinates": [ [ [ 112.7302904, -7.3003133 ], [ 112.7301092, -7.3003734 ] ] ] } },
{ "type": "Feature", "properties": { "full_id": "w364444709", "osm_id": "364444709", "osm_type": "way", "highway": "primary", "bridge_nam": null, "old_name": null, "hgv": null, "maxspeed": null, "horse": null, "foot": null, "bicycle": null, "ref": null, "width": "12", "lanes": "2", "layer": null, "bridge": null, "surface": "asphalt", "smoothness": "excellent", "short_name": "MERR", "oneway": "yes", "name": "Jalan Doktor Insinyur Haji Soekarno", "motorcycle": "yes", "motorcar": "yes", "alt_name": null }, "geometry": { "type": "MultiLineString", "coordinates": [ [ [ 112.7806832, -7.2897552 ], [ 112.7806473, -7.2906545 ], [ 112.7806603, -7.2907803 ], [ 112.7807047, -7.2912099 ], [ 112.7807316, -7.2913797 ], [ 112.7807805, -7.2916625 ], [ 112.7808039, -7.2917976 ], [ 112.7809161, -7.2922733 ], [ 112.7810204, -7.292582 ], [ 112.7811304, -7.2929139 ], [ 112.781234, -7.2931808 ], [ 112.7814686, -7.2939326 ], [ 112.7818666, -7.2954793 ], [ 112.7819592, -7.2958491 ], [ 112.7820007, -7.2961005 ], [ 112.7820148, -7.2963446 ], [ 112.7820423, -7.2970516 ], [ 112.7820477, -7.2973051 ], [ 112.782037, -7.297768 ], [ 112.78204, -7.2980636 ], [ 112.7820329, -7.298316 ], [ 112.7820309, -7.2986373 ], [ 112.7819853, -7.2993722 ], [ 112.7818941, -7.3001391 ], [ 112.7818345, -7.3006686 ], [ 112.7818076, -7.3010723 ], [ 112.7817929, -7.3012366 ] ] ] } },
{ "type": "Feature", "properties": { "full_id": "w364444710", "osm_id": "364444710", "osm_type": "way", "highway": "primary", "bridge_nam": null, "old_name": null, "hgv": null, "maxspeed": null, "horse": null, "foot": null, "bicycle": null, "ref": null, "width": "12", "lanes": "3", "layer": null, "bridge": null, "surface": "asphalt", "smoothness": "excellent", "short_name": "MERR", "oneway": "yes", "name": "Jalan Doktor Insinyur Haji Soekarno", "motorcycle": "yes", "motorcar": "yes", "alt_name": "Jalan Lingkar Luar Timur Tengah;Middle East Ring Road" }, "geometry": { "type": "MultiLineString", "coordinates": [ [ [ 112.7805402, -7.2895068 ], [ 112.7805734, -7.2891432 ], [ 112.7806172, -7.2886631 ], [ 112.7806787, -7.2879902 ], [ 112.7807629, -7.2869683 ], [ 112.7807856, -7.2867417 ], [ 112.7807912, -7.2866591 ], [ 112.7807968, -7.2865353 ], [ 112.7808012, -7.2864795 ], [ 112.7808508, -7.2858529 ], [ 112.7808608, -7.2857218 ], [ 112.7808487, -7.2854624 ], [ 112.7808407, -7.2848591 ], [ 112.78083, -7.2843902 ], [ 112.7808189, -7.2832294 ], [ 112.7808125, -7.2830759 ] ] ] } },
{ "type": "Feature", "properties": { "full_id": "w369538866", "osm_id": "369538866", "osm_type": "way", "highway": "primary", "bridge_nam": null, "old_name": null, "hgv": "no", "maxspeed": null, "horse": null, "foot": null, "bicycle": null, "ref": "35-132-13K", "width": null, "lanes": null, "layer": "1", "bridge": "yes", "surface": null, "smoothness": null, "short_name": null, "oneway": "yes", "name": null, "motorcycle": null, "motorcar": null, "alt_name": null }, "geometry": { "type": "MultiLineString", "coordinates": [ [ [ 112.7372872, -7.30004 ], [ 112.7373033, -7.299932 ], [ 112.7373794, -7.2994385 ], [ 112.7373815, -7.2993998 ], [ 112.7373795, -7.2993583 ] ] ] } },
{ "type": "Feature", "properties": { "full_id": "w369661674", "osm_id": "369661674", "osm_type": "way", "highway": "primary", "bridge_nam": null, "old_name": null, "hgv": null, "maxspeed": null, "horse": null, "foot": null, "bicycle": null, "ref": null, "width": null, "lanes": null, "layer": null, "bridge": null, "surface": null, "smoothness": null, "short_name": null, "oneway": "yes", "name": "Jalan Kenjeran", "motorcycle": null, "motorcar": null, "alt_name": null }, "geometry": { "type": "MultiLineString", "coordinates": [ [ [ 112.7842025, -7.2498791 ], [ 112.7839288, -7.2497998 ] ] ] } },
{ "type": "Feature", "properties": { "full_id": "w369661675", "osm_id": "369661675", "osm_type": "way", "highway": "primary", "bridge_nam": null, "old_name": null, "hgv": null, "maxspeed": null, "horse": null, "foot": null, "bicycle": null, "ref": null, "width": null, "lanes": null, "layer": null, "bridge": null, "surface": null, "smoothness": null, "short_name": null, "oneway": "yes", "name": "Jalan Kenjeran", "motorcycle": null, "motorcar": null, "alt_name": null }, "geometry": { "type": "MultiLineString", "coordinates": [ [ [ 112.7843408, -7.2499165 ], [ 112.7842025, -7.2498791 ] ] ] } },
{ "type": "Feature", "properties": { "full_id": "w374535823", "osm_id": "374535823", "osm_type": "way", "highway": "primary", "bridge_nam": null, "old_name": null, "hgv": null, "maxspeed": null, "horse": "no", "foot": "no", "bicycle": "yes", "ref": "35-132-11K", "width": null, "lanes": "2", "layer": null, "bridge": null, "surface": "asphalt", "smoothness": null, "short_name": null, "oneway": "yes", "name": "Jalan Mastrip", "motorcycle": null, "motorcar": null, "alt_name": null }, "geometry": { "type": "MultiLineString", "coordinates": [ [ [ 112.7095898, -7.3129103 ], [ 112.7096031, -7.3128394 ] ] ] } },
{ "type": "Feature", "properties": { "full_id": "w374535825", "osm_id": "374535825", "osm_type": "way", "highway": "primary", "bridge_nam": null, "old_name": null, "hgv": null, "maxspeed": null, "horse": null, "foot": null, "bicycle": null, "ref": "35-132-11K", "width": null, "lanes": null, "layer": null, "bridge": null, "surface": null, "smoothness": null, "short_name": null, "oneway": "yes", "name": "Jalan Mastrip", "motorcycle": null, "motorcar": null, "alt_name": null }, "geometry": { "type": "MultiLineString", "coordinates": [ [ [ 112.7096784, -7.3129274 ], [ 112.7096124, -7.3133371 ], [ 112.7095842, -7.3135531 ], [ 112.7095738, -7.3137817 ], [ 112.7095824, -7.3142192 ], [ 112.709594, -7.3145198 ], [ 112.7096046, -7.314649 ], [ 112.7096967, -7.3154498 ], [ 112.7097326, -7.3157612 ], [ 112.7097034, -7.3158923 ] ] ] } },
{ "type": "Feature", "properties": { "full_id": "w379337425", "osm_id": "379337425", "osm_type": "way", "highway": "primary", "bridge_nam": null, "old_name": null, "hgv": null, "maxspeed": null, "horse": null, "foot": null, "bicycle": null, "ref": null, "width": "10", "lanes": "2", "layer": null, "bridge": null, "surface": "asphalt", "smoothness": "excellent", "short_name": "MERR", "oneway": "yes", "name": "Jalan Doktor Insinyur Haji Soekarno", "motorcycle": "yes", "motorcar": "yes", "alt_name": "Jalan Lingkar Luar Timur Tengah;Middle East Ring Road" }, "geometry": { "type": "MultiLineString", "coordinates": [ [ [ 112.7815182, -7.3034009 ], [ 112.7814872, -7.3036552 ], [ 112.7813121, -7.3047929 ], [ 112.7812484, -7.3050962 ], [ 112.781145, -7.3054527 ], [ 112.7811027, -7.3056082 ], [ 112.7810093, -7.3059021 ], [ 112.780952, -7.3060822 ], [ 112.7807364, -7.3067079 ], [ 112.7806433, -7.3071269 ] ] ] } },
{ "type": "Feature", "properties": { "full_id": "w379337428", "osm_id": "379337428", "osm_type": "way", "highway": "primary", "bridge_nam": null, "old_name": null, "hgv": null, "maxspeed": null, "horse": null, "foot": null, "bicycle": null, "ref": null, "width": "12", "lanes": "2", "layer": null, "bridge": null, "surface": "asphalt", "smoothness": "excellent", "short_name": "MERR", "oneway": "yes", "name": "Jalan Doktor Insinyur Haji Soekarno", "motorcycle": "yes", "motorcar": "yes", "alt_name": "Jalan Lingkar Luar Timur Tengah;Middle East Ring Road" }, "geometry": { "type": "MultiLineString", "coordinates": [ [ [ 112.7816279, -7.301214 ], [ 112.7816705, -7.3008059 ], [ 112.7816822, -7.3006972 ], [ 112.7817661, -7.2999196 ], [ 112.7818184, -7.29948 ], [ 112.7818559, -7.298892 ], [ 112.7818693, -7.298316 ], [ 112.7818733, -7.2980706 ], [ 112.7818775, -7.2978839 ], [ 112.7818827, -7.2969306 ], [ 112.7818801, -7.2967284 ], [ 112.7818398, -7.2962947 ], [ 112.7818237, -7.2961138 ], [ 112.781809, -7.2959608 ], [ 112.7817875, -7.2958265 ], [ 112.7817433, -7.2956469 ], [ 112.781707, -7.2955179 ], [ 112.7816368, -7.2952655 ], [ 112.7814871, -7.2946425 ], [ 112.7813584, -7.2941903 ], [ 112.7812429, -7.2938094 ], [ 112.7812284, -7.2937521 ], [ 112.7811866, -7.2936201 ], [ 112.7810981, -7.2933408 ], [ 112.7810641, -7.2932356 ], [ 112.7810026, -7.2930397 ], [ 112.7809763, -7.2929567 ], [ 112.7809104, -7.2927682 ], [ 112.7808285, -7.2925358 ], [ 112.7808122, -7.2924896 ], [ 112.7807296, -7.2922543 ], [ 112.7806932, -7.2921231 ], [ 112.7806409, -7.2918916 ], [ 112.7805926, -7.2916535 ], [ 112.7805591, -7.2914779 ], [ 112.7805363, -7.2913342 ], [ 112.7805245, -7.2912621 ], [ 112.7805135, -7.2911945 ], [ 112.7804933, -7.2909804 ], [ 112.7804759, -7.2906385 ], [ 112.7804746, -7.2904549 ], [ 112.7804786, -7.2902953 ], [ 112.7805098, -7.2898813 ], [ 112.7805196, -7.289754 ] ] ] } },
{ "type": "Feature", "properties": { "full_id": "w448754091", "osm_id": "448754091", "osm_type": "way", "highway": "primary", "bridge_nam": "Jalan Dr. Ir. H. Soekarno", "old_name": null, "hgv": null, "maxspeed": null, "horse": null, "foot": null, "bicycle": null, "ref": null, "width": null, "lanes": null, "layer": "1", "bridge": "yes", "surface": "asphalt", "smoothness": "excellent", "short_name": "MERR", "oneway": "yes", "name": "Jalan Doktor Insinyur Haji Soekarno", "motorcycle": "yes", "motorcar": "yes", "alt_name": "Jalan Lingkar Luar Timur Tengah;Middle East Ring Road" }, "geometry": { "type": "MultiLineString", "coordinates": [ [ [ 112.7806936, -7.2895839 ], [ 112.7806849, -7.2897136 ] ] ] } },
{ "type": "Feature", "properties": { "full_id": "w448754094", "osm_id": "448754094", "osm_type": "way", "highway": "primary", "bridge_nam": "Jalan Dr. H. Ir. Soekarno", "old_name": null, "hgv": null, "maxspeed": null, "horse": null, "foot": null, "bicycle": null, "ref": null, "width": null, "lanes": null, "layer": "1", "bridge": "yes", "surface": "asphalt", "smoothness": "excellent", "short_name": "MERR", "oneway": "yes", "name": "Jalan Doktor Insinyur Haji Soekarno", "motorcycle": "yes", "motorcar": "yes", "alt_name": "Jalan Lingkar Luar Timur Tengah;Middle East Ring Road" }, "geometry": { "type": "MultiLineString", "coordinates": [ [ [ 112.7805219, -7.2897236 ], [ 112.7805344, -7.2895856 ] ] ] } },
{ "type": "Feature", "properties": { "full_id": "w449175870", "osm_id": "449175870", "osm_type": "way", "highway": "primary", "bridge_nam": null, "old_name": null, "hgv": null, "maxspeed": null, "horse": null, "foot": null, "bicycle": null, "ref": null, "width": null, "lanes": null, "layer": "1", "bridge": "yes", "surface": "asphalt", "smoothness": "excellent", "short_name": "MERR", "oneway": "yes", "name": "Jalan Doktor Insinyur Haji Soekarno", "motorcycle": "yes", "motorcar": "yes", "alt_name": "Jalan Lingkar Luar Timur Tengah;Middle East Ring Road" }, "geometry": { "type": "MultiLineString", "coordinates": [ [ [ 112.7842191, -7.2498336 ], [ 112.7842629, -7.2497183 ] ] ] } },
{ "type": "Feature", "properties": { "full_id": "w449175878", "osm_id": "449175878", "osm_type": "way", "highway": "primary", "bridge_nam": null, "old_name": null, "hgv": null, "maxspeed": null, "horse": null, "foot": null, "bicycle": null, "ref": null, "width": null, "lanes": null, "layer": "1", "bridge": "yes", "surface": "asphalt", "smoothness": "excellent", "short_name": "MERR", "oneway": "yes", "name": "Jalan Doktor Insinyur Haji Soekarno", "motorcycle": "yes", "motorcar": "yes", "alt_name": "Jalan Lingkar Luar Timur Tengah;Middle East Ring Road" }, "geometry": { "type": "MultiLineString", "coordinates": [ [ [ 112.7843913, -7.2497534 ], [ 112.7843574, -7.2498666 ] ] ] } },
{ "type": "Feature", "properties": { "full_id": "w450329828", "osm_id": "450329828", "osm_type": "way", "highway": "primary", "bridge_nam": null, "old_name": null, "hgv": null, "maxspeed": null, "horse": null, "foot": null, "bicycle": null, "ref": null, "width": null, "lanes": "3", "layer": null, "bridge": null, "surface": null, "smoothness": null, "short_name": null, "oneway": "yes", "name": "Jalan Kenjeran", "motorcycle": null, "motorcar": null, "alt_name": null }, "geometry": { "type": "MultiLineString", "coordinates": [ [ [ 112.777022, -7.2476912 ], [ 112.7765141, -7.2475427 ], [ 112.7762414, -7.247467 ], [ 112.7752271, -7.2471895 ], [ 112.7747314, -7.2470521 ], [ 112.7742739, -7.2469212 ], [ 112.7739631, -7.2468288 ], [ 112.7735853, -7.2467164 ], [ 112.7732641, -7.2466271 ], [ 112.7728971, -7.2465219 ], [ 112.7728494, -7.2465086 ], [ 112.7724973, -7.2464103 ], [ 112.7724163, -7.2463853 ], [ 112.7722281, -7.2463273 ], [ 112.7720658, -7.2462874 ], [ 112.771867, -7.2462274 ], [ 112.771621, -7.2461535 ], [ 112.7714664, -7.2461109 ], [ 112.771333, -7.246072 ], [ 112.7708579, -7.2459335 ], [ 112.7706244, -7.2458715 ], [ 112.7699492, -7.2456922 ], [ 112.7696059, -7.2456011 ], [ 112.7693386, -7.2455346 ], [ 112.7690861, -7.2454647 ] ] ] } },
{ "type": "Feature", "properties": { "full_id": "w450329829", "osm_id": "450329829", "osm_type": "way", "highway": "primary", "bridge_nam": null, "old_name": null, "hgv": null, "maxspeed": null, "horse": null, "foot": null, "bicycle": null, "ref": null, "width": null, "lanes": null, "layer": null, "bridge": null, "surface": "asphalt", "smoothness": "excellent", "short_name": "MERR", "oneway": "yes", "name": "Jalan Doktor Insinyur Haji Soekarno", "motorcycle": "yes", "motorcar": "yes", "alt_name": "Jalan Lingkar Luar Timur Tengah;Middle East Ring Road" }, "geometry": { "type": "MultiLineString", "coordinates": [ [ [ 112.7840733, -7.2502568 ], [ 112.7841477, -7.2500421 ], [ 112.7841721, -7.2499717 ], [ 112.7842025, -7.2498791 ] ] ] } },
{ "type": "Feature", "properties": { "full_id": "w450329831", "osm_id": "450329831", "osm_type": "way", "highway": "primary", "bridge_nam": null, "old_name": null, "hgv": null, "maxspeed": null, "horse": null, "foot": null, "bicycle": null, "ref": null, "width": "12", "lanes": "3", "layer": null, "bridge": null, "surface": "asphalt", "smoothness": "excellent", "short_name": "MERR", "oneway": "yes", "name": "Jalan Doktor Insinyur Haji Soekarno", "motorcycle": "yes", "motorcar": "yes", "alt_name": null }, "geometry": { "type": "MultiLineString", "coordinates": [ [ [ 112.7808342, -7.280703 ], [ 112.7808237, -7.280517 ] ] ] } },
{ "type": "Feature", "properties": { "full_id": "w450329832", "osm_id": "450329832", "osm_type": "way", "highway": "primary", "bridge_nam": null, "old_name": null, "hgv": null, "maxspeed": null, "horse": null, "foot": null, "bicycle": null, "ref": null, "width": "12", "lanes": "3", "layer": null, "bridge": null, "surface": "asphalt", "smoothness": "excellent", "short_name": "MERR", "oneway": "yes", "name": "Jalan Doktor Insinyur Haji Soekarno", "motorcycle": "yes", "motorcar": "yes", "alt_name": null }, "geometry": { "type": "MultiLineString", "coordinates": [ [ [ 112.7809621, -7.2805031 ], [ 112.7809637, -7.2806967 ] ] ] } },
{ "type": "Feature", "properties": { "full_id": "w451267486", "osm_id": "451267486", "osm_type": "way", "highway": "primary", "bridge_nam": null, "old_name": null, "hgv": null, "maxspeed": null, "horse": null, "foot": null, "bicycle": null, "ref": null, "width": "10", "lanes": "2", "layer": "1", "bridge": "yes", "surface": "asphalt", "smoothness": "excellent", "short_name": "MERR", "oneway": "yes", "name": "Jalan Doktor Insinyur Haji Soekarno", "motorcycle": "yes", "motorcar": "yes", "alt_name": "Jalan Lingkar Luar Timur Tengah;Middle East Ring Road" }, "geometry": { "type": "MultiLineString", "coordinates": [ [ [ 112.7804129, -7.3086991 ], [ 112.7804122, -7.3085613 ] ] ] } },
{ "type": "Feature", "properties": { "full_id": "w451267487", "osm_id": "451267487", "osm_type": "way", "highway": "primary", "bridge_nam": null, "old_name": null, "hgv": null, "maxspeed": null, "horse": null, "foot": null, "bicycle": null, "ref": null, "width": "10", "lanes": "2", "layer": "1", "bridge": "yes", "surface": "asphalt", "smoothness": "excellent", "short_name": "MERR", "oneway": "yes", "name": "Jalan Doktor Insinyur Haji Soekarno", "motorcycle": "yes", "motorcar": "yes", "alt_name": "Jalan Lingkar Luar Timur Tengah;Middle East Ring Road" }, "geometry": { "type": "MultiLineString", "coordinates": [ [ [ 112.7805919, -7.3085648 ], [ 112.7805915, -7.3086964 ] ] ] } },
{ "type": "Feature", "properties": { "full_id": "w451267488", "osm_id": "451267488", "osm_type": "way", "highway": "primary", "bridge_nam": null, "old_name": null, "hgv": null, "maxspeed": null, "horse": null, "foot": null, "bicycle": null, "ref": null, "width": "10", "lanes": "2", "layer": null, "bridge": null, "surface": "asphalt", "smoothness": "excellent", "short_name": "MERR", "oneway": "yes", "name": "Jalan Doktor Insinyur Haji Soekarno", "motorcycle": "yes", "motorcar": "yes", "alt_name": "Jalan Lingkar Luar Timur Tengah;Middle East Ring Road" }, "geometry": { "type": "MultiLineString", "coordinates": [ [ [ 112.7804559, -7.310106 ], [ 112.7804566, -7.3100907 ], [ 112.780446, -7.3095078 ], [ 112.7804129, -7.3086991 ] ] ] } },
{ "type": "Feature", "properties": { "full_id": "w451267489", "osm_id": "451267489", "osm_type": "way", "highway": "primary", "bridge_nam": null, "old_name": null, "hgv": null, "maxspeed": null, "horse": null, "foot": null, "bicycle": null, "ref": null, "width": "10", "lanes": "2", "layer": null, "bridge": null, "surface": "asphalt", "smoothness": "excellent", "short_name": "MERR", "oneway": "yes", "name": "Jalan Doktor Insinyur Haji Soekarno", "motorcycle": "yes", "motorcar": "yes", "alt_name": "Jalan Lingkar Luar Timur Tengah;Middle East Ring Road" }, "geometry": { "type": "MultiLineString", "coordinates": [ [ [ 112.7805915, -7.3086964 ], [ 112.780624, -7.3095663 ], [ 112.7806255, -7.3096075 ], [ 112.7806427, -7.3100458 ], [ 112.7806444, -7.3100894 ] ] ] } },
{ "type": "Feature", "properties": { "full_id": "w451269584", "osm_id": "451269584", "osm_type": "way", "highway": "primary", "bridge_nam": null, "old_name": null, "hgv": null, "maxspeed": null, "horse": null, "foot": null, "bicycle": null, "ref": null, "width": null, "lanes": null, "layer": "1", "bridge": "yes", "surface": "asphalt", "smoothness": "excellent", "short_name": "MERR", "oneway": "yes", "name": "Jalan Doktor Insinyur Haji Soekarno", "motorcycle": "yes", "motorcar": "yes", "alt_name": "Jalan Lingkar Luar Timur Tengah;Middle East Ring Road" }, "geometry": { "type": "MultiLineString", "coordinates": [ [ [ 112.7807207, -7.3121633 ], [ 112.7807271, -7.3123358 ] ] ] } },
{ "type": "Feature", "properties": { "full_id": "w451269585", "osm_id": "451269585", "osm_type": "way", "highway": "primary", "bridge_nam": null, "old_name": null, "hgv": null, "maxspeed": null, "horse": null, "foot": null, "bicycle": null, "ref": null, "width": null, "lanes": null, "layer": "1", "bridge": "yes", "surface": "asphalt", "smoothness": "excellent", "short_name": "MERR", "oneway": "yes", "name": "Jalan Doktor Insinyur Haji Soekarno", "motorcycle": "yes", "motorcar": "yes", "alt_name": "Jalan Lingkar Luar Timur Tengah;Middle East Ring Road" }, "geometry": { "type": "MultiLineString", "coordinates": [ [ [ 112.7805695, -7.3123222 ], [ 112.7805619, -7.3121682 ] ] ] } },
{ "type": "Feature", "properties": { "full_id": "w451269586", "osm_id": "451269586", "osm_type": "way", "highway": "primary", "bridge_nam": null, "old_name": null, "hgv": null, "maxspeed": null, "horse": null, "foot": null, "bicycle": null, "ref": null, "width": "10", "lanes": "2", "layer": null, "bridge": null, "surface": "asphalt", "smoothness": "excellent", "short_name": "MERR", "oneway": "yes", "name": "Jalan Doktor Insinyur Haji Soekarno", "motorcycle": "yes", "motorcar": "yes", "alt_name": "Jalan Lingkar Luar Timur Tengah;Middle East Ring Road" }, "geometry": { "type": "MultiLineString", "coordinates": [ [ [ 112.7806866, -7.3112159 ], [ 112.7806877, -7.3112456 ], [ 112.7806905, -7.3113245 ] ] ] } },
{ "type": "Feature", "properties": { "full_id": "w451269587", "osm_id": "451269587", "osm_type": "way", "highway": "primary", "bridge_nam": null, "old_name": null, "hgv": null, "maxspeed": null, "horse": null, "foot": null, "bicycle": null, "ref": null, "width": "10", "lanes": "2", "layer": null, "bridge": null, "surface": "asphalt", "smoothness": "excellent", "short_name": "MERR", "oneway": "yes", "name": "Jalan Doktor Insinyur Haji Soekarno", "motorcycle": "yes", "motorcar": "yes", "alt_name": "Jalan Lingkar Luar Timur Tengah;Middle East Ring Road" }, "geometry": { "type": "MultiLineString", "coordinates": [ [ [ 112.7805214, -7.3113448 ], [ 112.7805151, -7.3112171 ] ] ] } },
{ "type": "Feature", "properties": { "full_id": "w461326399", "osm_id": "461326399", "osm_type": "way", "highway": "primary", "bridge_nam": null, "old_name": null, "hgv": null, "maxspeed": null, "horse": "no", "foot": null, "bicycle": null, "ref": "35-132-13K", "width": "3", "lanes": "2", "layer": "1", "bridge": "yes", "surface": "asphalt", "smoothness": "good", "short_name": null, "oneway": "yes", "name": "Jalan Gunung Sari", "motorcycle": "yes", "motorcar": null, "alt_name": null }, "geometry": { "type": "MultiLineString", "coordinates": [ [ [ 112.7200466, -7.3070976 ], [ 112.7203574, -7.3070685 ] ] ] } },
{ "type": "Feature", "properties": { "full_id": "w461326400", "osm_id": "461326400", "osm_type": "way", "highway": "primary", "bridge_nam": null, "old_name": null, "hgv": null, "maxspeed": null, "horse": "no", "foot": null, "bicycle": null, "ref": "35-132-13K", "width": "3", "lanes": "2", "layer": "1", "bridge": "yes", "surface": "asphalt", "smoothness": "good", "short_name": null, "oneway": "yes", "name": "Jalan Gunung Sari", "motorcycle": "yes", "motorcar": null, "alt_name": null }, "geometry": { "type": "MultiLineString", "coordinates": [ [ [ 112.7204046, -7.3071258 ], [ 112.7200908, -7.307156 ] ] ] } },
{ "type": "Feature", "properties": { "full_id": "w461326401", "osm_id": "461326401", "osm_type": "way", "highway": "primary", "bridge_nam": null, "old_name": null, "hgv": null, "maxspeed": null, "horse": "no", "foot": null, "bicycle": null, "ref": "35-132-13K", "width": "3", "lanes": "2", "layer": null, "bridge": null, "surface": "asphalt", "smoothness": "good", "short_name": null, "oneway": "yes", "name": "Jalan Gunung Sari", "motorcycle": "yes", "motorcar": null, "alt_name": null }, "geometry": { "type": "MultiLineString", "coordinates": [ [ [ 112.723788, -7.3060817 ], [ 112.7236864, -7.3061481 ], [ 112.7236088, -7.3061988 ], [ 112.7235765, -7.3062172 ], [ 112.7234159, -7.3063089 ], [ 112.7230685, -7.3064908 ], [ 112.7230342, -7.3065085 ], [ 112.7227811, -7.3066431 ], [ 112.7227164, -7.3066694 ], [ 112.7220812, -7.3069309 ], [ 112.7220289, -7.3069479 ], [ 112.7218542, -7.3070037 ], [ 112.7217009, -7.3070395 ], [ 112.7214724, -7.3070664 ], [ 112.7204046, -7.3071258 ] ] ] } },
{ "type": "Feature", "properties": { "full_id": "w461326402", "osm_id": "461326402", "osm_type": "way", "highway": "primary", "bridge_nam": null, "old_name": null, "hgv": null, "maxspeed": null, "horse": "no", "foot": null, "bicycle": null, "ref": "35-132-13K", "width": "3", "lanes": "2", "layer": null, "bridge": null, "surface": "asphalt", "smoothness": "good", "short_name": null, "oneway": "yes", "name": "Jalan Gunung Sari", "motorcycle": "yes", "motorcar": null, "alt_name": null }, "geometry": { "type": "MultiLineString", "coordinates": [ [ [ 112.7203574, -7.3070685 ], [ 112.7204048, -7.307062 ], [ 112.7204872, -7.3070545 ], [ 112.7211733, -7.3070249 ], [ 112.7215458, -7.3069931 ], [ 112.7216839, -7.3069725 ], [ 112.7218435, -7.3069314 ], [ 112.7220006, -7.3068734 ], [ 112.722043, -7.3068552 ], [ 112.7227225, -7.3065681 ], [ 112.7233712, -7.3062285 ], [ 112.7235602, -7.3061206 ], [ 112.7237325, -7.306008 ] ] ] } },
{ "type": "Feature", "properties": { "full_id": "w466326223", "osm_id": "466326223", "osm_type": "way", "highway": "primary", "bridge_nam": null, "old_name": null, "hgv": null, "maxspeed": null, "horse": null, "foot": null, "bicycle": null, "ref": null, "width": null, "lanes": null, "layer": "1", "bridge": "yes", "surface": "asphalt", "smoothness": "excellent", "short_name": "MERR", "oneway": "yes", "name": "Jalan Doktor Insinyur Haji Soekarno", "motorcycle": "yes", "motorcar": "yes", "alt_name": "Jalan Lingkar Luar Timur Tengah;Middle East Ring Road" }, "geometry": { "type": "MultiLineString", "coordinates": [ [ [ 112.7825064, -7.2548969 ], [ 112.7824872, -7.2549662 ] ] ] } },
{ "type": "Feature", "properties": { "full_id": "w466326224", "osm_id": "466326224", "osm_type": "way", "highway": "primary", "bridge_nam": null, "old_name": null, "hgv": null, "maxspeed": null, "horse": null, "foot": null, "bicycle": null, "ref": null, "width": null, "lanes": null, "layer": null, "bridge": null, "surface": "asphalt", "smoothness": "excellent", "short_name": "MERR", "oneway": "yes", "name": "Jalan Doktor Insinyur Haji Soekarno", "motorcycle": "yes", "motorcar": "yes", "alt_name": "Jalan Lingkar Luar Timur Tengah;Middle East Ring Road" }, "geometry": { "type": "MultiLineString", "coordinates": [ [ [ 112.7842316, -7.2502428 ], [ 112.784184, -7.2503614 ], [ 112.7836768, -7.2517142 ], [ 112.7835889, -7.2519486 ], [ 112.7834827, -7.2522062 ], [ 112.783447, -7.2523173 ], [ 112.7832774, -7.2527795 ], [ 112.7825514, -7.2547159 ], [ 112.7825064, -7.2548969 ] ] ] } },
{ "type": "Feature", "properties": { "full_id": "w466326225", "osm_id": "466326225", "osm_type": "way", "highway": "primary", "bridge_nam": null, "old_name": null, "hgv": null, "maxspeed": null, "horse": null, "foot": null, "bicycle": null, "ref": null, "width": null, "lanes": null, "layer": null, "bridge": null, "surface": "asphalt", "smoothness": "excellent", "short_name": "MERR", "oneway": "yes", "name": "Jalan Doktor Insinyur Haji Soekarno", "motorcycle": "yes", "motorcar": "yes", "alt_name": null }, "geometry": { "type": "MultiLineString", "coordinates": [ [ [ 112.782358, -7.254883 ], [ 112.7823985, -7.2547239 ], [ 112.7829667, -7.2532315 ], [ 112.7833167, -7.252282 ], [ 112.7833729, -7.2521589 ], [ 112.7838129, -7.2509641 ], [ 112.7840733, -7.2502568 ] ] ] } },
{ "type": "Feature", "properties": { "full_id": "w466326226", "osm_id": "466326226", "osm_type": "way", "highway": "primary", "bridge_nam": null, "old_name": null, "hgv": null, "maxspeed": null, "horse": null, "foot": null, "bicycle": null, "ref": null, "width": null, "lanes": null, "layer": null, "bridge": null, "surface": "asphalt", "smoothness": "excellent", "short_name": "MERR", "oneway": "yes", "name": "Jalan Doktor Insinyur Haji Soekarno", "motorcycle": "yes", "motorcar": "yes", "alt_name": "Jalan Lingkar Luar Timur Tengah;Middle East Ring Road" }, "geometry": { "type": "MultiLineString", "coordinates": [ [ [ 112.782322, -7.2550314 ], [ 112.7823327, -7.2549874 ] ] ] } },
{ "type": "Feature", "properties": { "full_id": "w466326277", "osm_id": "466326277", "osm_type": "way", "highway": "primary", "bridge_nam": null, "old_name": null, "hgv": null, "maxspeed": null, "horse": null, "foot": null, "bicycle": null, "ref": null, "width": null, "lanes": null, "layer": "1", "bridge": "yes", "surface": null, "smoothness": null, "short_name": null, "oneway": "yes", "name": "Jalan Kenjeran", "motorcycle": null, "motorcar": null, "alt_name": null }, "geometry": { "type": "MultiLineString", "coordinates": [ [ [ 112.780136, -7.2486459 ], [ 112.7800653, -7.2486145 ] ] ] } },
{ "type": "Feature", "properties": { "full_id": "w466326278", "osm_id": "466326278", "osm_type": "way", "highway": "primary", "bridge_nam": null, "old_name": null, "hgv": null, "maxspeed": null, "horse": null, "foot": null, "bicycle": null, "ref": null, "width": null, "lanes": null, "layer": null, "bridge": null, "surface": null, "smoothness": null, "short_name": null, "oneway": "yes", "name": "Jalan Kenjeran", "motorcycle": null, "motorcar": null, "alt_name": null }, "geometry": { "type": "MultiLineString", "coordinates": [ [ [ 112.7839288, -7.2497998 ], [ 112.783648, -7.2497212 ], [ 112.7835876, -7.2497014 ], [ 112.7818915, -7.2491935 ], [ 112.7815414, -7.2490883 ], [ 112.7808654, -7.2488796 ], [ 112.7804428, -7.2487565 ], [ 112.7802268, -7.2486801 ], [ 112.780136, -7.2486459 ] ] ] } },
{ "type": "Feature", "properties": { "full_id": "w478968542", "osm_id": "478968542", "osm_type": "way", "highway": "primary", "bridge_nam": null, "old_name": null, "hgv": null, "maxspeed": "60", "horse": null, "foot": null, "bicycle": null, "ref": "35-110", "width": null, "lanes": "2", "layer": null, "bridge": null, "surface": null, "smoothness": null, "short_name": null, "oneway": "no", "name": "Jalan Raya Surabaya - Driyorejo", "motorcycle": null, "motorcar": null, "alt_name": null }, "geometry": { "type": "MultiLineString", "coordinates": [ [ [ 112.6611626, -7.3511985 ], [ 112.6613282, -7.3510057 ], [ 112.6614665, -7.3508672 ], [ 112.6615002, -7.3508441 ], [ 112.6615307, -7.350832 ], [ 112.6616212, -7.3508042 ], [ 112.6617157, -7.3507876 ], [ 112.6619223, -7.3507902 ], [ 112.6621462, -7.3508102 ], [ 112.6622321, -7.3508155 ], [ 112.6624056, -7.3508346 ], [ 112.6625709, -7.3508508 ], [ 112.662864, -7.3508765 ], [ 112.6630852, -7.3508866 ], [ 112.6637758, -7.350927 ], [ 112.6642586, -7.3509288 ], [ 112.66455, -7.3508992 ] ] ] } },
{ "type": "Feature", "properties": { "full_id": "w478968543", "osm_id": "478968543", "osm_type": "way", "highway": "primary", "bridge_nam": null, "old_name": null, "hgv": null, "maxspeed": "60", "horse": null, "foot": null, "bicycle": null, "ref": "35-110", "width": null, "lanes": "2", "layer": "1", "bridge": "yes", "surface": null, "smoothness": null, "short_name": null, "oneway": "no", "name": "Jalan Raya Surabaya - Driyorejo", "motorcycle": null, "motorcar": null, "alt_name": null }, "geometry": { "type": "MultiLineString", "coordinates": [ [ [ 112.6610807, -7.3512937 ], [ 112.6611626, -7.3511985 ] ] ] } },
{ "type": "Feature", "properties": { "full_id": "w545386659", "osm_id": "545386659", "osm_type": "way", "highway": "primary", "bridge_nam": null, "old_name": null, "hgv": null, "maxspeed": null, "horse": null, "foot": null, "bicycle": null, "ref": null, "width": "5", "lanes": "3", "layer": null, "bridge": null, "surface": "asphalt", "smoothness": "excellent", "short_name": "MERR", "oneway": "yes", "name": "Jalan Doktor Insinyur Haji Soekarno", "motorcycle": "yes", "motorcar": "yes", "alt_name": "Jalan Lingkar Luar Timur Tengah;Middle East Ring Road" }, "geometry": { "type": "MultiLineString", "coordinates": [ [ [ 112.7809363, -7.3227087 ], [ 112.7809559, -7.3223589 ], [ 112.7809538, -7.3222525 ], [ 112.7809668, -7.3214756 ], [ 112.7809371, -7.3207264 ], [ 112.7809273, -7.3205023 ], [ 112.780795, -7.3174487 ], [ 112.780785, -7.3172305 ], [ 112.7807246, -7.3162244 ], [ 112.7807124, -7.3160443 ], [ 112.780662, -7.3146995 ], [ 112.7806594, -7.314568 ], [ 112.7806368, -7.314133 ], [ 112.7805814, -7.3126907 ], [ 112.7805715, -7.3123661 ], [ 112.7805695, -7.3123222 ] ] ] } },
{ "type": "Feature", "properties": { "full_id": "w582740422", "osm_id": "582740422", "osm_type": "way", "highway": "primary", "bridge_nam": null, "old_name": null, "hgv": null, "maxspeed": null, "horse": null, "foot": null, "bicycle": null, "ref": null, "width": null, "lanes": null, "layer": null, "bridge": null, "surface": "asphalt", "smoothness": "excellent", "short_name": "MERR", "oneway": "yes", "name": "Jalan Doktor Insinyur Haji Soekarno", "motorcycle": "yes", "motorcar": "yes", "alt_name": "Jalan Lingkar Luar Timur Tengah;Middle East Ring Road" }, "geometry": { "type": "MultiLineString", "coordinates": [ [ [ 112.7843574, -7.2498666 ], [ 112.7843408, -7.2499165 ] ] ] } },
{ "type": "Feature", "properties": { "full_id": "w582740448", "osm_id": "582740448", "osm_type": "way", "highway": "primary", "bridge_nam": null, "old_name": null, "hgv": null, "maxspeed": null, "horse": null, "foot": null, "bicycle": null, "ref": null, "width": null, "lanes": null, "layer": null, "bridge": null, "surface": "asphalt", "smoothness": "excellent", "short_name": "MERR", "oneway": "yes", "name": "Jalan Doktor Insinyur Haji Soekarno", "motorcycle": "yes", "motorcar": "yes", "alt_name": "Jalan Lingkar Luar Timur Tengah;Middle East Ring Road" }, "geometry": { "type": "MultiLineString", "coordinates": [ [ [ 112.7842629, -7.2497183 ], [ 112.7842743, -7.2496866 ] ] ] } },
{ "type": "Feature", "properties": { "full_id": "w582742367", "osm_id": "582742367", "osm_type": "way", "highway": "primary", "bridge_nam": null, "old_name": null, "hgv": null, "maxspeed": null, "horse": null, "foot": null, "bicycle": null, "ref": null, "width": null, "lanes": null, "layer": null, "bridge": null, "surface": "asphalt", "smoothness": "excellent", "short_name": "MERR", "oneway": "yes", "name": "Jalan Doktor Insinyur Haji Soekarno", "motorcycle": "yes", "motorcar": "yes", "alt_name": "Jalan Lingkar Luar Timur Tengah;Middle East Ring Road" }, "geometry": { "type": "MultiLineString", "coordinates": [ [ [ 112.7844008, -7.2497231 ], [ 112.7843913, -7.2497534 ] ] ] } },
{ "type": "Feature", "properties": { "full_id": "w588313620", "osm_id": "588313620", "osm_type": "way", "highway": "primary", "bridge_nam": null, "old_name": null, "hgv": null, "maxspeed": null, "horse": null, "foot": null, "bicycle": null, "ref": null, "width": null, "lanes": null, "layer": "1", "bridge": "yes", "surface": "asphalt", "smoothness": "excellent", "short_name": "MERR", "oneway": "yes", "name": "Jalan Doktor Insinyur Haji Soekarno", "motorcycle": "yes", "motorcar": "yes", "alt_name": "Jalan Lingkar Luar Timur Tengah;Middle East Ring Road" }, "geometry": { "type": "MultiLineString", "coordinates": [ [ [ 112.7866858, -7.3444305 ], [ 112.7866652, -7.3448105 ] ] ] } },
{ "type": "Feature", "properties": { "full_id": "w588313621", "osm_id": "588313621", "osm_type": "way", "highway": "primary", "bridge_nam": null, "old_name": null, "hgv": null, "maxspeed": null, "horse": null, "foot": null, "bicycle": null, "ref": null, "width": null, "lanes": "3", "layer": null, "bridge": null, "surface": "asphalt", "smoothness": "excellent", "short_name": "MERR", "oneway": "yes", "name": "Jalan Doktor Insinyur Haji Soekarno", "motorcycle": "yes", "motorcar": "yes", "alt_name": "Jalan Lingkar Luar Timur Tengah;Middle East Ring Road" }, "geometry": { "type": "MultiLineString", "coordinates": [ [ [ 112.7866652, -7.3448105 ], [ 112.7866598, -7.3448595 ], [ 112.7866447, -7.3450247 ], [ 112.786576, -7.3453099 ], [ 112.786369, -7.3460645 ], [ 112.7863553, -7.3461196 ], [ 112.7862844, -7.3463683 ] ] ] } },
{ "type": "Feature", "properties": { "full_id": "w588313623", "osm_id": "588313623", "osm_type": "way", "highway": "primary", "bridge_nam": null, "old_name": null, "hgv": null, "maxspeed": null, "horse": null, "foot": null, "bicycle": null, "ref": null, "width": null, "lanes": null, "layer": null, "bridge": null, "surface": "asphalt", "smoothness": "excellent", "short_name": "MERR", "oneway": "yes", "name": "Jalan Doktor Insinyur Haji Soekarno", "motorcycle": "yes", "motorcar": "yes", "alt_name": "Jalan Lingkar Luar Timur Tengah;Middle East Ring Road" }, "geometry": { "type": "MultiLineString", "coordinates": [ [ [ 112.7839507, -7.3387501 ], [ 112.7835574, -7.338154 ], [ 112.7831353, -7.3374573 ], [ 112.7831078, -7.3374167 ], [ 112.78291, -7.3371141 ], [ 112.7824447, -7.3364211 ], [ 112.7821024, -7.3358296 ], [ 112.782012, -7.3356466 ], [ 112.7819758, -7.3355734 ], [ 112.7817178, -7.3350511 ], [ 112.781593, -7.3347417 ], [ 112.7814483, -7.3343828 ], [ 112.7814324, -7.3343434 ], [ 112.7813261, -7.3339683 ], [ 112.7812457, -7.3336411 ] ] ] } },
{ "type": "Feature", "properties": { "full_id": "w588313625", "osm_id": "588313625", "osm_type": "way", "highway": "primary", "bridge_nam": null, "old_name": null, "hgv": null, "maxspeed": null, "horse": null, "foot": null, "bicycle": null, "ref": null, "width": null, "lanes": "3", "layer": null, "bridge": null, "surface": "asphalt", "smoothness": "excellent", "short_name": "MERR", "oneway": "yes", "name": "Jalan Doktor Insinyur Haji Soekarno", "motorcycle": "yes", "motorcar": "yes", "alt_name": "Jalan Lingkar Luar Timur Tengah;Middle East Ring Road" }, "geometry": { "type": "MultiLineString", "coordinates": [ [ [ 112.786118, -7.346303 ], [ 112.7862172, -7.3460578 ], [ 112.7862726, -7.3458983 ], [ 112.7864246, -7.3452706 ], [ 112.7864858, -7.3449546 ], [ 112.7864896, -7.3448804 ], [ 112.7864944, -7.3448398 ] ] ] } },
{ "type": "Feature", "properties": { "full_id": "w617886198", "osm_id": "617886198", "osm_type": "way", "highway": "primary", "bridge_nam": null, "old_name": null, "hgv": null, "maxspeed": null, "horse": null, "foot": null, "bicycle": null, "ref": null, "width": null, "lanes": null, "layer": "1", "bridge": "yes", "surface": "asphalt", "smoothness": "excellent", "short_name": "MERR", "oneway": "yes", "name": "Jalan Doktor Insinyur Haji Soekarno", "motorcycle": "yes", "motorcar": "yes", "alt_name": "Jalan Lingkar Luar Timur Tengah;Middle East Ring Road" }, "geometry": { "type": "MultiLineString", "coordinates": [ [ [ 112.7864944, -7.3448398 ], [ 112.7865229, -7.344504 ] ] ] } },
{ "type": "Feature", "properties": { "full_id": "w696281494", "osm_id": "696281494", "osm_type": "way", "highway": "primary", "bridge_nam": null, "old_name": null, "hgv": null, "maxspeed": null, "horse": null, "foot": null, "bicycle": null, "ref": null, "width": "5", "lanes": "3", "layer": null, "bridge": null, "surface": "asphalt", "smoothness": "excellent", "short_name": "MERR", "oneway": "yes", "name": "Jalan Doktor Insinyur Haji Soekarno", "motorcycle": "yes", "motorcar": "yes", "alt_name": null }, "geometry": { "type": "MultiLineString", "coordinates": [ [ [ 112.7807271, -7.3123358 ], [ 112.7807307, -7.3124149 ], [ 112.78074, -7.3126193 ], [ 112.7808278, -7.3145569 ], [ 112.7808337, -7.3146722 ], [ 112.7808354, -7.3147492 ], [ 112.7808777, -7.3161471 ], [ 112.7809115, -7.3169138 ], [ 112.7809192, -7.3170888 ], [ 112.7809234, -7.3171832 ], [ 112.7809239, -7.3172406 ], [ 112.7809273, -7.3172723 ], [ 112.780934, -7.3174428 ], [ 112.7809633, -7.3180876 ], [ 112.7810135, -7.3190481 ], [ 112.7810391, -7.3197159 ], [ 112.7810689, -7.3204906 ], [ 112.7810775, -7.3207181 ], [ 112.7810888, -7.3209236 ], [ 112.7811223, -7.3215394 ], [ 112.7811338, -7.3218733 ], [ 112.7811448, -7.3221943 ], [ 112.7811476, -7.3223064 ], [ 112.7811457, -7.3223669 ], [ 112.7811398, -7.3225543 ], [ 112.7810826, -7.3233625 ], [ 112.7810683, -7.3235579 ], [ 112.7810633, -7.3236982 ], [ 112.7810598, -7.3238592 ], [ 112.7810592, -7.3238993 ], [ 112.7810553, -7.3241419 ], [ 112.7810558, -7.3249641 ], [ 112.7810759, -7.3252327 ], [ 112.7811282, -7.3255334 ], [ 112.7811819, -7.3258033 ], [ 112.7812771, -7.3261718 ], [ 112.7813512, -7.3263532 ], [ 112.7814215, -7.3265146 ], [ 112.7814399, -7.3265651 ], [ 112.781499, -7.3267735 ], [ 112.7815455, -7.3270427 ], [ 112.7815539, -7.3272341 ], [ 112.7815572, -7.3273092 ], [ 112.7815418, -7.3276652 ], [ 112.7814929, -7.3281958 ], [ 112.7814824, -7.3283852 ], [ 112.7814391, -7.3288608 ], [ 112.7812539, -7.3313369 ] ] ] } },
{ "type": "Feature", "properties": { "full_id": "w718780192", "osm_id": "718780192", "osm_type": "way", "highway": "primary", "bridge_nam": null, "old_name": null, "hgv": null, "maxspeed": null, "horse": null, "foot": null, "bicycle": null, "ref": null, "width": null, "lanes": null, "layer": null, "bridge": null, "surface": "asphalt", "smoothness": "excellent", "short_name": "MERR", "oneway": "yes", "name": "Jalan Doktor Insinyur Haji Soekarno", "motorcycle": "yes", "motorcar": "yes", "alt_name": "Jalan Lingkar Luar Timur Tengah;Middle East Ring Road" }, "geometry": { "type": "MultiLineString", "coordinates": [ [ [ 112.7865229, -7.344504 ], [ 112.786527, -7.3440815 ], [ 112.7864965, -7.34366 ], [ 112.7864317, -7.3432424 ], [ 112.7863169, -7.3427756 ], [ 112.7861592, -7.3423213 ], [ 112.78596, -7.3418834 ], [ 112.785721, -7.3414655 ] ] ] } },
{ "type": "Feature", "properties": { "full_id": "w718780193", "osm_id": "718780193", "osm_type": "way", "highway": "primary", "bridge_nam": null, "old_name": null, "hgv": null, "maxspeed": null, "horse": null, "foot": null, "bicycle": null, "ref": null, "width": null, "lanes": null, "layer": null, "bridge": null, "surface": "asphalt", "smoothness": "excellent", "short_name": "MERR", "oneway": "yes", "name": "Jalan Doktor Insinyur Haji Soekarno", "motorcycle": "yes", "motorcar": "yes", "alt_name": "Jalan Lingkar Luar Timur Tengah;Middle East Ring Road" }, "geometry": { "type": "MultiLineString", "coordinates": [ [ [ 112.7858796, -7.3413799 ], [ 112.7861335, -7.3418491 ], [ 112.7863416, -7.34234 ], [ 112.7865021, -7.3428481 ], [ 112.7866136, -7.343369 ], [ 112.786675, -7.3438981 ], [ 112.7866858, -7.3444305 ] ] ] } },
{ "type": "Feature", "properties": { "full_id": "w718780202", "osm_id": "718780202", "osm_type": "way", "highway": "primary", "bridge_nam": null, "old_name": null, "hgv": null, "maxspeed": null, "horse": null, "foot": null, "bicycle": null, "ref": null, "width": null, "lanes": null, "layer": null, "bridge": null, "surface": null, "smoothness": null, "short_name": "MERR", "oneway": "yes", "name": "Jalan Kenjeran", "motorcycle": null, "motorcar": null, "alt_name": "Jalan Lingkar Luar Timur Tengah;Middle East Ring Road" }, "geometry": { "type": "MultiLineString", "coordinates": [ [ [ 112.7842743, -7.2496866 ], [ 112.7844008, -7.2497231 ] ] ] } },
{ "type": "Feature", "properties": { "full_id": "w718780203", "osm_id": "718780203", "osm_type": "way", "highway": "primary", "bridge_nam": null, "old_name": null, "hgv": null, "maxspeed": null, "horse": null, "foot": null, "bicycle": null, "ref": null, "width": null, "lanes": null, "layer": null, "bridge": null, "surface": "asphalt", "smoothness": "excellent", "short_name": "MERR", "oneway": "yes", "name": "Jalan Doktor Insinyur Haji Soekarno", "motorcycle": "yes", "motorcar": "yes", "alt_name": "Jalan Lingkar Luar Timur Tengah;Middle East Ring Road" }, "geometry": { "type": "MultiLineString", "coordinates": [ [ [ 112.7843408, -7.2499165 ], [ 112.7842316, -7.2502428 ] ] ] } },
{ "type": "Feature", "properties": { "full_id": "w719086625", "osm_id": "719086625", "osm_type": "way", "highway": "primary", "bridge_nam": null, "old_name": null, "hgv": null, "maxspeed": null, "horse": null, "foot": null, "bicycle": null, "ref": null, "width": "12", "lanes": "3", "layer": "1", "bridge": "yes", "surface": "asphalt", "smoothness": "excellent", "short_name": "MERR", "oneway": "yes", "name": "Jalan Doktor Insinyur Haji Soekarno", "motorcycle": "yes", "motorcar": "yes", "alt_name": "Jalan Lingkar Luar Timur Tengah;Middle East Ring Road" }, "geometry": { "type": "MultiLineString", "coordinates": [ [ [ 112.7809694, -7.2820063 ], [ 112.7809681, -7.2820722 ] ] ] } },
{ "type": "Feature", "properties": { "full_id": "w719086626", "osm_id": "719086626", "osm_type": "way", "highway": "primary", "bridge_nam": null, "old_name": null, "hgv": null, "maxspeed": null, "horse": null, "foot": null, "bicycle": null, "ref": null, "width": "12", "lanes": "3", "layer": null, "bridge": null, "surface": "asphalt", "smoothness": "excellent", "short_name": "MERR", "oneway": "yes", "name": "Jalan Doktor Insinyur Haji Soekarno", "motorcycle": "yes", "motorcar": "yes", "alt_name": null }, "geometry": { "type": "MultiLineString", "coordinates": [ [ [ 112.7809637, -7.2806967 ], [ 112.7809642, -7.2808131 ], [ 112.7809692, -7.2819821 ], [ 112.7809694, -7.2820063 ] ] ] } },
{ "type": "Feature", "properties": { "full_id": "w719086627", "osm_id": "719086627", "osm_type": "way", "highway": "primary", "bridge_nam": null, "old_name": null, "hgv": null, "maxspeed": null, "horse": null, "foot": null, "bicycle": null, "ref": null, "width": "12", "lanes": "3", "layer": null, "bridge": null, "surface": "asphalt", "smoothness": "excellent", "short_name": "MERR", "oneway": "yes", "name": "Jalan Doktor Insinyur Haji Soekarno", "motorcycle": "yes", "motorcar": "yes", "alt_name": null }, "geometry": { "type": "MultiLineString", "coordinates": [ [ [ 112.7808052, -7.2820562 ], [ 112.7808036, -7.2820392 ], [ 112.7808103, -7.2815435 ], [ 112.7808308, -7.2808585 ], [ 112.7808318, -7.2808143 ], [ 112.7808342, -7.280703 ] ] ] } },
{ "type": "Feature", "properties": { "full_id": "w719086628", "osm_id": "719086628", "osm_type": "way", "highway": "primary", "bridge_nam": null, "old_name": null, "hgv": null, "maxspeed": null, "horse": null, "foot": null, "bicycle": null, "ref": null, "width": "12", "lanes": "3", "layer": "1", "bridge": "yes", "surface": "asphalt", "smoothness": "excellent", "short_name": "MERR", "oneway": "yes", "name": "Jalan Doktor Insinyur Haji Soekarno", "motorcycle": "yes", "motorcar": "yes", "alt_name": "Jalan Lingkar Luar Timur Tengah;Middle East Ring Road" }, "geometry": { "type": "MultiLineString", "coordinates": [ [ [ 112.7808058, -7.2821061 ], [ 112.7808052, -7.2820562 ] ] ] } },
{ "type": "Feature", "properties": { "full_id": "w727362446", "osm_id": "727362446", "osm_type": "way", "highway": "primary", "bridge_nam": null, "old_name": null, "hgv": null, "maxspeed": null, "horse": null, "foot": null, "bicycle": null, "ref": null, "width": null, "lanes": null, "layer": null, "bridge": null, "surface": "asphalt", "smoothness": "excellent", "short_name": "MERR", "oneway": "yes", "name": "Jalan Doktor Insinyur Haji Soekarno", "motorcycle": "yes", "motorcar": "yes", "alt_name": "Jalan Lingkar Luar Timur Tengah;Middle East Ring Road" }, "geometry": { "type": "MultiLineString", "coordinates": [ [ [ 112.7823865, -7.259582 ], [ 112.7823776, -7.2594163 ], [ 112.7823586, -7.2590618 ], [ 112.7823487, -7.2589143 ], [ 112.7823422, -7.258749 ], [ 112.7823132, -7.2584514 ], [ 112.7822793, -7.2581303 ], [ 112.7822588, -7.257941 ], [ 112.7822509, -7.2578688 ], [ 112.7822438, -7.2577922 ], [ 112.7822268, -7.2576107 ], [ 112.7822057, -7.2573114 ], [ 112.7821557, -7.2566223 ], [ 112.7821705, -7.2561793 ], [ 112.7822221, -7.2556824 ], [ 112.7823006, -7.2551598 ], [ 112.782322, -7.2550314 ] ] ] } },
{ "type": "Feature", "properties": { "full_id": "w727409995", "osm_id": "727409995", "osm_type": "way", "highway": "primary", "bridge_nam": null, "old_name": null, "hgv": null, "maxspeed": null, "horse": null, "foot": null, "bicycle": null, "ref": null, "width": "12", "lanes": "3", "layer": null, "bridge": null, "surface": "asphalt", "smoothness": "excellent", "short_name": "MERR", "oneway": "yes", "name": "Jalan Doktor Insinyur Haji Soekarno", "motorcycle": "yes", "motorcar": "yes", "alt_name": "Jalan Lingkar Luar Timur Tengah;Middle East Ring Road" }, "geometry": { "type": "MultiLineString", "coordinates": [ [ [ 112.7808125, -7.2830759 ], [ 112.7808105, -7.2829768 ], [ 112.7808058, -7.2826555 ], [ 112.7808042, -7.2821371 ], [ 112.7808058, -7.2821061 ] ] ] } },
{ "type": "Feature", "properties": { "full_id": "w732797333", "osm_id": "732797333", "osm_type": "way", "highway": "primary", "bridge_nam": null, "old_name": null, "hgv": null, "maxspeed": null, "horse": null, "foot": null, "bicycle": null, "ref": null, "width": null, "lanes": null, "layer": null, "bridge": null, "surface": "asphalt", "smoothness": "excellent", "short_name": "MERR", "oneway": "yes", "name": "Jalan Doktor Insinyur Haji Soekarno", "motorcycle": "yes", "motorcar": "yes", "alt_name": "Jalan Lingkar Luar Timur Tengah;Middle East Ring Road" }, "geometry": { "type": "MultiLineString", "coordinates": [ [ [ 112.7810747, -7.3316353 ], [ 112.7810769, -7.3315763 ] ] ] } },
{ "type": "Feature", "properties": { "full_id": "w732797334", "osm_id": "732797334", "osm_type": "way", "highway": "primary", "bridge_nam": null, "old_name": null, "hgv": null, "maxspeed": null, "horse": null, "foot": null, "bicycle": null, "ref": null, "width": null, "lanes": null, "layer": "1", "bridge": "yes", "surface": "asphalt", "smoothness": "excellent", "short_name": "MERR", "oneway": "yes", "name": "Jalan Doktor Insinyur Haji Soekarno", "motorcycle": "yes", "motorcar": "yes", "alt_name": "Jalan Lingkar Luar Timur Tengah;Middle East Ring Road" }, "geometry": { "type": "MultiLineString", "coordinates": [ [ [ 112.7810727, -7.3317497 ], [ 112.7810747, -7.3316353 ] ] ] } },
{ "type": "Feature", "properties": { "full_id": "w732797335", "osm_id": "732797335", "osm_type": "way", "highway": "primary", "bridge_nam": null, "old_name": null, "hgv": null, "maxspeed": null, "horse": null, "foot": null, "bicycle": null, "ref": null, "width": null, "lanes": null, "layer": "1", "bridge": "yes", "surface": "asphalt", "smoothness": "excellent", "short_name": "MERR", "oneway": "yes", "name": "Jalan Doktor Insinyur Haji Soekarno", "motorcycle": "yes", "motorcar": "yes", "alt_name": "Jalan Lingkar Luar Timur Tengah;Middle East Ring Road" }, "geometry": { "type": "MultiLineString", "coordinates": [ [ [ 112.7812436, -7.3316339 ], [ 112.7812417, -7.331739 ] ] ] } },
{ "type": "Feature", "properties": { "full_id": "w732797336", "osm_id": "732797336", "osm_type": "way", "highway": "primary", "bridge_nam": null, "old_name": null, "hgv": null, "maxspeed": null, "horse": null, "foot": null, "bicycle": null, "ref": null, "width": null, "lanes": null, "layer": null, "bridge": null, "surface": "asphalt", "smoothness": "excellent", "short_name": "MERR", "oneway": "yes", "name": "Jalan Doktor Insinyur Haji Soekarno", "motorcycle": "yes", "motorcar": "yes", "alt_name": "Jalan Lingkar Luar Timur Tengah;Middle East Ring Road" }, "geometry": { "type": "MultiLineString", "coordinates": [ [ [ 112.7812539, -7.3313369 ], [ 112.7812438, -7.3315849 ] ] ] } },
{ "type": "Feature", "properties": { "full_id": "w751496304", "osm_id": "751496304", "osm_type": "way", "highway": "primary", "bridge_nam": null, "old_name": null, "hgv": null, "maxspeed": null, "horse": null, "foot": null, "bicycle": null, "ref": null, "width": "10", "lanes": "2", "layer": null, "bridge": null, "surface": "asphalt", "smoothness": "excellent", "short_name": "MERR", "oneway": "yes", "name": "Jalan Doktor Insinyur Haji Soekarno", "motorcycle": "yes", "motorcar": "yes", "alt_name": "Jalan Lingkar Luar Timur Tengah;Middle East Ring Road" }, "geometry": { "type": "MultiLineString", "coordinates": [ [ [ 112.7805619, -7.3121682 ], [ 112.7805343, -7.311608 ], [ 112.7805249, -7.3114157 ] ] ] } },
{ "type": "Feature", "properties": { "full_id": "w754497288", "osm_id": "754497288", "osm_type": "way", "highway": "primary", "bridge_nam": null, "old_name": null, "hgv": null, "maxspeed": "60", "horse": "no", "foot": "no", "bicycle": "yes", "ref": "35-132-11K", "width": null, "lanes": "2", "layer": null, "bridge": null, "surface": "asphalt", "smoothness": null, "short_name": null, "oneway": "no", "name": "Jalan Mastrip", "motorcycle": null, "motorcar": null, "alt_name": null }, "geometry": { "type": "MultiLineString", "coordinates": [ [ [ 112.6930215, -7.3435145 ], [ 112.692898, -7.3435662 ] ] ] } },
{ "type": "Feature", "properties": { "full_id": "w754497289", "osm_id": "754497289", "osm_type": "way", "highway": "primary", "bridge_nam": null, "old_name": null, "hgv": null, "maxspeed": "60", "horse": "no", "foot": "no", "bicycle": "yes", "ref": "35-132-11K", "width": null, "lanes": "2", "layer": null, "bridge": null, "surface": "asphalt", "smoothness": null, "short_name": null, "oneway": "no", "name": "Jalan Mastrip", "motorcycle": null, "motorcar": null, "alt_name": null }, "geometry": { "type": "MultiLineString", "coordinates": [ [ [ 112.6947361, -7.3425697 ], [ 112.6946021, -7.3426718 ], [ 112.6944199, -7.3428143 ], [ 112.6942925, -7.3429054 ], [ 112.6941537, -7.3429879 ], [ 112.6937024, -7.3432207 ], [ 112.6932815, -7.3434093 ], [ 112.693191, -7.3434417 ] ] ] } },
{ "type": "Feature", "properties": { "full_id": "w754498329", "osm_id": "754498329", "osm_type": "way", "highway": "primary", "bridge_nam": null, "old_name": null, "hgv": null, "maxspeed": "60", "horse": "no", "foot": "no", "bicycle": "yes", "ref": "35-132-11K", "width": null, "lanes": "2", "layer": null, "bridge": null, "surface": "asphalt", "smoothness": null, "short_name": null, "oneway": "no", "name": "Jalan Mastrip", "motorcycle": null, "motorcar": null, "alt_name": null }, "geometry": { "type": "MultiLineString", "coordinates": [ [ [ 112.692898, -7.3435662 ], [ 112.6927006, -7.3436499 ] ] ] } },
{ "type": "Feature", "properties": { "full_id": "w755841350", "osm_id": "755841350", "osm_type": "way", "highway": "primary", "bridge_nam": null, "old_name": null, "hgv": null, "maxspeed": null, "horse": null, "foot": null, "bicycle": null, "ref": null, "width": "10", "lanes": "2", "layer": null, "bridge": null, "surface": "asphalt", "smoothness": "excellent", "short_name": "MERR", "oneway": "yes", "name": "Jalan Doktor Insinyur Haji Soekarno", "motorcycle": "yes", "motorcar": "yes", "alt_name": "Jalan Lingkar Luar Timur Tengah;Middle East Ring Road" }, "geometry": { "type": "MultiLineString", "coordinates": [ [ [ 112.7806932, -7.3113995 ], [ 112.7807207, -7.3121633 ] ] ] } },
{ "type": "Feature", "properties": { "full_id": "w755841351", "osm_id": "755841351", "osm_type": "way", "highway": "primary", "bridge_nam": null, "old_name": null, "hgv": null, "maxspeed": null, "horse": null, "foot": null, "bicycle": null, "ref": null, "width": "10", "lanes": "2", "layer": null, "bridge": null, "surface": "asphalt", "smoothness": "excellent", "short_name": "MERR", "oneway": "yes", "name": "Jalan Doktor Insinyur Haji Soekarno", "motorcycle": "yes", "motorcar": "yes", "alt_name": "Jalan Lingkar Luar Timur Tengah;Middle East Ring Road" }, "geometry": { "type": "MultiLineString", "coordinates": [ [ [ 112.7806905, -7.3113245 ], [ 112.7806932, -7.3113995 ] ] ] } },
{ "type": "Feature", "properties": { "full_id": "w755841352", "osm_id": "755841352", "osm_type": "way", "highway": "primary", "bridge_nam": null, "old_name": null, "hgv": null, "maxspeed": null, "horse": null, "foot": null, "bicycle": null, "ref": null, "width": "10", "lanes": "2", "layer": null, "bridge": null, "surface": "asphalt", "smoothness": "excellent", "short_name": "MERR", "oneway": "yes", "name": "Jalan Doktor Insinyur Haji Soekarno", "motorcycle": "yes", "motorcar": "yes", "alt_name": "Jalan Lingkar Luar Timur Tengah;Middle East Ring Road" }, "geometry": { "type": "MultiLineString", "coordinates": [ [ [ 112.7805249, -7.3114157 ], [ 112.7805214, -7.3113448 ] ] ] } },
{ "type": "Feature", "properties": { "full_id": "w757729839", "osm_id": "757729839", "osm_type": "way", "highway": "primary", "bridge_nam": null, "old_name": null, "hgv": null, "maxspeed": null, "horse": "no", "foot": null, "bicycle": null, "ref": "35-132-13K", "width": "3", "lanes": "2", "layer": null, "bridge": null, "surface": "asphalt", "smoothness": "good", "short_name": null, "oneway": "yes", "name": "Jalan Gunung Sari", "motorcycle": "yes", "motorcar": null, "alt_name": null }, "geometry": { "type": "MultiLineString", "coordinates": [ [ [ 112.7200908, -7.307156 ], [ 112.7196018, -7.3072395 ] ] ] } },
{ "type": "Feature", "properties": { "full_id": "w757729840", "osm_id": "757729840", "osm_type": "way", "highway": "primary", "bridge_nam": null, "old_name": null, "hgv": null, "maxspeed": null, "horse": "no", "foot": null, "bicycle": null, "ref": "35-132-13K", "width": "3", "lanes": "2", "layer": null, "bridge": null, "surface": "asphalt", "smoothness": "good", "short_name": null, "oneway": "yes", "name": "Jalan Gunung Sari", "motorcycle": "yes", "motorcar": null, "alt_name": null }, "geometry": { "type": "MultiLineString", "coordinates": [ [ [ 112.7195476, -7.3071685 ], [ 112.7200466, -7.3070976 ] ] ] } },
{ "type": "Feature", "properties": { "full_id": "w757729841", "osm_id": "757729841", "osm_type": "way", "highway": "primary", "bridge_nam": null, "old_name": null, "hgv": null, "maxspeed": "40", "horse": "no", "foot": null, "bicycle": null, "ref": "35-132-11K", "width": "3", "lanes": "2", "layer": null, "bridge": null, "surface": "asphalt", "smoothness": "good", "short_name": null, "oneway": "yes", "name": "Jalan Mastrip", "motorcycle": "yes", "motorcar": null, "alt_name": null }, "geometry": { "type": "MultiLineString", "coordinates": [ [ [ 112.7115207, -7.3092457 ], [ 112.7112549, -7.3096653 ], [ 112.7110177, -7.3100074 ], [ 112.710941, -7.3101384 ], [ 112.7108645, -7.3103001 ], [ 112.7108238, -7.3103991 ] ] ] } },
{ "type": "Feature", "properties": { "full_id": "w757729842", "osm_id": "757729842", "osm_type": "way", "highway": "primary", "bridge_nam": null, "old_name": null, "hgv": null, "maxspeed": "40", "horse": "no", "foot": null, "bicycle": null, "ref": "35-132-11K", "width": "3", "lanes": "2", "layer": null, "bridge": null, "surface": "asphalt", "smoothness": "good", "short_name": null, "oneway": "yes", "name": "Jalan Mastrip", "motorcycle": "yes", "motorcar": null, "alt_name": null }, "geometry": { "type": "MultiLineString", "coordinates": [ [ [ 112.7107351, -7.310347 ], [ 112.7108159, -7.3101819 ], [ 112.7109041, -7.3100279 ], [ 112.7113209, -7.3093898 ], [ 112.7114298, -7.3092293 ], [ 112.7114625, -7.3091817 ] ] ] } },
{ "type": "Feature", "properties": { "full_id": "w768400094", "osm_id": "768400094", "osm_type": "way", "highway": "primary", "bridge_nam": null, "old_name": null, "hgv": null, "maxspeed": null, "horse": null, "foot": null, "bicycle": null, "ref": "35-132-11K", "width": null, "lanes": null, "layer": null, "bridge": null, "surface": null, "smoothness": null, "short_name": null, "oneway": "yes", "name": "Jalan Mastrip", "motorcycle": null, "motorcar": null, "alt_name": null }, "geometry": { "type": "MultiLineString", "coordinates": [ [ [ 112.7096908, -7.3128611 ], [ 112.7096784, -7.3129274 ] ] ] } },
{ "type": "Feature", "properties": { "full_id": "w778732215", "osm_id": "778732215", "osm_type": "way", "highway": "primary", "bridge_nam": null, "old_name": null, "hgv": null, "maxspeed": "40", "horse": "no", "foot": null, "bicycle": null, "ref": "35-132-13K", "width": "4", "lanes": "2", "layer": null, "bridge": null, "surface": "asphalt", "smoothness": "good", "short_name": null, "oneway": "yes", "name": "Jalan Gunung Sari", "motorcycle": "yes", "motorcar": null, "alt_name": null }, "geometry": { "type": "MultiLineString", "coordinates": [ [ [ 112.736553, -7.2993699 ], [ 112.7364643, -7.2993762 ], [ 112.736025, -7.2994035 ], [ 112.7353565, -7.2994209 ], [ 112.735319, -7.299422 ], [ 112.7351249, -7.2994258 ], [ 112.735038, -7.2994248 ] ] ] } },
{ "type": "Feature", "properties": { "full_id": "w778732216", "osm_id": "778732216", "osm_type": "way", "highway": "primary", "bridge_nam": null, "old_name": null, "hgv": "no", "maxspeed": "40", "horse": "no", "foot": null, "bicycle": null, "ref": "35-132-13K", "width": "4", "lanes": "2", "layer": null, "bridge": null, "surface": "asphalt", "smoothness": "good", "short_name": null, "oneway": "yes", "name": "Jalan Gunung Sari", "motorcycle": "yes", "motorcar": null, "alt_name": null }, "geometry": { "type": "MultiLineString", "coordinates": [ [ [ 112.7373722, -7.2993077 ], [ 112.7373462, -7.2993104 ], [ 112.7373199, -7.2993125 ], [ 112.7372135, -7.2993211 ] ] ] } },
{ "type": "Feature", "properties": { "full_id": "w778734149", "osm_id": "778734149", "osm_type": "way", "highway": "primary", "bridge_nam": null, "old_name": null, "hgv": null, "maxspeed": null, "horse": null, "foot": null, "bicycle": null, "ref": "35-133-11K", "width": null, "lanes": null, "layer": null, "bridge": null, "surface": null, "smoothness": null, "short_name": null, "oneway": "yes", "name": "Jalan Joyoboyo", "motorcycle": null, "motorcar": null, "alt_name": null }, "geometry": { "type": "MultiLineString", "coordinates": [ [ [ 112.7374837, -7.2984124 ], [ 112.7376432, -7.2983526 ], [ 112.7377532, -7.2982994 ], [ 112.7378169, -7.2982612 ], [ 112.7378571, -7.2982371 ] ] ] } },
{ "type": "Feature", "properties": { "full_id": "w778734150", "osm_id": "778734150", "osm_type": "way", "highway": "primary", "bridge_nam": null, "old_name": null, "hgv": null, "maxspeed": null, "horse": null, "foot": null, "bicycle": null, "ref": "35-133-11K", "width": null, "lanes": null, "layer": null, "bridge": null, "surface": null, "smoothness": null, "short_name": null, "oneway": "yes", "name": "Jalan Joyoboyo", "motorcycle": null, "motorcar": null, "alt_name": null }, "geometry": { "type": "MultiLineString", "coordinates": [ [ [ 112.7360454, -7.2985057 ], [ 112.7362677, -7.2984928 ], [ 112.7363932, -7.2984856 ], [ 112.7365454, -7.2984784 ], [ 112.7366868, -7.2984718 ], [ 112.7369872, -7.2984542 ], [ 112.7372669, -7.2984464 ], [ 112.7373651, -7.298439 ], [ 112.7374238, -7.2984298 ], [ 112.7374837, -7.2984124 ] ] ] } },
{ "type": "Feature", "properties": { "full_id": "w823321626", "osm_id": "823321626", "osm_type": "way", "highway": "primary", "bridge_nam": null, "old_name": null, "hgv": null, "maxspeed": null, "horse": null, "foot": null, "bicycle": null, "ref": null, "width": null, "lanes": null, "layer": "1", "bridge": "yes", "surface": "asphalt", "smoothness": "excellent", "short_name": "MERR", "oneway": "yes", "name": "Jalan Doktor Insinyur Haji Soekarno", "motorcycle": "yes", "motorcar": "yes", "alt_name": "Jalan Lingkar Luar Timur Tengah;Middle East Ring Road" }, "geometry": { "type": "MultiLineString", "coordinates": [ [ [ 112.7823327, -7.2549874 ], [ 112.782358, -7.254883 ] ] ] } },
{ "type": "Feature", "properties": { "full_id": "w823321627", "osm_id": "823321627", "osm_type": "way", "highway": "primary", "bridge_nam": null, "old_name": null, "hgv": null, "maxspeed": null, "horse": null, "foot": null, "bicycle": null, "ref": null, "width": null, "lanes": null, "layer": null, "bridge": null, "surface": "asphalt", "smoothness": "excellent", "short_name": "MERR", "oneway": "yes", "name": "Jalan Doktor Insinyur Haji Soekarno", "motorcycle": "yes", "motorcar": "yes", "alt_name": "Jalan Lingkar Luar Timur Tengah;Middle East Ring Road" }, "geometry": { "type": "MultiLineString", "coordinates": [ [ [ 112.7824872, -7.2549662 ], [ 112.7824766, -7.2550045 ] ] ] } },
{ "type": "Feature", "properties": { "full_id": "w827459226", "osm_id": "827459226", "osm_type": "way", "highway": "primary", "bridge_nam": null, "old_name": null, "hgv": null, "maxspeed": "60", "horse": "no", "foot": "no", "bicycle": "yes", "ref": "35-132-11K", "width": null, "lanes": "2", "layer": null, "bridge": null, "surface": "asphalt", "smoothness": null, "short_name": null, "oneway": "no", "name": "Jalan Mastrip", "motorcycle": null, "motorcar": null, "alt_name": null }, "geometry": { "type": "MultiLineString", "coordinates": [ [ [ 112.693191, -7.3434417 ], [ 112.6930215, -7.3435145 ] ] ] } },
{ "type": "Feature", "properties": { "full_id": "w847885083", "osm_id": "847885083", "osm_type": "way", "highway": "primary", "bridge_nam": null, "old_name": null, "hgv": null, "maxspeed": null, "horse": null, "foot": null, "bicycle": null, "ref": null, "width": "10", "lanes": "2", "layer": null, "bridge": null, "surface": "asphalt", "smoothness": "excellent", "short_name": "MERR", "oneway": "yes", "name": "Jalan Doktor Insinyur Haji Soekarno", "motorcycle": "yes", "motorcar": "yes", "alt_name": "Jalan Lingkar Luar Timur Tengah;Middle East Ring Road" }, "geometry": { "type": "MultiLineString", "coordinates": [ [ [ 112.7806262, -7.3072398 ], [ 112.7805985, -7.3075672 ], [ 112.7805829, -7.3079626 ] ] ] } },
{ "type": "Feature", "properties": { "full_id": "w847885084", "osm_id": "847885084", "osm_type": "way", "highway": "primary", "bridge_nam": null, "old_name": null, "hgv": null, "maxspeed": null, "horse": null, "foot": null, "bicycle": null, "ref": null, "width": "10", "lanes": "2", "layer": null, "bridge": null, "surface": "asphalt", "smoothness": "excellent", "short_name": "MERR", "oneway": "yes", "name": "Jalan Doktor Insinyur Haji Soekarno", "motorcycle": "yes", "motorcar": "yes", "alt_name": "Jalan Lingkar Luar Timur Tengah;Middle East Ring Road" }, "geometry": { "type": "MultiLineString", "coordinates": [ [ [ 112.7804122, -7.3085613 ], [ 112.7804244, -7.3077398 ], [ 112.7804323, -7.3075642 ] ] ] } },
{ "type": "Feature", "properties": { "full_id": "w885030460", "osm_id": "885030460", "osm_type": "way", "highway": "primary", "bridge_nam": null, "old_name": null, "hgv": null, "maxspeed": null, "horse": null, "foot": null, "bicycle": null, "ref": null, "width": "10", "lanes": "2", "layer": null, "bridge": null, "surface": "asphalt", "smoothness": "excellent", "short_name": "MERR", "oneway": "yes", "name": "Jalan Doktor Insinyur Haji Soekarno", "motorcycle": "yes", "motorcar": "yes", "alt_name": "Jalan Lingkar Luar Timur Tengah;Middle East Ring Road" }, "geometry": { "type": "MultiLineString", "coordinates": [ [ [ 112.7817929, -7.3012366 ], [ 112.7817587, -7.3016223 ], [ 112.7816782, -7.3022728 ], [ 112.7816138, -7.3027317 ], [ 112.7815599, -7.3030894 ], [ 112.7815182, -7.3034009 ] ] ] } },
{ "type": "Feature", "properties": { "full_id": "w886077258", "osm_id": "886077258", "osm_type": "way", "highway": "primary", "bridge_nam": null, "old_name": null, "hgv": null, "maxspeed": null, "horse": null, "foot": null, "bicycle": null, "ref": null, "width": "10", "lanes": "2", "layer": null, "bridge": null, "surface": "asphalt", "smoothness": "excellent", "short_name": "MERR", "oneway": "yes", "name": "Jalan Doktor Insinyur Haji Soekarno", "motorcycle": "yes", "motorcar": "yes", "alt_name": "Jalan Lingkar Luar Timur Tengah;Middle East Ring Road" }, "geometry": { "type": "MultiLineString", "coordinates": [ [ [ 112.7805829, -7.3079626 ], [ 112.7805919, -7.3085648 ] ] ] } },
{ "type": "Feature", "properties": { "full_id": "w924580902", "osm_id": "924580902", "osm_type": "way", "highway": "primary", "bridge_nam": null, "old_name": null, "hgv": null, "maxspeed": null, "horse": null, "foot": null, "bicycle": null, "ref": null, "width": "12", "lanes": "2", "layer": null, "bridge": null, "surface": "asphalt", "smoothness": "excellent", "short_name": "MERR", "oneway": "yes", "name": "Jalan Doktor Insinyur Haji Soekarno", "motorcycle": "yes", "motorcar": "yes", "alt_name": "Jalan Lingkar Luar Timur Tengah;Middle East Ring Road" }, "geometry": { "type": "MultiLineString", "coordinates": [ [ [ 112.7805196, -7.289754 ], [ 112.7805219, -7.2897236 ] ] ] } },
{ "type": "Feature", "properties": { "full_id": "w924580903", "osm_id": "924580903", "osm_type": "way", "highway": "primary", "bridge_nam": null, "old_name": null, "hgv": null, "maxspeed": null, "horse": null, "foot": null, "bicycle": null, "ref": null, "width": "12", "lanes": "2", "layer": null, "bridge": null, "surface": "asphalt", "smoothness": "excellent", "short_name": "MERR", "oneway": "yes", "name": "Jalan Doktor Insinyur Haji Soekarno", "motorcycle": "yes", "motorcar": "yes", "alt_name": "Jalan Lingkar Luar Timur Tengah;Middle East Ring Road" }, "geometry": { "type": "MultiLineString", "coordinates": [ [ [ 112.7806849, -7.2897136 ], [ 112.7806832, -7.2897552 ] ] ] } },
{ "type": "Feature", "properties": { "full_id": "w924605343", "osm_id": "924605343", "osm_type": "way", "highway": "primary", "bridge_nam": null, "old_name": "Jalan Gunungsari", "hgv": null, "maxspeed": null, "horse": "no", "foot": null, "bicycle": null, "ref": "35-132-12K", "width": "3", "lanes": "2", "layer": null, "bridge": null, "surface": "asphalt", "smoothness": "good", "short_name": null, "oneway": "yes", "name": "Jalan Prabu Siliwangi", "motorcycle": "yes", "motorcar": null, "alt_name": null }, "geometry": { "type": "MultiLineString", "coordinates": [ [ [ 112.7164805, -7.3075646 ], [ 112.7161769, -7.3075726 ], [ 112.7160573, -7.3075671 ], [ 112.7159419, -7.3075565 ], [ 112.7156978, -7.3075077 ], [ 112.7149698, -7.307309 ], [ 112.7148469, -7.3072732 ], [ 112.7147416, -7.3072568 ], [ 112.7145331, -7.3072437 ], [ 112.7141263, -7.3072365 ], [ 112.7140344, -7.307246 ], [ 112.7139196, -7.3072579 ], [ 112.7136894, -7.3073147 ], [ 112.7136182, -7.3073391 ], [ 112.7135347, -7.3073779 ], [ 112.7134442, -7.3074301 ], [ 112.7133587, -7.3074876 ], [ 112.7130132, -7.3077434 ], [ 112.7117836, -7.3089536 ] ] ] } },
{ "type": "Feature", "properties": { "full_id": "w924605345", "osm_id": "924605345", "osm_type": "way", "highway": "primary", "bridge_nam": null, "old_name": "Jalan Gunungsari", "hgv": null, "maxspeed": null, "horse": "no", "foot": null, "bicycle": null, "ref": "35-132-12K", "width": "3", "lanes": "2", "layer": null, "bridge": null, "surface": "asphalt", "smoothness": "good", "short_name": null, "oneway": "yes", "name": "Jalan Prabu Siliwangi", "motorcycle": "yes", "motorcar": null, "alt_name": null }, "geometry": { "type": "MultiLineString", "coordinates": [ [ [ 112.718808, -7.3072604 ], [ 112.7190967, -7.3072245 ], [ 112.7195476, -7.3071685 ] ] ] } },
{ "type": "Feature", "properties": { "full_id": "w930196266", "osm_id": "930196266", "osm_type": "way", "highway": "primary", "bridge_nam": null, "old_name": "Jalan Gunungsari", "hgv": null, "maxspeed": "40", "horse": "no", "foot": null, "bicycle": null, "ref": "35-132", "width": "3", "lanes": "2", "layer": null, "bridge": null, "surface": "asphalt", "smoothness": "good", "short_name": null, "oneway": "yes", "name": null, "motorcycle": "yes", "motorcar": null, "alt_name": null }, "geometry": { "type": "MultiLineString", "coordinates": [ [ [ 112.7115899, -7.3091575 ], [ 112.7115207, -7.3092457 ] ] ] } },
{ "type": "Feature", "properties": { "full_id": "w930196267", "osm_id": "930196267", "osm_type": "way", "highway": "primary", "bridge_nam": null, "old_name": "Jalan Gunungsari", "hgv": null, "maxspeed": "40", "horse": "no", "foot": null, "bicycle": null, "ref": "35-132", "width": "3", "lanes": "2", "layer": null, "bridge": null, "surface": "asphalt", "smoothness": "good", "short_name": null, "oneway": "yes", "name": null, "motorcycle": "yes", "motorcar": null, "alt_name": null }, "geometry": { "type": "MultiLineString", "coordinates": [ [ [ 112.7114625, -7.3091817 ], [ 112.7115304, -7.309096 ] ] ] } },
{ "type": "Feature", "properties": { "full_id": "w945787201", "osm_id": "945787201", "osm_type": "way", "highway": "primary", "bridge_nam": null, "old_name": null, "hgv": null, "maxspeed": null, "horse": null, "foot": null, "bicycle": null, "ref": null, "width": null, "lanes": null, "layer": null, "bridge": null, "surface": "asphalt", "smoothness": "excellent", "short_name": "MERR", "oneway": "yes", "name": "Jalan Doktor Insinyur Haji Soekarno", "motorcycle": "yes", "motorcar": "yes", "alt_name": "Jalan Lingkar Luar Timur Tengah;Middle East Ring Road" }, "geometry": { "type": "MultiLineString", "coordinates": [ [ [ 112.7812417, -7.331739 ], [ 112.7812422, -7.3317585 ], [ 112.7812426, -7.3317711 ], [ 112.7812565, -7.3320891 ], [ 112.781285, -7.3325116 ], [ 112.7813423, -7.3329761 ], [ 112.7813905, -7.3332758 ] ] ] } },
{ "type": "Feature", "properties": { "full_id": "w959667669", "osm_id": "959667669", "osm_type": "way", "highway": "primary", "bridge_nam": null, "old_name": null, "hgv": null, "maxspeed": null, "horse": null, "foot": null, "bicycle": null, "ref": null, "width": null, "lanes": null, "layer": null, "bridge": null, "surface": null, "smoothness": null, "short_name": null, "oneway": "yes", "name": "Jalan Kenjeran", "motorcycle": null, "motorcar": null, "alt_name": null }, "geometry": { "type": "MultiLineString", "coordinates": [ [ [ 112.7800653, -7.2486145 ], [ 112.7798174, -7.2485213 ], [ 112.7796658, -7.2484643 ], [ 112.7795697, -7.2484282 ], [ 112.778914, -7.2482414 ], [ 112.7785149, -7.2481277 ], [ 112.7781635, -7.248025 ], [ 112.7781449, -7.2480195 ], [ 112.778018, -7.2479824 ], [ 112.777022, -7.2476912 ] ] ] } },
{ "type": "Feature", "properties": { "full_id": "w962837211", "osm_id": "962837211", "osm_type": "way", "highway": "primary", "bridge_nam": null, "old_name": null, "hgv": null, "maxspeed": null, "horse": "no", "foot": "no", "bicycle": "yes", "ref": "35-132-11K", "width": null, "lanes": "2", "layer": null, "bridge": null, "surface": "asphalt", "smoothness": null, "short_name": null, "oneway": "no", "name": "Jalan Mastrip", "motorcycle": null, "motorcar": null, "alt_name": null }, "geometry": { "type": "MultiLineString", "coordinates": [ [ [ 112.695275, -7.3420736 ], [ 112.6952444, -7.3421035 ], [ 112.6949724, -7.3423554 ], [ 112.6948945, -7.3424254 ], [ 112.6947361, -7.3425697 ] ] ] } },
{ "type": "Feature", "properties": { "full_id": "w962837212", "osm_id": "962837212", "osm_type": "way", "highway": "primary", "bridge_nam": null, "old_name": null, "hgv": null, "maxspeed": "60", "horse": "no", "foot": "no", "bicycle": "yes", "ref": "35-132-11K", "width": null, "lanes": "2", "layer": null, "bridge": null, "surface": "asphalt", "smoothness": null, "short_name": null, "oneway": "no", "name": "Jalan Mastrip", "motorcycle": null, "motorcar": null, "alt_name": null }, "geometry": { "type": "MultiLineString", "coordinates": [ [ [ 112.6927006, -7.3436499 ], [ 112.6924219, -7.343774 ], [ 112.6922384, -7.343854 ], [ 112.6919784, -7.3439881 ], [ 112.6916686, -7.3441331 ], [ 112.691398, -7.3442526 ] ] ] } },
{ "type": "Feature", "properties": { "full_id": "w993643136", "osm_id": "993643136", "osm_type": "way", "highway": "primary", "bridge_nam": null, "old_name": null, "hgv": null, "maxspeed": null, "horse": null, "foot": null, "bicycle": null, "ref": null, "width": null, "lanes": null, "layer": null, "bridge": null, "surface": "asphalt", "smoothness": "excellent", "short_name": "MERR", "oneway": "yes", "name": "Jalan Doktor Insinyur Haji Soekarno", "motorcycle": "yes", "motorcar": "yes", "alt_name": "Jalan Lingkar Luar Timur Tengah;Middle East Ring Road" }, "geometry": { "type": "MultiLineString", "coordinates": [ [ [ 112.785721, -7.3414655 ], [ 112.7853133, -7.3407718 ], [ 112.7840988, -7.3389736 ] ] ] } },
{ "type": "Feature", "properties": { "full_id": "w993643137", "osm_id": "993643137", "osm_type": "way", "highway": "primary", "bridge_nam": null, "old_name": null, "hgv": null, "maxspeed": null, "horse": null, "foot": null, "bicycle": null, "ref": null, "width": null, "lanes": null, "layer": null, "bridge": null, "surface": "asphalt", "smoothness": "excellent", "short_name": "MERR", "oneway": "yes", "name": "Jalan Doktor Insinyur Haji Soekarno", "motorcycle": "yes", "motorcar": "yes", "alt_name": "Jalan Lingkar Luar Timur Tengah;Middle East Ring Road" }, "geometry": { "type": "MultiLineString", "coordinates": [ [ [ 112.7842465, -7.3388772 ], [ 112.7844155, -7.3391199 ], [ 112.7846006, -7.3393988 ], [ 112.7848895, -7.3398342 ], [ 112.7855341, -7.3408068 ], [ 112.7858796, -7.3413799 ] ] ] } },
{ "type": "Feature", "properties": { "full_id": "w1088770844", "osm_id": "1088770844", "osm_type": "way", "highway": "primary", "bridge_nam": null, "old_name": null, "hgv": null, "maxspeed": null, "horse": "no", "foot": null, "bicycle": null, "ref": "35-132-13K", "width": "3", "lanes": "2", "layer": null, "bridge": null, "surface": "asphalt", "smoothness": "good", "short_name": null, "oneway": "yes", "name": "Jalan Gunung Sari", "motorcycle": "yes", "motorcar": null, "alt_name": null }, "geometry": { "type": "MultiLineString", "coordinates": [ [ [ 112.7301092, -7.3003734 ], [ 112.7290959, -7.300816 ], [ 112.7282511, -7.3012752 ], [ 112.7273429, -7.3017688 ], [ 112.727254, -7.3018171 ], [ 112.7270658, -7.3019429 ], [ 112.727043, -7.3019628 ], [ 112.7268773, -7.3021105 ], [ 112.7267902, -7.3022076 ], [ 112.7266923, -7.3023274 ], [ 112.7265739, -7.3024965 ], [ 112.7260934, -7.3031936 ], [ 112.7259323, -7.3034311 ], [ 112.7257647, -7.3036753 ] ] ] } },
{ "type": "Feature", "properties": { "full_id": "w1088770845", "osm_id": "1088770845", "osm_type": "way", "highway": "primary", "bridge_nam": null, "old_name": null, "hgv": null, "maxspeed": null, "horse": "no", "foot": null, "bicycle": null, "ref": "35-132-13K", "width": "3", "lanes": "2", "layer": null, "bridge": null, "surface": "asphalt", "smoothness": "good", "short_name": null, "oneway": "yes", "name": "Jalan Gunung Sari", "motorcycle": "yes", "motorcar": null, "alt_name": null }, "geometry": { "type": "MultiLineString", "coordinates": [ [ [ 112.7257153, -7.3036436 ], [ 112.7265117, -7.3024478 ], [ 112.7266254, -7.3022774 ], [ 112.7267084, -7.3021731 ], [ 112.7268108, -7.3020596 ], [ 112.7270074, -7.3018712 ], [ 112.7272063, -7.3017383 ], [ 112.7276453, -7.3015061 ], [ 112.7282114, -7.3012067 ], [ 112.7287655, -7.3009137 ], [ 112.7290641, -7.3007558 ], [ 112.7291664, -7.3007101 ], [ 112.7300723, -7.3002859 ] ] ] } },
{ "type": "Feature", "properties": { "full_id": "w1090666390", "osm_id": "1090666390", "osm_type": "way", "highway": "primary", "bridge_nam": null, "old_name": null, "hgv": null, "maxspeed": null, "horse": null, "foot": null, "bicycle": null, "ref": "35-132-13K", "width": null, "lanes": null, "layer": null, "bridge": null, "surface": null, "smoothness": null, "short_name": null, "oneway": "yes", "name": null, "motorcycle": null, "motorcar": null, "alt_name": null }, "geometry": { "type": "MultiLineString", "coordinates": [ [ [ 112.7373722, -7.2993077 ], [ 112.737353, -7.2991505 ], [ 112.7373527, -7.2991015 ], [ 112.7373524, -7.2990572 ], [ 112.7373644, -7.2989206 ], [ 112.7374022, -7.2987826 ], [ 112.7374502, -7.2986627 ], [ 112.7375099, -7.2985368 ], [ 112.7375653, -7.2984477 ], [ 112.7376432, -7.2983526 ] ] ] } },
{ "type": "Feature", "properties": { "full_id": "w1096304829", "osm_id": "1096304829", "osm_type": "way", "highway": "primary", "bridge_nam": null, "old_name": null, "hgv": null, "maxspeed": "40", "horse": "no", "foot": null, "bicycle": null, "ref": "35-132-13K", "width": "4", "lanes": "2", "layer": null, "bridge": null, "surface": "asphalt", "smoothness": "good", "short_name": null, "oneway": "yes", "name": "Jalan Gunung Sari", "motorcycle": "yes", "motorcar": null, "alt_name": null }, "geometry": { "type": "MultiLineString", "coordinates": [ [ [ 112.7372135, -7.2993211 ], [ 112.736953, -7.2993392 ], [ 112.7368813, -7.299345 ], [ 112.7366961, -7.2993598 ], [ 112.7366271, -7.2993649 ], [ 112.736553, -7.2993699 ] ] ] } },
{ "type": "Feature", "properties": { "full_id": "w1114951326", "osm_id": "1114951326", "osm_type": "way", "highway": "primary", "bridge_nam": null, "old_name": null, "hgv": null, "maxspeed": null, "horse": null, "foot": null, "bicycle": null, "ref": "35-071", "width": null, "lanes": "2", "layer": null, "bridge": null, "surface": null, "smoothness": null, "short_name": null, "oneway": null, "name": "Jalan Raya Ngelom", "motorcycle": null, "motorcar": null, "alt_name": null }, "geometry": { "type": "MultiLineString", "coordinates": [ [ [ 112.6915059, -7.3501369 ], [ 112.6915138, -7.3496052 ], [ 112.6915207, -7.3491572 ], [ 112.6915346, -7.3481983 ], [ 112.6915362, -7.3480902 ], [ 112.6915396, -7.3478578 ], [ 112.6915397, -7.3473931 ], [ 112.6915678, -7.3468651 ], [ 112.6915739, -7.3467255 ], [ 112.6916083, -7.3463545 ], [ 112.6916527, -7.3459526 ], [ 112.6916644, -7.3458733 ], [ 112.6917308, -7.3454641 ], [ 112.6917458, -7.3453807 ], [ 112.6917498, -7.3453119 ], [ 112.6917264, -7.3452159 ] ] ] } },
{ "type": "Feature", "properties": { "full_id": "w1115087734", "osm_id": "1115087734", "osm_type": "way", "highway": "primary", "bridge_nam": null, "old_name": "Jalan Gunungsari", "hgv": null, "maxspeed": "40", "horse": "no", "foot": null, "bicycle": null, "ref": "35-132-12K", "width": "3", "lanes": "2", "layer": null, "bridge": null, "surface": "asphalt", "smoothness": "good", "short_name": null, "oneway": "yes", "name": "Jalan Prabu Siliwangi", "motorcycle": "yes", "motorcar": null, "alt_name": null }, "geometry": { "type": "MultiLineString", "coordinates": [ [ [ 112.7115304, -7.309096 ], [ 112.7117394, -7.3088935 ] ] ] } },
{ "type": "Feature", "properties": { "full_id": "w1115087735", "osm_id": "1115087735", "osm_type": "way", "highway": "primary", "bridge_nam": null, "old_name": "Jalan Gunungsari", "hgv": null, "maxspeed": "40", "horse": "no", "foot": null, "bicycle": null, "ref": "35-132-12K", "width": "3", "lanes": "2", "layer": null, "bridge": null, "surface": "asphalt", "smoothness": "good", "short_name": null, "oneway": "yes", "name": "Jalan Prabu Siliwangi", "motorcycle": "yes", "motorcar": null, "alt_name": null }, "geometry": { "type": "MultiLineString", "coordinates": [ [ [ 112.7117836, -7.3089536 ], [ 112.7116481, -7.3090949 ], [ 112.7115899, -7.3091575 ] ] ] } },
{ "type": "Feature", "properties": { "full_id": "w1115236436", "osm_id": "1115236436", "osm_type": "way", "highway": "primary", "bridge_nam": null, "old_name": null, "hgv": null, "maxspeed": null, "horse": null, "foot": null, "bicycle": null, "ref": "35-132-11K", "width": null, "lanes": null, "layer": null, "bridge": null, "surface": null, "smoothness": null, "short_name": null, "oneway": "yes", "name": "Jalan Mastrip", "motorcycle": null, "motorcar": null, "alt_name": null }, "geometry": { "type": "MultiLineString", "coordinates": [ [ [ 112.7108238, -7.3103991 ], [ 112.7107878, -7.3104904 ] ] ] } },
{ "type": "Feature", "properties": { "full_id": "w1115335233", "osm_id": "1115335233", "osm_type": "way", "highway": "primary", "bridge_nam": null, "old_name": "Jalan Gunungsari", "hgv": null, "maxspeed": null, "horse": "no", "foot": null, "bicycle": null, "ref": "35-132-12K", "width": "3", "lanes": "2", "layer": null, "bridge": null, "surface": "asphalt", "smoothness": "good", "short_name": null, "oneway": "yes", "name": "Jalan Prabu Siliwangi", "motorcycle": "yes", "motorcar": null, "alt_name": null }, "geometry": { "type": "MultiLineString", "coordinates": [ [ [ 112.7189394, -7.3073395 ], [ 112.7187936, -7.3073617 ], [ 112.7185991, -7.3073929 ] ] ] } },
{ "type": "Feature", "properties": { "full_id": "w1115335234", "osm_id": "1115335234", "osm_type": "way", "highway": "primary", "bridge_nam": null, "old_name": "Jalan Gunungsari", "hgv": null, "maxspeed": null, "horse": "no", "foot": null, "bicycle": null, "ref": "35-132-12K", "width": "3", "lanes": "2", "layer": null, "bridge": null, "surface": "asphalt", "smoothness": "good", "short_name": null, "oneway": "yes", "name": "Jalan Prabu Siliwangi", "motorcycle": "yes", "motorcar": null, "alt_name": null }, "geometry": { "type": "MultiLineString", "coordinates": [ [ [ 112.7196018, -7.3072395 ], [ 112.7191022, -7.307317 ], [ 112.719001, -7.3073301 ], [ 112.7189394, -7.3073395 ] ] ] } },
{ "type": "Feature", "properties": { "full_id": "w1116105572", "osm_id": "1116105572", "osm_type": "way", "highway": "primary", "bridge_nam": null, "old_name": null, "hgv": null, "maxspeed": null, "horse": "no", "foot": null, "bicycle": null, "ref": "35-132-13K", "width": "3", "lanes": "2", "layer": null, "bridge": null, "surface": "asphalt", "smoothness": "good", "short_name": null, "oneway": "yes", "name": "Jalan Gunung Sari", "motorcycle": "yes", "motorcar": null, "alt_name": null }, "geometry": { "type": "MultiLineString", "coordinates": [ [ [ 112.7257647, -7.3036753 ], [ 112.7256902, -7.3037925 ] ] ] } },
{ "type": "Feature", "properties": { "full_id": "w1116105573", "osm_id": "1116105573", "osm_type": "way", "highway": "primary", "bridge_nam": null, "old_name": null, "hgv": null, "maxspeed": null, "horse": "no", "foot": null, "bicycle": null, "ref": "35-132-13K", "width": "3", "lanes": "2", "layer": null, "bridge": null, "surface": "asphalt", "smoothness": "good", "short_name": null, "oneway": "yes", "name": "Jalan Gunung Sari", "motorcycle": "yes", "motorcar": null, "alt_name": null }, "geometry": { "type": "MultiLineString", "coordinates": [ [ [ 112.7256381, -7.3037577 ], [ 112.7257153, -7.3036436 ] ] ] } },
{ "type": "Feature", "properties": { "full_id": "w1116105574", "osm_id": "1116105574", "osm_type": "way", "highway": "primary", "bridge_nam": null, "old_name": null, "hgv": null, "maxspeed": null, "horse": "no", "foot": null, "bicycle": null, "ref": "35-132-13K", "width": "3", "lanes": "2", "layer": null, "bridge": null, "surface": "asphalt", "smoothness": "good", "short_name": null, "oneway": "yes", "name": "Jalan Gunung Sari", "motorcycle": "yes", "motorcar": null, "alt_name": null }, "geometry": { "type": "MultiLineString", "coordinates": [ [ [ 112.7256004, -7.3038142 ], [ 112.7256381, -7.3037577 ] ] ] } },
{ "type": "Feature", "properties": { "full_id": "w1116105575", "osm_id": "1116105575", "osm_type": "way", "highway": "primary", "bridge_nam": null, "old_name": null, "hgv": null, "maxspeed": "40", "horse": "no", "foot": null, "bicycle": null, "ref": "35-132-13K", "width": "3", "lanes": "2", "layer": null, "bridge": null, "surface": "asphalt", "smoothness": "good", "short_name": null, "oneway": "yes", "name": "Jalan Gunung Sari", "motorcycle": "yes", "motorcar": null, "alt_name": null }, "geometry": { "type": "MultiLineString", "coordinates": [ [ [ 112.7256902, -7.3037925 ], [ 112.7256519, -7.3038529 ] ] ] } },
{ "type": "Feature", "properties": { "full_id": "w1116110349", "osm_id": "1116110349", "osm_type": "way", "highway": "primary", "bridge_nam": null, "old_name": null, "hgv": "no", "maxspeed": null, "horse": null, "foot": null, "bicycle": null, "ref": "35-132-13K", "width": null, "lanes": null, "layer": null, "bridge": null, "surface": null, "smoothness": null, "short_name": null, "oneway": "yes", "name": null, "motorcycle": null, "motorcar": null, "alt_name": null }, "geometry": { "type": "MultiLineString", "coordinates": [ [ [ 112.7373795, -7.2993583 ], [ 112.7373722, -7.2993077 ] ] ] } },
{ "type": "Feature", "properties": { "full_id": "w1116306295", "osm_id": "1116306295", "osm_type": "way", "highway": "primary", "bridge_nam": null, "old_name": null, "hgv": null, "maxspeed": null, "horse": "no", "foot": null, "bicycle": null, "ref": "35-132-13K", "width": "3", "lanes": "2", "layer": null, "bridge": null, "surface": "asphalt", "smoothness": "good", "short_name": null, "oneway": "yes", "name": "Jalan Gunung Sari", "motorcycle": "yes", "motorcar": null, "alt_name": null }, "geometry": { "type": "MultiLineString", "coordinates": [ [ [ 112.7240064, -7.3058995 ], [ 112.723788, -7.3060817 ] ] ] } },
{ "type": "Feature", "properties": { "full_id": "w1116306296", "osm_id": "1116306296", "osm_type": "way", "highway": "primary", "bridge_nam": null, "old_name": null, "hgv": null, "maxspeed": null, "horse": "no", "foot": null, "bicycle": null, "ref": "35-132-13K", "width": "3", "lanes": "2", "layer": null, "bridge": null, "surface": "asphalt", "smoothness": "good", "short_name": null, "oneway": "yes", "name": "Jalan Gunung Sari", "motorcycle": "yes", "motorcar": null, "alt_name": null }, "geometry": { "type": "MultiLineString", "coordinates": [ [ [ 112.7237325, -7.306008 ], [ 112.7239492, -7.3058241 ] ] ] } },
{ "type": "Feature", "properties": { "full_id": "w1116306298", "osm_id": "1116306298", "osm_type": "way", "highway": "primary", "bridge_nam": null, "old_name": null, "hgv": null, "maxspeed": null, "horse": "no", "foot": null, "bicycle": null, "ref": "35-132-13K", "width": "3", "lanes": "2", "layer": null, "bridge": null, "surface": "asphalt", "smoothness": "good", "short_name": null, "oneway": "yes", "name": "Jalan Gunung Sari", "motorcycle": "yes", "motorcar": null, "alt_name": null }, "geometry": { "type": "MultiLineString", "coordinates": [ [ [ 112.7256519, -7.3038529 ], [ 112.7252756, -7.3044173 ], [ 112.725065, -7.3047383 ], [ 112.7249471, -7.3048818 ], [ 112.7244154, -7.3055293 ], [ 112.7243735, -7.3055676 ], [ 112.7242391, -7.3056918 ], [ 112.7240513, -7.305862 ], [ 112.7240386, -7.3058726 ], [ 112.7240064, -7.3058995 ] ] ] } },
{ "type": "Feature", "properties": { "full_id": "w1116306299", "osm_id": "1116306299", "osm_type": "way", "highway": "primary", "bridge_nam": null, "old_name": null, "hgv": null, "maxspeed": null, "horse": "no", "foot": null, "bicycle": null, "ref": "35-132-13K", "width": "3", "lanes": "2", "layer": null, "bridge": null, "surface": "asphalt", "smoothness": "good", "short_name": null, "oneway": "yes", "name": "Jalan Gunung Sari", "motorcycle": "yes", "motorcar": null, "alt_name": null }, "geometry": { "type": "MultiLineString", "coordinates": [ [ [ 112.7239492, -7.3058241 ], [ 112.7243531, -7.3054796 ], [ 112.7245344, -7.3052577 ], [ 112.7249902, -7.3047 ], [ 112.7255079, -7.3039515 ], [ 112.7256004, -7.3038142 ] ] ] } },
{ "type": "Feature", "properties": { "full_id": "w1116347045", "osm_id": "1116347045", "osm_type": "way", "highway": "primary", "bridge_nam": null, "old_name": null, "hgv": null, "maxspeed": null, "horse": null, "foot": null, "bicycle": null, "ref": null, "width": null, "lanes": null, "layer": null, "bridge": null, "surface": "asphalt", "smoothness": "excellent", "short_name": "MERR", "oneway": "yes", "name": "Jalan Doktor Insinyur Haji Soekarno", "motorcycle": "yes", "motorcar": "yes", "alt_name": "Jalan Lingkar Luar Timur Tengah;Middle East Ring Road" }, "geometry": { "type": "MultiLineString", "coordinates": [ [ [ 112.7840988, -7.3389736 ], [ 112.7839507, -7.3387501 ] ] ] } },
{ "type": "Feature", "properties": { "full_id": "w1116347046", "osm_id": "1116347046", "osm_type": "way", "highway": "primary", "bridge_nam": null, "old_name": null, "hgv": null, "maxspeed": null, "horse": null, "foot": null, "bicycle": null, "ref": null, "width": null, "lanes": null, "layer": null, "bridge": null, "surface": "asphalt", "smoothness": "excellent", "short_name": "MERR", "oneway": "yes", "name": "Jalan Doktor Insinyur Haji Soekarno", "motorcycle": "yes", "motorcar": "yes", "alt_name": "Jalan Lingkar Luar Timur Tengah;Middle East Ring Road" }, "geometry": { "type": "MultiLineString", "coordinates": [ [ [ 112.7840577, -7.3385983 ], [ 112.7842465, -7.3388772 ] ] ] } },
{ "type": "Feature", "properties": { "full_id": "w1116347047", "osm_id": "1116347047", "osm_type": "way", "highway": "primary", "bridge_nam": null, "old_name": null, "hgv": null, "maxspeed": null, "horse": null, "foot": null, "bicycle": null, "ref": null, "width": null, "lanes": null, "layer": null, "bridge": null, "surface": "asphalt", "smoothness": "excellent", "short_name": "MERR", "oneway": "yes", "name": "Jalan Doktor Insinyur Haji Soekarno", "motorcycle": "yes", "motorcar": "yes", "alt_name": "Jalan Lingkar Luar Timur Tengah;Middle East Ring Road" }, "geometry": { "type": "MultiLineString", "coordinates": [ [ [ 112.7812457, -7.3336411 ], [ 112.7811952, -7.3333165 ] ] ] } },
{ "type": "Feature", "properties": { "full_id": "w1116347050", "osm_id": "1116347050", "osm_type": "way", "highway": "primary", "bridge_nam": null, "old_name": null, "hgv": null, "maxspeed": null, "horse": null, "foot": null, "bicycle": null, "ref": null, "width": null, "lanes": null, "layer": null, "bridge": null, "surface": "asphalt", "smoothness": "excellent", "short_name": "MERR", "oneway": "yes", "name": "Jalan Doktor Insinyur Haji Soekarno", "motorcycle": "yes", "motorcar": "yes", "alt_name": "Jalan Lingkar Luar Timur Tengah;Middle East Ring Road" }, "geometry": { "type": "MultiLineString", "coordinates": [ [ [ 112.7811952, -7.3333165 ], [ 112.7811438, -7.3329867 ], [ 112.7811064, -7.3325294 ], [ 112.7810828, -7.3321933 ], [ 112.7810727, -7.3317497 ] ] ] } },
{ "type": "Feature", "properties": { "full_id": "w1116355756", "osm_id": "1116355756", "osm_type": "way", "highway": "primary", "bridge_nam": null, "old_name": null, "hgv": null, "maxspeed": null, "horse": null, "foot": null, "bicycle": null, "ref": null, "width": "5", "lanes": "3", "layer": null, "bridge": null, "surface": "asphalt", "smoothness": "excellent", "short_name": "MERR", "oneway": "yes", "name": "Jalan Doktor Insinyur Haji Soekarno", "motorcycle": "yes", "motorcar": "yes", "alt_name": "Jalan Lingkar Luar Timur Tengah;Middle East Ring Road" }, "geometry": { "type": "MultiLineString", "coordinates": [ [ [ 112.780931, -7.3229848 ], [ 112.7809363, -7.3227087 ] ] ] } },
{ "type": "Feature", "properties": { "full_id": "w1119704367", "osm_id": "1119704367", "osm_type": "way", "highway": "primary", "bridge_nam": null, "old_name": null, "hgv": null, "maxspeed": null, "horse": null, "foot": null, "bicycle": null, "ref": null, "width": null, "lanes": null, "layer": null, "bridge": null, "surface": "asphalt", "smoothness": "excellent", "short_name": "MERR", "oneway": "yes", "name": "Jalan Doktor Insinyur Haji Soekarno", "motorcycle": "yes", "motorcar": "yes", "alt_name": "Jalan Lingkar Luar Timur Tengah;Middle East Ring Road" }, "geometry": { "type": "MultiLineString", "coordinates": [ [ [ 112.7813905, -7.3332758 ], [ 112.7814442, -7.3336092 ] ] ] } },
{ "type": "Feature", "properties": { "full_id": "w1119888640", "osm_id": "1119888640", "osm_type": "way", "highway": "primary", "bridge_nam": null, "old_name": null, "hgv": null, "maxspeed": null, "horse": null, "foot": null, "bicycle": null, "ref": null, "width": "10", "lanes": "2", "layer": null, "bridge": null, "surface": "asphalt", "smoothness": "excellent", "short_name": "MERR", "oneway": "yes", "name": "Jalan Doktor Insinyur Haji Soekarno", "motorcycle": "yes", "motorcar": "yes", "alt_name": "Jalan Lingkar Luar Timur Tengah;Middle East Ring Road" }, "geometry": { "type": "MultiLineString", "coordinates": [ [ [ 112.7804323, -7.3075642 ], [ 112.7804464, -7.3072493 ] ] ] } },
{ "type": "Feature", "properties": { "full_id": "w1119888641", "osm_id": "1119888641", "osm_type": "way", "highway": "primary", "bridge_nam": null, "old_name": null, "hgv": null, "maxspeed": null, "horse": null, "foot": null, "bicycle": null, "ref": null, "width": "10", "lanes": "2", "layer": null, "bridge": null, "surface": "asphalt", "smoothness": "excellent", "short_name": "MERR", "oneway": "yes", "name": "Jalan Doktor Insinyur Haji Soekarno", "motorcycle": "yes", "motorcar": "yes", "alt_name": "Jalan Lingkar Luar Timur Tengah;Middle East Ring Road" }, "geometry": { "type": "MultiLineString", "coordinates": [ [ [ 112.7806433, -7.3071269 ], [ 112.7806262, -7.3072398 ] ] ] } },
{ "type": "Feature", "properties": { "full_id": "w1125318974", "osm_id": "1125318974", "osm_type": "way", "highway": "primary", "bridge_nam": null, "old_name": null, "hgv": null, "maxspeed": null, "horse": null, "foot": null, "bicycle": null, "ref": null, "width": "12", "lanes": "3", "layer": null, "bridge": null, "surface": "asphalt", "smoothness": "excellent", "short_name": "MERR", "oneway": "yes", "name": "Jalan Doktor Insinyur Haji Soekarno", "motorcycle": "yes", "motorcar": "yes", "alt_name": "Jalan Lingkar Luar Timur Tengah;Middle East Ring Road" }, "geometry": { "type": "MultiLineString", "coordinates": [ [ [ 112.7805344, -7.2895856 ], [ 112.7805402, -7.2895068 ] ] ] } },
{ "type": "Feature", "properties": { "full_id": "w1125318975", "osm_id": "1125318975", "osm_type": "way", "highway": "primary", "bridge_nam": null, "old_name": null, "hgv": null, "maxspeed": null, "horse": null, "foot": null, "bicycle": null, "ref": null, "width": "12", "lanes": "3", "layer": null, "bridge": null, "surface": "asphalt", "smoothness": "excellent", "short_name": "MERR", "oneway": "yes", "name": "Jalan Doktor Insinyur Haji Soekarno", "motorcycle": "yes", "motorcar": "yes", "alt_name": "Jalan Lingkar Luar Timur Tengah;Middle East Ring Road" }, "geometry": { "type": "MultiLineString", "coordinates": [ [ [ 112.7807057, -7.2894998 ], [ 112.7806936, -7.2895839 ] ] ] } },
{ "type": "Feature", "properties": { "full_id": "w1207052431", "osm_id": "1207052431", "osm_type": "way", "highway": "primary", "bridge_nam": null, "old_name": "Jalan Gunungsari", "hgv": null, "maxspeed": null, "horse": "no", "foot": null, "bicycle": null, "ref": "35-132-12K", "width": "3", "lanes": "2", "layer": null, "bridge": null, "surface": "asphalt", "smoothness": "good", "short_name": null, "oneway": "yes", "name": "Jalan Prabu Siliwangi", "motorcycle": "yes", "motorcar": null, "alt_name": null }, "geometry": { "type": "MultiLineString", "coordinates": [ [ [ 112.7164768, -7.3074813 ], [ 112.7178144, -7.3073864 ], [ 112.7179741, -7.3073734 ], [ 112.718522, -7.3072992 ], [ 112.7186356, -7.3072836 ], [ 112.718808, -7.3072604 ] ] ] } },
{ "type": "Feature", "properties": { "full_id": "w1207052432", "osm_id": "1207052432", "osm_type": "way", "highway": "primary", "bridge_nam": null, "old_name": "Jalan Gunungsari", "hgv": null, "maxspeed": null, "horse": "no", "foot": null, "bicycle": null, "ref": "35-132-12K", "width": "3", "lanes": "2", "layer": null, "bridge": null, "surface": "asphalt", "smoothness": "good", "short_name": null, "oneway": "yes", "name": "Jalan Prabu Siliwangi", "motorcycle": "yes", "motorcar": null, "alt_name": null }, "geometry": { "type": "MultiLineString", "coordinates": [ [ [ 112.7185991, -7.3073929 ], [ 112.7178077, -7.3075096 ], [ 112.7176096, -7.3075236 ], [ 112.7172591, -7.3075338 ], [ 112.7165751, -7.3075633 ], [ 112.7164805, -7.3075646 ] ] ] } },
{ "type": "Feature", "properties": { "full_id": "w1277597861", "osm_id": "1277597861", "osm_type": "way", "highway": "primary", "bridge_nam": null, "old_name": null, "hgv": null, "maxspeed": null, "horse": null, "foot": null, "bicycle": null, "ref": "35-133-11K", "width": null, "lanes": null, "layer": null, "bridge": null, "surface": null, "smoothness": null, "short_name": null, "oneway": "yes", "name": "Jalan Joyoboyo", "motorcycle": null, "motorcar": null, "alt_name": null }, "geometry": { "type": "MultiLineString", "coordinates": [ [ [ 112.7352472, -7.2985548 ], [ 112.7353578, -7.2985466 ], [ 112.7354255, -7.2985415 ], [ 112.7360454, -7.2985057 ] ] ] } },
{ "type": "Feature", "properties": { "full_id": "w1388176295", "osm_id": "1388176295", "osm_type": "way", "highway": "primary", "bridge_nam": null, "old_name": null, "hgv": null, "maxspeed": null, "horse": null, "foot": null, "bicycle": null, "ref": null, "width": "12", "lanes": "4", "layer": null, "bridge": null, "surface": "asphalt", "smoothness": "excellent", "short_name": "MERR", "oneway": "yes", "name": "Jalan Doktor Insinyur Haji Soekarno", "motorcycle": "yes", "motorcar": "yes", "alt_name": null }, "geometry": { "type": "MultiLineString", "coordinates": [ [ [ 112.780979, -7.2799187 ], [ 112.7809624, -7.2803116 ], [ 112.7809619, -7.2803555 ], [ 112.7809621, -7.2805031 ] ] ] } },
{ "type": "Feature", "properties": { "full_id": "w1447319488", "osm_id": "1447319488", "osm_type": "way", "highway": "primary", "bridge_nam": null, "old_name": null, "hgv": null, "maxspeed": null, "horse": null, "foot": null, "bicycle": null, "ref": null, "width": null, "lanes": null, "layer": null, "bridge": null, "surface": "asphalt", "smoothness": "excellent", "short_name": "MERR", "oneway": "yes", "name": "Jalan Doktor Insinyur Haji Soekarno", "motorcycle": "yes", "motorcar": "yes", "alt_name": "Jalan Lingkar Luar Timur Tengah;Middle East Ring Road" }, "geometry": { "type": "MultiLineString", "coordinates": [ [ [ 112.7812438, -7.3315849 ], [ 112.7812436, -7.3316339 ] ] ] } }
]
}
