{
"type": "FeatureCollection",
"name": "jalur_lyn_lama",
"crs": { "type": "name", "properties": { "name": "urn:ogc:def:crs:OGC:1.3:CRS84" } },
"xy_coordinate_resolution": 1e-15,
"features": [
{ "type": "Feature", "properties": { "id": 1, "layer": "BJ-1", "path": "C:/Users/User/Documents/BJ-1.shp" }, "geometry": { "type": "MultiLineString", "coordinates": [ [ [ 112.733987914504965, -7.235178228241072 ], [ 112.735417714902312, -7.235699413244363 ], [ 112.737047022331836, -7.236319556641289 ], [ 112.737831749991798, -7.236550460879854 ], [ 112.738051207727182, -7.236708795146578 ], [ 112.737884951867031, -7.237111227824424 ], [ 112.737612292256358, -7.237902897618485 ], [ 112.737439386161796, -7.238252551335251 ], [ 112.737392834520975, -7.238641788172882 ], [ 112.737426085692974, -7.239235538634202 ], [ 112.737492588037071, -7.239809496670547 ], [ 112.73757239084992, -7.240244912624688 ], [ 112.737751947178879, -7.241406019780502 ], [ 112.738011306320743, -7.242626498511001 ], [ 112.738124360305648, -7.24313448057646 ], [ 112.738337167806662, -7.244513286154367 ], [ 112.738530024604444, -7.245509454067045 ], [ 112.738643078589334, -7.246182360947424 ], [ 112.738649728823731, -7.246657353434472 ], [ 112.738616477651718, -7.247039985907124 ], [ 112.73851007390121, -7.247343452809551 ], [ 112.737798498819728, -7.247231302021596 ], [ 112.737073623269453, -7.247105956990255 ], [ 112.736288895609491, -7.246954223484608 ], [ 112.735450966074296, -7.246802489927866 ], [ 112.734506632788637, -7.246571590939126 ], [ 112.733755156300688, -7.246340691832072 ], [ 112.733229787782605, -7.246142778217571 ], [ 112.732245553090479, -7.245819519126949 ], [ 112.73166033246271, -7.245713965087956 ], [ 112.730942107146817, -7.245661188059189 ], [ 112.730257133002979, -7.245483065541462 ], [ 112.729552208155908, -7.245265360146409 ], [ 112.728734229323919, -7.245126820294803 ], [ 112.728115757524122, -7.245126820294803 ], [ 112.7273376800986, -7.24513341743156 ], [ 112.726632755251543, -7.245252165876666 ], [ 112.725901229466828, -7.245291748684745 ], [ 112.724923645009127, -7.245304942953332 ], [ 112.724404926725427, -7.245285151550307 ], [ 112.723547046487013, -7.245298345819089 ], [ 112.72303497843771, -7.245265360146409 ], [ 112.721472173352211, -7.245271957281141 ], [ 112.720600992645018, -7.245265360146413 ], [ 112.719616757952878, -7.245265360146413 ], [ 112.71890518287141, -7.245265360146413 ], [ 112.717076368409636, -7.245199388793814 ], [ 112.715427110276892, -7.245159805977622 ], [ 112.714183516442901, -7.245113626021003 ], [ 112.713664798159229, -7.245113626021003 ], [ 112.712793617452007, -7.245080640334806 ], [ 112.712161845183374, -7.24512022315795 ], [ 112.711669727837332, -7.245344525756776 ], [ 112.711510122211536, -7.245555633983105 ], [ 112.711297314710563, -7.245918476016048 ], [ 112.711244112835303, -7.246248332156119 ], [ 112.711197561194467, -7.246762907252482 ], [ 112.711071206740755, -7.248029551139835 ], [ 112.710944852287028, -7.248821201761 ], [ 112.710871699708548, -7.249566671490686 ], [ 112.710811847598919, -7.25006804866802 ], [ 112.71062564103552, -7.251499609378534 ], [ 112.710446084706575, -7.251446833027605 ], [ 112.70966800728101, -7.251110383645023 ], [ 112.70917588993494, -7.250839904547343 ], [ 112.709029584778023, -7.250820113387475 ], [ 112.709049535481228, -7.251288503937703 ], [ 112.709072811301638, -7.252624403886871 ], [ 112.709072811301638, -7.253231329961687 ], [ 112.709072811301638, -7.253475419565416 ], [ 112.708853353566241, -7.253594165811266 ], [ 112.708115177547143, -7.253561180746117 ], [ 112.706997938166879, -7.25348861359428 ], [ 112.70548168472223, -7.253376464336613 ], [ 112.705242276283613, -7.253369867320586 ], [ 112.704869863156873, -7.253455628521396 ], [ 112.704118386668966, -7.253844852227421 ], [ 112.702475778770548, -7.254775029551441 ], [ 112.701604598063327, -7.255296191892729 ], [ 112.700740067590516, -7.255764577785789 ], [ 112.700101645087514, -7.256186784370211 ], [ 112.69849228836118, -7.25710376293125 ], [ 112.695060767407512, -7.259129025505016 ], [ 112.692945992866328, -7.260224114824883 ], [ 112.692314220597694, -7.260705689404574 ], [ 112.692121363799941, -7.260864015181147 ], [ 112.691449690124884, -7.260672704860772 ], [ 112.690565208948868, -7.260441812986421 ], [ 112.690059791133962, -7.260415425336087 ], [ 112.689640826366386, -7.26038903768421 ], [ 112.689228511833164, -7.260151548747623 ], [ 112.68869649308067, -7.259861284321488 ], [ 112.688171124562558, -7.259735942806842 ], [ 112.687180239636021, -7.259524841229523 ], [ 112.685949946270867, -7.259379708837647 ], [ 112.685105366501261, -7.259300545695067 ], [ 112.684506845404698, -7.259227979468797 ], [ 112.68385512243286, -7.259089443913407 ], [ 112.68305709430409, -7.258990489919146 ], [ 112.682066209377567, -7.258924520577546 ], [ 112.681773599063703, -7.258924520577546 ], [ 112.68124158031118, -7.258832163483056 ], [ 112.680815965309193, -7.258720015557107 ], [ 112.680350448900754, -7.258654046175844 ], [ 112.679891582726711, -7.258535301265184 ], [ 112.678847495924899, -7.258522107384288 ], [ 112.678355378578843, -7.258508913503006 ], [ 112.678149221312239, -7.258561689025817 ], [ 112.677770157951088, -7.258588076784903 ], [ 112.677264740136209, -7.2584759287981 ], [ 112.676526564117125, -7.258390168554036 ], [ 112.675967944426986, -7.258245035796067 ], [ 112.675422625205684, -7.258119693831047 ], [ 112.674917207390777, -7.258119693831047 ], [ 112.674478291919982, -7.258020739623468 ], [ 112.674139129965255, -7.258047127414287 ], [ 112.673720165197636, -7.258080112150626 ], [ 112.673341101836485, -7.258020739623468 ], [ 112.672942087772071, -7.257967964037196 ], [ 112.672323615972303, -7.257921785394124 ], [ 112.671997754486384, -7.257948173190749 ], [ 112.671525587843519, -7.257763458581905 ], [ 112.671046770966271, -7.257499580437718 ], [ 112.670641106667503, -7.257407223050687 ], [ 112.670022634867721, -7.257334656519004 ], [ 112.669058350878814, -7.257288477810932 ], [ 112.668453179547839, -7.257248896057384 ], [ 112.667741604466329, -7.256925644939737 ], [ 112.667296038761123, -7.256688154174693 ], [ 112.666657616258135, -7.256503439048561 ], [ 112.665779785316516, -7.25629893292761 ], [ 112.665241116329597, -7.256199978319589 ], [ 112.664542841716965, -7.256114217641702 ], [ 112.664177078824579, -7.256101023689808 ], [ 112.663299247882961, -7.25587012946903 ], [ 112.662215259674724, -7.255428131630235 ], [ 112.661297527326639, -7.255144461146779 ], [ 112.660725607167691, -7.254946551401275 ], [ 112.660406395916212, -7.254709059591793 ], [ 112.660153687008744, -7.254629895627453 ], [ 112.659748022709977, -7.254511149654834 ], [ 112.659069698800522, -7.254319836633051 ], [ 112.658238419499739, -7.253924016329828 ], [ 112.657772903091328, -7.253798673161249 ], [ 112.657094579181873, -7.253706315014697 ], [ 112.656489407850898, -7.253528195678549 ], [ 112.655890886754321, -7.253396255384112 ], [ 112.654806898546099, -7.253165359775799 ], [ 112.654414534716096, -7.25308619553997 ], [ 112.653609856352958, -7.25282231465334 ], [ 112.652386213222172, -7.252518851442511 ], [ 112.651701239078349, -7.252301149447869 ], [ 112.65100296446569, -7.252169208793823 ], [ 112.650557398760455, -7.2521032384523 ], [ 112.649619715709164, -7.251865745142786 ], [ 112.649067746253436, -7.251766789560183 ], [ 112.648562328438544, -7.251687625078443 ], [ 112.648176614842995, -7.251608460582789 ], [ 112.647159128978814, -7.251212637895732 ], [ 112.646414302725304, -7.25087618833818 ], [ 112.645689427175029, -7.250519947356188 ], [ 112.645323664282671, -7.250348423819911 ], [ 112.644971201859136, -7.250249467903882 ], [ 112.644186474199216, -7.250097735457071 ], [ 112.643541401461789, -7.249939405892857 ], [ 112.643082535287732, -7.249576567098273 ], [ 112.642490664425608, -7.24898283025847 ], [ 112.641898793563442, -7.248428675168559 ], [ 112.641473178561426, -7.24815159736797 ], [ 112.640941159808932, -7.247980072929821 ], [ 112.640216284258656, -7.247808548426367 ], [ 112.639371704489051, -7.247670009356674 ], [ 112.638700030814007, -7.247531470244374 ], [ 112.63802835713895, -7.247432513709515 ], [ 112.637529589558483, -7.247228003468581 ], [ 112.636884516821041, -7.246851968267199 ], [ 112.636458901819069, -7.246535306801567 ], [ 112.63613969056756, -7.246066911308962 ], [ 112.635926883066546, -7.245638098107156 ], [ 112.635581070877407, -7.245334630056242 ], [ 112.634889446499173, -7.244978384692254 ], [ 112.634024916026334, -7.244483598997356 ], [ 112.632674918441865, -7.2437777037991 ], [ 112.632076397345301, -7.243434651527907 ], [ 112.631078862184353, -7.243005835821799 ], [ 112.630606695541516, -7.24266278296323 ], [ 112.629336500769895, -7.242062439832634 ], [ 112.628405467953002, -7.24175896937454 ], [ 112.626530101850435, -7.241020083926885 ], [ 112.625612369502363, -7.240637446344239 ], [ 112.624541681762949, -7.240182239142035 ], [ 112.623537496367575, -7.239753420342865 ], [ 112.622779369645258, -7.239416962230385 ], [ 112.621170012918952, -7.238618697861375 ], [ 112.61998627119462, -7.237991960383384 ], [ 112.619161642128248, -7.237530153263505 ], [ 112.617339477900927, -7.236382230660581 ], [ 112.616368543677567, -7.235920421893133 ], [ 112.61555056484562, -7.235353056189011 ], [ 112.614759186951261, -7.23487805179514 ], [ 112.614034311400971, -7.234633952120494 ], [ 112.613735050852711, -7.234620757539723 ], [ 112.61295697342716, -7.234726314175073 ], [ 112.612218797408062, -7.234884649081812 ], [ 112.611374217638456, -7.235056178501428 ], [ 112.61031683036785, -7.235267291543766 ], [ 112.609552053411107, -7.23541902898195 ], [ 112.608640971297447, -7.235669725507175 ], [ 112.60822865676424, -7.235775281897188 ], [ 112.607969297622404, -7.235854449173487 ] ] ] } },
{ "type": "Feature", "properties": { "id": 1, "layer": "BK-1", "path": "C:/Users/User/Documents/BK-1.shp" }, "geometry": { "type": "MultiLineString", "coordinates": [ [ [ 112.69773416163909, -7.346788722396248 ], [ 112.697651033708993, -7.346264368841979 ], [ 112.697647708591788, -7.34608628636205 ], [ 112.697664334177801, -7.345749908149726 ], [ 112.697774063045514, -7.34536406223973 ], [ 112.697787363514323, -7.345189277230102 ], [ 112.697148941011335, -7.344806728667298 ], [ 112.696773202767375, -7.344688006632586 ], [ 112.696480592453483, -7.344582475908452 ], [ 112.695892046708522, -7.344387903570142 ], [ 112.695669263855905, -7.344325244663403 ], [ 112.695512983347356, -7.344190033308245 ], [ 112.695459781472124, -7.34406471543016 ], [ 112.695350052604425, -7.343797590361594 ], [ 112.695150545572218, -7.343391955691291 ], [ 112.694980964594862, -7.343078660367429 ], [ 112.694794758031477, -7.342725790633038 ], [ 112.694691679398176, -7.342557600287256 ], [ 112.695599436394644, -7.34171334974728 ], [ 112.696064952803056, -7.341291223876227 ], [ 112.696500543156688, -7.340872395467549 ], [ 112.696962734447936, -7.340450268798286 ], [ 112.697404975035951, -7.340067716158215 ], [ 112.698006821249692, -7.33950707807404 ], [ 112.69849893859579, -7.339018992578347 ], [ 112.698711746096791, -7.338850800830762 ], [ 112.699024307113902, -7.338705694173913 ], [ 112.699416670943876, -7.338626545068411 ], [ 112.700008541806, -7.338560587469734 ], [ 112.700859771810016, -7.338425374361884 ], [ 112.701182308178716, -7.33837590614142 ], [ 112.701601272946334, -7.338250586624975 ], [ 112.701893883260183, -7.338032926328301 ], [ 112.702206444277294, -7.337637180061548 ], [ 112.702642034630941, -7.337063347349538 ], [ 112.70277503931905, -7.336839090686264 ], [ 112.702439202481543, -7.336697281267335 ], [ 112.702040188417143, -7.336558769698243 ], [ 112.701587972477526, -7.336466428628231 ], [ 112.700813220169167, -7.336301533812695 ], [ 112.700311127471508, -7.336143234732298 ], [ 112.699928738993151, -7.336054191474831 ], [ 112.699559650983602, -7.335760678388881 ], [ 112.699386744889011, -7.335556208484276 ], [ 112.699037607582682, -7.335289078306086 ], [ 112.697983545429295, -7.334774604918599 ], [ 112.697411625270362, -7.334431622329922 ], [ 112.69658699620399, -7.334105129043262 ], [ 112.696271110069674, -7.333992999980478 ], [ 112.695692539676315, -7.333831402163844 ], [ 112.695037491587314, -7.333610441789016 ], [ 112.694542049124038, -7.333429056324734 ], [ 112.693983429433899, -7.333208095750215 ], [ 112.692254368488264, -7.332528723744633 ], [ 112.691722349735755, -7.332317656502722 ], [ 112.690824568090875, -7.332080205735978 ], [ 112.690209421408284, -7.331862542421893 ], [ 112.68974723011705, -7.331661368658209 ], [ 112.689068906207638, -7.331545941047847 ], [ 112.688383932063786, -7.331397534076278 ], [ 112.687878514248908, -7.331321681605043 ], [ 112.687579253700605, -7.331262318792457 ], [ 112.687053885182522, -7.331206253906636 ], [ 112.686575068305245, -7.331067740629056 ], [ 112.685983197443122, -7.33090943968764 ], [ 112.685178519079926, -7.330724755184872 ], [ 112.684732953374734, -7.330648902599052 ], [ 112.684360540247951, -7.330470813868521 ], [ 112.683878398253484, -7.330322406538683 ], [ 112.683456108368716, -7.330144317677601 ], [ 112.683110296179578, -7.330206978581289 ], [ 112.682804385396878, -7.330312512714937 ], [ 112.682525075551823, -7.330312512714937 ], [ 112.681939854924053, -7.330164105332353 ], [ 112.681301432421066, -7.329913461640598 ], [ 112.680849216481434, -7.329715584942217 ], [ 112.679625573350677, -7.329201105115039 ], [ 112.679259810458333, -7.329036207608788 ], [ 112.679226559286278, -7.32869322060027 ], [ 112.679140106238975, -7.328534918814966 ], [ 112.67825562506296, -7.328191931420505 ], [ 112.677889862170616, -7.327980862123439 ], [ 112.677643803497574, -7.327750004965282 ], [ 112.677125085213902, -7.327387229189357 ], [ 112.676632967867803, -7.327182755440047 ], [ 112.674910557156579, -7.326648484877996 ], [ 112.674365237935277, -7.32645720266919 ], [ 112.673986174574097, -7.326279112263044 ], [ 112.673341101836641, -7.325942719079488 ], [ 112.672463270895037, -7.325678881110789 ], [ 112.671884700501678, -7.325593133737334 ], [ 112.67157213948461, -7.325586537784846 ], [ 112.670980268622444, -7.325579941832261 ], [ 112.670627806198908, -7.325546962067873 ], [ 112.670075836743166, -7.325481002531765 ], [ 112.669590369631507, -7.325395255120238 ], [ 112.668779041033929, -7.325250144078533 ], [ 112.668193820406216, -7.325151204704831 ], [ 112.667675102122502, -7.32503907338808 ], [ 112.666936926103403, -7.324874174341615 ], [ 112.665447273596399, -7.324339901012043 ], [ 112.664183729059189, -7.323996910388883 ], [ 112.663339149289598, -7.323746263228145 ], [ 112.66267412584898, -7.323521999859605 ], [ 112.662374865300691, -7.32350221190991 ], [ 112.662095555455636, -7.323581363703433 ], [ 112.661822895844949, -7.323726475288399 ], [ 112.661370679905346, -7.323772647146437 ], [ 112.660532750370109, -7.323812223020947 ], [ 112.65914950161357, -7.324089254044156 ], [ 112.658577581454608, -7.324359688924557 ], [ 112.658198518093471, -7.324465224443136 ], [ 112.657852705904332, -7.324438840565834 ], [ 112.656934973556289, -7.324306921155896 ], [ 112.656336452459726, -7.324148617812443 ], [ 112.655644828081464, -7.324049678194234 ], [ 112.654853450187133, -7.324010102340806 ], [ 112.653995569948691, -7.32402329429234 ], [ 112.653377098148908, -7.3240628701446 ], [ 112.65287168033403, -7.324043082218908 ], [ 112.652399513691194, -7.323963930507358 ], [ 112.651907396345123, -7.323878182803991 ], [ 112.651275624076504, -7.32373307126841 ], [ 112.650663802511119, -7.323581363703433 ], [ 112.649918976257581, -7.32356157575637 ], [ 112.64918745047288, -7.32356157575637 ], [ 112.648349520937714, -7.32356157575637 ], [ 112.64753154210571, -7.323634131557978 ], [ 112.646706913039353, -7.323554979773822 ], [ 112.644419232403607, -7.323594555667657 ], [ 112.642942880365368, -7.323482423959333 ], [ 112.642743373333175, -7.32354178780843 ], [ 112.642796575208436, -7.323752859207863 ], [ 112.642823176146052, -7.324069466119636 ], [ 112.642763324036423, -7.324128829890558 ], [ 112.642237955518297, -7.324181597680298 ], [ 112.641945345204434, -7.324234365463795 ], [ 112.641539680905652, -7.324207981572829 ], [ 112.641416651569102, -7.324219524525318 ], [ 112.641313572935815, -7.324232716470653 ], [ 112.640628598791949, -7.324107392974192 ] ] ] } },
{ "type": "Feature", "properties": { "id": 1, "layer": "BP-1", "path": "C:/Users/User/Documents/BP-1.shp" }, "geometry": { "type": "MultiLineString", "coordinates": [ [ [ 112.732967103523634, -7.245829414816831 ], [ 112.733173260790238, -7.245948163078544 ], [ 112.733442595283691, -7.24607020987047 ], [ 112.733708604659938, -7.246182360947421 ], [ 112.733778432121198, -7.246291213436593 ], [ 112.733758481418008, -7.246380274544537 ], [ 112.733658727901911, -7.246492425544319 ], [ 112.733525723213774, -7.246660651991656 ], [ 112.733402693877252, -7.246743115913484 ], [ 112.733342841767623, -7.246898148045672 ], [ 112.733256388720321, -7.247145539635493 ], [ 112.73323311289991, -7.247293974524184 ], [ 112.733120058915006, -7.247637023857607 ], [ 112.733060206805334, -7.247831638267172 ], [ 112.732967103523663, -7.248013058403762 ], [ 112.732857374655964, -7.248171388645088 ], [ 112.732711069499032, -7.248276942108392 ], [ 112.731989519065962, -7.248877276960569 ], [ 112.731716859455318, -7.249124667463569 ], [ 112.731277943984509, -7.249497402231516 ], [ 112.731015259725439, -7.249701911442172 ], [ 112.730174005073039, -7.250401200299565 ], [ 112.72979660427049, -7.250698067882404 ], [ 112.729600422355489, -7.250891031706305 ], [ 112.729510644190995, -7.251008129371097 ], [ 112.729311137158831, -7.251364369966896 ], [ 112.729181457587899, -7.251648042832355 ], [ 112.728985275672912, -7.25212302955577 ], [ 112.728888847274021, -7.25244958263745 ], [ 112.728749192351543, -7.252767889201234 ], [ 112.728641126042419, -7.253081247774769 ], [ 112.728496483444104, -7.253345128509619 ], [ 112.728255412446828, -7.253975143138568 ], [ 112.728212185923169, -7.254159859302407 ], [ 112.72816563428232, -7.254410545403516 ], [ 112.728075856117869, -7.254776678800308 ], [ 112.727929550960894, -7.255413288411695 ], [ 112.727839772796401, -7.255726645143577 ], [ 112.727756644866304, -7.255891569651663 ], [ 112.727527211779332, -7.257072427363771 ], [ 112.727430783380441, -7.257712332203552 ], [ 112.727317729395537, -7.258454488738615 ], [ 112.727181399590222, -7.259477013514644 ], [ 112.727114897246182, -7.259882724313916 ], [ 112.726978567440796, -7.26084587368874 ], [ 112.72673583388503, -7.262208132809709 ], [ 112.726629430134523, -7.263408764545289 ], [ 112.726709232947414, -7.264147613250311 ], [ 112.727121547480579, -7.265018397664945 ], [ 112.727600364357841, -7.26596834237492 ], [ 112.728691002800502, -7.267921000194464 ], [ 112.728903810301517, -7.268382776140752 ], [ 112.729116617802489, -7.26880497087626 ], [ 112.728824007488626, -7.269662552711106 ], [ 112.728544697643557, -7.270427778196729 ], [ 112.727640265764322, -7.272631092571221 ], [ 112.727227951231129, -7.273528247422511 ], [ 112.726948641386045, -7.274346239988972 ], [ 112.726895439510812, -7.274676075279539 ], [ 112.726669331540947, -7.275131247582471 ], [ 112.726496425446399, -7.275019103724603 ], [ 112.725937805756246, -7.274676075279539 ], [ 112.725665146145602, -7.274425400480815 ], [ 112.725173028799546, -7.274049388020238 ], [ 112.724887068720051, -7.273792116155202 ], [ 112.724754064031927, -7.273402909720145 ], [ 112.724434852780448, -7.272967525850557 ], [ 112.724062439653693, -7.272545335028327 ], [ 112.72369002652691, -7.272096756844705 ], [ 112.723058254258333, -7.271727339180504 ], [ 112.722240275426344, -7.270975309425009 ], [ 112.721847911596385, -7.27065866494065 ], [ 112.721142986749314, -7.270460762024556 ], [ 112.720564416355955, -7.270381600833702 ], [ 112.720305057214134, -7.270381600833702 ], [ 112.719669959828323, -7.270384899216927 ], [ 112.718978335450061, -7.270279350941524 ], [ 112.718599272088909, -7.270081447858278 ], [ 112.717787943491331, -7.269705431759869 ], [ 112.71731577684848, -7.269500931644364 ], [ 112.716943363721725, -7.269428367064868 ], [ 112.716328217039148, -7.269316221782589 ], [ 112.715882651333928, -7.269243657173252 ], [ 112.715453711214693, -7.269121616667481 ], [ 112.715147800432021, -7.268979785767763 ], [ 112.714612456562293, -7.268719212602717 ], [ 112.714319846248443, -7.268567486386354 ], [ 112.713821078667976, -7.268343195363951 ], [ 112.713551744174524, -7.268290420989459 ], [ 112.713202606868194, -7.268237646608772 ], [ 112.712906671437096, -7.268237646608772 ], [ 112.712118618659957, -7.268221154613538 ], [ 112.711862584635313, -7.268161783425676 ], [ 112.711569974321435, -7.268085920229767 ], [ 112.711320590531201, -7.268033145825056 ], [ 112.710718744317433, -7.268033145825056 ], [ 112.710052058318212, -7.267957282607425 ], [ 112.709663019605458, -7.267823697345233 ], [ 112.709179215052316, -7.267589510740359 ], [ 112.70884337821478, -7.267500453830413 ], [ 112.708364561337532, -7.267269565463157 ], [ 112.707905695163532, -7.267038676977245 ], [ 112.707726138834531, -7.26680778837269 ], [ 112.70751000621631, -7.266520826655954 ], [ 112.707227371254064, -7.26634271239477 ], [ 112.707027864221871, -7.266286639372007 ], [ 112.706795106017637, -7.266303131438255 ], [ 112.706535746875801, -7.266375696522537 ], [ 112.706402742187649, -7.266468052067409 ], [ 112.706259762147965, -7.266557109181981 ], [ 112.705977127185662, -7.266745118588124 ], [ 112.705621339644935, -7.266781401096041 ], [ 112.70480003569574, -7.266929829507019 ], [ 112.704381070928164, -7.26699579767394 ], [ 112.703499914869326, -7.267193702116582 ], [ 112.703114201273749, -7.267299251117018 ], [ 112.702811615608283, -7.267385009661615 ], [ 112.702648684865295, -7.267424590522825 ], [ 112.702376025254651, -7.267391606472056 ], [ 112.702129966581623, -7.267319041551841 ], [ 112.701780829275279, -7.267078257868964 ], [ 112.701278736577621, -7.26665606151081 ], [ 112.701132431420689, -7.266570302827086 ], [ 112.700972825794921, -7.266491140950659 ], [ 112.700726767121878, -7.266491140950659 ], [ 112.700550535910125, -7.266471350479373 ], [ 112.700284526533892, -7.266372398109869 ], [ 112.700018517157631, -7.266214074273341 ], [ 112.699220489028875, -7.265847950187718 ], [ 112.698814824730064, -7.265587375206345 ], [ 112.69847566277538, -7.265452140029881 ], [ 112.698086624062611, -7.265303711130819 ], [ 112.697867166327171, -7.265198161661658 ], [ 112.697474802497197, -7.265033240566472 ], [ 112.697252019644594, -7.264894706799754 ], [ 112.697049187495224, -7.264726487168465 ], [ 112.696706700423292, -7.264399942998597 ], [ 112.69617800678796, -7.263799628855254 ], [ 112.695852145302084, -7.263387324720978 ], [ 112.695310151197944, -7.26285957487731 ], [ 112.69480473338308, -7.262546223114504 ], [ 112.694146360176831, -7.262262557119838 ], [ 112.693727395409255, -7.262061352061643 ], [ 112.693481336736227, -7.261870042250665 ], [ 112.693364957634117, -7.261612763411022 ], [ 112.693172100836321, -7.261236740226742 ], [ 112.692856214702005, -7.261085011484395 ], [ 112.692370747590346, -7.260923387332983 ], [ 112.692058186573277, -7.260893701258041 ], [ 112.691692423680934, -7.26073867394595 ], [ 112.69106730164674, -7.260563855849053 ], [ 112.690867794614547, -7.260524274383715 ], [ 112.69038232750286, -7.260438514530206 ], [ 112.69017949535349, -7.260425320705135 ], [ 112.689640826366585, -7.260359351573986 ], [ 112.689364841638707, -7.26025709940158 ], [ 112.689181960192542, -7.260102071870038 ], [ 112.688935901519514, -7.259976730422493 ], [ 112.688407207884197, -7.25980191202942 ], [ 112.687270017800728, -7.25954133354381 ], [ 112.686734673930999, -7.259462170429677 ], [ 112.686322359397835, -7.259369813445577 ], [ 112.685341449822872, -7.259307142624141 ], [ 112.6849590613445, -7.259297247230482 ], [ 112.68451349563928, -7.259214785608208 ], [ 112.684084555520101, -7.259132323970816 ], [ 112.683087020359153, -7.259010280719731 ], [ 112.682584927661452, -7.258931117512134 ], [ 112.682318918285205, -7.258917923642844 ], [ 112.681786899532725, -7.258908028240628 ], [ 112.681454387812394, -7.258901431305694 ], [ 112.680436901948255, -7.258640852298422 ], [ 112.679958085071007, -7.25852210738428 ], [ 112.679372864443252, -7.258508913502999 ], [ 112.67905365319173, -7.258528704324775 ], [ 112.677886537053453, -7.258558390555814 ], [ 112.677554025333123, -7.258541898205481 ], [ 112.677231488964409, -7.258505615032618 ], [ 112.676726071149545, -7.258403362438797 ], [ 112.676370283608804, -7.258363780783337 ], [ 112.675891466731542, -7.258228543434231 ], [ 112.675359447979019, -7.258159275507974 ], [ 112.674933832977032, -7.258099902991263 ], [ 112.674641222663141, -7.258057022835431 ], [ 112.674405139341715, -7.258017441149502 ], [ 112.674119179262263, -7.258066918256372 ], [ 112.673823243831151, -7.258076813677094 ], [ 112.673397628829179, -7.258057022835431 ], [ 112.673228047851836, -7.257994351831096 ], [ 112.672380142964982, -7.257921785394116 ], [ 112.67209750800275, -7.257944874716245 ], [ 112.67188137538453, -7.257911889969984 ], [ 112.671582114836227, -7.2578129357167 ], [ 112.671312780342774, -7.257641414959445 ], [ 112.670980268622458, -7.25749298348212 ], [ 112.6706909834258, -7.257417118485911 ], [ 112.670418323815142, -7.257390730658143 ], [ 112.669859704124988, -7.257318164123802 ], [ 112.669503916584247, -7.257301671727999 ], [ 112.668945296894123, -7.257265388455112 ], [ 112.668685937752272, -7.257262089975614 ], [ 112.668306874391121, -7.257156538618888 ], [ 112.667764880286995, -7.256935540385547 ], [ 112.667385816925844, -7.256764019293811 ], [ 112.666631015320746, -7.256477051167203 ], [ 112.666142223091882, -7.256364902654195 ], [ 112.665510450823248, -7.256236261678382 ], [ 112.664512915662314, -7.256097725201765 ], [ 112.664163778355984, -7.256104322177812 ], [ 112.663359099992846, -7.255883323427688 ], [ 112.662102205690033, -7.255405042178952 ], [ 112.661364029670949, -7.255151058136791 ], [ 112.66088687535229, -7.254984484109231 ], [ 112.660684043202878, -7.254892126205997 ], [ 112.660285029138521, -7.254681022356006 ], [ 112.659839463433286, -7.254555679398228 ], [ 112.65929081909475, -7.254427037905264 ], [ 112.658379736981118, -7.254031217696311 ], [ 112.658127028073693, -7.253922367077831 ], [ 112.657731339126514, -7.253839904470547 ], [ 112.657116192443951, -7.253734352311178 ], [ 112.656720503496771, -7.253605710583488 ], [ 112.655872598609974, -7.253420994192257 ], [ 112.655553387358466, -7.253368218066559 ], [ 112.655317304037041, -7.253322038951493 ], [ 112.65472875829208, -7.253190098596633 ], [ 112.654319768876093, -7.2530779492646 ], [ 112.653222480199034, -7.252695321921518 ], [ 112.652647234922881, -7.252569978410831 ], [ 112.652244895741319, -7.252464425953711 ], [ 112.651433567143727, -7.252286306126208 ], [ 112.650938124680465, -7.252137872882798 ], [ 112.649804259714173, -7.251946558852436 ], [ 112.649455122407872, -7.251827812172018 ], [ 112.64859391705221, -7.251669483216078 ], [ 112.648045272713688, -7.251567229069112 ], [ 112.647702785641798, -7.251455079332838 ], [ 112.647250569702152, -7.251293451722599 ], [ 112.646399339698149, -7.250884434653854 ], [ 112.6460302516886, -7.250646940701523 ], [ 112.645521508756502, -7.250435834860975 ], [ 112.645245524028653, -7.250336878964151 ], [ 112.644796633206241, -7.250234624514595 ], [ 112.644321141446198, -7.250165355358152 ], [ 112.643972004139869, -7.25004990674041 ], [ 112.643576315192675, -7.249944353692577 ], [ 112.643240478355168, -7.24972335191855 ], [ 112.642665233079015, -7.249215377280618 ], [ 112.642419174405958, -7.248935001423412 ], [ 112.642136539443698, -7.248667819561804 ], [ 112.641740850496561, -7.248314875378219 ], [ 112.641494791823504, -7.248173037918137 ], [ 112.641348486666587, -7.248054290242798 ], [ 112.64093284701616, -7.247955333822771 ], [ 112.640015114668074, -7.24776071946664 ], [ 112.639529647556458, -7.247678255731054 ], [ 112.639080756734018, -7.247556209374688 ], [ 112.638665117083619, -7.247493536908576 ], [ 112.638319304894466, -7.247477044152883 ], [ 112.638033344815014, -7.247381386157972 ], [ 112.637654281453862, -7.247272533932168 ], [ 112.637012533833627, -7.246955872762105 ], [ 112.636746524457379, -7.246754660861333 ], [ 112.636490490432763, -7.246553448870704 ], [ 112.636334209924172, -7.246345639671314 ], [ 112.636161303829624, -7.246085053396961 ], [ 112.635941846094212, -7.245646344518721 ], [ 112.63565588601476, -7.245415444937579 ], [ 112.635429778044937, -7.245243919457865 ], [ 112.635027438863375, -7.245019616808967 ], [ 112.634701577377456, -7.244864584030518 ], [ 112.633371530496191, -7.244158689428922 ], [ 112.632576827484627, -7.243690291466315 ], [ 112.631005709606143, -7.2429316176774 ], [ 112.629412978465851, -7.24209377644438 ], [ 112.628960762526205, -7.241895860965153 ], [ 112.628102882287806, -7.241579196017694 ], [ 112.627358056034296, -7.241315308391601 ], [ 112.626985642907513, -7.241130586961442 ], [ 112.625572468096209, -7.240639095644859 ], [ 112.625146853094179, -7.240437880924464 ], [ 112.624435278012712, -7.240127812163181 ], [ 112.62387333320541, -7.239847430652952 ], [ 112.622303877885486, -7.239187708764866 ], [ 112.619846616272326, -7.237914442792695 ], [ 112.618689475485652, -7.237254718077661 ], [ 112.61786484641928, -7.23675002801941 ], [ 112.616933813602387, -7.236189260625942 ], [ 112.616501548365989, -7.235968252108836 ], [ 112.615683569534013, -7.235450366055209 ], [ 112.615231353594382, -7.23514359250749 ], [ 112.614779137654736, -7.234896194333245 ], [ 112.614107463979735, -7.234645497378338 ], [ 112.613861405306693, -7.234612510926539 ], [ 112.613658573157295, -7.234658691958389 ], [ 112.612897121317786, -7.234751054007905 ], [ 112.612242073228742, -7.234892895690005 ], [ 112.611919536860057, -7.23494567397894 ], [ 112.61143406974837, -7.235057827822444 ], [ 112.611098232910862, -7.235113904733741 ], [ 112.610266953610051, -7.235285434066227 ], [ 112.609758210677967, -7.235394289185717 ], [ 112.608880379736348, -7.235621895259817 ], [ 112.608335060515032, -7.23577693121557 ], [ 112.60792939621625, -7.235905578032044 ], [ 112.607394052346521, -7.236040822081612 ], [ 112.606230261325393, -7.236397074505971 ], [ 112.605758094682557, -7.236529019776951 ], [ 112.604597628778635, -7.236964438897439 ], [ 112.60399245744766, -7.237159057913901 ], [ 112.602748863613698, -7.237594476426382 ], [ 112.601708101929091, -7.237921040034967 ], [ 112.599210938909536, -7.239055764271447 ], [ 112.595636437916141, -7.240780935475773 ], [ 112.593471786616888, -7.241780410228818 ], [ 112.59208188762598, -7.242456621263989 ], [ 112.590781766799509, -7.242954707768071 ], [ 112.589677827888067, -7.243376926360447 ], [ 112.586951231781526, -7.24450174114908 ], [ 112.586116627363523, -7.244815105472973 ], [ 112.585481529977727, -7.2450361096546 ], [ 112.582778209691568, -7.24597290229579 ], [ 112.581418236755482, -7.246474283472711 ], [ 112.577208638376248, -7.247849780284111 ], [ 112.573610861562443, -7.248931702882879 ], [ 112.569228357088662, -7.250152161231908 ], [ 112.568097817239575, -7.250442431919987 ], [ 112.56670126801427, -7.250871240548679 ], [ 112.56541777277387, -7.251247272394728 ], [ 112.564952256365416, -7.251293451722597 ], [ 112.564200779877496, -7.251095540284114 ], [ 112.563296347998261, -7.25063374658939 ], [ 112.561367780020404, -7.249908069826665 ], [ 112.560882312908745, -7.249868487424161 ], [ 112.560802510095897, -7.250079593530653 ], [ 112.560642904470114, -7.250719508311356 ], [ 112.560436747203553, -7.251580423153892 ], [ 112.560277141577785, -7.251949857370886 ], [ 112.559931329388675, -7.252022424770746 ], [ 112.559219754307207, -7.252108186228234 ], [ 112.556306951637239, -7.252497411099217 ], [ 112.554511388347521, -7.252787680275484 ], [ 112.552456465915981, -7.252919620748282 ], [ 112.551325926066923, -7.253005382034865 ], [ 112.550168785280206, -7.25309114330511 ], [ 112.547395637532787, -7.253289053866401 ], [ 112.546291698621317, -7.253414397176882 ], [ 112.544549337206874, -7.25353314343883 ], [ 112.542667320869882, -7.253684874727958 ], [ 112.540998112033847, -7.253856396993211 ], [ 112.539787769371912, -7.253935561093591 ], [ 112.537134325843809, -7.25417965031546 ], [ 112.534248124111514, -7.254443530406413 ], [ 112.530723499876146, -7.254832753258191 ], [ 112.526028434385267, -7.255413288411687 ], [ 112.524325974377248, -7.255617794935119 ], [ 112.522477209212269, -7.255835495325683 ], [ 112.517915148409585, -7.256871219983804 ], [ 112.516937563951828, -7.257108710652219 ], [ 112.514317371595737, -7.257860763608503 ], [ 112.508039550316184, -7.2598464412492 ], [ 112.503085125683484, -7.26146928091728 ], [ 112.501123306533643, -7.262102582613689 ], [ 112.498463212771114, -7.262815045955908 ], [ 112.495191297443199, -7.263474733229032 ], [ 112.493508788138399, -7.263633058030534 ], [ 112.489997464371854, -7.26404866036917 ], [ 112.486545992714966, -7.264385100076148 ], [ 112.483859298014835, -7.264622586776513 ], [ 112.479616448463588, -7.264959026053897 ], [ 112.474881481566314, -7.265321852443333 ], [ 112.471150700064371, -7.265638500689292 ], [ 112.461850347247164, -7.266469701273392 ], [ 112.44912844882785, -7.267703305655157 ], [ 112.44780505218101, -7.267868225770377 ] ] ] } },
{ "type": "Feature", "properties": { "id": 1, "layer": "C-1", "path": "C:/Users/User/Documents/C-1.shp" }, "geometry": { "type": "MultiLineString", "coordinates": [ [ [ 112.760482448379662, -7.26967409707079 ], [ 112.760515699551689, -7.269304677413706 ], [ 112.760588852130169, -7.26916614496397 ], [ 112.760695255880648, -7.269172741748259 ], [ 112.760708556349471, -7.268941854240475 ], [ 112.760814960099992, -7.268994628538432 ], [ 112.7608282605688, -7.269667500293864 ], [ 112.760761758224717, -7.270676806036932 ], [ 112.760156586893743, -7.270624031936632 ], [ 112.758035162118162, -7.270571257830129 ], [ 112.756492307735897, -7.27049209665875 ], [ 112.756339352344526, -7.270505290188279 ], [ 112.756425805391814, -7.269528967956028 ], [ 112.756439105860622, -7.268638401906906 ], [ 112.756479007267046, -7.267708253259493 ], [ 112.756505608204705, -7.266923232689799 ], [ 112.756538859376718, -7.266270147305156 ], [ 112.756592061251951, -7.265768788184043 ], [ 112.756911272503473, -7.265643448316366 ], [ 112.757842305320366, -7.265762191349775 ], [ 112.759198953139233, -7.265795175520149 ], [ 112.760269640878647, -7.265814966021218 ], [ 112.760302892050674, -7.265485124223019 ], [ 112.760282941347455, -7.264858424139507 ], [ 112.76026299064425, -7.263901880222035 ], [ 112.760083434315291, -7.263453293407876 ], [ 112.759830725407824, -7.262714443561695 ], [ 112.759498213687536, -7.261804073331462 ], [ 112.759045997747904, -7.260972864120204 ], [ 112.758779988371657, -7.260478096003093 ], [ 112.758121615165408, -7.26017463795529 ], [ 112.75668516453365, -7.259363216517416 ], [ 112.755720880544715, -7.258855252758447 ], [ 112.754284429912985, -7.258195558708773 ], [ 112.75397186889586, -7.257931680818032 ], [ 112.753985169364668, -7.257159837099162 ], [ 112.754011770302284, -7.256506737533615 ], [ 112.753878765614161, -7.256302231414163 ], [ 112.753486401784201, -7.256302231414163 ], [ 112.753000934672542, -7.256269246547483 ], [ 112.752515467560897, -7.256190082857588 ], [ 112.752229507481388, -7.256150501007413 ], [ 112.751258573258085, -7.256097725201765 ], [ 112.750832958256098, -7.25608453124939 ], [ 112.750546998176588, -7.25608453124939 ], [ 112.750413993488479, -7.256005367526994 ], [ 112.750267688331562, -7.255503996961775 ], [ 112.749981728252095, -7.254151613046705 ], [ 112.749722369110245, -7.253109285110188 ], [ 112.749615965359737, -7.2527068667168 ], [ 112.749582714187724, -7.252212089510619 ], [ 112.749655866766162, -7.2514336389389 ], [ 112.749742319813464, -7.2507409487393 ], [ 112.749808822157505, -7.250272557619558 ], [ 112.750048230596136, -7.249480909549186 ], [ 112.750241087393931, -7.248999322959027 ], [ 112.75049379630137, -7.248333017375705 ], [ 112.750939362006548, -7.247211510703171 ], [ 112.751059066225864, -7.246782698590602 ], [ 112.751218671851603, -7.245991044387577 ], [ 112.751291824430083, -7.24558861963453 ], [ 112.751145519273166, -7.245509454067038 ], [ 112.750287639034752, -7.245351122890341 ], [ 112.749183700123268, -7.245107028883948 ], [ 112.748558578089089, -7.24488932330725 ], [ 112.747750574608716, -7.244668319053647 ], [ 112.747624220155032, -7.24469470762694 ], [ 112.747441338708853, -7.244879427596723 ], [ 112.747467939646484, -7.245130118863184 ], [ 112.747670771795825, -7.246409961576602 ], [ 112.747670771795825, -7.246845371155593 ], [ 112.747484565232455, -7.247333557152904 ], [ 112.74729835866907, -7.247735980347549 ], [ 112.74713875304333, -7.247696397754179 ], [ 112.747005748355221, -7.247597441255538 ], [ 112.747172004215344, -7.247214809256296 ], [ 112.747338260075537, -7.246884953823728 ], [ 112.747418062888386, -7.246535306801559 ], [ 112.747331609841112, -7.246093299800354 ], [ 112.747245156793838, -7.24555893254835 ], [ 112.747198605153017, -7.245143313136505 ], [ 112.747145403277742, -7.244556167599922 ], [ 112.747172004215344, -7.24403499283116 ], [ 112.747185304684152, -7.243559997580332 ], [ 112.747118802340125, -7.243170764987799 ], [ 112.746979147417591, -7.24297944714963 ], [ 112.746347375148957, -7.242425284677456 ], [ 112.745968311787806, -7.242049245469129 ], [ 112.745762154521202, -7.241897510261174 ], [ 112.74570895264597, -7.241989870828618 ], [ 112.745502795379366, -7.242313132665686 ], [ 112.74514368272142, -7.242623199924283 ], [ 112.74478457006353, -7.2427551433739 ], [ 112.743713882324116, -7.242722157515115 ], [ 112.742915854195346, -7.242642991444189 ], [ 112.742164377707454, -7.242570422533626 ], [ 112.741492704032382, -7.242610005577196 ], [ 112.740947384811093, -7.242610005577196 ], [ 112.740568321449942, -7.242623199924283 ], [ 112.740189258088748, -7.242768337716738 ], [ 112.739737042149116, -7.243038821659815 ], [ 112.739437781600856, -7.243177362153178 ], [ 112.739005516364429, -7.243263125294403 ], [ 112.73842029573666, -7.243355485582089 ], [ 112.738280640814125, -7.243507220299346 ], [ 112.738267340345317, -7.24396242414468 ], [ 112.738387044564604, -7.244457210411697 ], [ 112.738493448315097, -7.245077341766045 ], [ 112.738539999955961, -7.245433587051814 ], [ 112.738586551596796, -7.245967954452446 ], [ 112.738666354409673, -7.246330796153403 ], [ 112.738653053940865, -7.246746414470039 ], [ 112.738606502300001, -7.247129046867061 ], [ 112.738240739407658, -7.247115852651882 ], [ 112.737289755887559, -7.24712244975952 ], [ 112.736917342760819, -7.247069672895716 ], [ 112.737043697214531, -7.246403364458536 ], [ 112.737196652605874, -7.245459975580292 ], [ 112.737203302840271, -7.245044356077194 ], [ 112.737076948386587, -7.244384641793189 ], [ 112.73697054463608, -7.243751315172117 ], [ 112.736784338072695, -7.243586386218513 ], [ 112.736451826352379, -7.243487428817384 ], [ 112.736119314632077, -7.24360617769613 ], [ 112.735613896817171, -7.243487428817384 ], [ 112.735188281815198, -7.243434651527899 ], [ 112.734483356968113, -7.242920072631619 ], [ 112.733938037746782, -7.242497853611381 ], [ 112.733292965009383, -7.24188431589285 ], [ 112.732707744381628, -7.241402721184847 ], [ 112.732122523753858, -7.24079577917643 ], [ 112.731796662267939, -7.240241614020545 ], [ 112.731477451016445, -7.239773211988715 ], [ 112.731397648203583, -7.239318003914229 ], [ 112.73109838765528, -7.238044738309832 ], [ 112.730952082498348, -7.237424597284003 ], [ 112.730845678747841, -7.23673848281539 ], [ 112.7307791764038, -7.236408619718726 ], [ 112.730739274997333, -7.235722503705259 ], [ 112.730759225700595, -7.235155137752311 ], [ 112.730679422887704, -7.234666938570718 ], [ 112.729848143586906, -7.233862068496791 ], [ 112.729369326709644, -7.233420049075198 ], [ 112.72865110139378, -7.232872472176616 ], [ 112.728358491079874, -7.232733928518682 ], [ 112.727892974671462, -7.232747123154603 ], [ 112.727640265763995, -7.232773512425289 ], [ 112.727354305684543, -7.232945042647137 ], [ 112.726815636697609, -7.23312317011623 ], [ 112.726276967710717, -7.233281505585307 ], [ 112.72589790434958, -7.23333428406266 ], [ 112.72540578700351, -7.233268310965003 ], [ 112.723051604023709, -7.232753720472419 ], [ 112.72193436464346, -7.232555800896013 ], [ 112.721448897531801, -7.2326085794582 ], [ 112.721335843546882, -7.232905458755566 ], [ 112.721123036045881, -7.233881860401062 ], [ 112.720597667527755, -7.236504280041581 ], [ 112.72047796330844, -7.236913310158849 ], [ 112.72047796330844, -7.237652202333987 ], [ 112.720650869402988, -7.239499427477236 ], [ 112.720704071278263, -7.240409842800561 ], [ 112.720717371747071, -7.241320256286011 ], [ 112.720823775497564, -7.242349417143131 ], [ 112.720930179248086, -7.244143845838981 ], [ 112.72099668159214, -7.245027863231859 ], [ 112.721009982060963, -7.245285151550298 ], [ 112.720793849442757, -7.245311540087473 ], [ 112.720168727408563, -7.245304942953323 ], [ 112.719300871818533, -7.245291748684735 ] ] ] } },
{ "type": "Feature", "properties": { "id": 1, "layer": "D-1", "path": "C:/Users/User/Documents/D-1.shp" }, "geometry": { "type": "MultiLineString", "coordinates": [ [ [ 112.748565778740783, -7.22780465759284 ], [ 112.748145937915609, -7.227305676474762 ], [ 112.747805077047701, -7.227033504723541 ], [ 112.747356138343591, -7.226843809163612 ], [ 112.74689888595978, -7.226687104075775 ], [ 112.746458260935356, -7.226575760954021 ], [ 112.746267046302108, -7.226526275113326 ], [ 112.746113243227555, -7.226909790236967 ], [ 112.745992694871845, -7.227466505159787 ], [ 112.745843048637113, -7.228019095589972 ], [ 112.745768225519754, -7.228324257179634 ], [ 112.745776539199483, -7.228542818732022 ], [ 112.745776539199497, -7.228699523176193 ], [ 112.745826421277755, -7.22928304056257 ], [ 112.745768225519797, -7.229761400543176 ], [ 112.745635206644522, -7.230215017298151 ], [ 112.745128072182453, -7.230891317795915 ], [ 112.744462977805966, -7.231683082945329 ], [ 112.743797883429522, -7.232557322018313 ], [ 112.743274121608053, -7.233241866525815 ], [ 112.743057965935705, -7.233695479784273 ], [ 112.742991456498032, -7.234033627553109 ], [ 112.743091220654506, -7.234330537580304 ], [ 112.743261651088474, -7.234658375508454 ], [ 112.743303219487032, -7.235037759983411 ], [ 112.743328160526133, -7.235351164309138 ], [ 112.743394669963806, -7.235994467243239 ], [ 112.743560943557895, -7.236241891204477 ], [ 112.743843608667902, -7.236497562488567 ], [ 112.744226037934354, -7.236984162274181 ], [ 112.744907759670241, -7.238295504846324 ], [ 112.745082346944059, -7.238716123354519 ], [ 112.745157170061447, -7.239111999239245 ], [ 112.745223679499077, -7.239549111791692 ], [ 112.745315129975822, -7.239944986945328 ], [ 112.745489717249669, -7.240373851302988 ], [ 112.745714186601717, -7.240885189042565 ], [ 112.746005165391423, -7.241610957741939 ], [ 112.746063361149339, -7.241784152372557 ], [ 112.745838891797291, -7.241866625982802 ], [ 112.745705872922002, -7.241817141818466 ], [ 112.745389953093266, -7.241074878701752 ], [ 112.745148856381803, -7.240357356527546 ], [ 112.744990896467399, -7.239944986945334 ], [ 112.744816309193567, -7.239969729130901 ], [ 112.74450870304446, -7.240208903521387 ], [ 112.743398826803741, -7.240802715252823 ], [ 112.743074593295219, -7.241033641826109 ], [ 112.742731654007386, -7.24123364063777 ], [ 112.742729575587305, -7.241363536725658 ], [ 112.74267137982936, -7.241784152372557 ], [ 112.742621497751131, -7.242246004395627 ], [ 112.742397028399083, -7.242509919624972 ], [ 112.742031226492003, -7.242600640449378 ], [ 112.741565660428506, -7.24258414575539 ], [ 112.741100094364953, -7.24258414575539 ], [ 112.740601273582627, -7.242625382489232 ], [ 112.739961120245255, -7.242922286861545 ], [ 112.739271084829696, -7.243210943702715 ], [ 112.738830459805257, -7.243293417051961 ], [ 112.738339952702646, -7.24342537437937 ], [ 112.738306697983816, -7.243755267528895 ], [ 112.738356580062046, -7.244324332644387 ], [ 112.738423089499705, -7.2447779347581 ], [ 112.738614304132909, -7.245635653870803 ], [ 112.738614304132909, -7.246089254664701 ], [ 112.738589363093794, -7.246542855002002 ], [ 112.738655872531453, -7.247021196681231 ], [ 112.738589363093794, -7.247235625545004 ], [ 112.738489598937321, -7.247384076237066 ], [ 112.737117841785874, -7.247128411125875 ], [ 112.736344669573256, -7.246988207616205 ], [ 112.735912358228546, -7.246856251331965 ], [ 112.735064362898527, -7.246707800465999 ], [ 112.734133230771477, -7.246542855002002 ], [ 112.733883820380314, -7.246542855002002 ], [ 112.733609468950007, -7.246600585921272 ], [ 112.733426567996503, -7.246773778634689 ], [ 112.733268608082071, -7.247120163861806 ], [ 112.733127275527096, -7.247623246693615 ], [ 112.732936060893863, -7.248076845486596 ], [ 112.732744846260616, -7.248274779362225 ], [ 112.731655754219148, -7.249181975179398 ], [ 112.730782817850042, -7.249882988877602 ], [ 112.72991819516065, -7.250600495885853 ], [ 112.729519138534755, -7.250963372558208 ], [ 112.729311296542107, -7.251350990498865 ], [ 112.729053572471202, -7.252010764949667 ], [ 112.728887298877112, -7.252390134821111 ], [ 112.728529810649746, -7.253256086590916 ], [ 112.728130754023894, -7.254188013777489 ], [ 112.72780652051533, -7.25577970796147 ], [ 112.727590364842982, -7.256464217200723 ], [ 112.727365895490934, -7.258163115150426 ], [ 112.726867074708579, -7.261676349780062 ], [ 112.726684173755075, -7.26286391584227 ], [ 112.726783937911549, -7.264117454393574 ], [ 112.726983466224453, -7.264793704002538 ], [ 112.727748324757414, -7.266096718672636 ], [ 112.728858200998133, -7.26829863993909 ], [ 112.729061886150959, -7.268793452221783 ], [ 112.729082670350223, -7.269003747276882 ], [ 112.728966278834349, -7.269280017101601 ], [ 112.727769108956693, -7.272281863346229 ], [ 112.727461502807586, -7.273189010735335 ], [ 112.726879545228201, -7.274673429781652 ], [ 112.726887858907901, -7.27515998828968 ], [ 112.727378366010527, -7.275819727797023 ], [ 112.72834275285642, -7.276949529450641 ], [ 112.729090984029938, -7.277807187200668 ], [ 112.729531609054334, -7.278409195988197 ], [ 112.730188389751092, -7.279134904137594 ], [ 112.731518578504023, -7.280718263297112 ], [ 112.732067281364635, -7.281608900367751 ], [ 112.733405783797238, -7.284379759940331 ], [ 112.73405425081431, -7.28571570397169 ], [ 112.735251420691938, -7.288098952261316 ], [ 112.737072116547495, -7.291735649264567 ], [ 112.73780372036164, -7.293269485404264 ], [ 112.738801361926321, -7.295339331218752 ], [ 112.739250300630459, -7.295454780504264 ], [ 112.739433201583964, -7.296180461045525 ], [ 112.739416574224563, -7.297005096595792 ], [ 112.739050772317526, -7.297681296612964 ], [ 112.738319168503409, -7.298308017667542 ], [ 112.737886857158685, -7.298406973543275 ], [ 112.737654074126937, -7.299083171441578 ], [ 112.737200978582962, -7.301218960528762 ], [ 112.736452747409487, -7.304550441286842 ], [ 112.736136827580665, -7.305754386146369 ], [ 112.735687888876555, -7.307205712624405 ], [ 112.73533871432889, -7.30727168189777 ], [ 112.735039421859511, -7.30699131241871 ], [ 112.735388596407148, -7.306381095885587 ], [ 112.736120200221251, -7.305474015715345 ], [ 112.736469374768888, -7.30390723653968 ], [ 112.736835176675953, -7.302142541839801 ], [ 112.737084587067116, -7.301301423223379 ], [ 112.737101214426531, -7.300773661715098 ], [ 112.73670215780065, -7.299767614614766 ], [ 112.73663564836302, -7.299454255219679 ], [ 112.736768667238309, -7.299404777400385 ], [ 112.736768667238309, -7.299404777400385 ], [ 112.736984822910657, -7.299388284792736 ], [ 112.736984822910657, -7.299388284792736 ] ] ] } },
{ "type": "Feature", "properties": { "id": 1, "layer": "F-1", "path": "C:/Users/User/OneDrive/Documents/Route.shp" }, "geometry": { "type": "MultiLineString", "coordinates": [ [ [ 112.751556278612682, -7.214626835090707 ], [ 112.749871372858962, -7.222720660272008 ], [ 112.745969485850367, -7.226327644392714 ], [ 112.749161938857412, -7.228175112914996 ], [ 112.751467599362513, -7.228702959676604 ], [ 112.754305335368755, -7.233541526244671 ], [ 112.754748731619742, -7.236092749555242 ], [ 112.754127976868361, -7.238731930905232 ], [ 112.753241184366388, -7.240755292816929 ], [ 112.752177033364049, -7.243218503760406 ], [ 112.75129024086209, -7.245681701244992 ], [ 112.75129024086209, -7.247089236620259 ], [ 112.750322043578691, -7.248969609049619 ], [ 112.749656949202219, -7.251823141688587 ], [ 112.750226089859751, -7.254830602564757 ], [ 112.751467599362499, -7.258965141200896 ], [ 112.751556278612682, -7.262044028265392 ], [ 112.752177033364049, -7.264067285428839 ], [ 112.75182231636326, -7.265474763301948 ], [ 112.751201561611893, -7.267410038179941 ], [ 112.750669486110723, -7.268817505582792 ], [ 112.751024203111513, -7.269697170470208 ], [ 112.750758165360921, -7.27048886739586 ], [ 112.750048731359371, -7.274007503511104 ], [ 112.74925061810761, -7.276734427530275 ], [ 112.748807221856623, -7.277262217361956 ], [ 112.747565712353904, -7.276734427530275 ], [ 112.746235523600973, -7.276734427530275 ], [ 112.745614768849606, -7.277262217361956 ], [ 112.745437410349197, -7.278669653877692 ], [ 112.746944957602523, -7.280868764593016 ], [ 112.747920429354664, -7.283507683216362 ], [ 112.747477033103692, -7.285706770202863 ], [ 112.745616500865282, -7.287837125430646 ], [ 112.744901524410579, -7.288678269350659 ], [ 112.744768505535291, -7.28890917132693 ], [ 112.74627328156204, -7.290269841269732 ], [ 112.745924107014389, -7.291036762506823 ], [ 112.745649755584097, -7.291548042601888 ], [ 112.744406860468047, -7.290904819161724 ], [ 112.743489238071106, -7.290497993602998 ], [ 112.742801973882095, -7.291927379069429 ], [ 112.742524851225227, -7.294236376722032 ], [ 112.742098082333683, -7.29702365087824 ], [ 112.741621431363924, -7.298238611102803 ], [ 112.74012496901689, -7.299689961978156 ], [ 112.739836761453773, -7.300888422408611 ], [ 112.737907987762014, -7.303175383858867 ], [ 112.736990711767803, -7.304365588735309 ], [ 112.736569485329682, -7.305322148325144 ], [ 112.736303447579076, -7.306201741543456 ], [ 112.735860051328089, -7.3072572511201 ], [ 112.735150617326553, -7.307345210138937 ], [ 112.735948730578329, -7.305322148325144 ], [ 112.736591655142021, -7.303370544690911 ], [ 112.737012881580455, -7.301138559386926 ], [ 112.737434108018874, -7.299357361151807 ], [ 112.735128447513787, -7.299390346368775 ] ] ] } },
{ "type": "Feature", "properties": { "id": 1, "layer": "G-1", "path": "C:/Users/User/Documents/G-1.shp" }, "geometry": { "type": "MultiLineString", "coordinates": [ [ [ 112.737256920354923, -7.298497375246985 ], [ 112.735354953314726, -7.29858972417537 ], [ 112.732322446425428, -7.298748036579674 ], [ 112.731418014546179, -7.299275744189384 ], [ 112.730360627275573, -7.298523760657042 ], [ 112.729230087426515, -7.297639848573056 ], [ 112.729821958288653, -7.296769127499368 ], [ 112.730885995793656, -7.29559497064137 ], [ 112.731670723453576, -7.294447196353275 ], [ 112.73297416939721, -7.29541027152936 ], [ 112.733080573147703, -7.295344307542313 ], [ 112.730759641339887, -7.29354348694053 ], [ 112.729748805710102, -7.2928046866492 ], [ 112.730653237589351, -7.291498590294334 ], [ 112.731398063842875, -7.29010013946903 ], [ 112.731531068531012, -7.289671368294147 ], [ 112.731551019234246, -7.289090877434139 ], [ 112.731570969937408, -7.288101402643363 ], [ 112.731610871343818, -7.286973398716145 ], [ 112.731664073219079, -7.285706864606634 ], [ 112.731577620171819, -7.285522161416588 ], [ 112.731697324391135, -7.285297878869195 ], [ 112.732455451113452, -7.285001034148594 ], [ 112.733595966314155, -7.284446923477451 ], [ 112.735963449762792, -7.283642142473264 ], [ 112.737639308833209, -7.282718621507868 ], [ 112.740618613847246, -7.281399302543075 ], [ 112.741310238225509, -7.278021828306895 ], [ 112.741789055102743, -7.274591555009485 ], [ 112.742480679480991, -7.272915988906284 ], [ 112.742786590263677, -7.271966058888932 ], [ 112.743065900108789, -7.271966058888928 ], [ 112.744901364804932, -7.272784054301838 ], [ 112.746989538408513, -7.273892303774067 ], [ 112.746231411686153, -7.275996650896134 ], [ 112.746284613561429, -7.276458418536929 ], [ 112.749869089906426, -7.277276405762729 ], [ 112.759206019012893, -7.27900472870631 ], [ 112.766398247523298, -7.280007416827455 ], [ 112.766411547992121, -7.27986229105392 ], [ 112.762198624495738, -7.279275190854488 ], [ 112.762248501253708, -7.278585841886663 ], [ 112.762341604535379, -7.275920789023985 ], [ 112.762315003597664, -7.273994552843468 ], [ 112.761516975468922, -7.273005044742352 ], [ 112.760612543589673, -7.271105183074768 ], [ 112.760825351090617, -7.268149826727215 ], [ 112.760884787560954, -7.266334054060874 ], [ 112.760991191311433, -7.266162536554147 ], [ 112.761483308657517, -7.265898663339042 ], [ 112.764648820234882, -7.265925050667525 ], [ 112.766331745179045, -7.266276331830338 ], [ 112.769623195570816, -7.266901380732093 ], [ 112.770474425574818, -7.267389544968849 ], [ 112.771458660266944, -7.268022838323455 ], [ 112.771817772924976, -7.268253726303587 ], [ 112.772180210700114, -7.268332887869462 ], [ 112.774006115683974, -7.268572021681652 ] ] ] } },
{ "type": "Feature", "properties": { "id": 1, "layer": "I-1", "path": "C:/Users/User/Documents/I-1.shp" }, "geometry": { "type": "MultiLineString", "coordinates": [ [ [ 112.608026660549001, -7.235843950933756 ], [ 112.60846936399335, -7.235714053256475 ], [ 112.609027419743569, -7.235550134705591 ], [ 112.609560534454715, -7.235417144139427 ], [ 112.6102058838419, -7.235268689507651 ], [ 112.610969703164841, -7.235098585182043 ], [ 112.612319636907088, -7.234863531826599 ], [ 112.6134419836674, -7.234616107109677 ], [ 112.613978216008391, -7.234575900580363 ], [ 112.614614212505856, -7.234764561956102 ], [ 112.615181621145808, -7.235064564309219 ], [ 112.616332026575122, -7.235825394125005 ], [ 112.617180021905114, -7.236267664525941 ], [ 112.619462126984331, -7.237715091898131 ], [ 112.623128459734588, -7.239570761223103 ], [ 112.626121384428686, -7.240783127725506 ], [ 112.628440901066597, -7.241624359709745 ], [ 112.630635712508933, -7.24247796114836 ], [ 112.633878047594251, -7.244308868927889 ], [ 112.635711213969373, -7.245335658549426 ], [ 112.636147682153933, -7.245768641423561 ], [ 112.636422033584196, -7.246251107564692 ], [ 112.636596620858043, -7.246510896811342 ], [ 112.63738226359024, -7.247030474855305 ], [ 112.638267670478911, -7.247401601662728 ], [ 112.639814014904204, -7.24764901936451 ], [ 112.641110948938291, -7.247945920427295 ], [ 112.641796827514028, -7.248218079562958 ], [ 112.642345530374627, -7.248811880742772 ], [ 112.643181055185039, -7.24957887277484 ], [ 112.643679875967393, -7.249888143386017 ], [ 112.644652576492959, -7.25016030134818 ], [ 112.645288572990481, -7.250259267839103 ], [ 112.646024333644448, -7.250618021186377 ], [ 112.647059386767822, -7.251112852920562 ], [ 112.648094439891182, -7.251508717916407 ], [ 112.65234688706073, -7.252387042133204 ], [ 112.655215106559254, -7.253178769536304 ], [ 112.656836274101863, -7.253525149837324 ], [ 112.658457441644515, -7.253871529871821 ], [ 112.659854139835076, -7.254514806371592 ], [ 112.661600012573302, -7.255207564650871 ], [ 112.663395767389758, -7.255751873979379 ], [ 112.665291286362674, -7.256221958778735 ], [ 112.666837630787953, -7.256370406508086 ], [ 112.668234328978556, -7.256988938186585 ], [ 112.668695738202231, -7.257125015041744 ], [ 112.670254553147061, -7.257285833090243 ], [ 112.671115018996616, -7.257434280468605 ], [ 112.671925602767928, -7.25786725170906 ], [ 112.672860891734828, -7.257830139904782 ], [ 112.67354677031058, -7.257929104709402 ], [ 112.673908415377781, -7.257990957701235 ], [ 112.674743940188179, -7.257990957701235 ], [ 112.676377578250367, -7.258225998992641 ], [ 112.677537336569358, -7.258448669576486 ], [ 112.678909093720804, -7.258436298991382 ], [ 112.679794500609475, -7.258337334298337 ], [ 112.680879435811093, -7.258683710628744 ], [ 112.681976841532233, -7.258807416396399 ], [ 112.68443353388534, -7.259054827829642 ], [ 112.685967407791054, -7.25927749800321 ], [ 112.687164577668668, -7.25942594472435 ], [ 112.688411629624582, -7.259673355817378 ], [ 112.689434212228363, -7.260106324902691 ], [ 112.690207384441024, -7.260378476685833 ], [ 112.691067850290551, -7.260427958810529 ], [ 112.691728787827174, -7.260625887254868 ], [ 112.692738899911419, -7.260935150274755 ], [ 112.693549483682759, -7.261541305176765 ], [ 112.693686659397883, -7.261875308549111 ], [ 112.694235362258482, -7.262246423116285 ], [ 112.695008534471114, -7.26258042596484 ], [ 112.695744295125095, -7.263075244543633 ], [ 112.696529937857335, -7.264027768774477 ], [ 112.697078640717919, -7.264646289921423 ], [ 112.697776989813178, -7.265029772605074 ], [ 112.698437927349786, -7.265339032595493 ], [ 112.699560274110084, -7.265846218519081 ], [ 112.700283564244444, -7.266242070549517 ], [ 112.700832267105042, -7.266415255703182 ], [ 112.701256264770052, -7.266477107527603 ], [ 112.701705203474148, -7.26687295900227 ], [ 112.702079319060928, -7.267145106688809 ], [ 112.70246590516723, -7.267330661835118 ], [ 112.702939784910456, -7.267318291494416 ], [ 112.703638134005757, -7.267070884608826 ], [ 112.704910127000787, -7.266811107232342 ], [ 112.706007532721927, -7.266600811150899 ], [ 112.706905410130176, -7.266105996453387 ], [ 112.707641170784115, -7.266551329705665 ], [ 112.708202344164263, -7.267145106688809 ], [ 112.708676223907503, -7.267466735560376 ], [ 112.709885864304709, -7.267825475183961 ], [ 112.710821153271596, -7.267998659727309 ], [ 112.712043264188338, -7.268134733250244 ], [ 112.713203022507329, -7.268184214521094 ], [ 112.713988665239484, -7.268332658300944 ], [ 112.71481171953036, -7.268815100246674 ], [ 112.716171006162284, -7.269334652531855 ], [ 112.71710629512917, -7.269483095931526 ], [ 112.718203700850353, -7.269928425836187 ], [ 112.719176401375918, -7.270250052714942 ], [ 112.719887220990799, -7.270336644527559 ], [ 112.720772627879469, -7.270349014785143 ], [ 112.721919915678868, -7.270707752106827 ], [ 112.722481089059016, -7.271153080797135 ], [ 112.723142026595625, -7.271759221915969 ], [ 112.723665788417094, -7.272105587902218 ], [ 112.723990021925616, -7.272464323820586 ], [ 112.72452625426665, -7.273033352620405 ], [ 112.725037545568497, -7.273874524307686 ], [ 112.726122480770101, -7.274765174964376 ], [ 112.726571419474212, -7.274827025638797 ], [ 112.726920594021877, -7.27513627888305 ], [ 112.727207415971719, -7.275581603180416 ], [ 112.727581531558457, -7.276138257930703 ], [ 112.728404585849333, -7.276967053723927 ], [ 112.72897822974906, -7.277709257612575 ], [ 112.730187870146253, -7.279094701586144 ], [ 112.73097351287845, -7.280170891719815 ], [ 112.73179656716934, -7.28103678995261 ], [ 112.732370211069011, -7.282323264239661 ], [ 112.733729497700921, -7.285168338495905 ], [ 112.734664786667807, -7.286640348087257 ], [ 112.735300783165314, -7.287914436518583 ], [ 112.735051372774123, -7.288050504001006 ], [ 112.73432808263972, -7.286665087702939 ], [ 112.73350502834883, -7.28498279072529 ], [ 112.732769267694891, -7.28346129610897 ], [ 112.731727979311742, -7.281333668961832 ], [ 112.730855042942636, -7.280208001678367 ], [ 112.728535526304739, -7.277449486391206 ], [ 112.728242469095122, -7.277084569421439 ], [ 112.728049176041949, -7.277041274168041 ], [ 112.727918235586557, -7.27728249052662 ], [ 112.727787295131208, -7.27759174207868 ], [ 112.727643884156294, -7.27804943398453 ], [ 112.727737413052949, -7.278315389877492 ], [ 112.727837177209423, -7.278599900658193 ], [ 112.727793530390969, -7.279032851499997 ], [ 112.727743648312753, -7.279373026868259 ], [ 112.727949411885476, -7.279558576960391 ], [ 112.728186351757074, -7.27972557197768 ], [ 112.728504350005835, -7.279923491917659 ], [ 112.728797407215453, -7.280071931815328 ], [ 112.729059288126194, -7.280226556656493 ], [ 112.729277522218482, -7.280523436202087 ], [ 112.729277522218482, -7.280733725761313 ], [ 112.729227640140223, -7.28103678995261 ], [ 112.729109170204438, -7.281333668961832 ], [ 112.72905928812618, -7.281469738442039 ], [ 112.729127875983764, -7.281809911961907 ], [ 112.728928347670802, -7.281958351235155 ], [ 112.728766230916548, -7.282026385885636 ], [ 112.728136469678844, -7.282082050591992 ], [ 112.727812236170294, -7.282100605492572 ], [ 112.72756906103892, -7.282181010052887 ], [ 112.727338356427111, -7.28237892890916 ], [ 112.727088946035906, -7.282712916780998 ], [ 112.726951770320767, -7.283034534496509 ], [ 112.726770947787159, -7.28325100782896 ], [ 112.726527772655771, -7.28338707672729 ], [ 112.726216009666814, -7.283442741264702 ], [ 112.725654836286679, -7.283399446625088 ], [ 112.725505190051976, -7.283467481056888 ], [ 112.725405425895474, -7.283356151981298 ], [ 112.724850487775129, -7.283257192779784 ], [ 112.722774146268605, -7.282879910623622 ], [ 112.722212972888457, -7.282774766359595 ], [ 112.721377448078016, -7.282855170799009 ], [ 112.720591805345819, -7.28302834954262 ], [ 112.720510746968671, -7.283022164588639 ], [ 112.720510746968671, -7.283077829171365 ], [ 112.718602757476219, -7.282824246016325 ], [ 112.717330764481218, -7.28252736799403 ], [ 112.716532651229471, -7.282279969491944 ], [ 112.715011247843307, -7.281822281903222 ], [ 112.712196028052944, -7.280981125116506 ], [ 112.711909206103101, -7.280882165390808 ], [ 112.711740854089044, -7.280950200204571 ], [ 112.711641089932556, -7.281247079271111 ], [ 112.711641089932556, -7.281247079271111 ] ] ] } },
{ "type": "Feature", "properties": { "id": 1, "layer": "J-1", "path": "C:/Users/User/Documents/J-1.shp" }, "geometry": { "type": "MultiLineString", "coordinates": [ [ [ 112.709568253765013, -7.229923049944959 ], [ 112.710805197364607, -7.230200138943176 ], [ 112.711436969633198, -7.230299099258479 ], [ 112.712062091667391, -7.23044424101504 ], [ 112.7119822888545, -7.230721329693479 ], [ 112.711516772446089, -7.232924838369602 ], [ 112.711323915648293, -7.233795683144877 ], [ 112.711277364007458, -7.234046380571786 ], [ 112.71142366916439, -7.234277285973389 ], [ 112.71221504705872, -7.235596743144966 ], [ 112.712979824015463, -7.236949182742196 ], [ 112.713924157301179, -7.238552313209222 ], [ 112.714263319255906, -7.239172452684802 ], [ 112.714409624412838, -7.239522105417504 ], [ 112.71470223472673, -7.240043285402733 ], [ 112.715280805120088, -7.240973491221369 ], [ 112.716165286296118, -7.242391886471001 ], [ 112.716364793328324, -7.242649176293994 ], [ 112.71652439895405, -7.242860285782683 ], [ 112.716743856689476, -7.242939451815456 ], [ 112.716903462315216, -7.243137366836563 ], [ 112.716983265128107, -7.243394656234113 ], [ 112.716936713487257, -7.243460627850854 ], [ 112.716165286296146, -7.243463926431437 ], [ 112.715779572700598, -7.243401253396217 ], [ 112.715496937738322, -7.243378163328415 ], [ 112.715503587972705, -7.243569480997372 ], [ 112.715526863793116, -7.243701424170031 ], [ 112.715473661917869, -7.244029632644508 ], [ 112.715473661917869, -7.244098902744256 ], [ 112.715817811548419, -7.244169822121068 ], [ 112.716087146041815, -7.244224248611982 ], [ 112.716549337333063, -7.244342997296623 ], [ 112.716692317372789, -7.244408968774571 ], [ 112.71667236666957, -7.24455410599207 ], [ 112.71663246526316, -7.244959830238502 ], [ 112.717270887766148, -7.24499281593354 ], [ 112.71971817402769, -7.245124758689558 ], [ 112.72083541340794, -7.245124758689558 ], [ 112.721034920440133, -7.245269895676553 ], [ 112.721008319502516, -7.246404601418195 ], [ 112.720938492041242, -7.24755084922992 ], [ 112.720755610595091, -7.247547550679249 ], [ 112.720775561298311, -7.247224292596429 ], [ 112.720832088290734, -7.245921362258336 ], [ 112.720838738525146, -7.245340814869112 ], [ 112.719468790237457, -7.245261649258094 ], [ 112.717260912414559, -7.245156095088434 ], [ 112.717487020384368, -7.245274843527559 ], [ 112.717560172962862, -7.245532131704998 ], [ 112.717586773900479, -7.245881779505552 ], [ 112.717240961711326, -7.246528297365574 ], [ 112.716888499287791, -7.247194605618012 ], [ 112.716097121393418, -7.248586592945931 ], [ 112.715924215298841, -7.248929641295044 ], [ 112.715751309204293, -7.249470601622439 ], [ 112.715511900765719, -7.250064337819259 ], [ 112.715511900765719, -7.250235861463729 ], [ 112.715605004047404, -7.250499743866134 ], [ 112.715684806860253, -7.250816402544908 ], [ 112.715644905453829, -7.251251807864658 ], [ 112.715724708266691, -7.25158166009934 ], [ 112.715764609673144, -7.25189831801731 ], [ 112.715671506391459, -7.252294140101597 ], [ 112.715897614361268, -7.252360110415149 ], [ 112.716043919518199, -7.252960439824234 ], [ 112.716137022799899, -7.253254007210855 ], [ 112.716289978191227, -7.25340573859407 ], [ 112.716429633113762, -7.253663022126982 ], [ 112.716482834989023, -7.253860932436848 ], [ 112.716579263387885, -7.254180887253759 ], [ 112.716705617841612, -7.254296334812271 ], [ 112.71690844999101, -7.254424976342591 ], [ 112.717367316165053, -7.254464558344524 ], [ 112.718727289101167, -7.254649274307513 ], [ 112.71889687007851, -7.254695453286417 ], [ 112.71889687007851, -7.254814199210411 ], [ 112.718813742148427, -7.254982422549111 ], [ 112.718723963983962, -7.255447510275925 ], [ 112.718541082537769, -7.255955477882302 ], [ 112.718574333709796, -7.256014850681987 ], [ 112.719448839534209, -7.256235849367517 ], [ 112.720173715084485, -7.256354594885063 ], [ 112.720931841806845, -7.256473340371276 ], [ 112.721477161028176, -7.2565393100723 ], [ 112.722458070603096, -7.256697637315292 ], [ 112.72379144260151, -7.256925232629488 ], [ 112.724509667917431, -7.257043977965113 ], [ 112.725214592764473, -7.257096753659773 ], [ 112.725906217142736, -7.256931829593402 ], [ 112.725819764095434, -7.257624510265901 ], [ 112.725739961282585, -7.258000536470083 ], [ 112.725480602140735, -7.259465056585138 ], [ 112.725374198390256, -7.260302865497762 ], [ 112.725287745342968, -7.260639308007717 ], [ 112.725134789951625, -7.260857005968267 ], [ 112.725001785263501, -7.261186851162237 ], [ 112.724941933153858, -7.261477114732792 ], [ 112.724862130340966, -7.261846540824326 ], [ 112.724722475418403, -7.262552407690896 ], [ 112.724576170261471, -7.263264870320279 ], [ 112.724496367448594, -7.263851991453261 ], [ 112.724276909713168, -7.265111990396989 ], [ 112.724163855728293, -7.265725496457396 ], [ 112.723844644476785, -7.267539622380955 ], [ 112.723718290023072, -7.268186109121666 ], [ 112.723678388616648, -7.268463174582892 ], [ 112.722448095251451, -7.268291657888948 ], [ 112.720725684540184, -7.267994801917755 ], [ 112.720253517897376, -7.267922237094965 ], [ 112.718950071953742, -7.267658364913278 ], [ 112.717686527416518, -7.267381298955709 ], [ 112.71712125749201, -7.267295540410408 ], [ 112.71704810491353, -7.267500041529873 ], [ 112.716895149522159, -7.268311448280056 ], [ 112.716782095537283, -7.269076676067487 ], [ 112.716742194130816, -7.269366934542393 ], [ 112.71740056733708, -7.269446095912088 ], [ 112.718005738668026, -7.269736354148272 ], [ 112.719056475704249, -7.270171741150837 ], [ 112.719861154067416, -7.27033006359258 ], [ 112.72054612821124, -7.27032346682529 ], [ 112.721078146963762, -7.270402628026391 ], [ 112.721929376967765, -7.270673095358223 ], [ 112.722308440328916, -7.270903981976023 ], [ 112.722833808847, -7.271385545111147 ], [ 112.723631836975784, -7.27203202631614 ], [ 112.724090703149812, -7.272539975181365 ], [ 112.724556219558252, -7.273014939834124 ], [ 112.724935282919418, -7.273588854785783 ], [ 112.725094888545144, -7.273879110344024 ], [ 112.725507203078365, -7.274228736108168 ], [ 112.725866315736312, -7.274512394546903 ], [ 112.726065822768504, -7.274683908864753 ], [ 112.7264116349576, -7.274835633014369 ], [ 112.727409170118577, -7.275818540393379 ], [ 112.728027641918359, -7.276504595274834 ], [ 112.729085029188965, -7.27782392863712 ], [ 112.7299894610682, -7.27893216566317 ], [ 112.730827390603395, -7.279901870814961 ], [ 112.731405960996739, -7.280568129602131 ], [ 112.731951280218055, -7.281445478772355 ], [ 112.732350294282455, -7.282283246678604 ], [ 112.733238100575662, -7.284044533155928 ], [ 112.733587237882006, -7.284753663397868 ], [ 112.73445509347205, -7.286478659255629 ], [ 112.735219870428736, -7.288015648058544 ], [ 112.736263957230577, -7.290146314801803 ], [ 112.735891544103822, -7.290416770226964 ], [ 112.735432677929779, -7.290654243148538 ], [ 112.73454154651931, -7.291267714279773 ], [ 112.733756818859348, -7.292118656715569 ], [ 112.733304602919745, -7.292534232666243 ], [ 112.732619628775865, -7.293325804838492 ], [ 112.731934654632028, -7.294156954112992 ], [ 112.731509039630055, -7.294704456363393 ], [ 112.73110337533123, -7.295251957944076 ], [ 112.729361013916858, -7.297435361200383 ], [ 112.729234659463131, -7.29765963766864 ], [ 112.729627023293105, -7.297943281276314 ], [ 112.730651159391698, -7.298767825626237 ], [ 112.731409286113987, -7.299275744189349 ], [ 112.73177504900633, -7.299018486807384 ], [ 112.732805835339292, -7.298662284034262 ], [ 112.733304602919759, -7.298655687683937 ], [ 112.734661250738668, -7.298583127823939 ], [ 112.735858292931795, -7.298510567952171 ], [ 112.73682839587579, -7.298429762626581 ], [ 112.737214109471353, -7.298380289971059 ] ] ] } },
{ "type": "Feature", "properties": { "id": 1, "layer": "JM-1", "path": "C:/Users/User/Documents/JM-1.shp" }, "geometry": { "type": "MultiLineString", "coordinates": [ [ [ 112.73720538104007, -7.299282752801803 ], [ 112.737093158334432, -7.299334698985163 ], [ 112.735559448024489, -7.299438591333785 ], [ 112.734960926927926, -7.299453433095904 ], [ 112.733329956939798, -7.29940890780807 ], [ 112.732529434973145, -7.299460853976782 ], [ 112.731856098739499, -7.299720584729834 ], [ 112.731107947368798, -7.300009998819861 ], [ 112.729394680729868, -7.300655614191982 ], [ 112.728953271421162, -7.300900502537603 ], [ 112.728227564591549, -7.301227020123166 ], [ 112.727344745974136, -7.301724216897804 ], [ 112.726783632446072, -7.302087838069554 ], [ 112.726200074376948, -7.302837342000824 ], [ 112.725751183554522, -7.303638790358995 ], [ 112.724920735533047, -7.304855801784945 ], [ 112.724299769895396, -7.305620142632754 ], [ 112.723603989120605, -7.306243487599138 ], [ 112.722272279680752, -7.306918776998189 ], [ 112.721434350145586, -7.307096875131169 ], [ 112.720319604603233, -7.3071191373928 ], [ 112.718950487594839, -7.307364022197535 ], [ 112.717813297511341, -7.307497595670817 ], [ 112.716384328393289, -7.307571803138727 ], [ 112.715710992159643, -7.307490174923354 ], [ 112.714768321432558, -7.307282393944202 ], [ 112.714244615473064, -7.307223027932411 ], [ 112.713496464102363, -7.307386284445855 ], [ 112.712209643744742, -7.308551340559918 ], [ 112.711431566319234, -7.309375040819861 ], [ 112.710593636784026, -7.3103694156866 ], [ 112.710369191372806, -7.311423153800898 ], [ 112.709875411468161, -7.312254269432837 ], [ 112.709471409727982, -7.312788557236461 ], [ 112.70791525487688, -7.312788557236461 ], [ 112.705581022600271, -7.31298149434175 ], [ 112.704159534995952, -7.313144748750338 ], [ 112.702962492802797, -7.313500939980029 ], [ 112.702244267486947, -7.313619670326775 ], [ 112.700508556306886, -7.313708718066111 ], [ 112.699072105675114, -7.313812607072887 ], [ 112.696453575877655, -7.313901654773737 ], [ 112.694089417546223, -7.313990702456823 ], [ 112.692623040859601, -7.313797765787683 ], [ 112.691530739858408, -7.313352527002193 ], [ 112.689854880787991, -7.312551096069337 ], [ 112.687460796401751, -7.311660615567874 ], [ 112.68615901301672, -7.311452836528679 ], [ 112.683720039548191, -7.311007595404858 ], [ 112.682777368821121, -7.310888864363535 ], [ 112.681460622408665, -7.310666243575972 ], [ 112.68008402388655, -7.310443622677435 ], [ 112.676178673731428, -7.309508613691867 ], [ 112.673335698522777, -7.308914956177232 ], [ 112.671480283123401, -7.308410346669488 ], [ 112.670103684601301, -7.308039309903108 ], [ 112.666961448844333, -7.307208186428235 ], [ 112.664956403170834, -7.306748099554142 ], [ 112.662711949058689, -7.306362219875113 ], [ 112.658671931656883, -7.305887290581957 ], [ 112.656487329654396, -7.305783399731798 ], [ 112.654003467103649, -7.305620142632754 ], [ 112.650143006030774, -7.305456885474072 ], [ 112.642407120857669, -7.305219420409536 ], [ 112.638950661524987, -7.305085846255284 ], [ 112.63803791685271, -7.304922588901434 ], [ 112.636855837687023, -7.304655440375599 ], [ 112.634536568437809, -7.303616527924001 ], [ 112.633638786792972, -7.303423586774288 ], [ 112.631708556256541, -7.303008020938247 ], [ 112.630346920761866, -7.302770554572788 ], [ 112.627324389224171, -7.302518246421297 ], [ 112.623044963383748, -7.302087838069552 ], [ 112.620336655421767, -7.301969104658228 ], [ 112.618780500570736, -7.301776162797584 ], [ 112.615892636279767, -7.301078603068371 ], [ 112.612944919879197, -7.300336517055575 ], [ 112.60636118781693, -7.298332878671003 ], [ 112.602171540140986, -7.296878379999703 ], [ 112.598879674109838, -7.296076919527739 ], [ 112.594764841570992, -7.294741148884812 ], [ 112.593567799377823, -7.294295891117927 ], [ 112.591637568841392, -7.294132629825755 ], [ 112.588959186934275, -7.293910000695023 ] ] ] } },
{ "type": "Feature", "properties": { "id": 1, "layer": "K-1", "path": "C:/Users/User/Documents/K-1.shp" }, "geometry": { "type": "MultiLineString", "coordinates": [ [ [ 112.734479200572181, -7.19964139487225 ], [ 112.735386957568721, -7.203748507108409 ], [ 112.735706168820215, -7.205754215866969 ], [ 112.736291389447985, -7.208828739032577 ], [ 112.736450995073724, -7.209646848978163 ], [ 112.736530797886587, -7.210887206399605 ], [ 112.73663720163708, -7.212800517036236 ], [ 112.736743605387588, -7.214792990552705 ], [ 112.736810107731657, -7.216561138513113 ], [ 112.73678350679404, -7.217141722903833 ], [ 112.736723654684411, -7.217583758247231 ], [ 112.736657152340328, -7.217814672060857 ], [ 112.736580674644657, -7.218065378353635 ], [ 112.736537448121027, -7.218411748661132 ], [ 112.736457645308121, -7.219137476064493 ], [ 112.736447669956519, -7.219681770852889 ], [ 112.736401118315698, -7.220727474759786 ], [ 112.736347916440423, -7.221393821098457 ], [ 112.73629471456519, -7.221776474987707 ], [ 112.736254813158723, -7.222297675453859 ], [ 112.736155059642655, -7.22240983243764 ], [ 112.736022054954503, -7.222469209653083 ], [ 112.734319594946513, -7.222561574194942 ], [ 112.733262207675878, -7.22257476912795 ], [ 112.73284324290826, -7.22266713364824 ], [ 112.732563933063204, -7.222785888003749 ], [ 112.732351125562204, -7.222957422017735 ], [ 112.732284623218121, -7.223564388006175 ], [ 112.732071815717148, -7.224659563705973 ], [ 112.731872308684956, -7.225200553132725 ], [ 112.731592998839886, -7.225847100622578 ], [ 112.730528961334855, -7.22805063307758 ], [ 112.729757534143715, -7.229792339748406 ], [ 112.728879703202054, -7.231336119591688 ], [ 112.728533891012958, -7.232048631585474 ], [ 112.728480689137697, -7.232246551384206 ], [ 112.728653595232274, -7.23240488716073 ], [ 112.729039308827836, -7.232853504892651 ], [ 112.730156548208072, -7.233803517441588 ], [ 112.730914674930389, -7.234410468856677 ], [ 112.731699402590365, -7.234542414708481 ], [ 112.7341333883831, -7.235268116203915 ], [ 112.736593975113408, -7.236152150994467 ], [ 112.737006289646615, -7.236320381299513 ], [ 112.737172545506766, -7.236356666259046 ] ] ] } },
{ "type": "Feature", "properties": { "id": 1, "layer": "L-1", "path": "C:/Users/User/Documents/L-1.shp" }, "geometry": { "type": "MultiLineString", "coordinates": [ [ [ 112.73635456667499, -7.208438651814496 ], [ 112.736520822535169, -7.209269957785577 ], [ 112.736381167612649, -7.209263360125146 ], [ 112.736454320191086, -7.209830758570965 ], [ 112.736534123003977, -7.210220019884325 ], [ 112.736547423472786, -7.210800612408005 ], [ 112.736554073707183, -7.211368008927884 ], [ 112.736627226285663, -7.212133333340077 ], [ 112.736653827223293, -7.212819485161545 ], [ 112.736680428160909, -7.213538623935225 ], [ 112.736766881208212, -7.214930715012246 ], [ 112.736786831911431, -7.215808192021903 ], [ 112.736813432849075, -7.216296411576312 ], [ 112.736793482145856, -7.216745045297026 ], [ 112.736840033786692, -7.217061727655602 ], [ 112.736766881208197, -7.217404799960601 ], [ 112.736740280270595, -7.217526854467907 ], [ 112.736710354215788, -7.217721481857391 ], [ 112.73665050210613, -7.217919407930322 ], [ 112.736574024410444, -7.218193205521793 ], [ 112.736524147652389, -7.218490094289142 ], [ 112.736484246245965, -7.218942024594272 ], [ 112.736467620659937, -7.219469825838901 ], [ 112.736437694605087, -7.219829390084099 ], [ 112.736414418784662, -7.220621090166799 ], [ 112.736341266206168, -7.221379801445493 ], [ 112.736254813158922, -7.222204486174108 ], [ 112.736228212221263, -7.222435397628566 ], [ 112.736028705189099, -7.222461787501572 ], [ 112.734871564402397, -7.222521164710192 ], [ 112.733095951815912, -7.222600334309556 ], [ 112.732657036345074, -7.222705893753806 ], [ 112.732377726500033, -7.222910415106909 ], [ 112.732271322749511, -7.223913228144315 ], [ 112.731998663138882, -7.224803882595029 ], [ 112.731526496496016, -7.225965029465485 ], [ 112.731067630321974, -7.226882069487502 ], [ 112.730269602193246, -7.228742533453936 ], [ 112.729770834612751, -7.229626581022012 ], [ 112.729318618673148, -7.230583197709854 ], [ 112.728846452030254, -7.231427657653823 ], [ 112.728474038903514, -7.232041209591324 ], [ 112.728447437965897, -7.232357881232858 ], [ 112.728347684449801, -7.232463438397346 ], [ 112.72745655303936, -7.232839485595265 ], [ 112.726671825379398, -7.23316275398872 ], [ 112.726372564831138, -7.233215532479958 ], [ 112.725966900532327, -7.233314492134392 ], [ 112.725208773810024, -7.233182545923659 ], [ 112.723266905363346, -7.232733928518702 ], [ 112.722402374890535, -7.232582190177897 ], [ 112.721391539260779, -7.232437049108539 ], [ 112.720427255271829, -7.232153364156437 ], [ 112.718937602764839, -7.231863081695354 ], [ 112.717161990178354, -7.231520020364383 ], [ 112.715705588843377, -7.231229737496139 ], [ 112.713863473912809, -7.230814104882649 ], [ 112.711422837885706, -7.230345693066098 ], [ 112.70987333326903, -7.23004221472842 ], [ 112.707771859196626, -7.229606788931213 ], [ 112.707013732474323, -7.229507828464216 ], [ 112.70563713395218, -7.229501231098982 ], [ 112.703987875819422, -7.229514425829358 ], [ 112.70139428440099, -7.229494633733645 ], [ 112.699206357281327, -7.229534217924205 ], [ 112.697537148445349, -7.229514425829358 ], [ 112.694757350463505, -7.229474841637066 ], [ 112.693726564130515, -7.229488036368217 ], [ 112.69115292341526, -7.229527620559351 ], [ 112.689536916454543, -7.229468244271347 ], [ 112.687149482302686, -7.229514425829358 ], [ 112.684456137368088, -7.229633178385419 ], [ 112.683099489549292, -7.229798112439267 ], [ 112.682966484861069, -7.229969643791375 ], [ 112.682700475484864, -7.236672510215374 ], [ 112.682607372203123, -7.240459321841589 ], [ 112.682514268921508, -7.243480831656556 ], [ 112.682314761889316, -7.243494025978154 ], [ 112.682121905091535, -7.243467637334571 ], [ 112.68232806235811, -7.23708154018014 ], [ 112.682461067046191, -7.23333428406268 ], [ 112.682567470796698, -7.229811307160973 ], [ 112.682301461420494, -7.229732138824955 ], [ 112.674720194197292, -7.229817904521679 ], [ 112.673416748253658, -7.229817904521679 ], [ 112.67198694785634, -7.229224141671989 ], [ 112.670956161523335, -7.228669962308072 ], [ 112.668867987919782, -7.227535211965447 ], [ 112.667232030255761, -7.226651160304753 ], [ 112.665449767434893, -7.225628561077064 ], [ 112.663773908364533, -7.224724713381591 ], [ 112.658121209119187, -7.221643700722298 ], [ 112.655913331296304, -7.220376982789082 ], [ 112.655274908793274, -7.218476899236951 ], [ 112.65476949097841, -7.218212998112346 ], [ 112.653333040346652, -7.218846360552758 ] ] ] } },
{ "type": "Feature", "properties": { "id": 1, "layer": "LMJ-1", "path": "C:/Users/User/Documents/LMJ-1.shp" }, "geometry": { "type": "MultiLineString", "coordinates": [ [ [ 112.735761448894678, -7.23582970940129 ], [ 112.737100639848265, -7.236319556641443 ], [ 112.73804331057535, -7.236616433497891 ], [ 112.73772160548593, -7.237640657153215 ], [ 112.73745227099252, -7.238223276093564 ], [ 112.737418604180846, -7.238590659624534 ], [ 112.737388678125981, -7.238753941097814 ], [ 112.737422344937698, -7.239295738290261 ], [ 112.737605642023524, -7.240509213202568 ], [ 112.73808071814392, -7.243014082281663 ], [ 112.738215385390632, -7.243689466821728 ], [ 112.738559535021153, -7.245559757189795 ], [ 112.738649313185618, -7.24619802911049 ], [ 112.738626868644516, -7.247021843857694 ], [ 112.73854083123689, -7.247370665864311 ], [ 112.73752708612956, -7.247199965767155 ], [ 112.736861231409634, -7.247114615694326 ], [ 112.736049487172437, -7.246895674129219 ], [ 112.734874889520384, -7.246706419470264 ], [ 112.734493332321321, -7.246609936672363 ], [ 112.733786329276043, -7.246331620793438 ], [ 112.732742658113864, -7.245956821804868 ], [ 112.732028173554866, -7.245767566751602 ], [ 112.731137873423719, -7.245652529327441 ], [ 112.730767538495201, -7.245596866047147 ], [ 112.729925868203182, -7.245363080194827 ], [ 112.728878456284164, -7.245110739773686 ], [ 112.727924563286493, -7.24509218532538 ], [ 112.726937003477161, -7.245170114003137 ], [ 112.725904554585611, -7.245259175332645 ], [ 112.725190070026585, -7.245259175332645 ], [ 112.724064102213674, -7.245225777336139 ], [ 112.722395724656977, -7.245236910001918 ], [ 112.721037829919112, -7.245296284214744 ], [ 112.718931783810561, -7.245233199113354 ], [ 112.718045224436281, -7.245222066447489 ], [ 112.716971627219593, -7.245262886221 ], [ 112.716208512821481, -7.245151559557281 ], [ 112.715602510211198, -7.245062498206507 ], [ 112.714210948661687, -7.24472851798436 ], [ 112.713156055228978, -7.244505864365438 ], [ 112.7118093827617, -7.244038291407694 ], [ 112.709722040437427, -7.243214471206825 ], [ 112.707672105681482, -7.24287677870746 ], [ 112.704140831211745, -7.243737708535877 ], [ 112.702285415812355, -7.244361139454154 ], [ 112.698843919507127, -7.244331452287122 ], [ 112.693636785966987, -7.243114276755382 ], [ 112.687591722891625, -7.24181545777706 ], [ 112.686880979089466, -7.241659599248232 ], [ 112.68452430227174, -7.241013899054899 ], [ 112.683596594572052, -7.240887727644767 ], [ 112.683095333153659, -7.240858040249019 ], [ 112.682983110448063, -7.240887727644767 ], [ 112.682743702009446, -7.241036164594199 ], [ 112.682743702009446, -7.241036164594199 ], [ 112.682571627194193, -7.241325616505048 ], [ 112.682571627194193, -7.241830301443657 ], [ 112.682519256598226, -7.242936153231169 ], [ 112.68243695994741, -7.245088474435625 ], [ 112.68243695994741, -7.245088474435625 ], [ 112.682377107837738, -7.246424392772181 ], [ 112.682362144810327, -7.247552498505362 ], [ 112.682205033022555, -7.251879351533811 ], [ 112.681980587611349, -7.253571488579348 ], [ 112.681501770734087, -7.254669889923785 ], [ 112.680738656335947, -7.257386195250198 ], [ 112.680858360555263, -7.258083822933415 ], [ 112.681142658076155, -7.258499430400689 ], [ 112.681516733761498, -7.258766606426894 ], [ 112.683372149160832, -7.258944723689536 ], [ 112.684554228326562, -7.259122840881653 ], [ 112.6862600134518, -7.259315801093516 ], [ 112.688519430591313, -7.259731407422524 ], [ 112.688923432331521, -7.259968896580965 ], [ 112.689708991270763, -7.260221228674403 ], [ 112.690726477134916, -7.260358526959886 ], [ 112.691096812063392, -7.260458717574194 ], [ 112.691070626765438, -7.260558908166177 ], [ 112.690700291836919, -7.260447585284819 ], [ 112.690026955603301, -7.260406766888081 ], [ 112.689469582832103, -7.260276890146542 ], [ 112.689159100013242, -7.260169277960856 ], [ 112.688826172653293, -7.259950342744976 ], [ 112.688485763779639, -7.259820465871636 ], [ 112.686996942551914, -7.259486496596544 ], [ 112.685777455817643, -7.259375173449741 ], [ 112.682852183958175, -7.258981831443713 ], [ 112.681243658511136, -7.258833400408654 ], [ 112.680368321407443, -7.25865528310193 ], [ 112.679141353159764, -7.258555092085906 ], [ 112.679090852942238, -7.258621886099071 ], [ 112.679062797265829, -7.258710944767861 ], [ 112.678569017361156, -7.258671981602435 ], [ 112.678576498874605, -7.258744341764102 ], [ 112.678509165251256, -7.259056046942872 ], [ 112.678355794220295, -7.259631216646194 ], [ 112.678280979083212, -7.259994871950057 ], [ 112.678086459726813, -7.260974513346442 ], [ 112.677977977778099, -7.261404961163941 ], [ 112.677682457986663, -7.26285586413412 ], [ 112.677446790304884, -7.2639616642766 ], [ 112.676384415358484, -7.263735309435291 ], [ 112.675060187432294, -7.263453293407966 ], [ 112.672486546717082, -7.262874417850219 ], [ 112.672344397956635, -7.263453293407966 ], [ 112.672060100435772, -7.263453293407966 ], [ 112.671401727229537, -7.26324549201146 ], [ 112.671311949065043, -7.263134169795246 ], [ 112.670825650674104, -7.263059954969125 ], [ 112.669493941234236, -7.262918946765739 ], [ 112.667870452759772, -7.262725988099964 ], [ 112.667204598039874, -7.262681459165332 ], [ 112.667391635882552, -7.261122943674883 ], [ 112.667548747670381, -7.259935499675634 ], [ 112.667399117396243, -7.260254625558511 ], [ 112.666486372723995, -7.260180410257115 ], [ 112.663665842056417, -7.25992807814078 ], [ 112.663116418393642, -7.259970751964516 ], [ 112.662540341838167, -7.260171133343587 ], [ 112.662054043447228, -7.260390068451982 ], [ 112.661810894251744, -7.260534788210886 ], [ 112.661534078244586, -7.261896635968585 ], [ 112.661358262672493, -7.26266847155857 ], [ 112.661163743316081, -7.263444016561956 ], [ 112.661163743316081, -7.263722321858975 ], [ 112.661436818566386, -7.26399320551593 ], [ 112.662188710693954, -7.264664847851622 ], [ 112.662188710693954, -7.264664847851622 ], [ 112.662473008214803, -7.264865227138613 ], [ 112.66305656628397, -7.264943152392759 ], [ 112.666729989514181, -7.265796618577635 ], [ 112.66653172940093, -7.266509076064587 ], [ 112.666277357934888, -7.267670527775123 ], [ 112.666135209174485, -7.268327321822351 ], [ 112.665536688077907, -7.268193736670196 ], [ 112.663636383596312, -7.26781524519004 ], [ 112.663516679376997, -7.2678004023804 ], [ 112.663411938185092, -7.268312479029627 ], [ 112.662858306170762, -7.26823084366089 ], [ 112.66166874549134, -7.267770716759648 ], [ 112.661017853798811, -7.267407067746235 ], [ 112.659820811605684, -7.266961782839164 ], [ 112.658893103905996, -7.266813354438742 ], [ 112.656962873369565, -7.266279011791246 ], [ 112.656626205252707, -7.266256747500478 ], [ 112.656304500163316, -7.266753983064839 ], [ 112.655840646313479, -7.267444174801909 ], [ 112.655601237874848, -7.267978516063726 ], [ 112.655309458840279, -7.268913611742613 ], [ 112.654972790723463, -7.270093610654524 ], [ 112.654980272237196, -7.270049082449982 ], [ 112.654681011688893, -7.27074669048059 ], [ 112.654426640222852, -7.271555617584752 ], [ 112.653917897290796, -7.273507426523778 ], [ 112.653603673715068, -7.274323769951044 ], [ 112.652840559316957, -7.274064024476132 ], [ 112.6521522600559, -7.273893334510782 ], [ 112.650932773321671, -7.273752329707838 ], [ 112.649616026909229, -7.273277365835223 ], [ 112.648471355312054, -7.272579761736276 ], [ 112.647592277451395, -7.272023161943717 ], [ 112.647173312683819, -7.271919263239353 ], [ 112.646804848133741, -7.27185989254035 ], [ 112.646303586715362, -7.271828351853316 ], [ 112.645697584105108, -7.271694767742472 ], [ 112.645020507114623, -7.271483259485695 ], [ 112.643759872055, -7.27115300955221 ], [ 112.643224943824933, -7.271078796050589 ], [ 112.642742386190818, -7.270941501040255 ], [ 112.642233643258734, -7.270852444794895 ], [ 112.641504195672269, -7.270689174965864 ], [ 112.63917370415254, -7.270158547611567 ], [ 112.637071398800899, -7.269709554745182 ], [ 112.637052695016621, -7.270232761265266 ], [ 112.636824508848505, -7.271486970157725 ], [ 112.636521039948846, -7.273923019726812 ], [ 112.636521039948846, -7.273923019726812 ], [ 112.636401335729531, -7.275140111893629 ], [ 112.636423780270619, -7.275644758897289 ], [ 112.636625781140694, -7.276616944907615 ], [ 112.63676044838742, -7.277351648968433 ], [ 112.636760448387406, -7.277997296998399 ], [ 112.636685633250366, -7.278553889381903 ], [ 112.636319039078757, -7.279696756911152 ], [ 112.636072149126406, -7.280728303674143 ], [ 112.636027260044173, -7.281507528073043 ], [ 112.635997333989323, -7.282145748952954 ], [ 112.635810296146644, -7.283288607328423 ], [ 112.635338960783173, -7.287418457622355 ], [ 112.635129478399364, -7.288954618639548 ] ] ] } },
{ "type": "Feature", "properties": { "id": 1, "layer": "M-1", "path": "C:/Users/User/Documents/M-1.shp" }, "geometry": { "type": "MultiLineString", "coordinates": [ [ [ 112.737664662853021, -7.222775167125703 ], [ 112.737724514962665, -7.223712005969828 ], [ 112.737717864728268, -7.223777980463136 ], [ 112.737910721526063, -7.223784577911934 ], [ 112.737914046643255, -7.223942916654284 ], [ 112.73794729781531, -7.224883051794605 ], [ 112.737953948049721, -7.225516404891923 ], [ 112.737967248518487, -7.226690744744466 ], [ 112.737993849456146, -7.227865081544952 ], [ 112.73799384945616, -7.228973441567772 ], [ 112.73799384945616, -7.229996033224377 ], [ 112.738013800159408, -7.230794312843894 ], [ 112.738027100628173, -7.23155960437742 ], [ 112.737774391720734, -7.231658564394814 ], [ 112.73766133773583, -7.231830095040245 ], [ 112.737621436329405, -7.232120377522535 ], [ 112.737541633516528, -7.232463438397351 ], [ 112.737488431641282, -7.232549203575325 ], [ 112.736989664060815, -7.232549203575325 ], [ 112.735945577259017, -7.232588787498129 ], [ 112.735440159444138, -7.232667955333318 ], [ 112.735460110147358, -7.232826290962049 ], [ 112.735473410616166, -7.232958237276907 ], [ 112.735347056162439, -7.233327686753348 ], [ 112.735320455224823, -7.233644357492504 ], [ 112.73528055381837, -7.233928041507689 ], [ 112.735034495145371, -7.234475617125823 ], [ 112.734642131315368, -7.235372848027922 ], [ 112.734682032721793, -7.235465209931289 ], [ 112.735872424680537, -7.235887435534531 ], [ 112.736683753278115, -7.23623049354628 ], [ 112.73742857953161, -7.236494384147077 ], [ 112.737774391720734, -7.236573551297225 ], [ 112.73799384945616, -7.236731885555843 ], [ 112.737827593596009, -7.237246471512644 ], [ 112.737694588907885, -7.237629111971855 ], [ 112.737534983282117, -7.238024946588154 ], [ 112.737468480938077, -7.238209669290237 ], [ 112.737415279062802, -7.238400989151942 ], [ 112.737368727421966, -7.238687968792361 ], [ 112.737388678125185, -7.238951857955749 ], [ 112.737475131172474, -7.239667656534122 ], [ 112.737548283750911, -7.2400601907561 ], [ 112.737771066603543, -7.241396123993521 ], [ 112.737870820119639, -7.242016259558721 ], [ 112.738030425745379, -7.242781532059214 ], [ 112.738223282543174, -7.243124584827422 ], [ 112.738449390512955, -7.243256528130296 ], [ 112.739067862312766, -7.243157570656757 ], [ 112.739666383409343, -7.242959655644515 ], [ 112.739972294192, -7.242669380136066 ], [ 112.740338057084344, -7.242458270557982 ], [ 112.740890026540086, -7.242497853611401 ], [ 112.741202587557197, -7.242464867733794 ], [ 112.741714655606501, -7.242544033836002 ], [ 112.742439531156762, -7.242577019707813 ], [ 112.743071303425367, -7.242689171653942 ], [ 112.743596671943479, -7.24270236599871 ], [ 112.744640758745234, -7.242708963170952 ], [ 112.745046423044045, -7.242675977308788 ], [ 112.745292481717073, -7.242497853611405 ], [ 112.74555849109332, -7.242207577805623 ], [ 112.745731397187896, -7.241910704629135 ], [ 112.745651594375005, -7.241633622821392 ], [ 112.745352333826702, -7.240762793174332 ], [ 112.745159477028949, -7.240353766547551 ], [ 112.745006521637578, -7.23996453118727 ], [ 112.744999871403166, -7.239878767418655 ], [ 112.745232629607401, -7.239839184135331 ], [ 112.745345683592305, -7.240030503305876 ], [ 112.745598392499744, -7.240703418364427 ], [ 112.745804549766348, -7.241237791372112 ], [ 112.745964155392087, -7.241574248126151 ], [ 112.746063908908184, -7.241778760932393 ], [ 112.746775483989708, -7.242412090324601 ], [ 112.747187798522887, -7.242755143373924 ], [ 112.747300852507792, -7.242959655644515 ], [ 112.747467108367943, -7.243395068556756 ], [ 112.747487059071176, -7.243764509485824 ], [ 112.747427206961504, -7.244701304770045 ], [ 112.747460458133517, -7.245037758939156 ], [ 112.747520310243203, -7.245453378448344 ], [ 112.747606763290477, -7.246040522816036 ], [ 112.74768656610334, -7.246317601914878 ], [ 112.747693216337794, -7.246687040448303 ], [ 112.747600113056095, -7.247003701807296 ], [ 112.747467108367943, -7.247307168734166 ], [ 112.74724100039812, -7.247854728106815 ], [ 112.747041493365955, -7.248230762471259 ], [ 112.74682203563053, -7.248619990693336 ], [ 112.746489523910213, -7.249035606898157 ], [ 112.746203563830719, -7.249457819792941 ], [ 112.74600405679854, -7.249853644022353 ], [ 112.745664894843813, -7.250585917929685 ], [ 112.745285831482661, -7.251252220180113 ], [ 112.744979920699961, -7.251727207321071 ], [ 112.744773763433386, -7.252024074029731 ], [ 112.74460085733881, -7.25236052272959 ], [ 112.744507754057111, -7.252657389020672 ], [ 112.744461202416275, -7.252914672981276 ], [ 112.744494453588302, -7.253429240461363 ], [ 112.744501103822714, -7.253686523980845 ], [ 112.744447901947481, -7.254135120534881 ], [ 112.744314897259358, -7.25443858265616 ], [ 112.743742977100396, -7.254979536364918 ], [ 112.743616622646684, -7.255250012975475 ], [ 112.743656524053108, -7.255533683392405 ], [ 112.74378952874126, -7.255711801934901 ], [ 112.744075488820727, -7.255777771747566 ], [ 112.744574256401194, -7.25581735363052 ], [ 112.745232629607443, -7.255784368728298 ], [ 112.746117110783459, -7.255823950610675 ], [ 112.746782134224105, -7.25581735363052 ], [ 112.747021542662694, -7.25590311436498 ], [ 112.746941739849845, -7.256127411593228 ], [ 112.746768833755269, -7.257004808500236 ], [ 112.74665577977035, -7.257611728667921 ], [ 112.746509474613418, -7.258634255359595 ], [ 112.746436322034924, -7.259063056183749 ], [ 112.746309967581212, -7.25950505045159 ], [ 112.746050608439376, -7.260441812986438 ], [ 112.746143711721061, -7.260540766661389 ], [ 112.746602577895075, -7.260659511042593 ], [ 112.747447157664681, -7.260910193522167 ], [ 112.748138782042943, -7.261075116129886 ], [ 112.748531145872946, -7.261200457271299 ], [ 112.748970061343769, -7.261563286694241 ], [ 112.749262671657632, -7.261807371777676 ], [ 112.74960183361236, -7.262196588258242 ], [ 112.75055946736687, -7.263417010631303 ], [ 112.750712422758227, -7.263746853947196 ], [ 112.750925230259213, -7.264300990173035 ], [ 112.75093188049361, -7.264637429691143 ], [ 112.750978432134474, -7.265495019480508 ], [ 112.751104786588201, -7.265956797920031 ], [ 112.751024983775324, -7.266207477445631 ], [ 112.750872028383981, -7.26630642985145 ], [ 112.750266857053006, -7.266121718676295 ], [ 112.749867842988607, -7.266075540870644 ], [ 112.7497614392381, -7.266187686961851 ], [ 112.749708237362867, -7.26637239810989 ], [ 112.749468828924236, -7.267018886530093 ], [ 112.749315873532908, -7.267361920824316 ], [ 112.749162918141536, -7.267599405951506 ], [ 112.748763904077165, -7.267982020614603 ], [ 112.748424742122438, -7.268338247766627 ], [ 112.747427206961518, -7.269172741748281 ], [ 112.747048143600352, -7.269627919630291 ], [ 112.746708981645625, -7.269937968068418 ], [ 112.746243465237185, -7.270432725771076 ], [ 112.745545190624554, -7.271171562925651 ], [ 112.74500652163762, -7.27178506071059 ], [ 112.74470061085492, -7.272108301141832 ], [ 112.744334847962563, -7.272537089109895 ], [ 112.743969085070219, -7.272372170709101 ], [ 112.743403815145712, -7.2721148978829 ], [ 112.743097904363012, -7.272022543499078 ], [ 112.742871796393189, -7.272022543499078 ], [ 112.742738791705065, -7.272187462028292 ], [ 112.742632387954558, -7.272583266251261 ], [ 112.74231317670305, -7.273460631034813 ], [ 112.741887561701077, -7.274746989835368 ], [ 112.741701355137693, -7.275499013272689 ], [ 112.741422045292623, -7.276686416134302 ], [ 112.741368843417348, -7.277280116386833 ], [ 112.741568350449541, -7.277412049669605 ], [ 112.742738791705065, -7.277623142841334 ], [ 112.743124505300614, -7.277728689389957 ], [ 112.743363913739245, -7.278018942270633 ], [ 112.743590021709068, -7.278520287713125 ], [ 112.743789528741274, -7.279232725009667 ], [ 112.743962434835822, -7.279760455610906 ], [ 112.744294946556138, -7.280156253154354 ], [ 112.744654059214099, -7.280578436815699 ], [ 112.745199378435416, -7.281027006520402 ], [ 112.745611692968595, -7.281475575776414 ], [ 112.745930904220117, -7.282280360669809 ], [ 112.746120435900664, -7.282570610604795 ], [ 112.746213539182364, -7.282920229595188 ], [ 112.746273391292007, -7.2832236722715 ], [ 112.746200238713556, -7.283494131875098 ], [ 112.746014032150157, -7.284147192196452 ], [ 112.745721421836308, -7.285176255014354 ], [ 112.745488663632074, -7.285677592454322 ], [ 112.745262555662251, -7.286211912003211 ], [ 112.744797039253811, -7.28689135446003 ], [ 112.74463078339366, -7.287201390966937 ], [ 112.744338173079768, -7.287735708698788 ], [ 112.744118715344356, -7.288388762839003 ], [ 112.744045562765905, -7.288527289352422 ], [ 112.744424626127071, -7.288751570283329 ], [ 112.745029797458045, -7.289068201994616 ], [ 112.745235954724635, -7.289325465095236 ], [ 112.745581766913773, -7.289543149141895 ], [ 112.745861076758828, -7.289912552130487 ], [ 112.746166987541528, -7.290229183021078 ], [ 112.746266741057596, -7.290493041925573 ], [ 112.746087184728651, -7.290803075939714 ], [ 112.745794574414745, -7.291278021247246 ], [ 112.745661569726622, -7.291594651172422 ], [ 112.745262555662251, -7.29135058229154 ], [ 112.744384724720632, -7.29090861938492 ], [ 112.744018961828289, -7.290710725404755 ], [ 112.74356009565426, -7.290486445454856 ], [ 112.74356009565426, -7.290486445454856 ], [ 112.743427090966122, -7.290598585443844 ], [ 112.743200982996314, -7.291047145119 ], [ 112.742875121510394, -7.291700194431057 ], [ 112.742735466587874, -7.292234506796153 ], [ 112.742642363306175, -7.292636889761315 ], [ 112.742562560493326, -7.293105236691575 ], [ 112.742502708383654, -7.293540601004231 ], [ 112.742482757680435, -7.293942982795487 ], [ 112.742502708383597, -7.294615817113772 ], [ 112.742336452523446, -7.295486542377232 ], [ 112.742230048772953, -7.295948289935635 ], [ 112.742143595725693, -7.296403440634076 ], [ 112.742090393850432, -7.296759645205585 ], [ 112.741944088693486, -7.297399493445956 ], [ 112.741797783536526, -7.297828257218718 ], [ 112.741638177910787, -7.298158075225852 ], [ 112.741438670878622, -7.298408736748656 ], [ 112.740959854001375, -7.29880451781449 ], [ 112.740454436186454, -7.299305839995203 ], [ 112.740115274231769, -7.299629060576965 ], [ 112.740035471418878, -7.299925895599376 ], [ 112.739975619309206, -7.30029529001881 ], [ 112.739862565324302, -7.300829592121401 ], [ 112.739669708526534, -7.301133022660903 ], [ 112.739443600556697, -7.301350700964582 ], [ 112.739071187429971, -7.301667323762604 ], [ 112.738778577116079, -7.302082890844768 ], [ 112.738432764926941, -7.302557824180028 ], [ 112.737993849456146, -7.303072334723916 ], [ 112.737614786094952, -7.303606633508158 ], [ 112.736883260310307, -7.304457552475807 ], [ 112.736597300230855, -7.304793961853439 ], [ 112.736444344839484, -7.305018234631191 ], [ 112.736337941088991, -7.305407413596098 ], [ 112.736278088979333, -7.305710841028542 ], [ 112.736184985697648, -7.306146193071772 ], [ 112.735965527962222, -7.30660133339077 ], [ 112.735792621867645, -7.307023492112824 ], [ 112.73565961717955, -7.307241167548036 ], [ 112.735267253349562, -7.307313726002875 ], [ 112.735114297958233, -7.307129031731017 ], [ 112.735074396551795, -7.306799220341394 ], [ 112.735307154756015, -7.306522178585985 ], [ 112.735599765069878, -7.306106615630825 ], [ 112.735972178196633, -7.305671263549038 ], [ 112.736158384760031, -7.305301873571306 ], [ 112.736331290854622, -7.304470745005192 ], [ 112.736490896480362, -7.304002409973665 ], [ 112.736680428160952, -7.303131701287032 ], [ 112.736876610075953, -7.302152151987581 ], [ 112.737029565467296, -7.301512310545751 ], [ 112.737116018514584, -7.301070357675047 ], [ 112.737282274374735, -7.300133679997847 ], [ 112.737401978594036, -7.299579588054082 ], [ 112.737401978594036, -7.299216789385716 ], [ 112.737687938673545, -7.298372456800093 ], [ 112.738053701565889, -7.298095409823203 ], [ 112.738605671021631, -7.297811766311971 ], [ 112.738851729694673, -7.297561104454702 ], [ 112.739111088836495, -7.297112551306984 ], [ 112.739170940946167, -7.296584841145737 ], [ 112.739170940946167, -7.296169268955733 ], [ 112.739330546571921, -7.296156076181481 ], [ 112.739430300088017, -7.296433124359197 ], [ 112.739470201494441, -7.29674315425946 ], [ 112.739350497275126, -7.297165322288878 ], [ 112.739224142821413, -7.297495140784711 ], [ 112.738898281335494, -7.297904115381889 ], [ 112.738539168677548, -7.298181162477242 ], [ 112.738186706254012, -7.29828010782686 ], [ 112.73790074617456, -7.298517576576665 ], [ 112.737714539611162, -7.299005706388718 ], [ 112.737401978594036, -7.30035135878795 ], [ 112.737315525546748, -7.300964816626392 ], [ 112.737009614764091, -7.3022774816473 ], [ 112.736590649996472, -7.30443446554845 ], [ 112.736384492729897, -7.305272190434844 ], [ 112.736105182884813, -7.306690382529395 ], [ 112.735672917648429, -7.307211484540387 ], [ 112.735380307334523, -7.307290639223069 ], [ 112.735134248661495, -7.307099348715923 ], [ 112.7351541993647, -7.306789325995944 ], [ 112.735473410616223, -7.306288012206397 ], [ 112.73611183311921, -7.305377730466643 ], [ 112.736264788510582, -7.30471810485902 ], [ 112.736657152340555, -7.303095421721618 ], [ 112.737006289646828, -7.301400173291551 ], [ 112.737132644100555, -7.300773523412222 ], [ 112.736913186365143, -7.300226028588403 ], [ 112.736653827223293, -7.299546606369117 ], [ 112.736600625348061, -7.29940808326571 ], [ 112.736906536130732, -7.299328927187358 ] ] ] } },
{ "type": "Feature", "properties": { "id": 1, "layer": "O-1", "path": "C:/Users/User/Documents/O-1.shp" }, "geometry": { "type": "MultiLineString", "coordinates": [ [ [ 112.735516637139852, -7.235715906430856 ], [ 112.736274763862141, -7.236006186414268 ], [ 112.737544958633762, -7.236481189620704 ], [ 112.737983874104543, -7.2367054965166 ], [ 112.737990524338954, -7.236890219758906 ], [ 112.737850869416434, -7.237319041279845 ], [ 112.737604810743406, -7.237866612783312 ], [ 112.737438554883212, -7.238315225086039 ], [ 112.737411953945596, -7.238612100629313 ], [ 112.73741860418005, -7.239120087216838 ], [ 112.73748510652409, -7.239548906618147 ], [ 112.737564909336996, -7.240162447514139 ], [ 112.737604810743434, -7.240650640749064 ], [ 112.7376779633219, -7.241066264302854 ], [ 112.737777716837996, -7.241580845314901 ], [ 112.738076977386257, -7.242880489615295 ], [ 112.738196681605558, -7.243117987661263 ], [ 112.738236583012025, -7.24371832938625 ], [ 112.738522543091477, -7.245242270174116 ], [ 112.73860899613878, -7.245836011943325 ], [ 112.73860899613878, -7.246152673900375 ], [ 112.738894956218246, -7.247076270004059 ], [ 112.738894956218246, -7.247076270004059 ], [ 112.739067862312822, -7.247214809256323 ], [ 112.739952343488852, -7.247300571629237 ], [ 112.74076367208643, -7.247379736882051 ], [ 112.741801108653817, -7.247557858650022 ], [ 112.742406279984792, -7.247768965839388 ], [ 112.742339777640723, -7.248026252592691 ], [ 112.742206772952599, -7.248263747926852 ], [ 112.741934113341955, -7.248857485714476 ], [ 112.74177118259901, -7.249042203977686 ], [ 112.741485222519543, -7.249315982692746 ], [ 112.741225863377664, -7.249563372954798 ], [ 112.740630667398307, -7.249952600025352 ], [ 112.739915767199619, -7.250404498829359 ], [ 112.739134364656906, -7.250843203073921 ], [ 112.738206656957217, -7.251390758147985 ], [ 112.738206656957217, -7.251390758147985 ], [ 112.738203331840026, -7.251390758147985 ], [ 112.738592370552766, -7.251235727562048 ], [ 112.738778577116122, -7.251430340416689 ], [ 112.739131039539657, -7.251624953187211 ], [ 112.739649757823344, -7.25185914810464 ], [ 112.739912442082414, -7.252010879957942 ], [ 112.740161825872647, -7.252149417692392 ], [ 112.74026822962314, -7.25218240286098 ], [ 112.7404311603661, -7.252238477642034 ], [ 112.740577465523032, -7.252235179125692 ], [ 112.740723770679949, -7.252175805827456 ], [ 112.740820199078854, -7.252126328072945 ], [ 112.740936578180964, -7.252162611760118 ], [ 112.741571675566803, -7.252377015306452 ], [ 112.741860960763461, -7.252485866298591 ], [ 112.742452831625656, -7.252640896454081 ], [ 112.742885096862054, -7.252729956306499 ], [ 112.743224258816767, -7.252762941432554 ], [ 112.743234234168369, -7.252604612805455 ], [ 112.743277460692013, -7.252416597488458 ], [ 112.743343963036068, -7.252281358352239 ], [ 112.743476967724206, -7.252320940542659 ], [ 112.74424174468092, -7.252446284122676 ], [ 112.74431157214218, -7.252377015306452 ], [ 112.744364774017427, -7.252215388027152 ], [ 112.744813664839882, -7.251549087201929 ], [ 112.745092974684923, -7.251037816098198 ], [ 112.745438786874061, -7.250358319410338 ], [ 112.745561816210568, -7.250048257474251 ], [ 112.745851101407212, -7.249546880274889 ], [ 112.746100485197445, -7.249045502517411 ], [ 112.746250115471611, -7.248893769665013 ], [ 112.746384782718323, -7.248710700612021 ], [ 112.746644141860159, -7.248321472468326 ], [ 112.747074744537969, -7.247531470244395 ], [ 112.747393955789491, -7.246799191371734 ], [ 112.747427206961518, -7.246390170222136 ], [ 112.74729420227338, -7.245730457908198 ], [ 112.747161197585271, -7.244859636175031 ], [ 112.747187798522887, -7.244641930478839 ], [ 112.747440507430326, -7.244628736190839 ], [ 112.747473758602382, -7.244879427596748 ], [ 112.747453807899177, -7.245374212857097 ], [ 112.74754691118082, -7.245875594700127 ], [ 112.747646664696916, -7.246291213436614 ], [ 112.7476200637593, -7.246911342267246 ], [ 112.747433857195915, -7.247445707915437 ], [ 112.747270926452984, -7.247755771642956 ], [ 112.747098020358436, -7.24816149300666 ], [ 112.746984966373532, -7.248445167889432 ], [ 112.747615076083505, -7.248638132678534 ], [ 112.748348264426795, -7.248755230929057 ], [ 112.749665010839294, -7.248880575501521 ], [ 112.750363285451968, -7.248893769665013 ], [ 112.751241116393587, -7.248986128798649 ], [ 112.75217214921048, -7.249019114198926 ], [ 112.754014264141006, -7.249157652853723 ], [ 112.754918696020283, -7.24923022070352 ], [ 112.755490616179245, -7.249335773918711 ], [ 112.755843078602751, -7.249236817780194 ], [ 112.757146524546414, -7.248840993008724 ], [ 112.757778296815005, -7.248623289236156 ], [ 112.758443320255623, -7.248768425096223 ], [ 112.759381003306913, -7.249025711278693 ], [ 112.761821639334059, -7.249573268562449 ], [ 112.762892327073459, -7.249823957217215 ], [ 112.76395636457849, -7.250081242796749 ], [ 112.764701190831971, -7.250265960558078 ], [ 112.765705376227316, -7.250549634115466 ], [ 112.767108575687047, -7.250872889811874 ], [ 112.767480988813787, -7.251031219047902 ], [ 112.767805187741089, -7.251197794538222 ], [ 112.767537515806282, -7.251714013236605 ], [ 112.767065349163389, -7.252439687381425 ], [ 112.766327173144276, -7.253689822486553 ], [ 112.765941459548699, -7.254342926140017 ], [ 112.765306362162946, -7.255477609021842 ], [ 112.76518665794363, -7.256117516129634 ], [ 112.76502705231789, -7.25644736479886 ], [ 112.764335427939642, -7.257278582372891 ], [ 112.763803409187148, -7.257964665562865 ], [ 112.763364493716324, -7.258228543434261 ], [ 112.762154151054375, -7.258624359951135 ], [ 112.761342822456797, -7.258954206782485 ], [ 112.760850705110741, -7.259125727039198 ], [ 112.760478291983958, -7.259284053371959 ], [ 112.760079277919573, -7.259415991940024 ], [ 112.759853169949793, -7.259785419724705 ], [ 112.75932115119727, -7.260141653372563 ], [ 112.759028540883406, -7.260550662027687 ], [ 112.758789132444747, -7.260590243490702 ], [ 112.758243813223444, -7.261289515429499 ], [ 112.757804897752621, -7.262292243104432 ], [ 112.757552188845182, -7.262714443561714 ], [ 112.75747072347373, -7.26302944442588 ], [ 112.757390920660839, -7.26326363340698 ], [ 112.757184763394235, -7.263497822266082 ], [ 112.75710828569855, -7.263708921978185 ], [ 112.757048433588906, -7.264098136812484 ], [ 112.757048433588906, -7.264104733671179 ], [ 112.756895478197535, -7.264632482052994 ], [ 112.756828975853495, -7.265153632971948 ], [ 112.756835626087906, -7.265457087659029 ], [ 112.756928729369591, -7.265648395943406 ], [ 112.75740754624681, -7.265694573792948 ], [ 112.75851148515828, -7.265740751637751 ], [ 112.759681926413805, -7.265800123145521 ], [ 112.762401872285949, -7.265912269305468 ], [ 112.763652116354351, -7.265813316812849 ], [ 112.764436844014284, -7.265839704146342 ], [ 112.765108517689342, -7.265833107313119 ], [ 112.765786841598796, -7.265945253464826 ], [ 112.766711224181265, -7.266162948855902 ], [ 112.768380433017285, -7.266479596509203 ], [ 112.769637327320055, -7.266776453481517 ], [ 112.770189296775797, -7.267027132549858 ], [ 112.770907522091676, -7.267515296649985 ], [ 112.77155259482906, -7.267917701793158 ], [ 112.77195160889346, -7.268102412229993 ], [ 112.77244372623953, -7.268254138603431 ], [ 112.773408010228437, -7.268372880946894 ], [ 112.773906777808904, -7.268405864925625 ], [ 112.774312442107686, -7.268452042491774 ], [ 112.774352343514138, -7.268564187989802 ], [ 112.774259240232453, -7.268669736668254 ], [ 112.774019831793822, -7.268623559124484 ], [ 112.773966629918547, -7.268795075691704 ], [ 112.773906777808904, -7.26906554399157 ], [ 112.774305791873317, -7.268887430739236 ], [ 112.773993230856206, -7.270259560637144 ], [ 112.773620817729451, -7.271740532673769 ], [ 112.773594216791835, -7.272086861732679 ], [ 112.773338182767162, -7.273297362154191 ], [ 112.773085473859723, -7.274695865389285 ], [ 112.772952469171599, -7.275685369762988 ], [ 112.772606656982518, -7.277994204816533 ], [ 112.772486952763202, -7.278838575811834 ], [ 112.772287445730996, -7.280263448262261 ], [ 112.772460351825586, -7.280500926563907 ], [ 112.773697295425151, -7.280395380667585 ], [ 112.77601157699857, -7.280382187428804 ], [ 112.77648374364135, -7.280421767144002 ], [ 112.776457142703777, -7.280850547168047 ], [ 112.776536945516654, -7.282869106080597 ], [ 112.776457142703777, -7.284122455080404 ], [ 112.776058128639406, -7.285850751637164 ], [ 112.775871922076007, -7.286945775777295 ], [ 112.775326602854676, -7.289307324753242 ], [ 112.775353203792321, -7.289623956071683 ], [ 112.777760588647411, -7.289544798263051 ], [ 112.780527086160461, -7.289531605293592 ], [ 112.782176344293205, -7.289478833411848 ], [ 112.784264517896801, -7.289663534970749 ], [ 112.785780771341464, -7.289901008291707 ], [ 112.788666973073788, -7.290336375719779 ], [ 112.790502437769916, -7.290494691043239 ], [ 112.791978789808141, -7.290639813373915 ], [ 112.793947259192393, -7.290560655744831 ], [ 112.795330507948918, -7.290402340444692 ], [ 112.795855876467002, -7.290283603932858 ], [ 112.796733707408663, -7.29019125329078 ], [ 112.797106120535418, -7.290059323769063 ], [ 112.798003902180241, -7.289841639973274 ], [ 112.798575822339203, -7.289861429413625 ], [ 112.798702176792915, -7.289960376602276 ], [ 112.799234195545438, -7.290178060340357 ], [ 112.799832716642015, -7.29036276161091 ], [ 112.800540966606249, -7.290695883352718 ], [ 112.801209315164087, -7.290939952590426 ], [ 112.801605004111252, -7.291088373007775 ], [ 112.801874338604733, -7.291207109306237 ], [ 112.801890964190747, -7.291381915466125 ], [ 112.801834437198281, -7.293054114339208 ], [ 112.801674831572527, -7.294003999674874 ], [ 112.801741333916581, -7.294175506534552 ], [ 112.80190093954235, -7.294307434843435 ], [ 112.801847737667089, -7.294808762062564 ], [ 112.801847737667089, -7.294808762062564 ] ] ] } },
{ "type": "Feature", "properties": { "id": 1, "layer": "P-1", "path": "C:/Users/User/Documents/P-1.shp" }, "geometry": { "type": "MultiLineString", "coordinates": [ [ [ 112.756657732317507, -7.263908477083649 ], [ 112.756634456497096, -7.263835911601005 ], [ 112.75625871825315, -7.263809524149869 ], [ 112.756195541026258, -7.263809524149869 ], [ 112.756208841495081, -7.26367428843848 ], [ 112.75711659849155, -7.263697377465256 ], [ 112.756837288646494, -7.265257533241151 ], [ 112.756877190052919, -7.265626956225947 ], [ 112.75798112896436, -7.265732505594398 ], [ 112.760627922258109, -7.265851248604275 ], [ 112.760933833040781, -7.265943604256931 ], [ 112.760987034916042, -7.266497737774264 ], [ 112.760920532571973, -7.267421292117898 ], [ 112.760814128821465, -7.269505879228938 ], [ 112.760800828352643, -7.270271104981496 ], [ 112.760721025539766, -7.270719684988893 ], [ 112.758805758030746, -7.270600943265834 ], [ 112.756371772238055, -7.270495395041204 ], [ 112.756291969425163, -7.273569476922251 ], [ 112.756212166612272, -7.274506210135202 ], [ 112.755946157236039, -7.276326897266188 ], [ 112.755892955360792, -7.277487911289641 ], [ 112.755919556298423, -7.27805522386753 ], [ 112.755986058642463, -7.278213543528669 ], [ 112.756983593803426, -7.278398249729388 ], [ 112.760528168742013, -7.278939174594002 ], [ 112.760987034916056, -7.279024930915072 ], [ 112.760980384681659, -7.279189846871055 ], [ 112.759876445770203, -7.279051317472105 ], [ 112.758526448185705, -7.278833628330172 ], [ 112.75678076165407, -7.278569762561959 ], [ 112.756291969425206, -7.278457619563468 ], [ 112.755899605595204, -7.278411443026529 ], [ 112.755899605595204, -7.278767661902669 ], [ 112.755786551610385, -7.281614104426567 ], [ 112.755839753485631, -7.283632659901566 ], [ 112.755839753485631, -7.285440116894781 ], [ 112.755826453016823, -7.286970512737521 ], [ 112.755839753485631, -7.288395359340628 ], [ 112.755786551610385, -7.290677743066238 ], [ 112.755600345047, -7.292023420505898 ], [ 112.755307734733108, -7.293672529500243 ], [ 112.753272763004802, -7.293435058179445 ], [ 112.751869563545071, -7.293078850962061 ], [ 112.75049961525734, -7.292610504004198 ], [ 112.748604298451539, -7.291851912821783 ], [ 112.748032378292635, -7.291621036989427 ], [ 112.74788607313566, -7.29183212346939 ], [ 112.746935089615604, -7.293355901044522 ], [ 112.746210214065314, -7.294470696071858 ], [ 112.745997406564271, -7.295057776360721 ], [ 112.7456914957816, -7.296027446612108 ], [ 112.745521914804215, -7.296574946574287 ], [ 112.744783738785102, -7.296357265946656 ], [ 112.743646548701605, -7.296020850222941 ], [ 112.743333987684537, -7.296330880408837 ], [ 112.742143595725807, -7.296258320171814 ], [ 112.742010591037683, -7.297003711137188 ], [ 112.741784483067875, -7.297834853581261 ], [ 112.741631527676532, -7.298171267941095 ], [ 112.741046307048776, -7.298778132421016 ], [ 112.740407884545746, -7.29930583999522 ], [ 112.740088673294267, -7.299642253248831 ], [ 112.739929067668498, -7.300493179760879 ], [ 112.739729560636334, -7.300961518468235 ], [ 112.739343847040729, -7.301423260375611 ], [ 112.738718725006535, -7.302102679743824 ], [ 112.738525868208768, -7.302419302009373 ], [ 112.737927347112176, -7.303230645541385 ], [ 112.737295574843586, -7.303976024886883 ], [ 112.736816757966352, -7.304536707646276 ], [ 112.736490896480447, -7.304886309481453 ], [ 112.736444344839583, -7.305169948505286 ], [ 112.736045330775184, -7.306238540420377 ], [ 112.735805922336553, -7.306917952469716 ], [ 112.735692868351677, -7.30722797510045 ], [ 112.735526612491498, -7.307280744888515 ], [ 112.73528055381847, -7.307234571324298 ], [ 112.735127598427141, -7.307063069472582 ], [ 112.735127598427141, -7.306884971326131 ], [ 112.735307154756086, -7.306522178586 ], [ 112.735739419992512, -7.305915324616832 ], [ 112.735992128899937, -7.305658071055102 ], [ 112.736171685228939, -7.305249103549587 ], [ 112.73633794108909, -7.304470745005206 ], [ 112.73664385187179, -7.303138297571353 ], [ 112.736909861248037, -7.302234605715053 ], [ 112.737129318983449, -7.301001096364693 ], [ 112.737242372968311, -7.300288693692586 ], [ 112.737415279062901, -7.299450959468985 ], [ 112.737375377656477, -7.29913433510189 ], [ 112.737408628828504, -7.298863884944184 ], [ 112.737634736798313, -7.298336176848619 ], [ 112.738047051331492, -7.298039340771312 ], [ 112.73852586820874, -7.297848046306016 ], [ 112.738878330632289, -7.297557806271452 ], [ 112.73909113813329, -7.297135638612347 ], [ 112.739190891649386, -7.296713470554921 ], [ 112.739144340008522, -7.296317687639345 ], [ 112.739164290711727, -7.296159374375099 ], [ 112.739313920985865, -7.296195654503104 ], [ 112.739377098212742, -7.296291302099192 ], [ 112.739423649853606, -7.296696979607091 ], [ 112.739426974970812, -7.296967431074703 ], [ 112.739340521923523, -7.29723788237884 ], [ 112.739104438602112, -7.297600682652047 ], [ 112.738821803639837, -7.297993166252695 ], [ 112.738442740278643, -7.298210846084442 ], [ 112.738090277855108, -7.298375754977378 ], [ 112.737943972698176, -7.298487892989854 ], [ 112.737864169885327, -7.298646205430194 ], [ 112.737631411681122, -7.299147527788325 ], [ 112.737491756758601, -7.299569693548865 ], [ 112.737445205117751, -7.299850037779076 ], [ 112.737348776718818, -7.300371147763634 ], [ 112.737129318983449, -7.301297930476469 ], [ 112.737062816639366, -7.301825635077557 ], [ 112.736929811951256, -7.30250505383437 ], [ 112.73656737417609, -7.304185456470474 ], [ 112.736441019722378, -7.30417886020162 ], [ 112.736583999762118, -7.303588493745107 ], [ 112.736720329567433, -7.30304759865364 ], [ 112.736856659372791, -7.3025231936414 ], [ 112.737096067811436, -7.301200634872649 ], [ 112.737062816639408, -7.30084443383738 ], [ 112.736983013826517, -7.300435461928494 ], [ 112.736883260310421, -7.300112241929472 ], [ 112.73657069929331, -7.299406434180905 ] ] ] } },
{ "type": "Feature", "properties": { "id": 1, "layer": "Q-1", "path": "C:/Users/User/Documents/Q-1.shp" }, "geometry": { "type": "MultiLineString", "coordinates": [ [ [ 112.73773116519726, -7.241071212200015 ], [ 112.737963923401495, -7.242252108765251 ], [ 112.738150129964836, -7.243103144037072 ], [ 112.738276484418563, -7.243901400467501 ], [ 112.738469341216373, -7.24510867816826 ], [ 112.738642247310949, -7.246071859151251 ], [ 112.738648897545346, -7.246606225795013 ], [ 112.738582395201277, -7.247127397590226 ], [ 112.738382888169085, -7.247338504981291 ], [ 112.736913186365285, -7.24699545542058 ], [ 112.737039540818998, -7.246355535349691 ], [ 112.737205796679149, -7.245497909087327 ], [ 112.736554073707353, -7.245352772173759 ], [ 112.736194961049421, -7.245280203699446 ], [ 112.735197425888472, -7.245722211498174 ], [ 112.734159989321086, -7.246197204470258 ], [ 112.734159989321086, -7.246197204470258 ], [ 112.733847428303974, -7.246282967036853 ], [ 112.733654571506207, -7.246507269056942 ], [ 112.733428463536399, -7.246764556530729 ], [ 112.733295458848261, -7.247035038075531 ], [ 112.733169104394506, -7.247444058639731 ], [ 112.732956296893533, -7.248097171351432 ], [ 112.732151618530352, -7.248710700612038 ], [ 112.730442508287908, -7.250208236265815 ], [ 112.729777484847304, -7.250703015673828 ], [ 112.729378470782891, -7.251184600442236 ], [ 112.729085860469041, -7.251824513652713 ], [ 112.728853102264807, -7.252517202185404 ], [ 112.728607043591794, -7.253130725424372 ], [ 112.728394236090779, -7.253605710583533 ], [ 112.728214679761834, -7.254027919193146 ], [ 112.728118251362929, -7.254509500405021 ], [ 112.727812340580215, -7.255769525521528 ], [ 112.727785739642599, -7.255941046992337 ], [ 112.727672685657694, -7.256152150251277 ], [ 112.72753303073516, -7.257029547110053 ], [ 112.72839756120797, -7.257161486339329 ], [ 112.729993617465524, -7.257418767725136 ], [ 112.731795830989668, -7.257972911748704 ], [ 112.732986222948369, -7.258342340718545 ], [ 112.731762579817598, -7.258012493438554 ], [ 112.73160962442627, -7.258632606124878 ], [ 112.73147661973816, -7.25903501921929 ], [ 112.732673661931301, -7.259470416588092 ], [ 112.732540657243163, -7.259925604295743 ], [ 112.732208145522847, -7.260921738106691 ], [ 112.731809131458476, -7.261937660382853 ], [ 112.731130807549022, -7.263666042357205 ], [ 112.730711842781446, -7.26464897417996 ], [ 112.729967016527908, -7.266693993231122 ], [ 112.72946159871303, -7.267756080098653 ], [ 112.729188939102386, -7.268534502419533 ], [ 112.728876378085275, -7.269596584935822 ], [ 112.728457413317656, -7.27068505198958 ], [ 112.727938695033998, -7.27191204805063 ], [ 112.727400026047079, -7.273303958877805 ], [ 112.72694115987305, -7.27439901365179 ], [ 112.726841406356954, -7.275005910327755 ], [ 112.727187218546078, -7.275586419423813 ], [ 112.727552981438421, -7.276041590803463 ], [ 112.728144852300588, -7.276674871954961 ], [ 112.729162338164713, -7.277948028231912 ], [ 112.729947065824646, -7.278818785884834 ], [ 112.730878098641583, -7.280025969834881 ], [ 112.731569723019803, -7.280777984423578 ], [ 112.731809131458434, -7.281180377676819 ], [ 112.732600509352807, -7.28278994707877 ], [ 112.73302612435478, -7.28360132618505 ], [ 112.733405187715974, -7.284406107262515 ], [ 112.734356171236072, -7.283970734072135 ], [ 112.735140898896006, -7.283627712472795 ], [ 112.735839173508666, -7.283218724838225 ], [ 112.736590649996572, -7.282888895828886 ], [ 112.737548283751082, -7.282559066576899 ], [ 112.738685473834579, -7.282031339269022 ], [ 112.741485222519614, -7.280817564103847 ], [ 112.743752952452169, -7.27976870139664 ], [ 112.743985710656403, -7.279715928365429 ], [ 112.744145316282172, -7.280032566459562 ], [ 112.744437926596035, -7.280342607710131 ], [ 112.744956644879707, -7.280797774264149 ], [ 112.745289156600037, -7.281107814985706 ], [ 112.745488663632244, -7.281358486050675 ], [ 112.745668219961189, -7.281648736582421 ], [ 112.746113785666424, -7.282585452925987 ], [ 112.746246790354547, -7.283086793263608 ], [ 112.746186938244875, -7.283475991297053 ], [ 112.746087184728793, -7.283884978696906 ], [ 112.745634968789176, -7.285402186759041 ], [ 112.745275856131272, -7.286220157670287 ], [ 112.744816989957229, -7.286860020971347 ], [ 112.744644083862653, -7.28718984705831 ], [ 112.744231769329474, -7.288034200734548 ], [ 112.744052213000487, -7.288456376975923 ], [ 112.744517729408926, -7.288773008895862 ], [ 112.745482013397833, -7.289406272064316 ], [ 112.745920928868671, -7.289986762515571 ], [ 112.746439647152343, -7.290580445153433 ], [ 112.747018217545701, -7.29092346142992 ], [ 112.748155407629184, -7.291596300286048 ], [ 112.749006637633201, -7.291912929986165 ], [ 112.750596043656302, -7.29251980295222 ], [ 112.751793085849442, -7.292948571399739 ], [ 112.753030029448993, -7.293291585862095 ], [ 112.754446529377589, -7.293562039387496 ], [ 112.755457365007331, -7.293608214363312 ], [ 112.757365982281939, -7.293608214363312 ], [ 112.762127550116858, -7.293641196485971 ], [ 112.762526564181243, -7.293687371453617 ], [ 112.762446761368381, -7.294287645599601 ], [ 112.762327057149065, -7.295778432853493 ], [ 112.762187402226502, -7.299419626859321 ], [ 112.762160801288843, -7.300494828841702 ], [ 112.7620078458975, -7.300468443547919 ], [ 112.7620078458975, -7.299353663463374 ], [ 112.761974594725487, -7.298832552293396 ], [ 112.761602181598732, -7.298773185159565 ] ] ] } },
{ "type": "Feature", "properties": { "id": 1, "layer": "R-1", "path": "C:/Users/User/Documents/R-1.shp" }, "geometry": { "type": "MultiLineString", "coordinates": [ [ [ 112.735559863662345, -7.235712195463956 ], [ 112.73635789179113, -7.236022267260165 ], [ 112.736525810209869, -7.235515926504121 ], [ 112.736618913491554, -7.235222347564529 ], [ 112.736698716304403, -7.235050818208067 ], [ 112.737034553141925, -7.235225646205362 ], [ 112.737513370019187, -7.235469745559985 ], [ 112.737899083614749, -7.235657767945832 ], [ 112.737789354747036, -7.236017319307644 ], [ 112.737666325410558, -7.236482426607571 ], [ 112.737965585958818, -7.236561593759817 ], [ 112.737955610607216, -7.236729823912214 ], [ 112.737912384083586, -7.236964026568958 ], [ 112.737666325410515, -7.237775488354817 ], [ 112.737460168143926, -7.238342851012901 ], [ 112.73738036533102, -7.238705698850367 ], [ 112.737420266737487, -7.239279657560915 ], [ 112.7375466211912, -7.239998754225003 ], [ 112.737802655215816, -7.241532603369966 ], [ 112.738188368811393, -7.243129120379099 ], [ 112.738653885219833, -7.243181897704354 ], [ 112.739598218505535, -7.242944399692052 ], [ 112.740010533038713, -7.242601346786739 ], [ 112.740369645696646, -7.24249579199413 ], [ 112.741433683201663, -7.242482597643311 ], [ 112.742457819300256, -7.242535375044254 ], [ 112.743255847429012, -7.24275967892932 ], [ 112.744027274620137, -7.24275967892932 ], [ 112.744958307437031, -7.242720095898886 ], [ 112.745397222907812, -7.242456208940526 ], [ 112.745756335565758, -7.241928434560442 ], [ 112.745596729940019, -7.241347882028829 ], [ 112.745264218219717, -7.240490246239466 ], [ 112.744958307437031, -7.239949275133467 ], [ 112.74487850462414, -7.239645803253323 ], [ 112.744772100873632, -7.239137817257857 ], [ 112.74464574641992, -7.238662816848416 ], [ 112.744459539856535, -7.238379135809778 ], [ 112.745011509312263, -7.238405524751133 ], [ 112.746042295645253, -7.23874198361806 ], [ 112.747837858934957, -7.239263164504711 ], [ 112.749121354175358, -7.239632608819116 ], [ 112.751488837623995, -7.240292330056448 ], [ 112.752759032395616, -7.240648579123341 ], [ 112.75415558162095, -7.241077397071351 ], [ 112.757374295073618, -7.242080169757994 ], [ 112.759076755081608, -7.242568360916702 ], [ 112.759070104847211, -7.242937802523263 ], [ 112.758910499221443, -7.243835016593016 ], [ 112.758717642423676, -7.244712437448778 ], [ 112.758405081406565, -7.245840547467719 ], [ 112.757906313826069, -7.247516214446688 ], [ 112.757686856090672, -7.248637720360694 ], [ 112.75842503210977, -7.248743273714732 ], [ 112.760400151728462, -7.24925124888508 ], [ 112.76268783236425, -7.249759223482554 ], [ 112.765367876829956, -7.250445318133304 ], [ 112.766990534025112, -7.250821350335013 ], [ 112.767429449495936, -7.25103905304512 ], [ 112.76758905512169, -7.251111620591766 ], [ 112.767908266373155, -7.250669618080882 ], [ 112.768280679499952, -7.249825194167469 ], [ 112.768619841454679, -7.249007156991607 ], [ 112.768779447080419, -7.248439807755223 ], [ 112.768792747549227, -7.247667947763071 ], [ 112.768859249893254, -7.246005475596462 ], [ 112.768845949424446, -7.245385345519211 ], [ 112.769025505753405, -7.245292985647462 ], [ 112.769730430600475, -7.245504093897934 ], [ 112.770880921152781, -7.245767979071955 ], [ 112.772856040771472, -7.246388108622659 ], [ 112.774066383433407, -7.246711367305392 ], [ 112.777451352746212, -7.247694336160702 ], [ 112.785418333565005, -7.249983523771839 ], [ 112.788836554049865, -7.250946694332476 ], [ 112.794994671110089, -7.252688312581411 ], [ 112.795300581892775, -7.252747685812059 ], [ 112.795599842441064, -7.252516789871107 ], [ 112.795752797832378, -7.252041803563086 ], [ 112.795965605333393, -7.251355711344666 ], [ 112.796550825961205, -7.249333712332716 ], [ 112.796737032524561, -7.2487267810048 ], [ 112.796976440963178, -7.247625066613621 ], [ 112.796976440963178, -7.247189657788095 ], [ 112.797362154558769, -7.246688277407173 ], [ 112.797867572373647, -7.246041759776684 ], [ 112.798266586438004, -7.245118161552687 ], [ 112.798346389250895, -7.244102201320183 ], [ 112.798080379874619, -7.243231376441169 ], [ 112.797927424483277, -7.242281383745556 ], [ 112.797707966747865, -7.240882779745488 ], [ 112.79742865690281, -7.240836599350752 ], [ 112.796597377602012, -7.240764030149461 ], [ 112.795919053692558, -7.240731044145017 ], [ 112.795446887049721, -7.240895974143117 ], [ 112.795154276735815, -7.241001529310245 ], [ 112.794888267359568, -7.241133473234406 ], [ 112.79424984485658, -7.241014723704397 ], [ 112.794283096028565, -7.241047709688091 ] ] ] } },
{ "type": "Feature", "properties": { "id": 1, "layer": "S-1", "path": "C:/Users/User/Documents/S-1.shp" }, "geometry": { "type": "MultiLineString", "coordinates": [ [ [ 112.794549105405096, -7.24106090408089 ], [ 112.793312161805503, -7.24099493211302 ], [ 112.793092704070119, -7.240981737718283 ], [ 112.793059452898063, -7.241403958158245 ], [ 112.793019551491639, -7.242499090581771 ], [ 112.792992950554009, -7.243528248748007 ], [ 112.792992950554009, -7.243528248748007 ], [ 112.79296634961635, -7.244016438338598 ], [ 112.792953049147556, -7.245203924324635 ], [ 112.792866596100296, -7.247446944872223 ], [ 112.792813394225035, -7.248304567424801 ], [ 112.792720290943322, -7.250244107791159 ], [ 112.792554035083185, -7.251735041306177 ], [ 112.792527434145569, -7.252071490222016 ], [ 112.793844180558025, -7.252355162641976 ], [ 112.795194178142495, -7.252737790274158 ], [ 112.795400335409099, -7.252849939690931 ], [ 112.795340483299412, -7.253140208639904 ], [ 112.795373734471482, -7.253588805738363 ], [ 112.795393685174687, -7.254083581431459 ], [ 112.795387034940291, -7.254439819593739 ], [ 112.795433586581126, -7.254842236437909 ], [ 112.795513389394003, -7.255284234852125 ], [ 112.795606492675702, -7.255732829813738 ], [ 112.795772748535853, -7.256392527474356 ], [ 112.795885802520758, -7.256907090978247 ], [ 112.795965605333635, -7.257137984666929 ], [ 112.795899102989566, -7.257421653893676 ], [ 112.795752797832634, -7.257619562550604 ], [ 112.795573241503646, -7.257744904654967 ], [ 112.795593192206852, -7.258087946025173 ], [ 112.795539990331619, -7.258767431043933 ], [ 112.795466837753139, -7.259572256631511 ], [ 112.795480138221947, -7.260528809760158 ], [ 112.795520039628414, -7.261168709682868 ], [ 112.795533340097222, -7.261867980722116 ], [ 112.795613142910071, -7.262837722722013 ], [ 112.795646394082127, -7.263385263199383 ], [ 112.795845901114291, -7.264737619351921 ], [ 112.796271516116306, -7.267323576859719 ], [ 112.796444422210882, -7.268761679442164 ], [ 112.79673703252476, -7.270265745107366 ], [ 112.797122746120323, -7.271664257785611 ], [ 112.797508459715871, -7.272812090408497 ], [ 112.797867572373846, -7.27398630695161 ], [ 112.798027177999586, -7.274421689833093 ], [ 112.798772004253081, -7.274329335923827 ], [ 112.800195154416045, -7.274276562252856 ], [ 112.800873478325499, -7.274289755671179 ], [ 112.800943305786731, -7.274804298683338 ], [ 112.801019783482431, -7.275170415467423 ], [ 112.801265842155473, -7.27549695180666 ], [ 112.801565102703762, -7.275711344223414 ], [ 112.80173468368109, -7.275863068025695 ], [ 112.801880988838036, -7.275935631565173 ], [ 112.801980742354132, -7.275998300067097 ], [ 112.80199404282294, -7.276123637044693 ], [ 112.801890964189639, -7.276206095563494 ], [ 112.801871013486434, -7.276258869007573 ], [ 112.801914240010049, -7.276380907573237 ], [ 112.802306603840009, -7.277131279105648 ], [ 112.802339855012065, -7.277480902336145 ], [ 112.80247285970016, -7.277942668449441 ], [ 112.802459559231352, -7.278397837438832 ], [ 112.80247285970016, -7.279064098460097 ], [ 112.802499460637819, -7.279281787490183 ], [ 112.802506110872201, -7.280475776958057 ], [ 112.802605864388269, -7.281346529703704 ], [ 112.802718918373188, -7.282039172725775 ], [ 112.802805371420476, -7.282606479546788 ], [ 112.802792070951668, -7.283002274578201 ], [ 112.80270561790438, -7.283602563042306 ], [ 112.802625815091488, -7.283754284175207 ], [ 112.802293303371187, -7.283899408689059 ], [ 112.802020643760514, -7.284031340024521 ], [ 112.801827786962747, -7.284097305677692 ], [ 112.801754634384267, -7.284282009454922 ], [ 112.801614979461746, -7.284664609894206 ], [ 112.801595028758541, -7.284954858285463 ], [ 112.80158837852413, -7.28529128232195 ], [ 112.801435423132787, -7.285772830013168 ], [ 112.80118271422532, -7.286412693952967 ], [ 112.801096261178046, -7.286894240439143 ], [ 112.800939980669526, -7.287148206528201 ], [ 112.800693921996483, -7.287761682461182 ], [ 112.800461163792221, -7.288660456168694 ], [ 112.800328159104097, -7.289049649361456 ], [ 112.800082100431069, -7.289715894550598 ], [ 112.799769539413958, -7.290375542276368 ], [ 112.799270771833491, -7.290190841011082 ], [ 112.798785304721847, -7.290006139669631 ], [ 112.798432842298297, -7.289867613613553 ], [ 112.798025515440941, -7.289854420653599 ], [ 112.796728719731803, -7.290172700704137 ], [ 112.796316405198596, -7.29024526192752 ], [ 112.7958774897278, -7.290284840771687 ], [ 112.794175029719767, -7.290568489052504 ], [ 112.792884884244955, -7.290687225488808 ], [ 112.791741043927061, -7.290647646680203 ], [ 112.790583903140373, -7.290528910233402 ], [ 112.788376025317476, -7.290265051350044 ], [ 112.787032677967403, -7.290119928897929 ], [ 112.785908788352742, -7.289948420484812 ], [ 112.785044257879903, -7.289849473293521 ], [ 112.78378736357709, -7.289611999945236 ], [ 112.780665078523384, -7.289529543892081 ], [ 112.780442295670767, -7.289750526080373 ], [ 112.779265204180845, -7.289783508487184 ], [ 112.776345751276452, -7.289809894410882 ], [ 112.775308314709051, -7.289809894410882 ], [ 112.775221861661791, -7.28978350848718 ], [ 112.775256775392407, -7.289560877194067 ], [ 112.775386454963339, -7.289560877194067 ], [ 112.775712316449258, -7.289605403461543 ], [ 112.778701596814898, -7.289605403461546 ], [ 112.780164648384286, -7.289519649164681 ], [ 112.780497160104602, -7.2895328421345 ], [ 112.779845437132806, -7.289611999945239 ], [ 112.779878688304819, -7.289743929598717 ], [ 112.780503810339013, -7.289737333116964 ], [ 112.780670066199178, -7.289902245131596 ], [ 112.780636815027123, -7.290317823139152 ], [ 112.780749869012041, -7.291557958393091 ], [ 112.78116883377966, -7.29295310644842 ], [ 112.780995927685098, -7.293002579703899 ], [ 112.780869573231371, -7.292633179264324 ], [ 112.780586938269096, -7.291802027160937 ], [ 112.78051046057341, -7.291386450530691 ], [ 112.780487184752999, -7.289846175053436 ], [ 112.779482999357654, -7.289803297930105 ], [ 112.775127095821546, -7.289826385612401 ], [ 112.774435471443283, -7.28978021024661 ], [ 112.773969955034843, -7.289602105219662 ], [ 112.773398034875939, -7.28953614037689 ], [ 112.772719710966513, -7.289522947407175 ], [ 112.772107889401099, -7.289509754437066 ], [ 112.771456166429303, -7.28961529818705 ], [ 112.770771192285451, -7.289661473569847 ], [ 112.770262449353368, -7.289757122561927 ], [ 112.769976489273915, -7.289806596170503 ], [ 112.769753706421298, -7.289773613765396 ], [ 112.76920173696557, -7.289559228072965 ], [ 112.768756171260321, -7.289400912418844 ], [ 112.768117748757334, -7.289110666907631 ], [ 112.767479326254346, -7.288853403683644 ], [ 112.766608145547082, -7.288530175321003 ], [ 112.76592317140323, -7.288289403021754 ], [ 112.765437704291557, -7.288144279929565 ], [ 112.765261473079818, -7.288131086918853 ], [ 112.763844973151265, -7.287913402186013 ], [ 112.763505811196538, -7.287807858035049 ], [ 112.763326254867579, -7.287893612659603 ], [ 112.763239801820291, -7.288639017550794 ], [ 112.762947191506427, -7.290024279983324 ], [ 112.762741034239838, -7.291264416050134 ], [ 112.762634630489302, -7.29251114512355 ], [ 112.762175764315273, -7.297280346516917 ], [ 112.762142513143218, -7.298236819239102 ], [ 112.762115912205601, -7.29838193905967 ], [ 112.761976257283081, -7.298355553641245 ], [ 112.761996207986286, -7.297643146755691 ], [ 112.762042759627121, -7.297049473484529 ], [ 112.762295468534589, -7.293856817052998 ], [ 112.762431798339861, -7.292333041182742 ], [ 112.762451749043066, -7.291772343128706 ], [ 112.762588078848438, -7.290970873514765 ], [ 112.762784260763453, -7.290136420088039 ], [ 112.762814186818275, -7.289611999945236 ], [ 112.762548177442028, -7.28956912279949 ], [ 112.760722688097459, -7.289414105392159 ], [ 112.760031063719239, -7.289361333496569 ], [ 112.759977861843964, -7.289414105392159 ], [ 112.759997812547184, -7.290001192311225 ], [ 112.759981186961156, -7.290693821956565 ], [ 112.759981186961156, -7.291379854073125 ], [ 112.759967055213039, -7.293391769123009 ], [ 112.759967055213039, -7.293616047617641 ], [ 112.7597143463056, -7.293813940313712 ], [ 112.758104989579252, -7.293813940313712 ], [ 112.756575435665823, -7.293708397553363 ], [ 112.754739970969666, -7.293721590399765 ], [ 112.754460661124611, -7.293682011859386 ], [ 112.753396623619608, -7.293510504810634 ], [ 112.75192692181578, -7.293134508358444 ], [ 112.750869534545203, -7.292745318715689 ], [ 112.749998353837952, -7.292461671813764 ], [ 112.748588504143839, -7.291920763270162 ], [ 112.74823936683751, -7.291716273284682 ], [ 112.747088876285204, -7.291083013382448 ], [ 112.746347375148915, -7.290538804938504 ], [ 112.746240971398407, -7.290486033175434 ], [ 112.746154518351105, -7.290608067868097 ], [ 112.746011538311379, -7.290921400034799 ], [ 112.745905134560871, -7.29112918861392 ], [ 112.745695652177091, -7.291538169027695 ], [ 112.745642450301844, -7.291564554848017 ], [ 112.745183584127787, -7.291323784179963 ], [ 112.744478659280716, -7.290977469978346 ], [ 112.74419602431847, -7.290812558359634 ], [ 112.743723857675619, -7.290594874929953 ], [ 112.743540976229426, -7.290495927881483 ], [ 112.743401321306891, -7.290703716658022 ], [ 112.743288267321986, -7.290937891195393 ], [ 112.743215114743549, -7.291050031071336 ], [ 112.743048858883412, -7.291426029273993 ], [ 112.742902553726481, -7.291795430709496 ], [ 112.74277619927274, -7.292197814069251 ], [ 112.742676445756658, -7.292547425547254 ], [ 112.742583342474958, -7.293042158304343 ], [ 112.742550091302945, -7.293523697662873 ], [ 112.742456988021246, -7.294025025759763 ], [ 112.74250353966211, -7.294361442983669 ], [ 112.742456988021246, -7.294902348578283 ], [ 112.742184328410559, -7.296248013318995 ], [ 112.742097875363299, -7.296656989056079 ], [ 112.741958220440736, -7.297349608403402 ], [ 112.741818565518216, -7.297831143127337 ], [ 112.741692211064489, -7.298108190267883 ], [ 112.741392950516229, -7.298503971599617 ], [ 112.740874232232514, -7.298972312389836 ], [ 112.740445292113336, -7.2993318130863 ], [ 112.740222509260761, -7.299582473951401 ], [ 112.74014270644787, -7.299744084171533 ], [ 112.740052928283376, -7.299961763151242 ], [ 112.739996401290938, -7.300189336516762 ], [ 112.739936549181266, -7.300476276682152 ], [ 112.739880022188828, -7.300726936905864 ], [ 112.73974369238347, -7.300977596989079 ], [ 112.739351328553497, -7.301445935189129 ], [ 112.739161796872892, -7.301657017034426 ], [ 112.738972265192331, -7.301838415415622 ], [ 112.738446896674262, -7.302468361949715 ], [ 112.737758597413148, -7.303421525436835 ], [ 112.736847515299516, -7.304575872959798 ], [ 112.736455151469556, -7.304994735466743 ], [ 112.736385324008268, -7.305281672548095 ], [ 112.736189142093323, -7.306132588326847 ], [ 112.73581672896654, -7.307049464755555 ], [ 112.735670423809594, -7.30716819681737 ], [ 112.735384463730142, -7.307286928847634 ], [ 112.735098503650661, -7.307095638338902 ], [ 112.73516500599473, -7.306798808077009 ], [ 112.735304660917251, -7.3065085738525 ], [ 112.735583970762306, -7.306112799606209 ], [ 112.735776827560102, -7.305895123621338 ], [ 112.736056137405185, -7.305604888809918 ], [ 112.736235693734145, -7.305169536239384 ], [ 112.736348747719063, -7.304351599960087 ], [ 112.736501703110392, -7.303896457350065 ], [ 112.736648008267352, -7.303487488232737 ], [ 112.7368209143619, -7.302458467508395 ], [ 112.736953919049981, -7.30187799323447 ], [ 112.737100224206941, -7.301198573524867 ], [ 112.737106874441352, -7.301191977211946 ], [ 112.737233228895079, -7.300631290258131 ], [ 112.737286430770311, -7.300591712328942 ], [ 112.737273130301503, -7.300215721827017 ], [ 112.73735293311438, -7.299813345676569 ], [ 112.737485937802518, -7.299325216745845 ], [ 112.737492588036915, -7.298929436140699 ], [ 112.737479287568107, -7.298665582209394 ], [ 112.737712045772327, -7.298243415595603 ], [ 112.73838371944737, -7.297986157619973 ], [ 112.738749482339685, -7.297616761293698 ], [ 112.739121895466454, -7.297181400946189 ], [ 112.738962289840742, -7.296050121699129 ], [ 112.738742832105331, -7.295608163432137 ] ] ] } },
{ "type": "Feature", "properties": { "id": 1, "layer": "T2-1", "path": "C:/Users/User/Documents/T2-1.shp" }, "geometry": { "type": "MultiLineString", "coordinates": [ [ [ 112.797657258712064, -7.274560632955475 ], [ 112.797811876661982, -7.274135145275882 ], [ 112.797737061524927, -7.273818503020006 ], [ 112.797001379343726, -7.271567368044184 ], [ 112.796771946256712, -7.270607540029083 ], [ 112.796552488521286, -7.269499282449572 ], [ 112.796203351214999, -7.267490558617174 ], [ 112.796013819534409, -7.26598648366067 ], [ 112.795694608282872, -7.264363660298484 ], [ 112.795544978008749, -7.263067376452268 ], [ 112.795425273789462, -7.261009147094104 ], [ 112.795465175195901, -7.260138354914199 ], [ 112.795505076602339, -7.259277456442586 ], [ 112.795634756173257, -7.258268125101664 ], [ 112.795515051953927, -7.258159275508048 ], [ 112.795195840702434, -7.25820875259932 ], [ 112.7949464569122, -7.258367079254828 ], [ 112.794567393551034, -7.258654046175902 ], [ 112.794208280893088, -7.258950908315413 ], [ 112.793799291477129, -7.259336828803875 ], [ 112.792731928854906, -7.259722748961222 ], [ 112.791903974671328, -7.26020267484879 ], [ 112.791021156053858, -7.260459954495189 ], [ 112.790427622633089, -7.260593541945843 ], [ 112.79007848532676, -7.26077660616562 ], [ 112.789714384993019, -7.260974513346415 ], [ 112.788138279438741, -7.261558339022306 ], [ 112.785669379915404, -7.262359861173134 ], [ 112.784701770809292, -7.26282494127223 ], [ 112.784252879986866, -7.263141591277169 ], [ 112.783345122990383, -7.263359288026189 ], [ 112.782538366428994, -7.263555957157673 ], [ 112.782064537227541, -7.263860237531187 ], [ 112.781737844462342, -7.264115041262739 ], [ 112.781456040779361, -7.264265944375465 ], [ 112.781416139372922, -7.264268418196568 ], [ 112.780730333949805, -7.264416847437529 ], [ 112.780470974807926, -7.264503431138785 ], [ 112.779992157930664, -7.264624648292528 ], [ 112.779682922030801, -7.264629595930765 ], [ 112.779393636834101, -7.264609805377503 ], [ 112.778024519825721, -7.264402004515635 ], [ 112.776944688014012, -7.264278313480814 ], [ 112.776463377298867, -7.264258522912086 ], [ 112.775535669599179, -7.264174412985268 ], [ 112.77522643369926, -7.264110093618839 ], [ 112.773864798204585, -7.264018562196907 ], [ 112.773041831696816, -7.263924556933361 ], [ 112.771393404843352, -7.263684596039899 ], [ 112.769707570421374, -7.263541114207356 ], [ 112.766650125153049, -7.263142828190815 ], [ 112.765812195617883, -7.263038927432819 ], [ 112.764689968561811, -7.262912762194393 ], [ 112.764330855903864, -7.262910288365832 ], [ 112.763979224759652, -7.262813809041438 ], [ 112.763612630587986, -7.262586216706994 ], [ 112.762869466893093, -7.262143400856569 ], [ 112.762203612173167, -7.261814380975806 ], [ 112.761899363949098, -7.26177479962054 ], [ 112.761515312912096, -7.261799537967986 ], [ 112.761186126308971, -7.26174016593183 ], [ 112.760807062947819, -7.261586788135459 ], [ 112.760233480230255, -7.261255294009738 ], [ 112.76002399784646, -7.260948538033913 ], [ 112.759802046273165, -7.260550249720822 ], [ 112.759557650158726, -7.260386976148916 ], [ 112.759328217071712, -7.260332551611775 ], [ 112.759058882578259, -7.260352342353316 ], [ 112.758889301600888, -7.260550249720822 ], [ 112.758530188942942, -7.260946064194545 ], [ 112.757904235629482, -7.261962811027008 ], [ 112.757594999729619, -7.262516949451904 ], [ 112.757495246213523, -7.262912762194389 ], [ 112.757245862423289, -7.26340752763244 ], [ 112.757016429336261, -7.263763758410663 ], [ 112.756986503281439, -7.264555381351538 ], [ 112.75677702089763, -7.26519857396439 ], [ 112.756806946952466, -7.265564698579053 ], [ 112.757046355391083, -7.265693336886371 ], [ 112.758283298990634, -7.265762603651981 ], [ 112.760737235486587, -7.265851660906367 ], [ 112.76093674251878, -7.265911032399479 ], [ 112.760946717870382, -7.266287051673735 ], [ 112.760896841112313, -7.267039089278279 ], [ 112.760836989002641, -7.268582741470267 ], [ 112.760807062947819, -7.269502993137976 ], [ 112.760747210838176, -7.270720097286502 ], [ 112.758951647548486, -7.270571670127907 ], [ 112.756378006833231, -7.270512299250737 ], [ 112.756477760349327, -7.268523370330191 ], [ 112.756527637107396, -7.266732337249467 ], [ 112.756497711052532, -7.265940718143097 ], [ 112.756058795581751, -7.265732917896599 ], [ 112.754811876630583, -7.264970982837375 ], [ 112.75392407033732, -7.264496009679331 ], [ 112.753624809789059, -7.264624648292528 ], [ 112.753455228811674, -7.265287631330541 ], [ 112.753335524592373, -7.265772498903341 ], [ 112.753175918966619, -7.266178204021438 ], [ 112.752976411934412, -7.266633384937438 ], [ 112.752627274628125, -7.267355736314157 ], [ 112.752457693650754, -7.267702068754119 ], [ 112.752442730623343, -7.267776282813667 ], [ 112.752148457750835, -7.267810916037262 ], [ 112.751764406713889, -7.267875234873989 ], [ 112.751779369741314, -7.26809292932998 ], [ 112.751669640873573, -7.269300142125904 ], [ 112.751544948978449, -7.27064588371334 ], [ 112.751584850384916, -7.27000764647788 ], [ 112.750961390909296, -7.269973013423654 ], [ 112.75073694549809, -7.270250077782675 ], [ 112.75052746311431, -7.270467771087708 ], [ 112.750457635653035, -7.27086357682651 ], [ 112.750427709598213, -7.271333595688235 ], [ 112.750327956082117, -7.271783823820763 ], [ 112.750148399753144, -7.272412163426883 ], [ 112.749918966666101, -7.273446200706865 ], [ 112.749814225474182, -7.273916216864957 ], [ 112.749432668275162, -7.275764117725694 ], [ 112.74921321053975, -7.276822884803565 ], [ 112.749003728155941, -7.277020784914836 ], [ 112.748554837333543, -7.276911939864439 ], [ 112.746529840956825, -7.276545824501147 ], [ 112.746070974782768, -7.276951519885817 ], [ 112.745223069895985, -7.277317634918083 ], [ 112.745153242434711, -7.278020179143313 ], [ 112.745173193137944, -7.278356608382734 ], [ 112.745452502983014, -7.278801881988143 ], [ 112.746031073376358, -7.27969242787295 ], [ 112.746170728298878, -7.279989276108306 ], [ 112.746440062792331, -7.280612656763023 ], [ 112.74673932334062, -7.281710991998687 ], [ 112.746908904317976, -7.281997944004406 ], [ 112.747268016975909, -7.283007222013874 ], [ 112.747447573304854, -7.28371965218199 ], [ 112.747387721195224, -7.284907033279371 ], [ 112.74726801697588, -7.285520512280567 ], [ 112.746819126153468, -7.28633188644395 ], [ 112.746390186034247, -7.286925573925428 ], [ 112.744923809347682, -7.28853842094537 ], [ 112.744684400909051, -7.288934210737835 ], [ 112.745362724818506, -7.289290421252058 ], [ 112.745761738882905, -7.28972578927364 ], [ 112.746190679002098, -7.290200735723627 ], [ 112.746280457166591, -7.29051736641048 ], [ 112.745961245915069, -7.290942838543425 ], [ 112.745701886773233, -7.291526625230785 ], [ 112.745163217786313, -7.291328731523728 ], [ 112.744065929109269, -7.290774628678712 ], [ 112.743467408012705, -7.290418419344882 ], [ 112.744405091063996, -7.289339894912188 ], [ 112.744694376260696, -7.288954000218282 ], [ 112.743986126296392, -7.288498841946892 ], [ 112.743716791802939, -7.288795684350251 ], [ 112.743357679144992, -7.289211263384487 ], [ 112.742998566487046, -7.289626842033162 ], [ 112.742589577071058, -7.290339261676669 ], [ 112.742310267226031, -7.290952733239385 ], [ 112.741342658119919, -7.290497576999112 ], [ 112.74111322503289, -7.290398629929142 ], [ 112.741362608823124, -7.289765368163707 ], [ 112.741532189800481, -7.289379473836354 ], [ 112.740833915187807, -7.289112316030353 ], [ 112.739237858930295, -7.2887561053745 ], [ 112.739128130062596, -7.289498210587871 ], [ 112.739068277952924, -7.290220525148113 ], [ 112.739118154710994, -7.291892728358287 ], [ 112.73826027447258, -7.291981780425121 ], [ 112.737741556188865, -7.292110411157062 ], [ 112.736933552708535, -7.292377567174551 ], [ 112.736095623173327, -7.292872300119334 ], [ 112.734948457738241, -7.293881553631446 ], [ 112.733950922577307, -7.294772069546617 ], [ 112.733392302887154, -7.295464691811282 ], [ 112.733202771206606, -7.295603216135592 ], [ 112.732364841671412, -7.295009540158107 ], [ 112.731706468465177, -7.294455441868646 ], [ 112.731117922720202, -7.295237116042554 ], [ 112.729571743220774, -7.297206137340877 ], [ 112.729232581266047, -7.297671181307299 ], [ 112.729890954472253, -7.298156013864014 ], [ 112.731307454400792, -7.299254306079787 ], [ 112.732285038858521, -7.298799158281511 ], [ 112.732963362767975, -7.298660634946641 ], [ 112.735038235902721, -7.298571584208717 ], [ 112.73555695418645, -7.298532006097284 ], [ 112.737013355521427, -7.298423166272781 ] ] ] } },
{ "type": "Feature", "properties": { "id": 1, "layer": "TV-1", "path": "C:/Users/User/Documents/TV-1.shp" }, "geometry": { "type": "MultiLineString", "coordinates": [ [ [ 112.666360433909631, -7.263922083110369 ], [ 112.666679645161111, -7.2639591904538 ], [ 112.666968930357811, -7.264030931309072 ], [ 112.66702878246744, -7.263795918119807 ], [ 112.667173425065812, -7.263837973120596 ], [ 112.667026288629557, -7.264273365838722 ], [ 112.666422779857243, -7.267041563084115 ], [ 112.66622327282505, -7.268090455529945 ], [ 112.666143470012145, -7.26832794027202 ], [ 112.666043716496048, -7.26832794027202 ], [ 112.666213297473433, -7.267536323976882 ], [ 112.666532508724941, -7.266111411130847 ], [ 112.666637249916818, -7.265770025090525 ], [ 112.665722011406643, -7.265559750951117 ], [ 112.663365334588931, -7.265032828263729 ], [ 112.662946369821341, -7.264941297029705 ], [ 112.662682023003697, -7.264886873043877 ], [ 112.662577281811807, -7.264864608684144 ], [ 112.662375280941674, -7.264829975233471 ], [ 112.662140860178852, -7.264612279196711 ], [ 112.661604685029829, -7.264122462728489 ], [ 112.661365276591212, -7.263894871056577 ], [ 112.661228115506574, -7.263781075177414 ], [ 112.661168263396931, -7.263575747757339 ], [ 112.661235597020308, -7.263110668434959 ], [ 112.661332856698507, -7.26271732969634 ], [ 112.661662043301646, -7.261287453898315 ], [ 112.661816661251592, -7.260574988135635 ], [ 112.66191142709188, -7.260431505310769 ], [ 112.662290490453032, -7.260297917811988 ], [ 112.662295478128826, -7.260297917811988 ], [ 112.662978789714089, -7.260001056561515 ], [ 112.66335785307524, -7.259911998148162 ], [ 112.663791780870241, -7.259946631977671 ], [ 112.666061173361371, -7.260134644148477 ], [ 112.667592389833445, -7.26025338863691 ], [ 112.667333030691594, -7.262464999003583 ], [ 112.667323055339963, -7.262697539058892 ], [ 112.668310615149309, -7.262761858627424 ], [ 112.669258273552217, -7.262895445394199 ], [ 112.670560056937205, -7.263019136809524 ], [ 112.671153590357974, -7.263098299297473 ], [ 112.671348109714373, -7.263142828190818 ], [ 112.671373048093386, -7.263236833617841 ], [ 112.671397986472414, -7.263276414844393 ], [ 112.672176063897965, -7.263499059178798 ], [ 112.672390533957568, -7.263553483332658 ], [ 112.672495275149444, -7.263662331620614 ], [ 112.672540164231705, -7.26385034223773 ], [ 112.672445398391417, -7.264107619796878 ], [ 112.672255866710856, -7.264641965026118 ], [ 112.672205989952786, -7.264854713412797 ], [ 112.67302895646057, -7.263590590706516 ], [ 112.672350632551115, -7.263273941017833 ], [ 112.672480312122033, -7.262907814537263 ], [ 112.675103829595329, -7.26346195179739 ], [ 112.677088924565624, -7.263917135464353 ], [ 112.677438061871896, -7.263969085744857 ], [ 112.677348283707403, -7.264317894615665 ], [ 112.677031566293877, -7.265787341779972 ], [ 112.67695675115678, -7.266009984870583 ], [ 112.676931812777767, -7.266232627850883 ], [ 112.677011615590644, -7.266460218338956 ], [ 112.677295913111507, -7.266717494404056 ], [ 112.67750040781948, -7.266940137033805 ], [ 112.67765502576944, -7.267113303447336 ], [ 112.6780390768064, -7.267197412824114 ], [ 112.678792215852908, -7.267197412824114 ], [ 112.679026636615731, -7.267286469794128 ], [ 112.678971772181882, -7.267523954961204 ], [ 112.678732363743222, -7.268666850571941 ], [ 112.678602684172304, -7.269191295203606 ], [ 112.678901944720607, -7.269290246952242 ], [ 112.678802191204511, -7.269596997234469 ], [ 112.678470510763518, -7.270682990501453 ], [ 112.678979253695573, -7.270848734117601 ], [ 112.679712442038863, -7.27110600766926 ], [ 112.680168814375023, -7.271271751129277 ], [ 112.68054289006038, -7.271353385945307 ], [ 112.680852125960257, -7.271432546964858 ], [ 112.68127607840367, -7.271484496376359 ], [ 112.682074106532426, -7.271627975672128 ], [ 112.682318502646865, -7.271674977500432 ], [ 112.682567886437099, -7.271734348223885 ], [ 112.682697566008031, -7.271813509176276 ], [ 112.682867146985359, -7.272008937717737 ], [ 112.683131493803003, -7.272209313728895 ], [ 112.683443223540834, -7.272399794545485 ], [ 112.684034263123678, -7.2726051179326 ], [ 112.684228782480076, -7.272659540983322 ], [ 112.684592882813817, -7.272741175547037 ], [ 112.683615298356059, -7.272543273548771 ], [ 112.683443223540849, -7.272931656137971 ], [ 112.683355939214238, -7.273156769459432 ], [ 112.683124012289326, -7.273743053074495 ], [ 112.683742484089152, -7.273995377432637 ], [ 112.684101596747098, -7.274121539558514 ], [ 112.683999349393119, -7.274391180061612 ], [ 112.683884632849612, -7.27461381888704 ], [ 112.68382478073994, -7.274791929867865 ], [ 112.68378986700931, -7.274987357112729 ], [ 112.68400683090681, -7.275026937303855 ], [ 112.684373425078462, -7.275046727398114 ], [ 112.684341005185729, -7.275242154532025 ], [ 112.684216313290619, -7.276862464832801 ], [ 112.684051719989071, -7.276931729875566 ], [ 112.683742484089166, -7.277223632438306 ], [ 112.683408309810233, -7.277505639818556 ], [ 112.682368379404963, -7.278331870947254 ], [ 112.68232349032273, -7.278391240790118 ], [ 112.682717516711293, -7.27876230213 ], [ 112.684448240215559, -7.280889714553652 ], [ 112.684637771896163, -7.281107402697637 ], [ 112.685615356353878, -7.282314580487249 ], [ 112.686034321121454, -7.282710375776349 ], [ 112.686433335185853, -7.282848904044985 ], [ 112.687540599214501, -7.282947852782095 ], [ 112.688637887891517, -7.283106170716035 ], [ 112.69217913771287, -7.284214394688145 ], [ 112.694573222099166, -7.284837769468411 ], [ 112.700136974459312, -7.286183464450677 ], [ 112.703448791193651, -7.28707399567289 ], [ 112.708566146569311, -7.288706631649895 ], [ 112.713693477296545, -7.290329366967159 ], [ 112.7154092377734, -7.29104178549315 ], [ 112.718122533411162, -7.291675045453689 ], [ 112.718122533411162, -7.291675045453689 ], [ 112.721753561397023, -7.291912517708001 ], [ 112.725444441492485, -7.292209357848792 ], [ 112.728227564591521, -7.292367672510077 ], [ 112.729215124400881, -7.292535881776359 ], [ 112.729773744091005, -7.292773353574108 ], [ 112.732117951719218, -7.294584071889828 ], [ 112.7331354375834, -7.295405324230592 ], [ 112.733265117154332, -7.295573532355415 ], [ 112.733065610122125, -7.295524059384091 ], [ 112.731689011600025, -7.294455441868639 ], [ 112.731270046832407, -7.295029329370041 ], [ 112.729733842684553, -7.296988457020302 ], [ 112.729215124400881, -7.297641497664306 ], [ 112.731324911266299, -7.299274095103983 ] ] ] } },
{ "type": "Feature", "properties": { "id": 1, "layer": "U-1", "path": "C:/Users/User/Documents/U-1.shp" }, "geometry": { "type": "MultiLineString", "coordinates": [ [ [ 112.737080689144946, -7.298423166272777 ], [ 112.73751960461577, -7.298408324476477 ], [ 112.737913631004346, -7.298170855668683 ], [ 112.738457287667018, -7.29791359765133 ], [ 112.73893610454428, -7.29749802669543 ], [ 112.739085734818445, -7.297186348225196 ], [ 112.739170525307117, -7.296429413893621 ], [ 112.739100697845856, -7.295939632173254 ], [ 112.739145586928103, -7.295519112086656 ], [ 112.739330130932885, -7.295598268839025 ], [ 112.739370032339309, -7.295820897130011 ], [ 112.739389983042514, -7.296335415423199 ], [ 112.739464798179597, -7.296775723877425 ], [ 112.739434872124761, -7.297028035268285 ], [ 112.739225389740938, -7.297473290316836 ], [ 112.738961042923336, -7.297799810404159 ], [ 112.738721634484705, -7.298057068486941 ], [ 112.738362521826772, -7.298215381079744 ], [ 112.737963507762373, -7.298433060803369 ], [ 112.737823852839838, -7.29867547673457 ], [ 112.737649284186659, -7.299130624658685 ], [ 112.737564493698002, -7.299808398426509 ], [ 112.737335060610988, -7.300570274282448 ], [ 112.737325085259343, -7.300639535659545 ], [ 112.738207903876784, -7.30050101289463 ], [ 112.738686720754046, -7.300530696347868 ], [ 112.739305192553829, -7.300654377381808 ], [ 112.739699218942391, -7.30070384978581 ], [ 112.740202974198667, -7.300763216663388 ], [ 112.740597000587258, -7.300842372487896 ], [ 112.740936162541985, -7.300886897633023 ], [ 112.741764116725577, -7.301114470527788 ], [ 112.742492317393058, -7.301317307140728 ], [ 112.743948718728035, -7.30170319117474 ], [ 112.744986155295436, -7.301995077594645 ], [ 112.745834060182233, -7.302212755478674 ], [ 112.745963739753151, -7.302247386041365 ], [ 112.746093419324083, -7.302311699936388 ], [ 112.747405178060717, -7.302643163710171 ], [ 112.750268103972601, -7.303429770786785 ], [ 112.752587373221814, -7.304058066010957 ], [ 112.754228318561573, -7.304503314060363 ], [ 112.757046355391239, -7.305230551587239 ], [ 112.758886807763204, -7.305754953423368 ], [ 112.76048785169651, -7.306165569525883 ], [ 112.761216052363991, -7.306323879247772 ], [ 112.762308353365228, -7.306655340046327 ], [ 112.764552807477372, -7.307249000563534 ], [ 112.768418256226013, -7.308278010258157 ], [ 112.769485618848222, -7.30859957530168 ], [ 112.769655199825579, -7.30869357119376 ], [ 112.76961529841914, -7.308995347345187 ], [ 112.769645224473976, -7.309480167620615 ], [ 112.769585372364332, -7.310563590619872 ], [ 112.769600335391743, -7.311256188420383 ], [ 112.769495594199839, -7.312582015499282 ], [ 112.769495594199796, -7.313507123853029 ], [ 112.769440729765961, -7.314135404903943 ], [ 112.769440729765961, -7.314654849199531 ], [ 112.769296087167632, -7.315406805585049 ], [ 112.769276136464427, -7.315921301329392 ], [ 112.769380877656332, -7.316534737787827 ], [ 112.769460680469209, -7.316960185158926 ], [ 112.769500581875633, -7.317919913785455 ], [ 112.769490606524045, -7.318340412791002 ], [ 112.769670162852989, -7.319829470788395 ], [ 112.769754953341675, -7.321447146101997 ], [ 112.76983974383036, -7.321862694776562 ], [ 112.769759941017483, -7.322233720051614 ], [ 112.769680138204592, -7.322570116034143 ], [ 112.769425766738593, -7.323856333626831 ], [ 112.769266161112824, -7.324717107943014 ], [ 112.769011789646783, -7.325790600019614 ], [ 112.768919517644363, -7.326379288125144 ], [ 112.768824751804075, -7.327057020527332 ], [ 112.768784850397651, -7.327947470291772 ], [ 112.768754924342815, -7.329372186213134 ], [ 112.768774875046034, -7.330321994295907 ], [ 112.768774875046034, -7.330960145463934 ], [ 112.767313486035263, -7.330974986177891 ], [ 112.765675034533416, -7.330986116713036 ], [ 112.764784734402269, -7.33094901492814 ] ] ] } },
{ "type": "Feature", "properties": { "id": 1, "layer": "USP-1", "path": "C:/Users/User/Documents/USP-1.shp" }, "geometry": { "type": "MultiLineString", "coordinates": [ [ [ 112.756637842130374, -7.263950453571286 ], [ 112.756438313817441, -7.264878235132111 ], [ 112.756294902842512, -7.26537305118147 ], [ 112.756020551412206, -7.265317384403112 ], [ 112.75597066933399, -7.265342125194345 ], [ 112.755920787255732, -7.265496755108685 ], [ 112.756257491283833, -7.265614273808001 ], [ 112.756756312066202, -7.265688496128579 ], [ 112.757666659993973, -7.265719422091866 ], [ 112.759156887081232, -7.265768903628701 ], [ 112.760304174880631, -7.265806014777752 ], [ 112.760266763321951, -7.264538048782165 ], [ 112.760198175464353, -7.263777267467833 ], [ 112.759967470852544, -7.263103078072533 ], [ 112.759471767700077, -7.261804178222111 ], [ 112.759060240554618, -7.261040299653089 ], [ 112.758792124384129, -7.260505274619489 ], [ 112.758230951003981, -7.260158899691837 ], [ 112.757333073595774, -7.25971356010716 ], [ 112.7567781354754, -7.259410481526538 ], [ 112.757027545866592, -7.258909473629119 ], [ 112.757420367232683, -7.258229091640412 ], [ 112.758402420647954, -7.2564693716338 ], [ 112.75844918509631, -7.256364221187027 ], [ 112.758090657658968, -7.256153920219767 ], [ 112.758492831914765, -7.255832283256203 ], [ 112.758929300099283, -7.255458070730433 ], [ 112.759241063088268, -7.25517973063344 ], [ 112.759892647735228, -7.25496324377232 ], [ 112.760918347968882, -7.254493157658198 ], [ 112.761370404302866, -7.254326153262618 ], [ 112.761526285797359, -7.254304504540137 ], [ 112.761501344758244, -7.253955032161708 ], [ 112.761392227712108, -7.25357772539545 ], [ 112.761398462971911, -7.253246808545054 ], [ 112.761467050829467, -7.252785998693964 ], [ 112.761647873363074, -7.252445803199251 ], [ 112.762046929988969, -7.25168190874267 ], [ 112.762162282294867, -7.251471605587846 ], [ 112.762321281419247, -7.251261302334802 ], [ 112.762508339212644, -7.250834510137004 ], [ 112.762692279376111, -7.250577816084109 ], [ 112.762782690642908, -7.250481942364173 ], [ 112.762845043240731, -7.250268545946525 ], [ 112.762966630806417, -7.249990202641117 ], [ 112.763004042365097, -7.249866494450163 ], [ 112.762043812359067, -7.249646912327537 ], [ 112.760142058126362, -7.24920156234165 ], [ 112.759175592860529, -7.248981979894862 ], [ 112.758458537985931, -7.248821158880013 ], [ 112.757822541488409, -7.248694357654745 ], [ 112.757619895545602, -7.248632503385564 ], [ 112.75770407155261, -7.248279933889061 ], [ 112.758100010548631, -7.24684491133697 ], [ 112.758480361395172, -7.245412976950338 ], [ 112.758958917583243, -7.243755267528877 ], [ 112.759052446479942, -7.242716103290389 ], [ 112.758915270764803, -7.242617135142749 ], [ 112.756340108475925, -7.241874873342981 ], [ 112.753104008650425, -7.240854261373159 ], [ 112.751663663641366, -7.240421273779015 ], [ 112.750086142917212, -7.23996972913088 ], [ 112.747922507773794, -7.239351174084551 ], [ 112.747984860371588, -7.23918416407661 ], [ 112.748277917581191, -7.238788288255212 ], [ 112.748645797908196, -7.238175917159626 ], [ 112.748851561480919, -7.237594473127816 ], [ 112.749132148170929, -7.236975914824543 ], [ 112.749188265508963, -7.236765604808253 ], [ 112.749094736612264, -7.236103746176164 ], [ 112.748982501936254, -7.235831579728024 ], [ 112.74903238401447, -7.235466629005845 ], [ 112.748970031416675, -7.235404772921989 ], [ 112.748196859204043, -7.235046007468437 ], [ 112.747523451147856, -7.235070749922665 ], [ 112.746694161597219, -7.235039821854669 ], [ 112.746912395689492, -7.234990336941462 ], [ 112.746825102052554, -7.234650128016306 ], [ 112.746737808415659, -7.234121257268939 ], [ 112.746204693704499, -7.233914038736969 ], [ 112.746725337896095, -7.232444949402074 ], [ 112.746915513319394, -7.231977932633161 ], [ 112.746968513027525, -7.23169029954836 ], [ 112.746937336728621, -7.231582050490498 ], [ 112.746572574031532, -7.230815027851405 ], [ 112.746394869127798, -7.230440794558629 ], [ 112.746123635327393, -7.230320173844464 ], [ 112.74569652003251, -7.23013151061155 ], [ 112.745400345192991, -7.230579972265721 ], [ 112.745048053015452, -7.230975855286909 ], [ 112.744857877592182, -7.231220189165846 ], [ 112.744468173856006, -7.231711949356822 ], [ 112.744062881970308, -7.232222265969867 ], [ 112.743916353365492, -7.232444949402074 ], [ 112.743451826511958, -7.233069699556101 ], [ 112.743249180569109, -7.233366610217312 ], [ 112.743034064106737, -7.233740841085027 ], [ 112.743052769886077, -7.23418002071591 ], [ 112.743027828846976, -7.234278990714581 ], [ 112.742797124235139, -7.234340846952725 ], [ 112.742734771637359, -7.234322290082172 ], [ 112.742610066441728, -7.234130535708441 ], [ 112.742229715595187, -7.234062493814311 ], [ 112.741774541631329, -7.234025380049552 ], [ 112.741319367667415, -7.233901667478317 ], [ 112.741101133575128, -7.233623314069081 ], [ 112.741076192536028, -7.233264547199547 ], [ 112.741001369418669, -7.232639797315161 ], [ 112.740901605262181, -7.231241838996842 ], [ 112.740833017404626, -7.230307802487346 ], [ 112.740864193703501, -7.230134603452069 ], [ 112.740839252664401, -7.228860351364988 ], [ 112.740814311625286, -7.227685067127133 ], [ 112.740895370002463, -7.22682525198498 ], [ 112.740976428379554, -7.225767491544015 ], [ 112.740942134450762, -7.225461297270059 ], [ 112.740942134450762, -7.225383975450899 ], [ 112.741129192244145, -7.225312839365589 ], [ 112.74110425120503, -7.225105616792386 ], [ 112.741029428087685, -7.224997366156658 ], [ 112.740973310749652, -7.224273632668845 ], [ 112.740879781852982, -7.223853000707555 ], [ 112.740836135034527, -7.223191123152419 ], [ 112.740748841397604, -7.223036478724173 ], [ 112.740617900942198, -7.222405528908737 ], [ 112.740486960486805, -7.222269441578203 ], [ 112.739651435676393, -7.222318927884953 ], [ 112.738578970994368, -7.222294184732254 ], [ 112.738105091251157, -7.222182840528353 ], [ 112.737693564105697, -7.222287998943869 ], [ 112.737375565856937, -7.22243027205534 ], [ 112.736833098256128, -7.222424086268815 ], [ 112.736278160135768, -7.222424086268815 ], [ 112.736228278057524, -7.222356042611461 ], [ 112.736328042214012, -7.221854993546517 ], [ 112.736415335850907, -7.220791035666148 ], [ 112.73644027689005, -7.219659031219389 ], [ 112.736490158968266, -7.219368297379607 ], [ 112.736515100007381, -7.218607439850619 ], [ 112.73658992312474, -7.218044528172191 ], [ 112.736745804619233, -7.21756203189034 ], [ 112.736851804035467, -7.216999118911168 ], [ 112.736814392476788, -7.216733126820217 ], [ 112.736770745658347, -7.215353676956773 ], [ 112.736695922540989, -7.213739158547523 ], [ 112.736614864163855, -7.211772036381795 ], [ 112.7365712173454, -7.210967864481909 ], [ 112.736483923708462, -7.209897695046591 ], [ 112.736483923708462, -7.209897695046591 ], [ 112.736365453772649, -7.209211053210115 ], [ 112.736253219096639, -7.208617199971595 ], [ 112.736053690783706, -7.207423305167535 ], [ 112.735854162470758, -7.206272709270581 ], [ 112.735224401233054, -7.203055974058998 ], [ 112.734999931881006, -7.201719785030175 ], [ 112.734999931881006, -7.201719785030175 ], [ 112.734750521489843, -7.200705268508132 ], [ 112.734501111098652, -7.199591772151939 ], [ 112.734501111098652, -7.199591772151939 ] ] ] } },
{ "type": "Feature", "properties": { "id": 1, "layer": "W-1", "path": "C:/Users/User/Documents/W-1.shp" }, "geometry": { "type": "MultiLineString", "coordinates": [ [ [ 112.774324911296134, -7.26847142057617 ], [ 112.775036486377573, -7.26857037248338 ], [ 112.77514954036252, -7.268642937201482 ], [ 112.77507638778404, -7.268768276232407 ], [ 112.774597570906778, -7.268669324368793 ], [ 112.773985749341406, -7.26858356606936 ], [ 112.773074667227732, -7.268458226986895 ], [ 112.772150284645278, -7.268352678258749 ], [ 112.771644866830371, -7.268148177527388 ], [ 112.770527627450122, -7.267429125829658 ], [ 112.769816052368654, -7.26700692980119 ], [ 112.768472705018581, -7.266723266621753 ], [ 112.767315564231865, -7.266459393735921 ], [ 112.765746108911998, -7.26610316509425 ], [ 112.76504783429931, -7.26593824433118 ], [ 112.764602268594089, -7.265911857003471 ], [ 112.763485029213797, -7.265958034825944 ], [ 112.763079364915015, -7.265951437994453 ], [ 112.76247419358404, -7.265898663339036 ], [ 112.761556461235969, -7.265885469674215 ], [ 112.761303752328544, -7.26600421264367 ], [ 112.761051043421105, -7.266109761923516 ], [ 112.760439221855719, -7.265958034825947 ], [ 112.759561390914058, -7.265878872841653 ], [ 112.758344398017712, -7.265878872841653 ], [ 112.757819029499643, -7.265826098177723 ], [ 112.756934548323613, -7.265852485510464 ], [ 112.756309426289434, -7.265779920341693 ], [ 112.755664353551992, -7.265489659549426 ], [ 112.755072482689826, -7.265126833295459 ], [ 112.754281104795496, -7.264665054003149 ], [ 112.753908691668755, -7.264500132712344 ], [ 112.753642682292465, -7.26459248864265 ], [ 112.75354957901078, -7.264869556319706 ], [ 112.75354957901078, -7.264869556319706 ], [ 112.753449825494684, -7.265252173307215 ], [ 112.753389973385026, -7.265694161490763 ], [ 112.753070762133561, -7.266320860408825 ], [ 112.752718299710025, -7.267198237425744 ], [ 112.75252544291223, -7.267660014114917 ], [ 112.752445640099339, -7.267765563005805 ], [ 112.752206231660722, -7.267831531050014 ], [ 112.751980123690899, -7.267831531050014 ], [ 112.751780616658721, -7.267884305478407 ], [ 112.751760665955516, -7.268128387129093 ], [ 112.751714114314652, -7.268814453761303 ], [ 112.751647611970611, -7.269540100020504 ], [ 112.75156780915772, -7.27043726104751 ], [ 112.751474705876021, -7.271242065737935 ], [ 112.751442285983217, -7.271566955747333 ], [ 112.751282680357434, -7.27155376224899 ], [ 112.75105574110836, -7.271519129314005 ], [ 112.750390717667742, -7.271453161811399 ], [ 112.750191210635535, -7.272363512491401 ], [ 112.749891950087274, -7.273574012166989 ], [ 112.749453034616451, -7.27556621706021 ], [ 112.74938653227241, -7.276173112157805 ], [ 112.749147123833779, -7.277004293242232 ], [ 112.748269292892118, -7.276938326545752 ], [ 112.747019048823759, -7.276608492917862 ], [ 112.746354025383113, -7.276436979335539 ], [ 112.746247621632634, -7.276265465687664 ], [ 112.746367325851921, -7.275684957469974 ], [ 112.746886044135621, -7.274075362575375 ], [ 112.746779640385128, -7.273732333409079 ], [ 112.745861908037043, -7.273323336752822 ], [ 112.744412156936463, -7.272544922732441 ], [ 112.743002307242335, -7.271977603189376 ], [ 112.742709696928458, -7.27218869891705 ], [ 112.742496889427457, -7.272808792043105 ], [ 112.742071274425442, -7.274128136270001 ], [ 112.741858466924455, -7.274926337644564 ], [ 112.741459452860042, -7.276611791255337 ], [ 112.741299847234316, -7.277627678045123 ], [ 112.741060438795699, -7.278940411464132 ], [ 112.74090083316996, -7.279682532928403 ], [ 112.740721276840958, -7.279708919446753 ], [ 112.740508469339957, -7.27972541101993 ], [ 112.739949849649847, -7.279642953147976 ], [ 112.739806869610121, -7.27960337336405 ], [ 112.739856746368162, -7.279204277014322 ], [ 112.739926573829379, -7.278752407164932 ], [ 112.739999726407873, -7.27843246984305 ], [ 112.739936549181024, -7.278376398330148 ], [ 112.739540860233831, -7.278340116759241 ], [ 112.7392848262092, -7.27824776365642 ], [ 112.738234089172991, -7.278039969105563 ], [ 112.73799468073436, -7.277974002561354 ], [ 112.738047882609592, -7.277505639818562 ], [ 112.738224113821389, -7.276704144694908 ], [ 112.738127685422498, -7.276667862988774 ], [ 112.73750588850551, -7.276496349429145 ], [ 112.736734461314384, -7.276334730822581 ], [ 112.736062787639341, -7.276179708839138 ], [ 112.735238158572955, -7.275965316646137 ], [ 112.734556509546294, -7.275806996191715 ], [ 112.733494134599937, -7.275561269542456 ], [ 112.732801678942323, -7.275399650599125 ], [ 112.72952145082138, -7.274647626995317 ], [ 112.728065049486375, -7.274304598266346 ], [ 112.727380075342552, -7.274126487092138 ], [ 112.727100765497468, -7.274086906821604 ], [ 112.726947810106125, -7.274423339009887 ], [ 112.726887957996496, -7.274772964350118 ], [ 112.726894608230893, -7.275148976204528 ], [ 112.727267021357648, -7.275610744717552 ], [ 112.727792389875731, -7.276237429796679 ], [ 112.728414186792705, -7.277005942409523 ], [ 112.729278717265558, -7.278068004883916 ], [ 112.729970341643792, -7.278879392533553 ], [ 112.730588813443589, -7.27961821578343 ], [ 112.73044915852104, -7.279690778715553 ], [ 112.730103346331902, -7.279334560572487 ], [ 112.729458273594517, -7.278523173746137 ], [ 112.728560491949679, -7.277428129035804 ], [ 112.728061724369184, -7.276761865584987 ], [ 112.72692785940292, -7.275524987743917 ], [ 112.726548796041754, -7.275050025747067 ], [ 112.726316037837535, -7.274914793419925 ], [ 112.726169732680603, -7.27489830166992 ], [ 112.726079954516109, -7.275030235652959 ], [ 112.725877122366711, -7.275412843984433 ], [ 112.725700891154929, -7.275795451989726 ], [ 112.725468132950681, -7.27623413145645 ], [ 112.72525532544968, -7.276573860372864 ], [ 112.724696705759584, -7.277365460733576 ], [ 112.724251140054349, -7.278058109903522 ], [ 112.724098184663006, -7.278302186022882 ], [ 112.723988455795293, -7.278496787158041 ], [ 112.723835500403922, -7.278655106663347 ], [ 112.723280205831031, -7.278889287495836 ], [ 112.722974295048346, -7.279083888376302 ], [ 112.722641783328044, -7.279209224491908 ], [ 112.722119739927138, -7.279476388200384 ], [ 112.72136161320482, -7.279865589367462 ], [ 112.72093932332001, -7.280093172944277 ], [ 112.720543634372831, -7.280277878370997 ], [ 112.719825409056952, -7.280129454373385 ], [ 112.719452995930212, -7.280037101638973 ], [ 112.717906816430784, -7.279694077030374 ], [ 112.717424674436316, -7.279591829259745 ], [ 112.717261743693342, -7.279885379248296 ], [ 112.717078862247192, -7.280347142886407 ], [ 112.716872704980588, -7.280950733210749 ], [ 112.716673197948381, -7.281557621023794 ], [ 112.716417163923708, -7.282204087573345 ], [ 112.716097952672271, -7.283338700080184 ], [ 112.715768766069147, -7.284417238957864 ], [ 112.715692288373461, -7.2844865028338 ], [ 112.715363101770336, -7.284380957875713 ], [ 112.714678127626513, -7.284212745547395 ], [ 112.713570863597838, -7.283879618985406 ], [ 112.712520126561657, -7.283539895602872 ], [ 112.711299808548077, -7.283190277095731 ], [ 112.711073700578254, -7.283097924991716 ], [ 112.711273207610461, -7.282497635851908 ], [ 112.711587431186132, -7.28143063641347 ], [ 112.711675546792023, -7.281028243384794 ], [ 112.711675546792023, -7.281028243384794 ] ] ] } },
{ "type": "Feature", "properties": { "id": 1, "layer": "WB-1", "path": "C:/Users/User/Documents/WB.shp" }, "geometry": { "type": "MultiLineString", "coordinates": [ [ [ 112.760033460685449, -7.217043450911182 ], [ 112.760210819185858, -7.216339636941611 ], [ 112.758603507776058, -7.21636163114473 ], [ 112.756979569006987, -7.216130691958665 ], [ 112.75236270554359, -7.214294171379145 ], [ 112.75160893191692, -7.214349157133459 ], [ 112.751099026228303, -7.217956208022374 ], [ 112.749846431819236, -7.223058816256012 ], [ 112.749270016692975, -7.223564675142019 ], [ 112.747385582626336, -7.22473034781107 ], [ 112.746277091998891, -7.226357885753722 ], [ 112.745079922121249, -7.225445145602307 ], [ 112.745079922121249, -7.22558810502489 ], [ 112.745955629716889, -7.226330393607412 ], [ 112.745700676872545, -7.227463068650049 ], [ 112.745534403278441, -7.228408795151144 ], [ 112.745501148559597, -7.229673426331918 ], [ 112.745379214590585, -7.230129792366854 ], [ 112.743710936196308, -7.232246664931576 ], [ 112.743738648462056, -7.232345635354102 ], [ 112.743918778188998, -7.232419863156762 ], [ 112.745321018832726, -7.230663135220884 ], [ 112.745695134419492, -7.230129792366855 ], [ 112.746338058983341, -7.230443200099661 ], [ 112.746526502389969, -7.230720868172458 ], [ 112.746969898640884, -7.231688581309593 ], [ 112.746853507125067, -7.232095460077486 ], [ 112.747468719423168, -7.23230989603735 ], [ 112.749020606301585, -7.232397869735012 ], [ 112.748954096863926, -7.233915413321277 ], [ 112.749131455364335, -7.234971092807117 ], [ 112.74900397894217, -7.235438450124285 ], [ 112.750339710148211, -7.23595529177029 ], [ 112.751758578151325, -7.236560105710756 ], [ 112.753332634842238, -7.237483819982549 ], [ 112.754075323562617, -7.237835710636262 ], [ 112.7529335782164, -7.240782784084715 ], [ 112.75186942721399, -7.2437738240114 ], [ 112.751381691337926, -7.244983430110896 ], [ 112.751248672462637, -7.246368974926691 ], [ 112.7504727290234, -7.248634221559857 ], [ 112.749785464834346, -7.250437613648088 ], [ 112.749718955396688, -7.252350960773119 ], [ 112.750073672397477, -7.254814108318562 ], [ 112.750384049773174, -7.255968704090436 ], [ 112.75145928568179, -7.256078665438024 ], [ 112.753255040498203, -7.256177630627881 ], [ 112.753836998077617, -7.256243607409028 ], [ 112.75397555940603, -7.256397553194083 ], [ 112.753981101859168, -7.2574586780655 ], [ 112.753803743358759, -7.258046969014322 ], [ 112.753781573546235, -7.258775459076392 ], [ 112.753690123069475, -7.260474348297532 ], [ 112.753407457959455, -7.261043392281514 ], [ 112.753170518087884, -7.261509348051015 ], [ 112.752987617134394, -7.261505224550747 ], [ 112.752908637177114, -7.261542336051792 ], [ 112.752833814059784, -7.262148490135295 ], [ 112.752638442586644, -7.264065910936531 ], [ 112.752713265704017, -7.264239096928772 ], [ 112.753494751596349, -7.264338060322953 ], [ 112.754558902598674, -7.264700925915191 ], [ 112.756088619664553, -7.265608088614079 ], [ 112.756637322525094, -7.265970953180917 ], [ 112.756487676290419, -7.268510996943846 ], [ 112.756447493505817, -7.270497121353944 ], [ 112.756248657998881, -7.274077601059751 ], [ 112.757878139221205, -7.274184809054223 ], [ 112.761211924783282, -7.27429201702309 ], [ 112.761209846363371, -7.275298121329297 ], [ 112.761257650021633, -7.276194954209143 ], [ 112.761423923615752, -7.277135080545149 ], [ 112.761523687772225, -7.279089547412648 ], [ 112.757402181058083, -7.278460737798899 ], [ 112.757285789542237, -7.278646288268404 ], [ 112.758773938209572, -7.278848332025685 ], [ 112.761667098747154, -7.279277159290611 ], [ 112.762473525678601, -7.279442092744882 ], [ 112.766131544749172, -7.279986372713673 ], [ 112.771402417682665, -7.28051415871929 ], [ 112.773457974989981, -7.28063373514989 ], [ 112.776442586004364, -7.280613118526198 ], [ 112.776471683883358, -7.28217585591487 ], [ 112.776450899684093, -7.284010725316191 ], [ 112.775636159072931, -7.287643332244842 ], [ 112.775278670845623, -7.289597753299445 ], [ 112.774347538718573, -7.289511165205397 ], [ 112.772963311047505, -7.289544151147959 ], [ 112.771096889953569, -7.289636924098394 ], [ 112.769982856873, -7.289801853740611 ], [ 112.76575950758243, -7.288235019687694 ], [ 112.763533519841246, -7.287785584697928 ] ] ] } },
{ "type": "Feature", "properties": { "id": 2, "layer": "WB-1", "path": "C:/Users/User/Documents/WB.shp" }, "geometry": { "type": "MultiLineString", "coordinates": [ [ [ 112.763535598261157, -7.287785584697929 ], [ 112.763338148368106, -7.287872173125517 ], [ 112.763185384503515, -7.288762795980787 ], [ 112.763060679307941, -7.289447254934773 ], [ 112.762817504176596, -7.290717212150979 ], [ 112.762306212874662, -7.293652943618106 ], [ 112.76213993928053, -7.293784886153366 ], [ 112.759995009916452, -7.293735407707203 ], [ 112.759928500478793, -7.295862975953517 ], [ 112.759695717447045, -7.299095540905808 ], [ 112.761873901529967, -7.299293452286963 ], [ 112.761873901529967, -7.299293452286963 ] ] ] } },
{ "type": "Feature", "properties": { "id": 1, "layer": "WK-1", "path": "C:/Users/User/Documents/wk-1.shp" }, "geometry": { "type": "MultiLineString", "coordinates": [ [ [ 112.801784560439557, -7.292326444739121 ], [ 112.801796198349763, -7.292171428286238 ], [ 112.801887639072802, -7.291729466189789 ], [ 112.801880988838406, -7.291274310738981 ], [ 112.801761284619076, -7.29114897799738 ], [ 112.80119601469454, -7.290970873514763 ], [ 112.80032483398729, -7.290608067868095 ], [ 112.79954010632737, -7.290291437245367 ], [ 112.799021388043656, -7.290093542992487 ], [ 112.798655625151341, -7.289948420484805 ], [ 112.798462768353545, -7.289869262733519 ], [ 112.798130256633215, -7.289882455693039 ], [ 112.797638139287173, -7.289922034569263 ], [ 112.797272376394815, -7.290014385266853 ], [ 112.796853411627197, -7.290152911277533 ], [ 112.796600702719758, -7.290205683079856 ], [ 112.795762773184563, -7.290265051350037 ], [ 112.795264005604096, -7.290377191394461 ], [ 112.79451252911619, -7.290456349055973 ], [ 112.793687900049861, -7.290565190817704 ], [ 112.792843320280255, -7.290641050211753 ], [ 112.792304651293335, -7.290657541382675 ], [ 112.791672879024745, -7.290644348445986 ], [ 112.790811673669097, -7.290555296113183 ], [ 112.789149115067545, -7.290377191394461 ], [ 112.788856504753653, -7.290350805504179 ], [ 112.787553890089285, -7.290237428614189 ], [ 112.78569182445554, -7.289920797729424 ], [ 112.784534683668838, -7.289656938487804 ], [ 112.784493119703811, -7.289638798159231 ], [ 112.784569597399496, -7.289206728297918 ], [ 112.784646075095139, -7.288586657845052 ], [ 112.784765779314455, -7.287475146427665 ], [ 112.784838931892892, -7.28714861881069 ], [ 112.784888808650962, -7.286825389218104 ], [ 112.784965286346619, -7.286512054186399 ], [ 112.785045089159496, -7.286165736264866 ], [ 112.785111591503536, -7.285413730713711 ], [ 112.785171443613208, -7.284701303238126 ], [ 112.785194719433647, -7.284354983917351 ], [ 112.785281172480936, -7.284160385324443 ], [ 112.785377600879826, -7.283866838134633 ], [ 112.785474029278717, -7.283372095244886 ], [ 112.785716762834554, -7.282310045330864 ], [ 112.785793240530197, -7.281976917355044 ], [ 112.785796565647431, -7.28183838881699 ], [ 112.785394226465854, -7.281874670104902 ], [ 112.784533021110178, -7.281877968403657 ], [ 112.783977726537245, -7.281884565001095 ], [ 112.783974401420082, -7.281993408844816 ], [ 112.783199649111722, -7.282000005440558 ], [ 112.781886227816472, -7.282042883310501 ], [ 112.780938569413578, -7.282105550959196 ], [ 112.780958520116783, -7.282412292481721 ], [ 112.780951869882387, -7.282946615923009 ], [ 112.780785614022236, -7.282949914213882 ], [ 112.780792264256633, -7.28264647135228 ], [ 112.780759013084634, -7.282145130522284 ], [ 112.779997561245068, -7.282217693045528 ], [ 112.779182907530327, -7.282300150444059 ], [ 112.778394854753174, -7.282392502712408 ], [ 112.777995840688774, -7.28241559077652 ], [ 112.776915177597786, -7.282382607827426 ], [ 112.776532789119386, -7.282366116351964 ], [ 112.776469611892495, -7.28232323851293 ], [ 112.776449661189289, -7.281821897321513 ], [ 112.776443010954893, -7.281228203080418 ], [ 112.776443010954893, -7.280611419897494 ], [ 112.775864440561548, -7.280608121589425 ], [ 112.774690674188804, -7.280618016513565 ], [ 112.774451265750187, -7.280598226665061 ], [ 112.774477866687803, -7.280430012917548 ], [ 112.775132914776847, -7.280426714608143 ], [ 112.776233528571069, -7.28042341629871 ], [ 112.778584386433721, -7.280439907845615 ], [ 112.780719111678138, -7.280538857114321 ], [ 112.780765663318988, -7.280453101082705 ], [ 112.78082551542866, -7.279588943233596 ], [ 112.780818865194206, -7.278962262835879 ], [ 112.780812214959866, -7.277887009166324 ], [ 112.780812214959866, -7.277299906381715 ], [ 112.780905318241551, -7.276963476349903 ], [ 112.781171327617798, -7.276277422170023 ], [ 112.781452300021442, -7.27524668975984 ], [ 112.781605255412771, -7.274573826365399 ], [ 112.781618555881607, -7.274026299525563 ], [ 112.78169835869447, -7.273261080172647 ], [ 112.781724959632086, -7.272852083087051 ], [ 112.780840478456042, -7.272726745195911 ], [ 112.778911910478243, -7.27244968236501 ], [ 112.776610929373632, -7.272133038920339 ], [ 112.773671525766062, -7.271697653819302 ], [ 112.773605023421979, -7.272067071507926 ], [ 112.773305762873719, -7.27202089431347 ], [ 112.773418816858623, -7.271545928609145 ], [ 112.773718077406883, -7.27008144785829 ], [ 112.773944185376706, -7.269085334348566 ], [ 112.774063889596022, -7.268590575161729 ], [ 112.773092955372704, -7.26843884890192 ], [ 112.772208474196646, -7.268320106575886 ], [ 112.771430396771123, -7.26800346021969 ], [ 112.770399610438133, -7.26737016683777 ], [ 112.769754537700692, -7.267007342102166 ], [ 112.768776953242963, -7.26676985666203 ], [ 112.767267350032753, -7.266453209213276 ], [ 112.766303066043847, -7.266228917135399 ], [ 112.765431885336596, -7.26602441543741 ], [ 112.764707009786306, -7.265958447127879 ], [ 112.763536568530796, -7.265951850296397 ], [ 112.762259723524807, -7.265885881976218 ], [ 112.761614650787365, -7.265885881976218 ], [ 112.761328690707927, -7.265991431283857 ], [ 112.761036080394021, -7.266189336168858 ], [ 112.76094297711235, -7.266426821915806 ], [ 112.760896425471486, -7.266835824852442 ], [ 112.760849873830665, -7.26771320086379 ], [ 112.760816622658638, -7.268828059639417 ], [ 112.760809972424241, -7.269368996036571 ], [ 112.760763420783377, -7.27028594770947 ], [ 112.760756770548966, -7.270681753608525 ], [ 112.760391007656622, -7.270661963321858 ], [ 112.758868103977562, -7.270576205402888 ], [ 112.756693477326706, -7.270503640997121 ], [ 112.756354315371979, -7.270483850702602 ], [ 112.756414167481651, -7.269573496212143 ], [ 112.756474019591295, -7.26823434820979 ], [ 112.756553822404143, -7.266492790156571 ], [ 112.756553822404143, -7.265945253464814 ], [ 112.756713428029911, -7.265760542141201 ], [ 112.757072540687858, -7.265674783286573 ], [ 112.757990273035915, -7.265740751637739 ], [ 112.759739284684812, -7.265786929477794 ], [ 112.760271303437307, -7.265806719979221 ], [ 112.760297904374923, -7.26535813506618 ], [ 112.760271303437307, -7.264672063156642 ], [ 112.760277953671704, -7.263840859247895 ], [ 112.760098397342759, -7.263398869241893 ], [ 112.75975258515362, -7.262495097279865 ], [ 112.759440024136509, -7.261710067604877 ], [ 112.75904766030655, -7.260997602511777 ], [ 112.758788301164714, -7.260542415889108 ], [ 112.758336085225082, -7.260238957884702 ], [ 112.757431653345805, -7.25977057664991 ], [ 112.75679323084276, -7.259440730417216 ], [ 112.757079190922212, -7.258853603524544 ], [ 112.757411702642543, -7.258226894198033 ], [ 112.757797416238134, -7.257639765721095 ], [ 112.758329434990628, -7.256610639800646 ], [ 112.758449139209944, -7.25639293978508 ], [ 112.75824963217778, -7.256261000330448 ], [ 112.758116627489628, -7.256181836639097 ], [ 112.75810332702082, -7.256129060837129 ], [ 112.758415888037931, -7.255917957567353 ], [ 112.758848153274343, -7.255522138669613 ], [ 112.759207265932289, -7.255231871256679 ], [ 112.759686082809537, -7.255053752524231 ], [ 112.760118348045921, -7.254842648750051 ], [ 112.761082632034856, -7.254420440904644 ], [ 112.761481646099242, -7.25430169487677 ], [ 112.761534847974488, -7.254176351813357 ], [ 112.761455045161625, -7.25383990447056 ], [ 112.761388542817542, -7.253496859862127 ], [ 112.76140184328635, -7.253107635855222 ], [ 112.761461695395994, -7.252870143075527 ], [ 112.761568099146501, -7.252546888812963 ], [ 112.761807507585118, -7.252177455085833 ], [ 112.761940512273213, -7.251814618094494 ], [ 112.762146669539845, -7.251534243855474 ], [ 112.762409353798887, -7.251115331431891 ], [ 112.762495806846175, -7.250877837601331 ], [ 112.762615511065491, -7.250686523035625 ], [ 112.762718589698764, -7.250521596620645 ], [ 112.762795067394435, -7.250432536331445 ], [ 112.762858244621313, -7.25028410247697 ], [ 112.762977948840629, -7.249960846357944 ], [ 112.762977948840629, -7.249875084491503 ], [ 112.761617975904514, -7.24954523100685 ], [ 112.760919701291854, -7.249380304173934 ], [ 112.759975368006153, -7.249162600662022 ], [ 112.759297044096726, -7.249017464928958 ], [ 112.758711823468971, -7.248895418935411 ], [ 112.758060100497133, -7.248740387490521 ], [ 112.75775086459727, -7.24870740206983 ], [ 112.75741835287694, -7.248740387490519 ], [ 112.756779930373938, -7.248925105801749 ], [ 112.756088305995675, -7.249149406506402 ], [ 112.755672666345262, -7.249284646583175 ], [ 112.755612814235633, -7.24937040856204 ], [ 112.755596188649619, -7.249660679753959 ], [ 112.755499760250714, -7.250290699538202 ], [ 112.755496435133509, -7.25036326720544 ], [ 112.755380056031413, -7.250795374436422 ], [ 112.755316878804535, -7.251227481252777 ], [ 112.755257026694892, -7.251669483216089 ], [ 112.75517057364759, -7.252154365467823 ], [ 112.75503756895948, -7.252698620434492 ], [ 112.754917864740165, -7.25313072542434 ], [ 112.75464520512952, -7.254140068288486 ], [ 112.754562077199424, -7.254499604905828 ], [ 112.75447894926937, -7.25495809613882 ], [ 112.754369220401628, -7.255162602869097 ], [ 112.754139787314642, -7.255363811013033 ], [ 112.754116511494189, -7.255532034146295 ], [ 112.754056659384503, -7.255937748503099 ], [ 112.753960230985612, -7.256046598634155 ], [ 112.753541266218022, -7.256135657812707 ], [ 112.753102350747199, -7.256132359324928 ], [ 112.752653459924801, -7.256132359324928 ], [ 112.751168795093577, -7.256079583517155 ], [ 112.750630126106685, -7.25605319561095 ], [ 112.750384067433643, -7.255980628860901 ], [ 112.750118058057367, -7.254812962273864 ], [ 112.749725694227408, -7.253077949264609 ], [ 112.7496192904769, -7.252569978410841 ], [ 112.74963924118012, -7.252127977331507 ], [ 112.749699093289806, -7.250867942022331 ], [ 112.749871999384382, -7.250293998068783 ], [ 112.750064856182149, -7.249541932470782 ], [ 112.750164609698245, -7.248981180988382 ], [ 112.749918551025203, -7.248849239361658 ], [ 112.749040720083599, -7.248842642279308 ], [ 112.748122987735499, -7.248776671450487 ], [ 112.74749786570132, -7.248624938507533 ], [ 112.746919295307961, -7.248473205513477 ], [ 112.746759689682193, -7.248347860827659 ], [ 112.746287523039356, -7.248222516106968 ], [ 112.745196884596695, -7.248169739372033 ], [ 112.744691466781845, -7.248156545187338 ], [ 112.744239250842213, -7.248169739372033 ], [ 112.743826936309006, -7.248143351002249 ], [ 112.74342127201021, -7.24809057425804 ], [ 112.743115361227538, -7.24798502075107 ], [ 112.742536790834194, -7.24786627302617 ], [ 112.742244180520288, -7.247839884638605 ], [ 112.74165230965815, -7.247668360081779 ], [ 112.741146891843258, -7.247595791980387 ], [ 112.740488518637008, -7.247496835459645 ], [ 112.739171772224566, -7.247404476020682 ], [ 112.738500098549551, -7.247338504981262 ], [ 112.737675469483165, -7.247219757085954 ], [ 112.736697885025436, -7.247068023618634 ], [ 112.736125964866488, -7.2469360814316 ], [ 112.734350352280003, -7.246546851754745 ], [ 112.733425969697549, -7.246210398712299 ], [ 112.732554788990299, -7.245880542544463 ], [ 112.731790012033585, -7.245748600009725 ], [ 112.730592969840458, -7.245570477526549 ], [ 112.729821542649304, -7.245359369307173 ], [ 112.72889716006685, -7.245141663852371 ], [ 112.728278688267039, -7.24512187244217 ], [ 112.727281153106091, -7.245141663852371 ], [ 112.726263667241909, -7.245247218025402 ], [ 112.725206279971331, -7.245280203699411 ], [ 112.723849632152437, -7.245299995102656 ], [ 112.723025003086036, -7.245293397968336 ], [ 112.721269341202813, -7.245293397968336 ], [ 112.720098899947288, -7.245299995102656 ], [ 112.718130430563008, -7.245214232348984 ], [ 112.71723264891817, -7.245214232348984 ], [ 112.716215163053974, -7.245181246670153 ], [ 112.714898416641532, -7.245141663852369 ], [ 112.714266644372941, -7.245009721101308 ], [ 112.713315660852842, -7.244653475480498 ], [ 112.710456060058121, -7.243677097150471 ], [ 112.709112712708048, -7.243169115696441 ], [ 112.708048675203045, -7.24288543749251 ], [ 112.706918135353945, -7.242944812015081 ], [ 112.705654590816778, -7.243301058986281 ], [ 112.705022818548144, -7.243584736928677 ], [ 112.703852377292662, -7.243980566317403 ], [ 112.703154102680003, -7.244211466633639 ], [ 112.702442527598507, -7.244402783948917 ], [ 112.701584647360079, -7.244422575390691 ], [ 112.701052628607599, -7.244389589653919 ], [ 112.699868886883309, -7.244251049533111 ], [ 112.698977755472839, -7.244132300824252 ], [ 112.697727511404466, -7.243934386239959 ], [ 112.696430715695229, -7.243677097150471 ], [ 112.696430715695229, -7.243677097150471 ], [ 112.694542049123825, -7.243340641965704 ], [ 112.691782201845214, -7.242766688423911 ], [ 112.690937622075609, -7.242621550630925 ], [ 112.689314964880452, -7.242179539791738 ], [ 112.687851913311079, -7.241843083489363 ], [ 112.687213490808048, -7.241737528519231 ], [ 112.686415462679278, -7.241572598828931 ], [ 112.685564232675276, -7.241288919620505 ], [ 112.684433692826175, -7.24103162902132 ], [ 112.683748718682352, -7.240912879464491 ], [ 112.683070394772884, -7.240866699072834 ], [ 112.682837636568678, -7.24103162902132 ], [ 112.68263147930206, -7.241269128041167 ], [ 112.682545026254815, -7.241440655033259 ], [ 112.682545026254815, -7.242430232559693 ], [ 112.682451922973129, -7.243479182366315 ], [ 112.682285667112936, -7.243512168169712 ], [ 112.682106110783977, -7.243400016428326 ], [ 112.682165962893649, -7.242100373625533 ], [ 112.68217261312806, -7.240609408232747 ], [ 112.682232465237703, -7.239197604600323 ], [ 112.682279016878539, -7.237759407571384 ], [ 112.682385420629089, -7.236512526620198 ], [ 112.682425322035499, -7.235034737327537 ], [ 112.682425322035499, -7.23396597598456 ], [ 112.682471873676334, -7.231999976288312 ], [ 112.682538376020418, -7.230825650238176 ], [ 112.682564976958034, -7.229948202375911 ], [ 112.6823322187538, -7.22975687893144 ], [ 112.681480988749811, -7.229717294760398 ], [ 112.678322127406815, -7.229770073654348 ], [ 112.677244789432962, -7.229783268376877 ], [ 112.675888141614081, -7.229829449902677 ], [ 112.674538144029583, -7.229849241983716 ], [ 112.67358716050947, -7.229842644623469 ], [ 112.672942087772071, -7.229697502673575 ], [ 112.672170660580917, -7.229413816000475 ], [ 112.67133938128012, -7.228925610611011 ], [ 112.669996033930062, -7.228226288458219 ], [ 112.663066489678727, -7.224340412627642 ], [ 112.658251719968533, -7.221806988322673 ], [ 112.65623004870902, -7.220513880861718 ], [ 112.655604926674826, -7.219913508283673 ], [ 112.655139410266386, -7.218824918609626 ], [ 112.654866750655742, -7.218297116612518 ], [ 112.654633992451537, -7.218376286951339 ], [ 112.654108623933425, -7.21864678550445 ], [ 112.654042121589356, -7.218547822637928 ], [ 112.653769461978698, -7.21867317559853 ], [ 112.653556654477697, -7.218765540915697 ], [ 112.653217492522998, -7.218719358259474 ], [ 112.652978084084339, -7.218297116612518 ] ] ] } },
{ "type": "Feature", "properties": { "id": 1, "layer": "WL-1", "path": "C:/Users/User/Documents/USP.shp" }, "geometry": { "type": "MultiLineString", "coordinates": [ [ [ 112.768308689622344, -7.219618823359089 ], [ 112.768508217935278, -7.21905797488346 ], [ 112.76863292313088, -7.218439391199468 ], [ 112.768824137764099, -7.21749089457451 ], [ 112.769007038717646, -7.216641369822362 ], [ 112.769248135429095, -7.215849578326051 ], [ 112.769306331187053, -7.215296973023399 ], [ 112.769680446773833, -7.213696888192549 ], [ 112.769879975086738, -7.212715390059347 ], [ 112.769879975086738, -7.212715390059347 ], [ 112.77013769915763, -7.211560683649044 ], [ 112.770436991627051, -7.210455461898285 ], [ 112.770952439768791, -7.208657408809213 ], [ 112.771176909120868, -7.207840859407574 ], [ 112.771135340722324, -7.207725387656237 ], [ 112.771085458644095, -7.207717139672872 ], [ 112.770744597776172, -7.208137786633005 ], [ 112.770345541150277, -7.208566681170603 ], [ 112.769888288766481, -7.20902031918194 ], [ 112.769015352397389, -7.209704899320752 ], [ 112.768107082889514, -7.210232767636929 ], [ 112.767622811046621, -7.210474019748454 ], [ 112.767007598748378, -7.210729705606717 ], [ 112.766155446578566, -7.210977143396611 ], [ 112.765706507874455, -7.211059622629867 ], [ 112.764683925270589, -7.211241076890149 ], [ 112.763578205869749, -7.211414283161677 ], [ 112.762559780105747, -7.211603985192573 ], [ 112.761096572477527, -7.21184317459651 ], [ 112.761034219879747, -7.211859670412816 ], [ 112.761050847239147, -7.211983389015935 ], [ 112.760809750527685, -7.2120246285428 ], [ 112.757118476738341, -7.212676212568688 ], [ 112.755139820968353, -7.213006128173553 ], [ 112.754707509623657, -7.212973136623886 ], [ 112.753668299660418, -7.213154590117306 ], [ 112.752870186408657, -7.21329480413059 ], [ 112.753668299660418, -7.213657710786827 ], [ 112.753759750137149, -7.214894890382828 ], [ 112.753926023731282, -7.21611557093638 ], [ 112.75396759212984, -7.216742405616745 ], [ 112.754013317368205, -7.216998087934399 ], [ 112.754117238364529, -7.217486770671801 ], [ 112.754175434122487, -7.217750700369533 ], [ 112.754325080357177, -7.218158966317407 ], [ 112.754499667631009, -7.218715692016183 ], [ 112.754665941225142, -7.219206434841746 ], [ 112.754815587459831, -7.219705424899963 ], [ 112.755110723089416, -7.220563191647357 ], [ 112.755168918847332, -7.220678660123724 ], [ 112.755214644085726, -7.221004446023112 ], [ 112.755310251402349, -7.221742618268509 ], [ 112.755455740797174, -7.222905546400257 ], [ 112.755588759672492, -7.223697325544229 ], [ 112.7556677396297, -7.224340645077532 ], [ 112.754923665296005, -7.224192186804958 ], [ 112.754204532001467, -7.223973623148269 ], [ 112.753364850351176, -7.223755059385897 ], [ 112.751905799562792, -7.223330303092626 ], [ 112.750804237001773, -7.223029261982915 ], [ 112.749989496390597, -7.222798326201231 ], [ 112.749889732234124, -7.222884927133193 ], [ 112.749819065956629, -7.223152977531716 ], [ 112.74957796924518, -7.223429275468471 ], [ 112.749307774654724, -7.223581857838774 ], [ 112.748933659067959, -7.223759183231446 ], [ 112.748160486855298, -7.22421692985377 ], [ 112.747495392478854, -7.224596323099327 ], [ 112.747169080550435, -7.224965406440224 ], [ 112.74668065186772, -7.225612847997256 ], [ 112.746360575199034, -7.226289155384793 ], [ 112.746206772124467, -7.226458232073524 ], [ 112.745903322815224, -7.22620255510509 ], [ 112.745483481990064, -7.225761305803179 ], [ 112.745071954844647, -7.225517999929053 ], [ 112.74480591709407, -7.225452018652478 ], [ 112.743895569166256, -7.225460266312575 ], [ 112.743508983059954, -7.225472637802445 ], [ 112.742872986562446, -7.225522123758521 ], [ 112.742370008940256, -7.225460266312575 ], [ 112.742116441709214, -7.225390161196936 ], [ 112.741729855602912, -7.225245827101085 ], [ 112.741451347332756, -7.225126235958171 ], [ 112.74111464330467, -7.225117988291979 ], [ 112.741023192827896, -7.225006644783613 ], [ 112.740981624429395, -7.224619004207184 ], [ 112.740894330792457, -7.223930322788642 ], [ 112.740831978194663, -7.223303498070444 ], [ 112.740723900358489, -7.22261481464775 ], [ 112.740674018280259, -7.222379754796269 ], [ 112.740619979362165, -7.222260162895105 ], [ 112.740304059533329, -7.222280782190665 ], [ 112.739855120829233, -7.222289029908628 ], [ 112.738961400260862, -7.222338516213235 ], [ 112.738591441513947, -7.222272534472554 ], [ 112.738059366012777, -7.222165314123409 ], [ 112.737735132504255, -7.222268410613442 ], [ 112.737543917871022, -7.222429241090947 ], [ 112.737045097088668, -7.222441612663772 ], [ 112.736450668989704, -7.222433364948595 ], [ 112.736280238555736, -7.222375630938137 ], [ 112.736143062840583, -7.222375630938137 ], [ 112.736105651281903, -7.222474603522981 ], [ 112.736134749160883, -7.222598319223564 ], [ 112.736172160719562, -7.222672548627664 ], [ 112.736138906000718, -7.222845750523171 ], [ 112.736007965545369, -7.223445770862337 ], [ 112.735931064008099, -7.22385815551339 ], [ 112.73585624089074, -7.224398378837028 ], [ 112.735847927211054, -7.224868496318441 ], [ 112.73583545669149, -7.226730404171268 ], [ 112.735827143011804, -7.227656200458274 ], [ 112.735838574321377, -7.228287142943254 ], [ 112.735792849082998, -7.228633542364224 ], [ 112.735493556613619, -7.229210874142208 ], [ 112.735227518863027, -7.22979645276321 ], [ 112.734928226393606, -7.230456258750444 ], [ 112.734687129682129, -7.231037711977632 ], [ 112.734566581326405, -7.231417099495301 ], [ 112.734356660913818, -7.232144945308016 ], [ 112.734304700415663, -7.232361443127886 ], [ 112.734491758209046, -7.232445980343654 ], [ 112.734807678037839, -7.232542888839816 ], [ 112.735181793624619, -7.232633611668432 ], [ 112.735352224058587, -7.232648044844034 ], [ 112.735443674535361, -7.232668663665518 ], [ 112.735456145054897, -7.232903718163888 ], [ 112.735350145638662, -7.233487230117668 ], [ 112.735287793040868, -7.233850120563653 ], [ 112.73525453832201, -7.234031565677244 ], [ 112.734976030051882, -7.234621261792689 ], [ 112.734672580742625, -7.235359411788457 ], [ 112.734489679789078, -7.23538003048609 ], [ 112.733595959220722, -7.23505013121092 ], [ 112.732552592417676, -7.234769716637424 ], [ 112.731721224447085, -7.234559405592973 ], [ 112.730948052234424, -7.234398579434034 ], [ 112.730578093487509, -7.234171773215059 ], [ 112.729921312790765, -7.233623314069099 ], [ 112.728848848108683, -7.23270371565988 ], [ 112.728503830400882, -7.232357319360856 ], [ 112.728487203041496, -7.232023294106531 ], [ 112.728744927112388, -7.231577926716368 ], [ 112.728998494343415, -7.231099568659868 ], [ 112.729243747894742, -7.230707809529267 ], [ 112.729659431880023, -7.229883052353991 ], [ 112.729617863481465, -7.229845938245692 ], [ 112.729439119367811, -7.229775833810578 ], [ 112.729401707809117, -7.22979232897276 ], [ 112.728994337503536, -7.23054285821471 ], [ 112.72843316412343, -7.231643907098189 ], [ 112.72821700845104, -7.232006799025839 ], [ 112.728021636977971, -7.231986180174129 ], [ 112.727381483640627, -7.23168926860509 ], [ 112.726899290217673, -7.231421223270917 ], [ 112.726508547271493, -7.231235653330966 ], [ 112.726350587357103, -7.231281014878883 ], [ 112.726167686403571, -7.231412975719651 ], [ 112.726026353848582, -7.231681021058723 ], [ 112.725972314930473, -7.232093398192744 ], [ 112.726159372723856, -7.23266247801917 ], [ 112.726333959997703, -7.233120215619899 ], [ 112.726383842075919, -7.233268670958307 ], [ 112.726109490645641, -7.23332227981851 ], [ 112.725577415144443, -7.233239804646328 ], [ 112.72479592925211, -7.233087225538075 ], [ 112.723677739331691, -7.232815057270986 ], [ 112.722617745169174, -7.232645982961837 ], [ 112.721674142522559, -7.232534641309039 ], [ 112.721416418451696, -7.232683096840001 ], [ 112.721291713256122, -7.232485156121201 ], [ 112.72114206702139, -7.233243928405297 ], [ 112.721067243904059, -7.233701665416464 ], [ 112.720855245071547, -7.234571776833595 ], [ 112.720672344118029, -7.235479000221616 ], [ 112.720589207320941, -7.235907868824758 ], [ 112.720462423705428, -7.236413026031636 ], [ 112.720378247698392, -7.237217152663709 ], [ 112.720378247698392, -7.238008906716582 ], [ 112.720509188153784, -7.239400658519493 ], [ 112.720658834388459, -7.241794461574661 ], [ 112.720758598544933, -7.243439807209711 ], [ 112.720870833220985, -7.244800614851804 ], [ 112.720883303740521, -7.245140816120385 ], [ 112.719923073734535, -7.245128445169661 ], [ 112.718276965152768, -7.245103703267198 ], [ 112.717004972157781, -7.244992364689309 ], [ 112.71530898149777, -7.244986179211954 ], [ 112.714747808117622, -7.244918138955436 ], [ 112.714361222011306, -7.244837727729944 ], [ 112.713974635905004, -7.245147001595617 ], [ 112.712995700119663, -7.245091332315461 ], [ 112.712291115764572, -7.245035663028423 ], [ 112.711742412903988, -7.245239783713934 ], [ 112.711511708292164, -7.245573799181714 ], [ 112.711343356278135, -7.245852145215753 ], [ 112.711168769004303, -7.246476876799506 ], [ 112.711087710627183, -7.247478919709165 ], [ 112.7109006528338, -7.249297436334156 ], [ 112.710645007182848, -7.251177799545338 ], [ 112.710620066143733, -7.25162933296319 ], [ 112.711206180562982, -7.252130348965384 ], [ 112.712334762583069, -7.25303959880462 ], [ 112.712827348105634, -7.253460203551214 ], [ 112.712920877002304, -7.253713803282048 ], [ 112.712397115180835, -7.253862251838686 ], [ 112.712083793376891, -7.253842149432842 ], [ 112.712071322857355, -7.25385142746642 ], [ 112.711980911590558, -7.254256568079521 ], [ 112.711871794544422, -7.25496788277759 ], [ 112.711220209897419, -7.259421305765091 ], [ 112.711014446324725, -7.260485172510463 ], [ 112.711862441654702, -7.260652174619867 ], [ 112.712735378023837, -7.260726397759698 ], [ 112.712816436400971, -7.260769694585609 ], [ 112.712585731789105, -7.262167561296432 ], [ 112.712186675163224, -7.264684947464879 ], [ 112.712185116348252, -7.264748345828891 ], [ 112.712174204643688, -7.264827207196049 ], [ 112.711862441654702, -7.266670394424072 ], [ 112.712055734707874, -7.266756986926702 ], [ 112.711787618537372, -7.268012576339537 ], [ 112.71060291917928, -7.267864132453927 ], [ 112.710138392325717, -7.267857947290961 ], [ 112.709396396411961, -7.267548689034148 ], [ 112.708751047024819, -7.267279634177559 ], [ 112.70812752104689, -7.266970375522678 ], [ 112.707628700264522, -7.26647556123213 ], [ 112.707329407795115, -7.266079709407373 ], [ 112.707117408962603, -7.266030227904759 ], [ 112.70720470259954, -7.266234339067922 ], [ 112.707466583510268, -7.26654359822939 ], [ 112.707959169032819, -7.267013671747178 ], [ 112.708800929103035, -7.267465189268311 ], [ 112.709667630212365, -7.26781774372961 ], [ 112.710197627293638, -7.268009483759084 ], [ 112.71118279833874, -7.268021854080755 ], [ 112.711681619121123, -7.268120816641871 ], [ 112.712111852045908, -7.268213594023118 ], [ 112.712903730037866, -7.268269260442668 ], [ 112.713706519734501, -7.268301732517557 ], [ 112.714336280972248, -7.26859861995053 ], [ 112.715121923704444, -7.268957358670256 ], [ 112.71603227163223, -7.269260430813661 ], [ 112.716736855987293, -7.269402689096165 ], [ 112.716749326506857, -7.269668650112168 ], [ 112.716677621019343, -7.269987184610116 ], [ 112.716630856571001, -7.270361385042423 ], [ 112.716515504265047, -7.27121802452761 ], [ 112.716453151667267, -7.271898386853306 ], [ 112.716437563517815, -7.272018996430742 ], [ 112.71686156118281, -7.272325159058734 ], [ 112.717503792940093, -7.272900373128542 ], [ 112.717884143786648, -7.273348792187885 ], [ 112.718426611387443, -7.273775563014564 ], [ 112.718975314248013, -7.274196148359839 ], [ 112.719346312204891, -7.27445592146446 ], [ 112.719807721428566, -7.274684769074924 ], [ 112.720431247406509, -7.274929079232995 ], [ 112.720356424289136, -7.275108446099832 ], [ 112.720269130652241, -7.27550428996608 ], [ 112.720150660716428, -7.276067129862236 ], [ 112.719592604966195, -7.278129839271164 ], [ 112.719124960482745, -7.277882438343298 ], [ 112.718757080155768, -7.277802033012362 ], [ 112.718470258205926, -7.277690702530361 ], [ 112.718183436256055, -7.27792573351552 ], [ 112.718036907651225, -7.278040156450577 ], [ 112.717824908818756, -7.278256632193819 ], [ 112.717743850441622, -7.2784669228158 ], [ 112.717594204206947, -7.278899873785946 ], [ 112.717369734854842, -7.279592594468994 ], [ 112.716521739524865, -7.281695489988611 ], [ 112.71634715225106, -7.282301616866364 ], [ 112.711945058846837, -7.280909997815903 ], [ 112.711753324608466, -7.280913090307461 ], [ 112.711670707416545, -7.281138842134242 ], [ 112.711645766377416, -7.281250171760394 ], [ 112.711645766377416, -7.281250171760394 ] ] ] } },
{ "type": "Feature", "properties": { "id": 1, "layer": "Y-1", "path": "C:/Users/User/Documents/Y-1.shp" }, "geometry": { "type": "MultiLineString", "coordinates": [ [ [ 112.7368013792981, -7.298452849863984 ], [ 112.737546205551595, -7.298426464449748 ], [ 112.737546205551595, -7.298426464449748 ], [ 112.738211228992242, -7.297964719448686 ], [ 112.738783149151189, -7.297674479489808 ], [ 112.739195463684368, -7.296962071519776 ], [ 112.739115660871477, -7.296289240728815 ], [ 112.738796449619997, -7.295550444969551 ], [ 112.737945219615995, -7.293861764368835 ], [ 112.737293496644156, -7.292634828374124 ], [ 112.736375764296085, -7.290774628678769 ], [ 112.735803844137152, -7.289415754513818 ], [ 112.735152121165314, -7.288281157392796 ], [ 112.734034881785078, -7.286025147603715 ], [ 112.732837839591937, -7.283597615613217 ], [ 112.731494492241822, -7.281051331519168 ], [ 112.730363952392779, -7.279692427872977 ], [ 112.727757060505496, -7.27647326106035 ], [ 112.726480215499521, -7.275074763363484 ], [ 112.72544277893212, -7.274256772124661 ], [ 112.724884159241981, -7.273702648180445 ], [ 112.72416593392613, -7.272673559040771 ], [ 112.722782685169605, -7.271354210539325 ], [ 112.721505840163587, -7.270483438404829 ], [ 112.720960520942285, -7.270457051344093 ], [ 112.719803380155582, -7.270364696619308 ], [ 112.718912248745141, -7.270206374189772 ], [ 112.718220624366879, -7.26994250334986 ], [ 112.717342793425232, -7.269625858137328 ], [ 112.716491563421215, -7.269361986956359 ], [ 112.715480727791487, -7.269150889899975 ], [ 112.714988610445417, -7.268926599168864 ], [ 112.714150680910222, -7.268478017370671 ], [ 112.713512258407192, -7.268293307088276 ], [ 112.712165585939928, -7.268237234308949 ], [ 112.711733320703502, -7.268125088729298 ], [ 112.711261154060651, -7.26804592712681 ], [ 112.710441097030397, -7.268016241522282 ], [ 112.710351318865904, -7.267927184696923 ], [ 112.710554151015302, -7.267887603879985 ], [ 112.710993066486139, -7.267930483098173 ], [ 112.711431981956963, -7.267937079900611 ], [ 112.711721267153621, -7.268009644721008 ], [ 112.712057103991157, -7.268072314329189 ], [ 112.712376315242622, -7.268131685528878 ], [ 112.713018062862858, -7.268134983928629 ], [ 112.713480254154064, -7.268154774326636 ], [ 112.713749588647559, -7.268207548717061 ], [ 112.713782839819572, -7.267970063911337 ], [ 112.713862642632463, -7.267491795518827 ], [ 112.713959071031312, -7.266907977549639 ], [ 112.714018923140955, -7.26662101589689 ], [ 112.71434810974408, -7.266690282519504 ], [ 112.714687271698807, -7.266756250721592 ], [ 112.714999832715918, -7.266815622095192 ], [ 112.715362270491056, -7.266898082323284 ], [ 112.715728033383414, -7.26697064731149 ], [ 112.716093796275743, -7.267036615472415 ], [ 112.717354015695761, -7.267323576859742 ], [ 112.718444654138395, -7.26754786839119 ], [ 112.719482090705796, -7.267778756615426 ], [ 112.72071238407095, -7.267996451118168 ], [ 112.722202036577983, -7.268266919898871 ], [ 112.723279374551808, -7.268412049421388 ], [ 112.72369168908503, -7.26845163019212 ], [ 112.723731590491454, -7.268319694276122 ], [ 112.723798092835537, -7.267758966200854 ], [ 112.724044151508551, -7.266320860408833 ], [ 112.72429686041599, -7.264981702711865 ], [ 112.724436515338525, -7.264209871093564 ], [ 112.724669273542744, -7.2628113352123 ], [ 112.725035036435088, -7.261208291091501 ], [ 112.725141440185595, -7.260885042819194 ], [ 112.725334296983362, -7.260528809760178 ], [ 112.725407449561843, -7.26019896408356 ], [ 112.725507203077939, -7.259400736545091 ], [ 112.725640207766062, -7.258496956547795 ], [ 112.726132325112118, -7.258642089224487 ], [ 112.727103259335436, -7.25893235443741 ], [ 112.727249564492368, -7.258114333812064 ], [ 112.727369268711726, -7.257362281279641 ], [ 112.727375918946123, -7.256847718296311 ], [ 112.727495623165439, -7.256135245501773 ], [ 112.727452396641823, -7.255934037702747 ], [ 112.727272840312835, -7.255917545256214 ], [ 112.727189712382781, -7.255934037702747 ], [ 112.72718306214837, -7.256042887834701 ], [ 112.727156461210711, -7.25623090163697 ], [ 112.727133185390301, -7.256415616874984 ], [ 112.727099934218288, -7.256514571435583 ], [ 112.726567915465751, -7.256465094157997 ], [ 112.726095748822914, -7.256382632016612 ], [ 112.725986019955201, -7.256379333530644 ], [ 112.726062497650886, -7.255963724104982 ], [ 112.726072473002503, -7.25577900868148 ], [ 112.725723335696159, -7.25574272528581 ], [ 112.724981834559856, -7.255620681115272 ], [ 112.724463116276198, -7.255551412787543 ], [ 112.723907821703293, -7.255465651986058 ], [ 112.723458930880838, -7.255396383634466 ], [ 112.721543663371833, -7.2550863251681 ], [ 112.720951792509666, -7.255000564277988 ], [ 112.720273468600212, -7.254855430426725 ], [ 112.720226916959348, -7.25478946047886 ], [ 112.720306719772225, -7.254017611370486 ], [ 112.720426423991555, -7.252427729976538 ], [ 112.720526177507651, -7.251583309359935 ], [ 112.720699083602184, -7.249650371831345 ], [ 112.720785536649487, -7.24842331503419 ], [ 112.720805487352706, -7.24691917633613 ], [ 112.720858689227938, -7.245421629749381 ], [ 112.720858689227938, -7.243811926547449 ], [ 112.720738985008609, -7.243132418962131 ], [ 112.720632581258116, -7.24117305640414 ], [ 112.720499576569992, -7.23880465730086 ], [ 112.720359921647457, -7.237432431517751 ], [ 112.720339970944252, -7.236891456744672 ], [ 112.720506226804403, -7.236231730533857 ], [ 112.720645881726966, -7.235585197911472 ], [ 112.720707396395241, -7.235563756762719 ], [ 112.720793849442529, -7.235588496549655 ], [ 112.720722359422652, -7.235952995919939 ], [ 112.720624268465102, -7.236456037553753 ], [ 112.720983381123048, -7.236561593759836 ], [ 112.721714906907735, -7.23676610883884 ], [ 112.722007517221627, -7.236865067714756 ], [ 112.72232007823871, -7.235407071413986 ], [ 112.722712442068698, -7.233361910294483 ], [ 112.722838796522382, -7.23282093064222 ] ] ] } },
{ "type": "Feature", "properties": { "id": 1, "layer": "Z-1", "path": "C:/Users/User/Documents/Z-1.shp" }, "geometry": { "type": "MultiLineString", "coordinates": [ [ [ 112.607993404721825, -7.235857335480197 ], [ 112.608811383553814, -7.235576951315899 ], [ 112.609486382346063, -7.235405422094214 ], [ 112.610749926883244, -7.235162972025443 ], [ 112.612731696736347, -7.234740745744413 ], [ 112.613968640335898, -7.234582410787193 ], [ 112.614859771746367, -7.234846302351698 ], [ 112.616136616752399, -7.235690754321236 ], [ 112.618317893637652, -7.236957429312683 ], [ 112.620233161146672, -7.238078961493245 ], [ 112.623358771317626, -7.239622712993212 ], [ 112.625380442577153, -7.240533128067672 ], [ 112.626710489458404, -7.241140070429596 ], [ 112.628107038683737, -7.241509513206463 ], [ 112.630580925882867, -7.242419924471672 ], [ 112.633374024333548, -7.244082409864344 ], [ 112.634571066526675, -7.244649764587154 ], [ 112.635967615752008, -7.245428226881802 ], [ 112.636300127472296, -7.245995579910436 ], [ 112.636619338723804, -7.246483766828443 ], [ 112.637257761226834, -7.246971953217543 ], [ 112.63802918841796, -7.247328197005497 ], [ 112.639452338580909, -7.247592081111269 ], [ 112.640715883118091, -7.24781638247965 ], [ 112.641753319685492, -7.248133043044894 ], [ 112.642258737500384, -7.248687198498483 ], [ 112.643163169379633, -7.249558012833893 ], [ 112.643907995633128, -7.249927448709986 ], [ 112.644679422824296, -7.25012536066181 ], [ 112.6454375495466, -7.250257301914711 ], [ 112.64644838517637, -7.250771872431673 ], [ 112.647831633932867, -7.251378801003629 ], [ 112.649068577532447, -7.25172184722592 ], [ 112.650997145510289, -7.252117669465353 ], [ 112.652539999892554, -7.252407938886441 ], [ 112.65375034255446, -7.252764178374733 ], [ 112.654521769745614, -7.25300167121033 ], [ 112.655386300218424, -7.253159999697789 ], [ 112.656596642880359, -7.253476656505656 ], [ 112.657687281323007, -7.25372734298725 ], [ 112.658086295387392, -7.253780119070848 ], [ 112.658950825860202, -7.254189133508933 ], [ 112.660240971335028, -7.254584953579016 ], [ 112.661025698994962, -7.25488841539701 ], [ 112.661850328061334, -7.255205070988948 ], [ 112.663938501664944, -7.255904351298534 ], [ 112.664656726980837, -7.256075872717956 ], [ 112.665441454640771, -7.256141842477247 ], [ 112.666332586051226, -7.256286975913649 ], [ 112.667064111835913, -7.256498079010304 ], [ 112.668168050747354, -7.256959866688963 ], [ 112.668766571843918, -7.257223745149691 ], [ 112.669351792471673, -7.257250132987252 ], [ 112.67025622435095, -7.257250132987252 ], [ 112.671054252479692, -7.257368878237125 ], [ 112.671586271232201, -7.257659144271543 ], [ 112.672038487171804, -7.257830665022038 ], [ 112.672889717175849, -7.257923022322144 ], [ 112.673940454212016, -7.257896634524047 ], [ 112.674778383747238, -7.257962604016384 ], [ 112.675616313282447, -7.258081349078208 ], [ 112.676148332034927, -7.258226481888989 ], [ 112.677012862507752, -7.258384808538255 ], [ 112.678342909389002, -7.258450777959006 ], [ 112.679553252050979, -7.258371614652947 ], [ 112.680231575960391, -7.257672338177749 ], [ 112.680510885805489, -7.256907090978243 ], [ 112.68144191862234, -7.253991223343363 ], [ 112.681774430342671, -7.252394744825903 ], [ 112.681934035968396, -7.249980225238975 ], [ 112.681987237843671, -7.248212208151431 ], [ 112.682160143938219, -7.244610181722688 ], [ 112.682160143938233, -7.240717849742553 ], [ 112.682213345813494, -7.238751879463288 ], [ 112.682426153314509, -7.235281723095806 ], [ 112.682386251908042, -7.233645594487148 ], [ 112.682572458471441, -7.230017062302702 ], [ 112.682599059409057, -7.229687194294691 ], [ 112.683875904415075, -7.229687194294691 ], [ 112.685591664891902, -7.229608025936924 ], [ 112.687892645996499, -7.229476078643134 ], [ 112.691669979139263, -7.229502468104976 ], [ 112.694130565869628, -7.229555247024034 ], [ 112.696418246505388, -7.22944968917975 ], [ 112.702164049032433, -7.229502468104976 ], [ 112.704199020760768, -7.229528857565276 ], [ 112.706899015929764, -7.229515662835317 ], [ 112.708082757654068, -7.229647610117542 ], [ 112.710357137821021, -7.23010942530177 ], [ 112.713309841897427, -7.230716381682866 ], [ 112.714639888778677, -7.230953886131672 ], [ 112.716076339410463, -7.231270558535772 ], [ 112.719507860364089, -7.232009459948352 ], [ 112.72085120771419, -7.232273353016947 ], [ 112.722407362565264, -7.232603219135787 ], [ 112.724748245076313, -7.23301225278843 ], [ 112.725785681643657, -7.233262950650419 ], [ 112.726317700396194, -7.233223366786732 ], [ 112.726264498520919, -7.232933085013618 ], [ 112.726025090082288, -7.232405299493402 ], [ 112.726064991488755, -7.23161362005627 ], [ 112.726317700396194, -7.231296947892758 ], [ 112.727328536025951, -7.231666398728597 ], [ 112.728033460873007, -7.232009459948352 ], [ 112.728312770718091, -7.23181154004569 ], [ 112.728605381031969, -7.231217779817175 ], [ 112.728964493689858, -7.230574538688582 ], [ 112.729383458457463, -7.229763063957869 ], [ 112.729529763614408, -7.229842232288463 ], [ 112.729696019474574, -7.22992140060518 ], [ 112.729410059395079, -7.23040300756622 ], [ 112.728572129859899, -7.231894006682342 ], [ 112.728485676812639, -7.232230470403797 ], [ 112.728565479625487, -7.232487766021608 ], [ 112.729044296502735, -7.232863813199265 ], [ 112.729676068771369, -7.233404792800141 ], [ 112.730680254166714, -7.234183274502714 ], [ 112.731052667293454, -7.234447166300582 ], [ 112.731877296359855, -7.234598904014495 ], [ 112.73299453574009, -7.234875990143045 ], [ 112.733626308008709, -7.235040922281666 ], [ 112.735488373642454, -7.235700650233384 ] ] ] } }
]
}
